ARM GAS  /tmp/cc3GD86t.s 			page 1


   1              		.cpu cortex-m3
   2              		.arch armv7-m
   3              		.fpu softvfp
   4              		.eabi_attribute 20, 1	@ Tag_ABI_FP_denormal
   5              		.eabi_attribute 21, 1	@ Tag_ABI_FP_exceptions
   6              		.eabi_attribute 23, 3	@ Tag_ABI_FP_number_model
   7              		.eabi_attribute 24, 1	@ Tag_ABI_align8_needed
   8              		.eabi_attribute 25, 1	@ Tag_ABI_align8_preserved
   9              		.eabi_attribute 26, 1	@ Tag_ABI_enum_size
  10              		.eabi_attribute 30, 4	@ Tag_ABI_optimization_goals
  11              		.eabi_attribute 34, 1	@ Tag_CPU_unaligned_access
  12              		.eabi_attribute 18, 4	@ Tag_ABI_PCS_wchar_t
  13              		.file	"stm32f10x_rcc.c"
  14              	@ GNU C23 (Arch Repository) version 16.2.0 (arm-none-eabi)
  15              	@	compiled by GNU C version 16.2.1 20260810, GMP version 6.3.0, MPFR version 4.2.2, MPC version 1.4
  16              	
  17              	@ GGC heuristics: --param ggc-min-expand=100 --param ggc-min-heapsize=131072
  18              	@ options passed: -mcpu=cortex-m3 -mthumb -mfloat-abi=soft -march=armv7-m -g -gdwarf-2 -Os -fomit-f
  19              		.text
  20              	.Ltext0:
  21              		.cfi_sections	.debug_frame
  22              		.file 1 "stm32f10x_lib/STM32F10x_StdPeriph_Driver/src/stm32f10x_rcc.c"
  23              		.align	1
  24              		.global	RCC_DeInit
  25              		.syntax unified
  26              		.thumb
  27              		.thumb_func
  28              		.type	RCC_DeInit, %function
  29              	RCC_DeInit:
  30              	.LFB29:
   1:stm32f10x_lib/STM32F10x_StdPeriph_Driver/src/stm32f10x_rcc.c **** /**
   2:stm32f10x_lib/STM32F10x_StdPeriph_Driver/src/stm32f10x_rcc.c ****   ******************************************************************************
   3:stm32f10x_lib/STM32F10x_StdPeriph_Driver/src/stm32f10x_rcc.c ****   * @file    stm32f10x_rcc.c
   4:stm32f10x_lib/STM32F10x_StdPeriph_Driver/src/stm32f10x_rcc.c ****   * @author  MCD Application Team
   5:stm32f10x_lib/STM32F10x_StdPeriph_Driver/src/stm32f10x_rcc.c ****   * @version V3.5.0
   6:stm32f10x_lib/STM32F10x_StdPeriph_Driver/src/stm32f10x_rcc.c ****   * @date    11-March-2011
   7:stm32f10x_lib/STM32F10x_StdPeriph_Driver/src/stm32f10x_rcc.c ****   * @brief   This file provides all the RCC firmware functions.
   8:stm32f10x_lib/STM32F10x_StdPeriph_Driver/src/stm32f10x_rcc.c ****   ******************************************************************************
   9:stm32f10x_lib/STM32F10x_StdPeriph_Driver/src/stm32f10x_rcc.c ****   * @attention
  10:stm32f10x_lib/STM32F10x_StdPeriph_Driver/src/stm32f10x_rcc.c ****   *
  11:stm32f10x_lib/STM32F10x_StdPeriph_Driver/src/stm32f10x_rcc.c ****   * THE PRESENT FIRMWARE WHICH IS FOR GUIDANCE ONLY AIMS AT PROVIDING CUSTOMERS
  12:stm32f10x_lib/STM32F10x_StdPeriph_Driver/src/stm32f10x_rcc.c ****   * WITH CODING INFORMATION REGARDING THEIR PRODUCTS IN ORDER FOR THEM TO SAVE
  13:stm32f10x_lib/STM32F10x_StdPeriph_Driver/src/stm32f10x_rcc.c ****   * TIME. AS A RESULT, STMICROELECTRONICS SHALL NOT BE HELD LIABLE FOR ANY
  14:stm32f10x_lib/STM32F10x_StdPeriph_Driver/src/stm32f10x_rcc.c ****   * DIRECT, INDIRECT OR CONSEQUENTIAL DAMAGES WITH RESPECT TO ANY CLAIMS ARISING
  15:stm32f10x_lib/STM32F10x_StdPeriph_Driver/src/stm32f10x_rcc.c ****   * FROM THE CONTENT OF SUCH FIRMWARE AND/OR THE USE MADE BY CUSTOMERS OF THE
  16:stm32f10x_lib/STM32F10x_StdPeriph_Driver/src/stm32f10x_rcc.c ****   * CODING INFORMATION CONTAINED HEREIN IN CONNECTION WITH THEIR PRODUCTS.
  17:stm32f10x_lib/STM32F10x_StdPeriph_Driver/src/stm32f10x_rcc.c ****   *
  18:stm32f10x_lib/STM32F10x_StdPeriph_Driver/src/stm32f10x_rcc.c ****   * <h2><center>&copy; COPYRIGHT 2011 STMicroelectronics</center></h2>
  19:stm32f10x_lib/STM32F10x_StdPeriph_Driver/src/stm32f10x_rcc.c ****   ******************************************************************************
  20:stm32f10x_lib/STM32F10x_StdPeriph_Driver/src/stm32f10x_rcc.c ****   */
  21:stm32f10x_lib/STM32F10x_StdPeriph_Driver/src/stm32f10x_rcc.c **** 
  22:stm32f10x_lib/STM32F10x_StdPeriph_Driver/src/stm32f10x_rcc.c **** /* Includes ------------------------------------------------------------------*/
  23:stm32f10x_lib/STM32F10x_StdPeriph_Driver/src/stm32f10x_rcc.c **** #include "stm32f10x_rcc.h"
  24:stm32f10x_lib/STM32F10x_StdPeriph_Driver/src/stm32f10x_rcc.c **** 
  25:stm32f10x_lib/STM32F10x_StdPeriph_Driver/src/stm32f10x_rcc.c **** /** @addtogroup STM32F10x_StdPeriph_Driver
  26:stm32f10x_lib/STM32F10x_StdPeriph_Driver/src/stm32f10x_rcc.c ****   * @{
  27:stm32f10x_lib/STM32F10x_StdPeriph_Driver/src/stm32f10x_rcc.c ****   */
ARM GAS  /tmp/cc3GD86t.s 			page 2


  28:stm32f10x_lib/STM32F10x_StdPeriph_Driver/src/stm32f10x_rcc.c **** 
  29:stm32f10x_lib/STM32F10x_StdPeriph_Driver/src/stm32f10x_rcc.c **** /** @defgroup RCC 
  30:stm32f10x_lib/STM32F10x_StdPeriph_Driver/src/stm32f10x_rcc.c ****   * @brief RCC driver modules
  31:stm32f10x_lib/STM32F10x_StdPeriph_Driver/src/stm32f10x_rcc.c ****   * @{
  32:stm32f10x_lib/STM32F10x_StdPeriph_Driver/src/stm32f10x_rcc.c ****   */ 
  33:stm32f10x_lib/STM32F10x_StdPeriph_Driver/src/stm32f10x_rcc.c **** 
  34:stm32f10x_lib/STM32F10x_StdPeriph_Driver/src/stm32f10x_rcc.c **** /** @defgroup RCC_Private_TypesDefinitions
  35:stm32f10x_lib/STM32F10x_StdPeriph_Driver/src/stm32f10x_rcc.c ****   * @{
  36:stm32f10x_lib/STM32F10x_StdPeriph_Driver/src/stm32f10x_rcc.c ****   */
  37:stm32f10x_lib/STM32F10x_StdPeriph_Driver/src/stm32f10x_rcc.c **** 
  38:stm32f10x_lib/STM32F10x_StdPeriph_Driver/src/stm32f10x_rcc.c **** /**
  39:stm32f10x_lib/STM32F10x_StdPeriph_Driver/src/stm32f10x_rcc.c ****   * @}
  40:stm32f10x_lib/STM32F10x_StdPeriph_Driver/src/stm32f10x_rcc.c ****   */
  41:stm32f10x_lib/STM32F10x_StdPeriph_Driver/src/stm32f10x_rcc.c **** 
  42:stm32f10x_lib/STM32F10x_StdPeriph_Driver/src/stm32f10x_rcc.c **** /** @defgroup RCC_Private_Defines
  43:stm32f10x_lib/STM32F10x_StdPeriph_Driver/src/stm32f10x_rcc.c ****   * @{
  44:stm32f10x_lib/STM32F10x_StdPeriph_Driver/src/stm32f10x_rcc.c ****   */
  45:stm32f10x_lib/STM32F10x_StdPeriph_Driver/src/stm32f10x_rcc.c **** 
  46:stm32f10x_lib/STM32F10x_StdPeriph_Driver/src/stm32f10x_rcc.c **** /* ------------ RCC registers bit address in the alias region ----------- */
  47:stm32f10x_lib/STM32F10x_StdPeriph_Driver/src/stm32f10x_rcc.c **** #define RCC_OFFSET                (RCC_BASE - PERIPH_BASE)
  48:stm32f10x_lib/STM32F10x_StdPeriph_Driver/src/stm32f10x_rcc.c **** 
  49:stm32f10x_lib/STM32F10x_StdPeriph_Driver/src/stm32f10x_rcc.c **** /* --- CR Register ---*/
  50:stm32f10x_lib/STM32F10x_StdPeriph_Driver/src/stm32f10x_rcc.c **** 
  51:stm32f10x_lib/STM32F10x_StdPeriph_Driver/src/stm32f10x_rcc.c **** /* Alias word address of HSION bit */
  52:stm32f10x_lib/STM32F10x_StdPeriph_Driver/src/stm32f10x_rcc.c **** #define CR_OFFSET                 (RCC_OFFSET + 0x00)
  53:stm32f10x_lib/STM32F10x_StdPeriph_Driver/src/stm32f10x_rcc.c **** #define HSION_BitNumber           0x00
  54:stm32f10x_lib/STM32F10x_StdPeriph_Driver/src/stm32f10x_rcc.c **** #define CR_HSION_BB               (PERIPH_BB_BASE + (CR_OFFSET * 32) + (HSION_BitNumber * 4))
  55:stm32f10x_lib/STM32F10x_StdPeriph_Driver/src/stm32f10x_rcc.c **** 
  56:stm32f10x_lib/STM32F10x_StdPeriph_Driver/src/stm32f10x_rcc.c **** /* Alias word address of PLLON bit */
  57:stm32f10x_lib/STM32F10x_StdPeriph_Driver/src/stm32f10x_rcc.c **** #define PLLON_BitNumber           0x18
  58:stm32f10x_lib/STM32F10x_StdPeriph_Driver/src/stm32f10x_rcc.c **** #define CR_PLLON_BB               (PERIPH_BB_BASE + (CR_OFFSET * 32) + (PLLON_BitNumber * 4))
  59:stm32f10x_lib/STM32F10x_StdPeriph_Driver/src/stm32f10x_rcc.c **** 
  60:stm32f10x_lib/STM32F10x_StdPeriph_Driver/src/stm32f10x_rcc.c **** #ifdef STM32F10X_CL
  61:stm32f10x_lib/STM32F10x_StdPeriph_Driver/src/stm32f10x_rcc.c ****  /* Alias word address of PLL2ON bit */
  62:stm32f10x_lib/STM32F10x_StdPeriph_Driver/src/stm32f10x_rcc.c ****  #define PLL2ON_BitNumber          0x1A
  63:stm32f10x_lib/STM32F10x_StdPeriph_Driver/src/stm32f10x_rcc.c ****  #define CR_PLL2ON_BB              (PERIPH_BB_BASE + (CR_OFFSET * 32) + (PLL2ON_BitNumber * 4))
  64:stm32f10x_lib/STM32F10x_StdPeriph_Driver/src/stm32f10x_rcc.c **** 
  65:stm32f10x_lib/STM32F10x_StdPeriph_Driver/src/stm32f10x_rcc.c ****  /* Alias word address of PLL3ON bit */
  66:stm32f10x_lib/STM32F10x_StdPeriph_Driver/src/stm32f10x_rcc.c ****  #define PLL3ON_BitNumber          0x1C
  67:stm32f10x_lib/STM32F10x_StdPeriph_Driver/src/stm32f10x_rcc.c ****  #define CR_PLL3ON_BB              (PERIPH_BB_BASE + (CR_OFFSET * 32) + (PLL3ON_BitNumber * 4))
  68:stm32f10x_lib/STM32F10x_StdPeriph_Driver/src/stm32f10x_rcc.c **** #endif /* STM32F10X_CL */ 
  69:stm32f10x_lib/STM32F10x_StdPeriph_Driver/src/stm32f10x_rcc.c **** 
  70:stm32f10x_lib/STM32F10x_StdPeriph_Driver/src/stm32f10x_rcc.c **** /* Alias word address of CSSON bit */
  71:stm32f10x_lib/STM32F10x_StdPeriph_Driver/src/stm32f10x_rcc.c **** #define CSSON_BitNumber           0x13
  72:stm32f10x_lib/STM32F10x_StdPeriph_Driver/src/stm32f10x_rcc.c **** #define CR_CSSON_BB               (PERIPH_BB_BASE + (CR_OFFSET * 32) + (CSSON_BitNumber * 4))
  73:stm32f10x_lib/STM32F10x_StdPeriph_Driver/src/stm32f10x_rcc.c **** 
  74:stm32f10x_lib/STM32F10x_StdPeriph_Driver/src/stm32f10x_rcc.c **** /* --- CFGR Register ---*/
  75:stm32f10x_lib/STM32F10x_StdPeriph_Driver/src/stm32f10x_rcc.c **** 
  76:stm32f10x_lib/STM32F10x_StdPeriph_Driver/src/stm32f10x_rcc.c **** /* Alias word address of USBPRE bit */
  77:stm32f10x_lib/STM32F10x_StdPeriph_Driver/src/stm32f10x_rcc.c **** #define CFGR_OFFSET               (RCC_OFFSET + 0x04)
  78:stm32f10x_lib/STM32F10x_StdPeriph_Driver/src/stm32f10x_rcc.c **** 
  79:stm32f10x_lib/STM32F10x_StdPeriph_Driver/src/stm32f10x_rcc.c **** #ifndef STM32F10X_CL
  80:stm32f10x_lib/STM32F10x_StdPeriph_Driver/src/stm32f10x_rcc.c ****  #define USBPRE_BitNumber          0x16
  81:stm32f10x_lib/STM32F10x_StdPeriph_Driver/src/stm32f10x_rcc.c ****  #define CFGR_USBPRE_BB            (PERIPH_BB_BASE + (CFGR_OFFSET * 32) + (USBPRE_BitNumber * 4))
  82:stm32f10x_lib/STM32F10x_StdPeriph_Driver/src/stm32f10x_rcc.c **** #else
  83:stm32f10x_lib/STM32F10x_StdPeriph_Driver/src/stm32f10x_rcc.c ****  #define OTGFSPRE_BitNumber        0x16
  84:stm32f10x_lib/STM32F10x_StdPeriph_Driver/src/stm32f10x_rcc.c ****  #define CFGR_OTGFSPRE_BB          (PERIPH_BB_BASE + (CFGR_OFFSET * 32) + (OTGFSPRE_BitNumber * 4))
ARM GAS  /tmp/cc3GD86t.s 			page 3


  85:stm32f10x_lib/STM32F10x_StdPeriph_Driver/src/stm32f10x_rcc.c **** #endif /* STM32F10X_CL */ 
  86:stm32f10x_lib/STM32F10x_StdPeriph_Driver/src/stm32f10x_rcc.c **** 
  87:stm32f10x_lib/STM32F10x_StdPeriph_Driver/src/stm32f10x_rcc.c **** /* --- BDCR Register ---*/
  88:stm32f10x_lib/STM32F10x_StdPeriph_Driver/src/stm32f10x_rcc.c **** 
  89:stm32f10x_lib/STM32F10x_StdPeriph_Driver/src/stm32f10x_rcc.c **** /* Alias word address of RTCEN bit */
  90:stm32f10x_lib/STM32F10x_StdPeriph_Driver/src/stm32f10x_rcc.c **** #define BDCR_OFFSET               (RCC_OFFSET + 0x20)
  91:stm32f10x_lib/STM32F10x_StdPeriph_Driver/src/stm32f10x_rcc.c **** #define RTCEN_BitNumber           0x0F
  92:stm32f10x_lib/STM32F10x_StdPeriph_Driver/src/stm32f10x_rcc.c **** #define BDCR_RTCEN_BB             (PERIPH_BB_BASE + (BDCR_OFFSET * 32) + (RTCEN_BitNumber * 4))
  93:stm32f10x_lib/STM32F10x_StdPeriph_Driver/src/stm32f10x_rcc.c **** 
  94:stm32f10x_lib/STM32F10x_StdPeriph_Driver/src/stm32f10x_rcc.c **** /* Alias word address of BDRST bit */
  95:stm32f10x_lib/STM32F10x_StdPeriph_Driver/src/stm32f10x_rcc.c **** #define BDRST_BitNumber           0x10
  96:stm32f10x_lib/STM32F10x_StdPeriph_Driver/src/stm32f10x_rcc.c **** #define BDCR_BDRST_BB             (PERIPH_BB_BASE + (BDCR_OFFSET * 32) + (BDRST_BitNumber * 4))
  97:stm32f10x_lib/STM32F10x_StdPeriph_Driver/src/stm32f10x_rcc.c **** 
  98:stm32f10x_lib/STM32F10x_StdPeriph_Driver/src/stm32f10x_rcc.c **** /* --- CSR Register ---*/
  99:stm32f10x_lib/STM32F10x_StdPeriph_Driver/src/stm32f10x_rcc.c **** 
 100:stm32f10x_lib/STM32F10x_StdPeriph_Driver/src/stm32f10x_rcc.c **** /* Alias word address of LSION bit */
 101:stm32f10x_lib/STM32F10x_StdPeriph_Driver/src/stm32f10x_rcc.c **** #define CSR_OFFSET                (RCC_OFFSET + 0x24)
 102:stm32f10x_lib/STM32F10x_StdPeriph_Driver/src/stm32f10x_rcc.c **** #define LSION_BitNumber           0x00
 103:stm32f10x_lib/STM32F10x_StdPeriph_Driver/src/stm32f10x_rcc.c **** #define CSR_LSION_BB              (PERIPH_BB_BASE + (CSR_OFFSET * 32) + (LSION_BitNumber * 4))
 104:stm32f10x_lib/STM32F10x_StdPeriph_Driver/src/stm32f10x_rcc.c **** 
 105:stm32f10x_lib/STM32F10x_StdPeriph_Driver/src/stm32f10x_rcc.c **** #ifdef STM32F10X_CL
 106:stm32f10x_lib/STM32F10x_StdPeriph_Driver/src/stm32f10x_rcc.c **** /* --- CFGR2 Register ---*/
 107:stm32f10x_lib/STM32F10x_StdPeriph_Driver/src/stm32f10x_rcc.c **** 
 108:stm32f10x_lib/STM32F10x_StdPeriph_Driver/src/stm32f10x_rcc.c ****  /* Alias word address of I2S2SRC bit */
 109:stm32f10x_lib/STM32F10x_StdPeriph_Driver/src/stm32f10x_rcc.c ****  #define CFGR2_OFFSET              (RCC_OFFSET + 0x2C)
 110:stm32f10x_lib/STM32F10x_StdPeriph_Driver/src/stm32f10x_rcc.c ****  #define I2S2SRC_BitNumber         0x11
 111:stm32f10x_lib/STM32F10x_StdPeriph_Driver/src/stm32f10x_rcc.c ****  #define CFGR2_I2S2SRC_BB          (PERIPH_BB_BASE + (CFGR2_OFFSET * 32) + (I2S2SRC_BitNumber * 4))
 112:stm32f10x_lib/STM32F10x_StdPeriph_Driver/src/stm32f10x_rcc.c **** 
 113:stm32f10x_lib/STM32F10x_StdPeriph_Driver/src/stm32f10x_rcc.c ****  /* Alias word address of I2S3SRC bit */
 114:stm32f10x_lib/STM32F10x_StdPeriph_Driver/src/stm32f10x_rcc.c ****  #define I2S3SRC_BitNumber         0x12
 115:stm32f10x_lib/STM32F10x_StdPeriph_Driver/src/stm32f10x_rcc.c ****  #define CFGR2_I2S3SRC_BB          (PERIPH_BB_BASE + (CFGR2_OFFSET * 32) + (I2S3SRC_BitNumber * 4))
 116:stm32f10x_lib/STM32F10x_StdPeriph_Driver/src/stm32f10x_rcc.c **** #endif /* STM32F10X_CL */
 117:stm32f10x_lib/STM32F10x_StdPeriph_Driver/src/stm32f10x_rcc.c **** 
 118:stm32f10x_lib/STM32F10x_StdPeriph_Driver/src/stm32f10x_rcc.c **** /* ---------------------- RCC registers bit mask ------------------------ */
 119:stm32f10x_lib/STM32F10x_StdPeriph_Driver/src/stm32f10x_rcc.c **** 
 120:stm32f10x_lib/STM32F10x_StdPeriph_Driver/src/stm32f10x_rcc.c **** /* CR register bit mask */
 121:stm32f10x_lib/STM32F10x_StdPeriph_Driver/src/stm32f10x_rcc.c **** #define CR_HSEBYP_Reset           ((uint32_t)0xFFFBFFFF)
 122:stm32f10x_lib/STM32F10x_StdPeriph_Driver/src/stm32f10x_rcc.c **** #define CR_HSEBYP_Set             ((uint32_t)0x00040000)
 123:stm32f10x_lib/STM32F10x_StdPeriph_Driver/src/stm32f10x_rcc.c **** #define CR_HSEON_Reset            ((uint32_t)0xFFFEFFFF)
 124:stm32f10x_lib/STM32F10x_StdPeriph_Driver/src/stm32f10x_rcc.c **** #define CR_HSEON_Set              ((uint32_t)0x00010000)
 125:stm32f10x_lib/STM32F10x_StdPeriph_Driver/src/stm32f10x_rcc.c **** #define CR_HSITRIM_Mask           ((uint32_t)0xFFFFFF07)
 126:stm32f10x_lib/STM32F10x_StdPeriph_Driver/src/stm32f10x_rcc.c **** 
 127:stm32f10x_lib/STM32F10x_StdPeriph_Driver/src/stm32f10x_rcc.c **** /* CFGR register bit mask */
 128:stm32f10x_lib/STM32F10x_StdPeriph_Driver/src/stm32f10x_rcc.c **** #if defined (STM32F10X_LD_VL) || defined (STM32F10X_MD_VL) || defined (STM32F10X_HD_VL) || defined 
 129:stm32f10x_lib/STM32F10x_StdPeriph_Driver/src/stm32f10x_rcc.c ****  #define CFGR_PLL_Mask            ((uint32_t)0xFFC2FFFF)
 130:stm32f10x_lib/STM32F10x_StdPeriph_Driver/src/stm32f10x_rcc.c **** #else
 131:stm32f10x_lib/STM32F10x_StdPeriph_Driver/src/stm32f10x_rcc.c ****  #define CFGR_PLL_Mask            ((uint32_t)0xFFC0FFFF)
 132:stm32f10x_lib/STM32F10x_StdPeriph_Driver/src/stm32f10x_rcc.c **** #endif /* STM32F10X_CL */ 
 133:stm32f10x_lib/STM32F10x_StdPeriph_Driver/src/stm32f10x_rcc.c **** 
 134:stm32f10x_lib/STM32F10x_StdPeriph_Driver/src/stm32f10x_rcc.c **** #define CFGR_PLLMull_Mask         ((uint32_t)0x003C0000)
 135:stm32f10x_lib/STM32F10x_StdPeriph_Driver/src/stm32f10x_rcc.c **** #define CFGR_PLLSRC_Mask          ((uint32_t)0x00010000)
 136:stm32f10x_lib/STM32F10x_StdPeriph_Driver/src/stm32f10x_rcc.c **** #define CFGR_PLLXTPRE_Mask        ((uint32_t)0x00020000)
 137:stm32f10x_lib/STM32F10x_StdPeriph_Driver/src/stm32f10x_rcc.c **** #define CFGR_SWS_Mask             ((uint32_t)0x0000000C)
 138:stm32f10x_lib/STM32F10x_StdPeriph_Driver/src/stm32f10x_rcc.c **** #define CFGR_SW_Mask              ((uint32_t)0xFFFFFFFC)
 139:stm32f10x_lib/STM32F10x_StdPeriph_Driver/src/stm32f10x_rcc.c **** #define CFGR_HPRE_Reset_Mask      ((uint32_t)0xFFFFFF0F)
 140:stm32f10x_lib/STM32F10x_StdPeriph_Driver/src/stm32f10x_rcc.c **** #define CFGR_HPRE_Set_Mask        ((uint32_t)0x000000F0)
 141:stm32f10x_lib/STM32F10x_StdPeriph_Driver/src/stm32f10x_rcc.c **** #define CFGR_PPRE1_Reset_Mask     ((uint32_t)0xFFFFF8FF)
ARM GAS  /tmp/cc3GD86t.s 			page 4


 142:stm32f10x_lib/STM32F10x_StdPeriph_Driver/src/stm32f10x_rcc.c **** #define CFGR_PPRE1_Set_Mask       ((uint32_t)0x00000700)
 143:stm32f10x_lib/STM32F10x_StdPeriph_Driver/src/stm32f10x_rcc.c **** #define CFGR_PPRE2_Reset_Mask     ((uint32_t)0xFFFFC7FF)
 144:stm32f10x_lib/STM32F10x_StdPeriph_Driver/src/stm32f10x_rcc.c **** #define CFGR_PPRE2_Set_Mask       ((uint32_t)0x00003800)
 145:stm32f10x_lib/STM32F10x_StdPeriph_Driver/src/stm32f10x_rcc.c **** #define CFGR_ADCPRE_Reset_Mask    ((uint32_t)0xFFFF3FFF)
 146:stm32f10x_lib/STM32F10x_StdPeriph_Driver/src/stm32f10x_rcc.c **** #define CFGR_ADCPRE_Set_Mask      ((uint32_t)0x0000C000)
 147:stm32f10x_lib/STM32F10x_StdPeriph_Driver/src/stm32f10x_rcc.c **** 
 148:stm32f10x_lib/STM32F10x_StdPeriph_Driver/src/stm32f10x_rcc.c **** /* CSR register bit mask */
 149:stm32f10x_lib/STM32F10x_StdPeriph_Driver/src/stm32f10x_rcc.c **** #define CSR_RMVF_Set              ((uint32_t)0x01000000)
 150:stm32f10x_lib/STM32F10x_StdPeriph_Driver/src/stm32f10x_rcc.c **** 
 151:stm32f10x_lib/STM32F10x_StdPeriph_Driver/src/stm32f10x_rcc.c **** #if defined (STM32F10X_LD_VL) || defined (STM32F10X_MD_VL) || defined (STM32F10X_HD_VL) || defined 
 152:stm32f10x_lib/STM32F10x_StdPeriph_Driver/src/stm32f10x_rcc.c **** /* CFGR2 register bit mask */
 153:stm32f10x_lib/STM32F10x_StdPeriph_Driver/src/stm32f10x_rcc.c ****  #define CFGR2_PREDIV1SRC         ((uint32_t)0x00010000)
 154:stm32f10x_lib/STM32F10x_StdPeriph_Driver/src/stm32f10x_rcc.c ****  #define CFGR2_PREDIV1            ((uint32_t)0x0000000F)
 155:stm32f10x_lib/STM32F10x_StdPeriph_Driver/src/stm32f10x_rcc.c **** #endif
 156:stm32f10x_lib/STM32F10x_StdPeriph_Driver/src/stm32f10x_rcc.c **** #ifdef STM32F10X_CL
 157:stm32f10x_lib/STM32F10x_StdPeriph_Driver/src/stm32f10x_rcc.c ****  #define CFGR2_PREDIV2            ((uint32_t)0x000000F0)
 158:stm32f10x_lib/STM32F10x_StdPeriph_Driver/src/stm32f10x_rcc.c ****  #define CFGR2_PLL2MUL            ((uint32_t)0x00000F00)
 159:stm32f10x_lib/STM32F10x_StdPeriph_Driver/src/stm32f10x_rcc.c ****  #define CFGR2_PLL3MUL            ((uint32_t)0x0000F000)
 160:stm32f10x_lib/STM32F10x_StdPeriph_Driver/src/stm32f10x_rcc.c **** #endif /* STM32F10X_CL */ 
 161:stm32f10x_lib/STM32F10x_StdPeriph_Driver/src/stm32f10x_rcc.c **** 
 162:stm32f10x_lib/STM32F10x_StdPeriph_Driver/src/stm32f10x_rcc.c **** /* RCC Flag Mask */
 163:stm32f10x_lib/STM32F10x_StdPeriph_Driver/src/stm32f10x_rcc.c **** #define FLAG_Mask                 ((uint8_t)0x1F)
 164:stm32f10x_lib/STM32F10x_StdPeriph_Driver/src/stm32f10x_rcc.c **** 
 165:stm32f10x_lib/STM32F10x_StdPeriph_Driver/src/stm32f10x_rcc.c **** /* CIR register byte 2 (Bits[15:8]) base address */
 166:stm32f10x_lib/STM32F10x_StdPeriph_Driver/src/stm32f10x_rcc.c **** #define CIR_BYTE2_ADDRESS         ((uint32_t)0x40021009)
 167:stm32f10x_lib/STM32F10x_StdPeriph_Driver/src/stm32f10x_rcc.c **** 
 168:stm32f10x_lib/STM32F10x_StdPeriph_Driver/src/stm32f10x_rcc.c **** /* CIR register byte 3 (Bits[23:16]) base address */
 169:stm32f10x_lib/STM32F10x_StdPeriph_Driver/src/stm32f10x_rcc.c **** #define CIR_BYTE3_ADDRESS         ((uint32_t)0x4002100A)
 170:stm32f10x_lib/STM32F10x_StdPeriph_Driver/src/stm32f10x_rcc.c **** 
 171:stm32f10x_lib/STM32F10x_StdPeriph_Driver/src/stm32f10x_rcc.c **** /* CFGR register byte 4 (Bits[31:24]) base address */
 172:stm32f10x_lib/STM32F10x_StdPeriph_Driver/src/stm32f10x_rcc.c **** #define CFGR_BYTE4_ADDRESS        ((uint32_t)0x40021007)
 173:stm32f10x_lib/STM32F10x_StdPeriph_Driver/src/stm32f10x_rcc.c **** 
 174:stm32f10x_lib/STM32F10x_StdPeriph_Driver/src/stm32f10x_rcc.c **** /* BDCR register base address */
 175:stm32f10x_lib/STM32F10x_StdPeriph_Driver/src/stm32f10x_rcc.c **** #define BDCR_ADDRESS              (PERIPH_BASE + BDCR_OFFSET)
 176:stm32f10x_lib/STM32F10x_StdPeriph_Driver/src/stm32f10x_rcc.c **** 
 177:stm32f10x_lib/STM32F10x_StdPeriph_Driver/src/stm32f10x_rcc.c **** /**
 178:stm32f10x_lib/STM32F10x_StdPeriph_Driver/src/stm32f10x_rcc.c ****   * @}
 179:stm32f10x_lib/STM32F10x_StdPeriph_Driver/src/stm32f10x_rcc.c ****   */ 
 180:stm32f10x_lib/STM32F10x_StdPeriph_Driver/src/stm32f10x_rcc.c **** 
 181:stm32f10x_lib/STM32F10x_StdPeriph_Driver/src/stm32f10x_rcc.c **** /** @defgroup RCC_Private_Macros
 182:stm32f10x_lib/STM32F10x_StdPeriph_Driver/src/stm32f10x_rcc.c ****   * @{
 183:stm32f10x_lib/STM32F10x_StdPeriph_Driver/src/stm32f10x_rcc.c ****   */ 
 184:stm32f10x_lib/STM32F10x_StdPeriph_Driver/src/stm32f10x_rcc.c **** 
 185:stm32f10x_lib/STM32F10x_StdPeriph_Driver/src/stm32f10x_rcc.c **** /**
 186:stm32f10x_lib/STM32F10x_StdPeriph_Driver/src/stm32f10x_rcc.c ****   * @}
 187:stm32f10x_lib/STM32F10x_StdPeriph_Driver/src/stm32f10x_rcc.c ****   */ 
 188:stm32f10x_lib/STM32F10x_StdPeriph_Driver/src/stm32f10x_rcc.c **** 
 189:stm32f10x_lib/STM32F10x_StdPeriph_Driver/src/stm32f10x_rcc.c **** /** @defgroup RCC_Private_Variables
 190:stm32f10x_lib/STM32F10x_StdPeriph_Driver/src/stm32f10x_rcc.c ****   * @{
 191:stm32f10x_lib/STM32F10x_StdPeriph_Driver/src/stm32f10x_rcc.c ****   */ 
 192:stm32f10x_lib/STM32F10x_StdPeriph_Driver/src/stm32f10x_rcc.c **** 
 193:stm32f10x_lib/STM32F10x_StdPeriph_Driver/src/stm32f10x_rcc.c **** static __I uint8_t APBAHBPrescTable[16] = {0, 0, 0, 0, 1, 2, 3, 4, 1, 2, 3, 4, 6, 7, 8, 9};
 194:stm32f10x_lib/STM32F10x_StdPeriph_Driver/src/stm32f10x_rcc.c **** static __I uint8_t ADCPrescTable[4] = {2, 4, 6, 8};
 195:stm32f10x_lib/STM32F10x_StdPeriph_Driver/src/stm32f10x_rcc.c **** 
 196:stm32f10x_lib/STM32F10x_StdPeriph_Driver/src/stm32f10x_rcc.c **** /**
 197:stm32f10x_lib/STM32F10x_StdPeriph_Driver/src/stm32f10x_rcc.c ****   * @}
 198:stm32f10x_lib/STM32F10x_StdPeriph_Driver/src/stm32f10x_rcc.c ****   */
ARM GAS  /tmp/cc3GD86t.s 			page 5


 199:stm32f10x_lib/STM32F10x_StdPeriph_Driver/src/stm32f10x_rcc.c **** 
 200:stm32f10x_lib/STM32F10x_StdPeriph_Driver/src/stm32f10x_rcc.c **** /** @defgroup RCC_Private_FunctionPrototypes
 201:stm32f10x_lib/STM32F10x_StdPeriph_Driver/src/stm32f10x_rcc.c ****   * @{
 202:stm32f10x_lib/STM32F10x_StdPeriph_Driver/src/stm32f10x_rcc.c ****   */
 203:stm32f10x_lib/STM32F10x_StdPeriph_Driver/src/stm32f10x_rcc.c **** 
 204:stm32f10x_lib/STM32F10x_StdPeriph_Driver/src/stm32f10x_rcc.c **** /**
 205:stm32f10x_lib/STM32F10x_StdPeriph_Driver/src/stm32f10x_rcc.c ****   * @}
 206:stm32f10x_lib/STM32F10x_StdPeriph_Driver/src/stm32f10x_rcc.c ****   */
 207:stm32f10x_lib/STM32F10x_StdPeriph_Driver/src/stm32f10x_rcc.c **** 
 208:stm32f10x_lib/STM32F10x_StdPeriph_Driver/src/stm32f10x_rcc.c **** /** @defgroup RCC_Private_Functions
 209:stm32f10x_lib/STM32F10x_StdPeriph_Driver/src/stm32f10x_rcc.c ****   * @{
 210:stm32f10x_lib/STM32F10x_StdPeriph_Driver/src/stm32f10x_rcc.c ****   */
 211:stm32f10x_lib/STM32F10x_StdPeriph_Driver/src/stm32f10x_rcc.c **** 
 212:stm32f10x_lib/STM32F10x_StdPeriph_Driver/src/stm32f10x_rcc.c **** /**
 213:stm32f10x_lib/STM32F10x_StdPeriph_Driver/src/stm32f10x_rcc.c ****   * @brief  Resets the RCC clock configuration to the default reset state.
 214:stm32f10x_lib/STM32F10x_StdPeriph_Driver/src/stm32f10x_rcc.c ****   * @param  None
 215:stm32f10x_lib/STM32F10x_StdPeriph_Driver/src/stm32f10x_rcc.c ****   * @retval None
 216:stm32f10x_lib/STM32F10x_StdPeriph_Driver/src/stm32f10x_rcc.c ****   */
 217:stm32f10x_lib/STM32F10x_StdPeriph_Driver/src/stm32f10x_rcc.c **** void RCC_DeInit(void)
 218:stm32f10x_lib/STM32F10x_StdPeriph_Driver/src/stm32f10x_rcc.c **** {
  31              		.loc 1 218 1 view -0
  32              		.cfi_startproc
  33              		@ args = 0, pretend = 0, frame = 0
  34              		@ frame_needed = 0, uses_anonymous_args = 0
  35              		@ link register save eliminated.
 219:stm32f10x_lib/STM32F10x_StdPeriph_Driver/src/stm32f10x_rcc.c ****   /* Set HSION bit */
 220:stm32f10x_lib/STM32F10x_StdPeriph_Driver/src/stm32f10x_rcc.c ****   RCC->CR |= (uint32_t)0x00000001;
  36              		.loc 1 220 3 view .LVU1
  37              	@ stm32f10x_lib/STM32F10x_StdPeriph_Driver/src/stm32f10x_rcc.c:220:   RCC->CR |= (uint32_t)0x000000
  38              		.loc 1 220 6 is_stmt 0 view .LVU2
  39 0000 0E4B     		ldr	r3, .L2	@ tmp104,
  40 0002 1A68     		ldr	r2, [r3]	@ _1, MEM[(struct RCC_TypeDef *)1073876992B].CR
  41              	@ stm32f10x_lib/STM32F10x_StdPeriph_Driver/src/stm32f10x_rcc.c:220:   RCC->CR |= (uint32_t)0x000000
  42              		.loc 1 220 11 view .LVU3
  43 0004 42F00102 		orr	r2, r2, #1	@ _2, _1,
  44 0008 1A60     		str	r2, [r3]	@ _2, MEM[(struct RCC_TypeDef *)1073876992B].CR
 221:stm32f10x_lib/STM32F10x_StdPeriph_Driver/src/stm32f10x_rcc.c **** 
 222:stm32f10x_lib/STM32F10x_StdPeriph_Driver/src/stm32f10x_rcc.c ****   /* Reset SW, HPRE, PPRE1, PPRE2, ADCPRE and MCO bits */
 223:stm32f10x_lib/STM32F10x_StdPeriph_Driver/src/stm32f10x_rcc.c **** #ifndef STM32F10X_CL
 224:stm32f10x_lib/STM32F10x_StdPeriph_Driver/src/stm32f10x_rcc.c ****   RCC->CFGR &= (uint32_t)0xF8FF0000;
  45              		.loc 1 224 3 is_stmt 1 view .LVU4
  46              	@ stm32f10x_lib/STM32F10x_StdPeriph_Driver/src/stm32f10x_rcc.c:224:   RCC->CFGR &= (uint32_t)0xF8FF
  47              		.loc 1 224 6 is_stmt 0 view .LVU5
  48 000a 5968     		ldr	r1, [r3, #4]	@ _3, MEM[(struct RCC_TypeDef *)1073876992B].CFGR
  49              	@ stm32f10x_lib/STM32F10x_StdPeriph_Driver/src/stm32f10x_rcc.c:224:   RCC->CFGR &= (uint32_t)0xF8FF
  50              		.loc 1 224 13 view .LVU6
  51 000c 0C4A     		ldr	r2, .L2+4	@ _4,
  52 000e 0A40     		ands	r2, r2, r1	@, _4, _4, _3
  53 0010 5A60     		str	r2, [r3, #4]	@ _4, MEM[(struct RCC_TypeDef *)1073876992B].CFGR
 225:stm32f10x_lib/STM32F10x_StdPeriph_Driver/src/stm32f10x_rcc.c **** #else
 226:stm32f10x_lib/STM32F10x_StdPeriph_Driver/src/stm32f10x_rcc.c ****   RCC->CFGR &= (uint32_t)0xF0FF0000;
 227:stm32f10x_lib/STM32F10x_StdPeriph_Driver/src/stm32f10x_rcc.c **** #endif /* STM32F10X_CL */   
 228:stm32f10x_lib/STM32F10x_StdPeriph_Driver/src/stm32f10x_rcc.c ****   
 229:stm32f10x_lib/STM32F10x_StdPeriph_Driver/src/stm32f10x_rcc.c ****   /* Reset HSEON, CSSON and PLLON bits */
 230:stm32f10x_lib/STM32F10x_StdPeriph_Driver/src/stm32f10x_rcc.c ****   RCC->CR &= (uint32_t)0xFEF6FFFF;
  54              		.loc 1 230 3 is_stmt 1 view .LVU7
  55              	@ stm32f10x_lib/STM32F10x_StdPeriph_Driver/src/stm32f10x_rcc.c:230:   RCC->CR &= (uint32_t)0xFEF6FF
ARM GAS  /tmp/cc3GD86t.s 			page 6


  56              		.loc 1 230 6 is_stmt 0 view .LVU8
  57 0012 1A68     		ldr	r2, [r3]	@ _5, MEM[(struct RCC_TypeDef *)1073876992B].CR
  58              	@ stm32f10x_lib/STM32F10x_StdPeriph_Driver/src/stm32f10x_rcc.c:230:   RCC->CR &= (uint32_t)0xFEF6FF
  59              		.loc 1 230 11 view .LVU9
  60 0014 22F08472 		bic	r2, r2, #17301504	@ _6, _5,
  61 0018 22F48032 		bic	r2, r2, #65536	@ _6, _6,
  62 001c 1A60     		str	r2, [r3]	@ _6, MEM[(struct RCC_TypeDef *)1073876992B].CR
 231:stm32f10x_lib/STM32F10x_StdPeriph_Driver/src/stm32f10x_rcc.c **** 
 232:stm32f10x_lib/STM32F10x_StdPeriph_Driver/src/stm32f10x_rcc.c ****   /* Reset HSEBYP bit */
 233:stm32f10x_lib/STM32F10x_StdPeriph_Driver/src/stm32f10x_rcc.c ****   RCC->CR &= (uint32_t)0xFFFBFFFF;
  63              		.loc 1 233 3 is_stmt 1 view .LVU10
  64              	@ stm32f10x_lib/STM32F10x_StdPeriph_Driver/src/stm32f10x_rcc.c:233:   RCC->CR &= (uint32_t)0xFFFBFF
  65              		.loc 1 233 6 is_stmt 0 view .LVU11
  66 001e 1A68     		ldr	r2, [r3]	@ _7, MEM[(struct RCC_TypeDef *)1073876992B].CR
  67              	@ stm32f10x_lib/STM32F10x_StdPeriph_Driver/src/stm32f10x_rcc.c:233:   RCC->CR &= (uint32_t)0xFFFBFF
  68              		.loc 1 233 11 view .LVU12
  69 0020 22F48022 		bic	r2, r2, #262144	@ _8, _7,
  70 0024 1A60     		str	r2, [r3]	@ _8, MEM[(struct RCC_TypeDef *)1073876992B].CR
 234:stm32f10x_lib/STM32F10x_StdPeriph_Driver/src/stm32f10x_rcc.c **** 
 235:stm32f10x_lib/STM32F10x_StdPeriph_Driver/src/stm32f10x_rcc.c ****   /* Reset PLLSRC, PLLXTPRE, PLLMUL and USBPRE/OTGFSPRE bits */
 236:stm32f10x_lib/STM32F10x_StdPeriph_Driver/src/stm32f10x_rcc.c ****   RCC->CFGR &= (uint32_t)0xFF80FFFF;
  71              		.loc 1 236 3 is_stmt 1 view .LVU13
  72              	@ stm32f10x_lib/STM32F10x_StdPeriph_Driver/src/stm32f10x_rcc.c:236:   RCC->CFGR &= (uint32_t)0xFF80
  73              		.loc 1 236 6 is_stmt 0 view .LVU14
  74 0026 5A68     		ldr	r2, [r3, #4]	@ _9, MEM[(struct RCC_TypeDef *)1073876992B].CFGR
  75              	@ stm32f10x_lib/STM32F10x_StdPeriph_Driver/src/stm32f10x_rcc.c:236:   RCC->CFGR &= (uint32_t)0xFF80
  76              		.loc 1 236 13 view .LVU15
  77 0028 22F4FE02 		bic	r2, r2, #8323072	@ _10, _9,
  78 002c 5A60     		str	r2, [r3, #4]	@ _10, MEM[(struct RCC_TypeDef *)1073876992B].CFGR
 237:stm32f10x_lib/STM32F10x_StdPeriph_Driver/src/stm32f10x_rcc.c **** 
 238:stm32f10x_lib/STM32F10x_StdPeriph_Driver/src/stm32f10x_rcc.c **** #ifdef STM32F10X_CL
 239:stm32f10x_lib/STM32F10x_StdPeriph_Driver/src/stm32f10x_rcc.c ****   /* Reset PLL2ON and PLL3ON bits */
 240:stm32f10x_lib/STM32F10x_StdPeriph_Driver/src/stm32f10x_rcc.c ****   RCC->CR &= (uint32_t)0xEBFFFFFF;
 241:stm32f10x_lib/STM32F10x_StdPeriph_Driver/src/stm32f10x_rcc.c **** 
 242:stm32f10x_lib/STM32F10x_StdPeriph_Driver/src/stm32f10x_rcc.c ****   /* Disable all interrupts and clear pending bits  */
 243:stm32f10x_lib/STM32F10x_StdPeriph_Driver/src/stm32f10x_rcc.c ****   RCC->CIR = 0x00FF0000;
 244:stm32f10x_lib/STM32F10x_StdPeriph_Driver/src/stm32f10x_rcc.c **** 
 245:stm32f10x_lib/STM32F10x_StdPeriph_Driver/src/stm32f10x_rcc.c ****   /* Reset CFGR2 register */
 246:stm32f10x_lib/STM32F10x_StdPeriph_Driver/src/stm32f10x_rcc.c ****   RCC->CFGR2 = 0x00000000;
 247:stm32f10x_lib/STM32F10x_StdPeriph_Driver/src/stm32f10x_rcc.c **** #elif defined (STM32F10X_LD_VL) || defined (STM32F10X_MD_VL) || defined (STM32F10X_HD_VL)
 248:stm32f10x_lib/STM32F10x_StdPeriph_Driver/src/stm32f10x_rcc.c ****   /* Disable all interrupts and clear pending bits  */
 249:stm32f10x_lib/STM32F10x_StdPeriph_Driver/src/stm32f10x_rcc.c ****   RCC->CIR = 0x009F0000;
  79              		.loc 1 249 3 is_stmt 1 view .LVU16
  80              	@ stm32f10x_lib/STM32F10x_StdPeriph_Driver/src/stm32f10x_rcc.c:249:   RCC->CIR = 0x009F0000;
  81              		.loc 1 249 12 is_stmt 0 view .LVU17
  82 002e 4FF41F02 		mov	r2, #10420224	@ tmp117,
  83 0032 9A60     		str	r2, [r3, #8]	@ tmp117, MEM[(struct RCC_TypeDef *)1073876992B].CIR
 250:stm32f10x_lib/STM32F10x_StdPeriph_Driver/src/stm32f10x_rcc.c **** 
 251:stm32f10x_lib/STM32F10x_StdPeriph_Driver/src/stm32f10x_rcc.c ****   /* Reset CFGR2 register */
 252:stm32f10x_lib/STM32F10x_StdPeriph_Driver/src/stm32f10x_rcc.c ****   RCC->CFGR2 = 0x00000000;      
  84              		.loc 1 252 3 is_stmt 1 view .LVU18
  85              	@ stm32f10x_lib/STM32F10x_StdPeriph_Driver/src/stm32f10x_rcc.c:252:   RCC->CFGR2 = 0x00000000;     
  86              		.loc 1 252 14 is_stmt 0 view .LVU19
  87 0034 0022     		movs	r2, #0	@ tmp119,
  88 0036 DA62     		str	r2, [r3, #44]	@ tmp119, MEM[(struct RCC_TypeDef *)1073876992B].CFGR2
  89              	@ stm32f10x_lib/STM32F10x_StdPeriph_Driver/src/stm32f10x_rcc.c:258: }
 253:stm32f10x_lib/STM32F10x_StdPeriph_Driver/src/stm32f10x_rcc.c **** #else
ARM GAS  /tmp/cc3GD86t.s 			page 7


 254:stm32f10x_lib/STM32F10x_StdPeriph_Driver/src/stm32f10x_rcc.c ****   /* Disable all interrupts and clear pending bits  */
 255:stm32f10x_lib/STM32F10x_StdPeriph_Driver/src/stm32f10x_rcc.c ****   RCC->CIR = 0x009F0000;
 256:stm32f10x_lib/STM32F10x_StdPeriph_Driver/src/stm32f10x_rcc.c **** #endif /* STM32F10X_CL */
 257:stm32f10x_lib/STM32F10x_StdPeriph_Driver/src/stm32f10x_rcc.c **** 
 258:stm32f10x_lib/STM32F10x_StdPeriph_Driver/src/stm32f10x_rcc.c **** }
  90              		.loc 1 258 1 view .LVU20
  91 0038 7047     		bx	lr	@
  92              	.L3:
  93 003a 00BF     		.align	2
  94              	.L2:
  95 003c 00100240 		.word	1073876992
  96 0040 0000FFF8 		.word	-117506048
  97              		.cfi_endproc
  98              	.LFE29:
  99              		.size	RCC_DeInit, .-RCC_DeInit
 100              		.align	1
 101              		.global	RCC_HSEConfig
 102              		.syntax unified
 103              		.thumb
 104              		.thumb_func
 105              		.type	RCC_HSEConfig, %function
 106              	RCC_HSEConfig:
 107              	.LVL0:
 108              	.LFB30:
 259:stm32f10x_lib/STM32F10x_StdPeriph_Driver/src/stm32f10x_rcc.c **** 
 260:stm32f10x_lib/STM32F10x_StdPeriph_Driver/src/stm32f10x_rcc.c **** /**
 261:stm32f10x_lib/STM32F10x_StdPeriph_Driver/src/stm32f10x_rcc.c ****   * @brief  Configures the External High Speed oscillator (HSE).
 262:stm32f10x_lib/STM32F10x_StdPeriph_Driver/src/stm32f10x_rcc.c ****   * @note   HSE can not be stopped if it is used directly or through the PLL as system clock.
 263:stm32f10x_lib/STM32F10x_StdPeriph_Driver/src/stm32f10x_rcc.c ****   * @param  RCC_HSE: specifies the new state of the HSE.
 264:stm32f10x_lib/STM32F10x_StdPeriph_Driver/src/stm32f10x_rcc.c ****   *   This parameter can be one of the following values:
 265:stm32f10x_lib/STM32F10x_StdPeriph_Driver/src/stm32f10x_rcc.c ****   *     @arg RCC_HSE_OFF: HSE oscillator OFF
 266:stm32f10x_lib/STM32F10x_StdPeriph_Driver/src/stm32f10x_rcc.c ****   *     @arg RCC_HSE_ON: HSE oscillator ON
 267:stm32f10x_lib/STM32F10x_StdPeriph_Driver/src/stm32f10x_rcc.c ****   *     @arg RCC_HSE_Bypass: HSE oscillator bypassed with external clock
 268:stm32f10x_lib/STM32F10x_StdPeriph_Driver/src/stm32f10x_rcc.c ****   * @retval None
 269:stm32f10x_lib/STM32F10x_StdPeriph_Driver/src/stm32f10x_rcc.c ****   */
 270:stm32f10x_lib/STM32F10x_StdPeriph_Driver/src/stm32f10x_rcc.c **** void RCC_HSEConfig(uint32_t RCC_HSE)
 271:stm32f10x_lib/STM32F10x_StdPeriph_Driver/src/stm32f10x_rcc.c **** {
 109              		.loc 1 271 1 is_stmt 1 view -0
 110              		.cfi_startproc
 111              		@ args = 0, pretend = 0, frame = 0
 112              		@ frame_needed = 0, uses_anonymous_args = 0
 113              		@ link register save eliminated.
 272:stm32f10x_lib/STM32F10x_StdPeriph_Driver/src/stm32f10x_rcc.c ****   /* Check the parameters */
 273:stm32f10x_lib/STM32F10x_StdPeriph_Driver/src/stm32f10x_rcc.c ****   assert_param(IS_RCC_HSE(RCC_HSE));
 114              		.loc 1 273 3 view .LVU22
 274:stm32f10x_lib/STM32F10x_StdPeriph_Driver/src/stm32f10x_rcc.c ****   /* Reset HSEON and HSEBYP bits before configuring the HSE ------------------*/
 275:stm32f10x_lib/STM32F10x_StdPeriph_Driver/src/stm32f10x_rcc.c ****   /* Reset HSEON bit */
 276:stm32f10x_lib/STM32F10x_StdPeriph_Driver/src/stm32f10x_rcc.c ****   RCC->CR &= CR_HSEON_Reset;
 115              		.loc 1 276 3 view .LVU23
 116              	@ stm32f10x_lib/STM32F10x_StdPeriph_Driver/src/stm32f10x_rcc.c:276:   RCC->CR &= CR_HSEON_Reset;
 117              		.loc 1 276 6 is_stmt 0 view .LVU24
 118 0044 0C4B     		ldr	r3, .L9	@ tmp103,
 119              	@ stm32f10x_lib/STM32F10x_StdPeriph_Driver/src/stm32f10x_rcc.c:280:   switch(RCC_HSE)
 277:stm32f10x_lib/STM32F10x_StdPeriph_Driver/src/stm32f10x_rcc.c ****   /* Reset HSEBYP bit */
 278:stm32f10x_lib/STM32F10x_StdPeriph_Driver/src/stm32f10x_rcc.c ****   RCC->CR &= CR_HSEBYP_Reset;
 279:stm32f10x_lib/STM32F10x_StdPeriph_Driver/src/stm32f10x_rcc.c ****   /* Configure HSE (RCC_HSE_OFF is already covered by the code section above) */
 280:stm32f10x_lib/STM32F10x_StdPeriph_Driver/src/stm32f10x_rcc.c ****   switch(RCC_HSE)
ARM GAS  /tmp/cc3GD86t.s 			page 8


 120              		.loc 1 280 3 view .LVU25
 121 0046 B0F5803F 		cmp	r0, #65536	@ RCC_HSE,
 122              	@ stm32f10x_lib/STM32F10x_StdPeriph_Driver/src/stm32f10x_rcc.c:276:   RCC->CR &= CR_HSEON_Reset;
 276:stm32f10x_lib/STM32F10x_StdPeriph_Driver/src/stm32f10x_rcc.c ****   /* Reset HSEBYP bit */
 123              		.loc 1 276 6 view .LVU26
 124 004a 1A68     		ldr	r2, [r3]	@ _1, MEM[(struct RCC_TypeDef *)1073876992B].CR
 125              	@ stm32f10x_lib/STM32F10x_StdPeriph_Driver/src/stm32f10x_rcc.c:276:   RCC->CR &= CR_HSEON_Reset;
 276:stm32f10x_lib/STM32F10x_StdPeriph_Driver/src/stm32f10x_rcc.c ****   /* Reset HSEBYP bit */
 126              		.loc 1 276 11 view .LVU27
 127 004c 22F48032 		bic	r2, r2, #65536	@ _2, _1,
 128 0050 1A60     		str	r2, [r3]	@ _2, MEM[(struct RCC_TypeDef *)1073876992B].CR
 278:stm32f10x_lib/STM32F10x_StdPeriph_Driver/src/stm32f10x_rcc.c ****   /* Configure HSE (RCC_HSE_OFF is already covered by the code section above) */
 129              		.loc 1 278 3 is_stmt 1 view .LVU28
 130              	@ stm32f10x_lib/STM32F10x_StdPeriph_Driver/src/stm32f10x_rcc.c:278:   RCC->CR &= CR_HSEBYP_Reset;
 278:stm32f10x_lib/STM32F10x_StdPeriph_Driver/src/stm32f10x_rcc.c ****   /* Configure HSE (RCC_HSE_OFF is already covered by the code section above) */
 131              		.loc 1 278 6 is_stmt 0 view .LVU29
 132 0052 1A68     		ldr	r2, [r3]	@ _3, MEM[(struct RCC_TypeDef *)1073876992B].CR
 133              	@ stm32f10x_lib/STM32F10x_StdPeriph_Driver/src/stm32f10x_rcc.c:278:   RCC->CR &= CR_HSEBYP_Reset;
 278:stm32f10x_lib/STM32F10x_StdPeriph_Driver/src/stm32f10x_rcc.c ****   /* Configure HSE (RCC_HSE_OFF is already covered by the code section above) */
 134              		.loc 1 278 11 view .LVU30
 135 0054 22F48022 		bic	r2, r2, #262144	@ _4, _3,
 136 0058 1A60     		str	r2, [r3]	@ _4, MEM[(struct RCC_TypeDef *)1073876992B].CR
 137              		.loc 1 280 3 is_stmt 1 view .LVU31
 138 005a 03D0     		beq	.L5		@,
 139 005c B0F5802F 		cmp	r0, #262144	@ RCC_HSE,
 140 0060 05D0     		beq	.L6		@,
 141 0062 7047     		bx	lr	@
 142              	.L5:
 281:stm32f10x_lib/STM32F10x_StdPeriph_Driver/src/stm32f10x_rcc.c ****   {
 282:stm32f10x_lib/STM32F10x_StdPeriph_Driver/src/stm32f10x_rcc.c ****     case RCC_HSE_ON:
 283:stm32f10x_lib/STM32F10x_StdPeriph_Driver/src/stm32f10x_rcc.c ****       /* Set HSEON bit */
 284:stm32f10x_lib/STM32F10x_StdPeriph_Driver/src/stm32f10x_rcc.c ****       RCC->CR |= CR_HSEON_Set;
 143              		.loc 1 284 7 view .LVU32
 144              	@ stm32f10x_lib/STM32F10x_StdPeriph_Driver/src/stm32f10x_rcc.c:284:       RCC->CR |= CR_HSEON_Set;
 145              		.loc 1 284 10 is_stmt 0 view .LVU33
 146 0064 1A68     		ldr	r2, [r3]	@ _5, MEM[(struct RCC_TypeDef *)1073876992B].CR
 147              	@ stm32f10x_lib/STM32F10x_StdPeriph_Driver/src/stm32f10x_rcc.c:284:       RCC->CR |= CR_HSEON_Set;
 148              		.loc 1 284 15 view .LVU34
 149 0066 42F48032 		orr	r2, r2, #65536	@ _6, _5,
 150              	.L8:
 151              	@ stm32f10x_lib/STM32F10x_StdPeriph_Driver/src/stm32f10x_rcc.c:289:       RCC->CR |= CR_HSEBYP_Set 
 285:stm32f10x_lib/STM32F10x_StdPeriph_Driver/src/stm32f10x_rcc.c ****       break;
 286:stm32f10x_lib/STM32F10x_StdPeriph_Driver/src/stm32f10x_rcc.c ****       
 287:stm32f10x_lib/STM32F10x_StdPeriph_Driver/src/stm32f10x_rcc.c ****     case RCC_HSE_Bypass:
 288:stm32f10x_lib/STM32F10x_StdPeriph_Driver/src/stm32f10x_rcc.c ****       /* Set HSEBYP and HSEON bits */
 289:stm32f10x_lib/STM32F10x_StdPeriph_Driver/src/stm32f10x_rcc.c ****       RCC->CR |= CR_HSEBYP_Set | CR_HSEON_Set;
 152              		.loc 1 289 15 view .LVU35
 153 006a 1A60     		str	r2, [r3]	@ _8,
 290:stm32f10x_lib/STM32F10x_StdPeriph_Driver/src/stm32f10x_rcc.c ****       break;
 154              		.loc 1 290 7 is_stmt 1 view .LVU36
 155              	@ stm32f10x_lib/STM32F10x_StdPeriph_Driver/src/stm32f10x_rcc.c:295: }
 291:stm32f10x_lib/STM32F10x_StdPeriph_Driver/src/stm32f10x_rcc.c ****       
 292:stm32f10x_lib/STM32F10x_StdPeriph_Driver/src/stm32f10x_rcc.c ****     default:
 293:stm32f10x_lib/STM32F10x_StdPeriph_Driver/src/stm32f10x_rcc.c ****       break;
 294:stm32f10x_lib/STM32F10x_StdPeriph_Driver/src/stm32f10x_rcc.c ****   }
 295:stm32f10x_lib/STM32F10x_StdPeriph_Driver/src/stm32f10x_rcc.c **** }
 156              		.loc 1 295 1 is_stmt 0 view .LVU37
ARM GAS  /tmp/cc3GD86t.s 			page 9


 157 006c 7047     		bx	lr	@
 158              	.L6:
 289:stm32f10x_lib/STM32F10x_StdPeriph_Driver/src/stm32f10x_rcc.c ****       break;
 159              		.loc 1 289 7 is_stmt 1 view .LVU38
 160              	@ stm32f10x_lib/STM32F10x_StdPeriph_Driver/src/stm32f10x_rcc.c:289:       RCC->CR |= CR_HSEBYP_Set 
 289:stm32f10x_lib/STM32F10x_StdPeriph_Driver/src/stm32f10x_rcc.c ****       break;
 161              		.loc 1 289 10 is_stmt 0 view .LVU39
 162 006e 1A68     		ldr	r2, [r3]	@ _7, MEM[(struct RCC_TypeDef *)1073876992B].CR
 163              	@ stm32f10x_lib/STM32F10x_StdPeriph_Driver/src/stm32f10x_rcc.c:289:       RCC->CR |= CR_HSEBYP_Set 
 289:stm32f10x_lib/STM32F10x_StdPeriph_Driver/src/stm32f10x_rcc.c ****       break;
 164              		.loc 1 289 15 view .LVU40
 165 0070 42F4A022 		orr	r2, r2, #327680	@ _8, _7,
 166 0074 F9E7     		b	.L8		@
 167              	.L10:
 168 0076 00BF     		.align	2
 169              	.L9:
 170 0078 00100240 		.word	1073876992
 171              		.cfi_endproc
 172              	.LFE30:
 173              		.size	RCC_HSEConfig, .-RCC_HSEConfig
 174              		.align	1
 175              		.global	RCC_AdjustHSICalibrationValue
 176              		.syntax unified
 177              		.thumb
 178              		.thumb_func
 179              		.type	RCC_AdjustHSICalibrationValue, %function
 180              	RCC_AdjustHSICalibrationValue:
 181              	.LVL1:
 182              	.LFB32:
 296:stm32f10x_lib/STM32F10x_StdPeriph_Driver/src/stm32f10x_rcc.c **** 
 297:stm32f10x_lib/STM32F10x_StdPeriph_Driver/src/stm32f10x_rcc.c **** /**
 298:stm32f10x_lib/STM32F10x_StdPeriph_Driver/src/stm32f10x_rcc.c ****   * @brief  Waits for HSE start-up.
 299:stm32f10x_lib/STM32F10x_StdPeriph_Driver/src/stm32f10x_rcc.c ****   * @param  None
 300:stm32f10x_lib/STM32F10x_StdPeriph_Driver/src/stm32f10x_rcc.c ****   * @retval An ErrorStatus enumuration value:
 301:stm32f10x_lib/STM32F10x_StdPeriph_Driver/src/stm32f10x_rcc.c ****   * - SUCCESS: HSE oscillator is stable and ready to use
 302:stm32f10x_lib/STM32F10x_StdPeriph_Driver/src/stm32f10x_rcc.c ****   * - ERROR: HSE oscillator not yet ready
 303:stm32f10x_lib/STM32F10x_StdPeriph_Driver/src/stm32f10x_rcc.c ****   */
 304:stm32f10x_lib/STM32F10x_StdPeriph_Driver/src/stm32f10x_rcc.c **** ErrorStatus RCC_WaitForHSEStartUp(void)
 305:stm32f10x_lib/STM32F10x_StdPeriph_Driver/src/stm32f10x_rcc.c **** {
 306:stm32f10x_lib/STM32F10x_StdPeriph_Driver/src/stm32f10x_rcc.c ****   __IO uint32_t StartUpCounter = 0;
 307:stm32f10x_lib/STM32F10x_StdPeriph_Driver/src/stm32f10x_rcc.c ****   ErrorStatus status = ERROR;
 308:stm32f10x_lib/STM32F10x_StdPeriph_Driver/src/stm32f10x_rcc.c ****   FlagStatus HSEStatus = RESET;
 309:stm32f10x_lib/STM32F10x_StdPeriph_Driver/src/stm32f10x_rcc.c ****   
 310:stm32f10x_lib/STM32F10x_StdPeriph_Driver/src/stm32f10x_rcc.c ****   /* Wait till HSE is ready and if Time out is reached exit */
 311:stm32f10x_lib/STM32F10x_StdPeriph_Driver/src/stm32f10x_rcc.c ****   do
 312:stm32f10x_lib/STM32F10x_StdPeriph_Driver/src/stm32f10x_rcc.c ****   {
 313:stm32f10x_lib/STM32F10x_StdPeriph_Driver/src/stm32f10x_rcc.c ****     HSEStatus = RCC_GetFlagStatus(RCC_FLAG_HSERDY);
 314:stm32f10x_lib/STM32F10x_StdPeriph_Driver/src/stm32f10x_rcc.c ****     StartUpCounter++;  
 315:stm32f10x_lib/STM32F10x_StdPeriph_Driver/src/stm32f10x_rcc.c ****   } while((StartUpCounter != HSE_STARTUP_TIMEOUT) && (HSEStatus == RESET));
 316:stm32f10x_lib/STM32F10x_StdPeriph_Driver/src/stm32f10x_rcc.c ****   
 317:stm32f10x_lib/STM32F10x_StdPeriph_Driver/src/stm32f10x_rcc.c ****   if (RCC_GetFlagStatus(RCC_FLAG_HSERDY) != RESET)
 318:stm32f10x_lib/STM32F10x_StdPeriph_Driver/src/stm32f10x_rcc.c ****   {
 319:stm32f10x_lib/STM32F10x_StdPeriph_Driver/src/stm32f10x_rcc.c ****     status = SUCCESS;
 320:stm32f10x_lib/STM32F10x_StdPeriph_Driver/src/stm32f10x_rcc.c ****   }
 321:stm32f10x_lib/STM32F10x_StdPeriph_Driver/src/stm32f10x_rcc.c ****   else
 322:stm32f10x_lib/STM32F10x_StdPeriph_Driver/src/stm32f10x_rcc.c ****   {
 323:stm32f10x_lib/STM32F10x_StdPeriph_Driver/src/stm32f10x_rcc.c ****     status = ERROR;
ARM GAS  /tmp/cc3GD86t.s 			page 10


 324:stm32f10x_lib/STM32F10x_StdPeriph_Driver/src/stm32f10x_rcc.c ****   }  
 325:stm32f10x_lib/STM32F10x_StdPeriph_Driver/src/stm32f10x_rcc.c ****   return (status);
 326:stm32f10x_lib/STM32F10x_StdPeriph_Driver/src/stm32f10x_rcc.c **** }
 327:stm32f10x_lib/STM32F10x_StdPeriph_Driver/src/stm32f10x_rcc.c **** 
 328:stm32f10x_lib/STM32F10x_StdPeriph_Driver/src/stm32f10x_rcc.c **** /**
 329:stm32f10x_lib/STM32F10x_StdPeriph_Driver/src/stm32f10x_rcc.c ****   * @brief  Adjusts the Internal High Speed oscillator (HSI) calibration value.
 330:stm32f10x_lib/STM32F10x_StdPeriph_Driver/src/stm32f10x_rcc.c ****   * @param  HSICalibrationValue: specifies the calibration trimming value.
 331:stm32f10x_lib/STM32F10x_StdPeriph_Driver/src/stm32f10x_rcc.c ****   *   This parameter must be a number between 0 and 0x1F.
 332:stm32f10x_lib/STM32F10x_StdPeriph_Driver/src/stm32f10x_rcc.c ****   * @retval None
 333:stm32f10x_lib/STM32F10x_StdPeriph_Driver/src/stm32f10x_rcc.c ****   */
 334:stm32f10x_lib/STM32F10x_StdPeriph_Driver/src/stm32f10x_rcc.c **** void RCC_AdjustHSICalibrationValue(uint8_t HSICalibrationValue)
 335:stm32f10x_lib/STM32F10x_StdPeriph_Driver/src/stm32f10x_rcc.c **** {
 183              		.loc 1 335 1 is_stmt 1 view -0
 184              		.cfi_startproc
 185              		@ args = 0, pretend = 0, frame = 0
 186              		@ frame_needed = 0, uses_anonymous_args = 0
 187              		@ link register save eliminated.
 336:stm32f10x_lib/STM32F10x_StdPeriph_Driver/src/stm32f10x_rcc.c ****   uint32_t tmpreg = 0;
 188              		.loc 1 336 3 view .LVU42
 337:stm32f10x_lib/STM32F10x_StdPeriph_Driver/src/stm32f10x_rcc.c ****   /* Check the parameters */
 338:stm32f10x_lib/STM32F10x_StdPeriph_Driver/src/stm32f10x_rcc.c ****   assert_param(IS_RCC_CALIBRATION_VALUE(HSICalibrationValue));
 189              		.loc 1 338 3 view .LVU43
 339:stm32f10x_lib/STM32F10x_StdPeriph_Driver/src/stm32f10x_rcc.c ****   tmpreg = RCC->CR;
 190              		.loc 1 339 3 view .LVU44
 191              	@ stm32f10x_lib/STM32F10x_StdPeriph_Driver/src/stm32f10x_rcc.c:339:   tmpreg = RCC->CR;
 192              		.loc 1 339 10 is_stmt 0 view .LVU45
 193 007c 034A     		ldr	r2, .L12	@ tmp100,
 194 007e 1368     		ldr	r3, [r2]	@ tmpreg, MEM[(struct RCC_TypeDef *)1073876992B].CR
 195              	.LVL2:
 340:stm32f10x_lib/STM32F10x_StdPeriph_Driver/src/stm32f10x_rcc.c ****   /* Clear HSITRIM[4:0] bits */
 341:stm32f10x_lib/STM32F10x_StdPeriph_Driver/src/stm32f10x_rcc.c ****   tmpreg &= CR_HSITRIM_Mask;
 196              		.loc 1 341 3 is_stmt 1 view .LVU46
 197              	@ stm32f10x_lib/STM32F10x_StdPeriph_Driver/src/stm32f10x_rcc.c:341:   tmpreg &= CR_HSITRIM_Mask;
 198              		.loc 1 341 10 is_stmt 0 view .LVU47
 199 0080 23F0F803 		bic	r3, r3, #248	@ tmpreg, tmpreg,
 200              	.LVL3:
 342:stm32f10x_lib/STM32F10x_StdPeriph_Driver/src/stm32f10x_rcc.c ****   /* Set the HSITRIM[4:0] bits according to HSICalibrationValue value */
 343:stm32f10x_lib/STM32F10x_StdPeriph_Driver/src/stm32f10x_rcc.c ****   tmpreg |= (uint32_t)HSICalibrationValue << 3;
 201              		.loc 1 343 3 is_stmt 1 view .LVU48
 202              	@ stm32f10x_lib/STM32F10x_StdPeriph_Driver/src/stm32f10x_rcc.c:343:   tmpreg |= (uint32_t)HSICalibr
 203              		.loc 1 343 10 is_stmt 0 view .LVU49
 204 0084 43EAC003 		orr	r3, r3, r0, lsl #3	@ tmpreg, tmpreg, HSICalibrationValue,
 205              	.LVL4:
 344:stm32f10x_lib/STM32F10x_StdPeriph_Driver/src/stm32f10x_rcc.c ****   /* Store the new value */
 345:stm32f10x_lib/STM32F10x_StdPeriph_Driver/src/stm32f10x_rcc.c ****   RCC->CR = tmpreg;
 206              		.loc 1 345 3 is_stmt 1 view .LVU50
 207              	@ stm32f10x_lib/STM32F10x_StdPeriph_Driver/src/stm32f10x_rcc.c:345:   RCC->CR = tmpreg;
 208              		.loc 1 345 11 is_stmt 0 view .LVU51
 209 0088 1360     		str	r3, [r2]	@ tmpreg, MEM[(struct RCC_TypeDef *)1073876992B].CR
 210              	@ stm32f10x_lib/STM32F10x_StdPeriph_Driver/src/stm32f10x_rcc.c:346: }
 346:stm32f10x_lib/STM32F10x_StdPeriph_Driver/src/stm32f10x_rcc.c **** }
 211              		.loc 1 346 1 view .LVU52
 212 008a 7047     		bx	lr	@
 213              	.L13:
 214              		.align	2
 215              	.L12:
 216 008c 00100240 		.word	1073876992
ARM GAS  /tmp/cc3GD86t.s 			page 11


 217              		.cfi_endproc
 218              	.LFE32:
 219              		.size	RCC_AdjustHSICalibrationValue, .-RCC_AdjustHSICalibrationValue
 220              		.align	1
 221              		.global	RCC_HSICmd
 222              		.syntax unified
 223              		.thumb
 224              		.thumb_func
 225              		.type	RCC_HSICmd, %function
 226              	RCC_HSICmd:
 227              	.LVL5:
 228              	.LFB33:
 347:stm32f10x_lib/STM32F10x_StdPeriph_Driver/src/stm32f10x_rcc.c **** 
 348:stm32f10x_lib/STM32F10x_StdPeriph_Driver/src/stm32f10x_rcc.c **** /**
 349:stm32f10x_lib/STM32F10x_StdPeriph_Driver/src/stm32f10x_rcc.c ****   * @brief  Enables or disables the Internal High Speed oscillator (HSI).
 350:stm32f10x_lib/STM32F10x_StdPeriph_Driver/src/stm32f10x_rcc.c ****   * @note   HSI can not be stopped if it is used directly or through the PLL as system clock.
 351:stm32f10x_lib/STM32F10x_StdPeriph_Driver/src/stm32f10x_rcc.c ****   * @param  NewState: new state of the HSI. This parameter can be: ENABLE or DISABLE.
 352:stm32f10x_lib/STM32F10x_StdPeriph_Driver/src/stm32f10x_rcc.c ****   * @retval None
 353:stm32f10x_lib/STM32F10x_StdPeriph_Driver/src/stm32f10x_rcc.c ****   */
 354:stm32f10x_lib/STM32F10x_StdPeriph_Driver/src/stm32f10x_rcc.c **** void RCC_HSICmd(FunctionalState NewState)
 355:stm32f10x_lib/STM32F10x_StdPeriph_Driver/src/stm32f10x_rcc.c **** {
 229              		.loc 1 355 1 is_stmt 1 view -0
 230              		.cfi_startproc
 231              		@ args = 0, pretend = 0, frame = 0
 232              		@ frame_needed = 0, uses_anonymous_args = 0
 233              		@ link register save eliminated.
 356:stm32f10x_lib/STM32F10x_StdPeriph_Driver/src/stm32f10x_rcc.c ****   /* Check the parameters */
 357:stm32f10x_lib/STM32F10x_StdPeriph_Driver/src/stm32f10x_rcc.c ****   assert_param(IS_FUNCTIONAL_STATE(NewState));
 234              		.loc 1 357 3 view .LVU54
 358:stm32f10x_lib/STM32F10x_StdPeriph_Driver/src/stm32f10x_rcc.c ****   *(__IO uint32_t *) CR_HSION_BB = (uint32_t)NewState;
 235              		.loc 1 358 3 view .LVU55
 236              	@ stm32f10x_lib/STM32F10x_StdPeriph_Driver/src/stm32f10x_rcc.c:358:   *(__IO uint32_t *) CR_HSION_B
 237              		.loc 1 358 34 is_stmt 0 view .LVU56
 238 0090 014B     		ldr	r3, .L15	@ tmp96,
 239 0092 1860     		str	r0, [r3]	@ NewState, MEM[(volatile uint32_t *)1111621632B]
 240              	@ stm32f10x_lib/STM32F10x_StdPeriph_Driver/src/stm32f10x_rcc.c:359: }
 359:stm32f10x_lib/STM32F10x_StdPeriph_Driver/src/stm32f10x_rcc.c **** }
 241              		.loc 1 359 1 view .LVU57
 242 0094 7047     		bx	lr	@
 243              	.L16:
 244 0096 00BF     		.align	2
 245              	.L15:
 246 0098 00004242 		.word	1111621632
 247              		.cfi_endproc
 248              	.LFE33:
 249              		.size	RCC_HSICmd, .-RCC_HSICmd
 250              		.align	1
 251              		.global	RCC_PLLConfig
 252              		.syntax unified
 253              		.thumb
 254              		.thumb_func
 255              		.type	RCC_PLLConfig, %function
 256              	RCC_PLLConfig:
 257              	.LVL6:
 258              	.LFB34:
 360:stm32f10x_lib/STM32F10x_StdPeriph_Driver/src/stm32f10x_rcc.c **** 
 361:stm32f10x_lib/STM32F10x_StdPeriph_Driver/src/stm32f10x_rcc.c **** /**
ARM GAS  /tmp/cc3GD86t.s 			page 12


 362:stm32f10x_lib/STM32F10x_StdPeriph_Driver/src/stm32f10x_rcc.c ****   * @brief  Configures the PLL clock source and multiplication factor.
 363:stm32f10x_lib/STM32F10x_StdPeriph_Driver/src/stm32f10x_rcc.c ****   * @note   This function must be used only when the PLL is disabled.
 364:stm32f10x_lib/STM32F10x_StdPeriph_Driver/src/stm32f10x_rcc.c ****   * @param  RCC_PLLSource: specifies the PLL entry clock source.
 365:stm32f10x_lib/STM32F10x_StdPeriph_Driver/src/stm32f10x_rcc.c ****   *   For @b STM32_Connectivity_line_devices or @b STM32_Value_line_devices, 
 366:stm32f10x_lib/STM32F10x_StdPeriph_Driver/src/stm32f10x_rcc.c ****   *   this parameter can be one of the following values:
 367:stm32f10x_lib/STM32F10x_StdPeriph_Driver/src/stm32f10x_rcc.c ****   *     @arg RCC_PLLSource_HSI_Div2: HSI oscillator clock divided by 2 selected as PLL clock entry
 368:stm32f10x_lib/STM32F10x_StdPeriph_Driver/src/stm32f10x_rcc.c ****   *     @arg RCC_PLLSource_PREDIV1: PREDIV1 clock selected as PLL clock entry
 369:stm32f10x_lib/STM32F10x_StdPeriph_Driver/src/stm32f10x_rcc.c ****   *   For @b other_STM32_devices, this parameter can be one of the following values:
 370:stm32f10x_lib/STM32F10x_StdPeriph_Driver/src/stm32f10x_rcc.c ****   *     @arg RCC_PLLSource_HSI_Div2: HSI oscillator clock divided by 2 selected as PLL clock entry
 371:stm32f10x_lib/STM32F10x_StdPeriph_Driver/src/stm32f10x_rcc.c ****   *     @arg RCC_PLLSource_HSE_Div1: HSE oscillator clock selected as PLL clock entry
 372:stm32f10x_lib/STM32F10x_StdPeriph_Driver/src/stm32f10x_rcc.c ****   *     @arg RCC_PLLSource_HSE_Div2: HSE oscillator clock divided by 2 selected as PLL clock entry 
 373:stm32f10x_lib/STM32F10x_StdPeriph_Driver/src/stm32f10x_rcc.c ****   * @param  RCC_PLLMul: specifies the PLL multiplication factor.
 374:stm32f10x_lib/STM32F10x_StdPeriph_Driver/src/stm32f10x_rcc.c ****   *   For @b STM32_Connectivity_line_devices, this parameter can be RCC_PLLMul_x where x:{[4,9], 6_
 375:stm32f10x_lib/STM32F10x_StdPeriph_Driver/src/stm32f10x_rcc.c ****   *   For @b other_STM32_devices, this parameter can be RCC_PLLMul_x where x:[2,16]  
 376:stm32f10x_lib/STM32F10x_StdPeriph_Driver/src/stm32f10x_rcc.c ****   * @retval None
 377:stm32f10x_lib/STM32F10x_StdPeriph_Driver/src/stm32f10x_rcc.c ****   */
 378:stm32f10x_lib/STM32F10x_StdPeriph_Driver/src/stm32f10x_rcc.c **** void RCC_PLLConfig(uint32_t RCC_PLLSource, uint32_t RCC_PLLMul)
 379:stm32f10x_lib/STM32F10x_StdPeriph_Driver/src/stm32f10x_rcc.c **** {
 259              		.loc 1 379 1 is_stmt 1 view -0
 260              		.cfi_startproc
 261              		@ args = 0, pretend = 0, frame = 0
 262              		@ frame_needed = 0, uses_anonymous_args = 0
 263              		@ link register save eliminated.
 380:stm32f10x_lib/STM32F10x_StdPeriph_Driver/src/stm32f10x_rcc.c ****   uint32_t tmpreg = 0;
 264              		.loc 1 380 3 view .LVU59
 381:stm32f10x_lib/STM32F10x_StdPeriph_Driver/src/stm32f10x_rcc.c **** 
 382:stm32f10x_lib/STM32F10x_StdPeriph_Driver/src/stm32f10x_rcc.c ****   /* Check the parameters */
 383:stm32f10x_lib/STM32F10x_StdPeriph_Driver/src/stm32f10x_rcc.c ****   assert_param(IS_RCC_PLL_SOURCE(RCC_PLLSource));
 265              		.loc 1 383 3 view .LVU60
 384:stm32f10x_lib/STM32F10x_StdPeriph_Driver/src/stm32f10x_rcc.c ****   assert_param(IS_RCC_PLL_MUL(RCC_PLLMul));
 266              		.loc 1 384 3 view .LVU61
 385:stm32f10x_lib/STM32F10x_StdPeriph_Driver/src/stm32f10x_rcc.c **** 
 386:stm32f10x_lib/STM32F10x_StdPeriph_Driver/src/stm32f10x_rcc.c ****   tmpreg = RCC->CFGR;
 267              		.loc 1 386 3 view .LVU62
 268              	@ stm32f10x_lib/STM32F10x_StdPeriph_Driver/src/stm32f10x_rcc.c:386:   tmpreg = RCC->CFGR;
 269              		.loc 1 386 10 is_stmt 0 view .LVU63
 270 009c 034A     		ldr	r2, .L18	@ tmp100,
 271 009e 5368     		ldr	r3, [r2, #4]	@ tmpreg, MEM[(struct RCC_TypeDef *)1073876992B].CFGR
 272              	.LVL7:
 387:stm32f10x_lib/STM32F10x_StdPeriph_Driver/src/stm32f10x_rcc.c ****   /* Clear PLLSRC, PLLXTPRE and PLLMUL[3:0] bits */
 388:stm32f10x_lib/STM32F10x_StdPeriph_Driver/src/stm32f10x_rcc.c ****   tmpreg &= CFGR_PLL_Mask;
 273              		.loc 1 388 3 is_stmt 1 view .LVU64
 389:stm32f10x_lib/STM32F10x_StdPeriph_Driver/src/stm32f10x_rcc.c ****   /* Set the PLL configuration bits */
 390:stm32f10x_lib/STM32F10x_StdPeriph_Driver/src/stm32f10x_rcc.c ****   tmpreg |= RCC_PLLSource | RCC_PLLMul;
 274              		.loc 1 390 3 view .LVU65
 275              	@ stm32f10x_lib/STM32F10x_StdPeriph_Driver/src/stm32f10x_rcc.c:388:   tmpreg &= CFGR_PLL_Mask;
 388:stm32f10x_lib/STM32F10x_StdPeriph_Driver/src/stm32f10x_rcc.c ****   /* Set the PLL configuration bits */
 276              		.loc 1 388 10 is_stmt 0 view .LVU66
 277 00a0 23F47413 		bic	r3, r3, #3997696	@ tmpreg_4, tmpreg,
 278              	.LVL8:
 388:stm32f10x_lib/STM32F10x_StdPeriph_Driver/src/stm32f10x_rcc.c ****   /* Set the PLL configuration bits */
 279              		.loc 1 388 10 view .LVU67
 280 00a4 0B43     		orrs	r3, r3, r1	@, _9, tmpreg_4, RCC_PLLMul
 281              	.LVL9:
 282              	@ stm32f10x_lib/STM32F10x_StdPeriph_Driver/src/stm32f10x_rcc.c:390:   tmpreg |= RCC_PLLSource | RCC
 283              		.loc 1 390 10 view .LVU68
 284 00a6 1843     		orrs	r0, r0, r3	@, tmpreg, RCC_PLLSource, _9
ARM GAS  /tmp/cc3GD86t.s 			page 13


 285              	.LVL10:
 391:stm32f10x_lib/STM32F10x_StdPeriph_Driver/src/stm32f10x_rcc.c ****   /* Store the new value */
 392:stm32f10x_lib/STM32F10x_StdPeriph_Driver/src/stm32f10x_rcc.c ****   RCC->CFGR = tmpreg;
 286              		.loc 1 392 3 is_stmt 1 view .LVU69
 287              	@ stm32f10x_lib/STM32F10x_StdPeriph_Driver/src/stm32f10x_rcc.c:392:   RCC->CFGR = tmpreg;
 288              		.loc 1 392 13 is_stmt 0 view .LVU70
 289 00a8 5060     		str	r0, [r2, #4]	@ tmpreg, MEM[(struct RCC_TypeDef *)1073876992B].CFGR
 290              	@ stm32f10x_lib/STM32F10x_StdPeriph_Driver/src/stm32f10x_rcc.c:393: }
 393:stm32f10x_lib/STM32F10x_StdPeriph_Driver/src/stm32f10x_rcc.c **** }
 291              		.loc 1 393 1 view .LVU71
 292 00aa 7047     		bx	lr	@
 293              	.L19:
 294              		.align	2
 295              	.L18:
 296 00ac 00100240 		.word	1073876992
 297              		.cfi_endproc
 298              	.LFE34:
 299              		.size	RCC_PLLConfig, .-RCC_PLLConfig
 300              		.align	1
 301              		.global	RCC_PLLCmd
 302              		.syntax unified
 303              		.thumb
 304              		.thumb_func
 305              		.type	RCC_PLLCmd, %function
 306              	RCC_PLLCmd:
 307              	.LVL11:
 308              	.LFB35:
 394:stm32f10x_lib/STM32F10x_StdPeriph_Driver/src/stm32f10x_rcc.c **** 
 395:stm32f10x_lib/STM32F10x_StdPeriph_Driver/src/stm32f10x_rcc.c **** /**
 396:stm32f10x_lib/STM32F10x_StdPeriph_Driver/src/stm32f10x_rcc.c ****   * @brief  Enables or disables the PLL.
 397:stm32f10x_lib/STM32F10x_StdPeriph_Driver/src/stm32f10x_rcc.c ****   * @note   The PLL can not be disabled if it is used as system clock.
 398:stm32f10x_lib/STM32F10x_StdPeriph_Driver/src/stm32f10x_rcc.c ****   * @param  NewState: new state of the PLL. This parameter can be: ENABLE or DISABLE.
 399:stm32f10x_lib/STM32F10x_StdPeriph_Driver/src/stm32f10x_rcc.c ****   * @retval None
 400:stm32f10x_lib/STM32F10x_StdPeriph_Driver/src/stm32f10x_rcc.c ****   */
 401:stm32f10x_lib/STM32F10x_StdPeriph_Driver/src/stm32f10x_rcc.c **** void RCC_PLLCmd(FunctionalState NewState)
 402:stm32f10x_lib/STM32F10x_StdPeriph_Driver/src/stm32f10x_rcc.c **** {
 309              		.loc 1 402 1 is_stmt 1 view -0
 310              		.cfi_startproc
 311              		@ args = 0, pretend = 0, frame = 0
 312              		@ frame_needed = 0, uses_anonymous_args = 0
 313              		@ link register save eliminated.
 403:stm32f10x_lib/STM32F10x_StdPeriph_Driver/src/stm32f10x_rcc.c ****   /* Check the parameters */
 404:stm32f10x_lib/STM32F10x_StdPeriph_Driver/src/stm32f10x_rcc.c ****   assert_param(IS_FUNCTIONAL_STATE(NewState));
 314              		.loc 1 404 3 view .LVU73
 405:stm32f10x_lib/STM32F10x_StdPeriph_Driver/src/stm32f10x_rcc.c **** 
 406:stm32f10x_lib/STM32F10x_StdPeriph_Driver/src/stm32f10x_rcc.c ****   *(__IO uint32_t *) CR_PLLON_BB = (uint32_t)NewState;
 315              		.loc 1 406 3 view .LVU74
 316              	@ stm32f10x_lib/STM32F10x_StdPeriph_Driver/src/stm32f10x_rcc.c:406:   *(__IO uint32_t *) CR_PLLON_B
 317              		.loc 1 406 34 is_stmt 0 view .LVU75
 318 00b0 014B     		ldr	r3, .L21	@ tmp96,
 319 00b2 1866     		str	r0, [r3, #96]	@ NewState, MEM[(volatile uint32_t *)1111621728B]
 320              	@ stm32f10x_lib/STM32F10x_StdPeriph_Driver/src/stm32f10x_rcc.c:407: }
 407:stm32f10x_lib/STM32F10x_StdPeriph_Driver/src/stm32f10x_rcc.c **** }
 321              		.loc 1 407 1 view .LVU76
 322 00b4 7047     		bx	lr	@
 323              	.L22:
 324 00b6 00BF     		.align	2
ARM GAS  /tmp/cc3GD86t.s 			page 14


 325              	.L21:
 326 00b8 00004242 		.word	1111621632
 327              		.cfi_endproc
 328              	.LFE35:
 329              		.size	RCC_PLLCmd, .-RCC_PLLCmd
 330              		.align	1
 331              		.global	RCC_PREDIV1Config
 332              		.syntax unified
 333              		.thumb
 334              		.thumb_func
 335              		.type	RCC_PREDIV1Config, %function
 336              	RCC_PREDIV1Config:
 337              	.LVL12:
 338              	.LFB36:
 408:stm32f10x_lib/STM32F10x_StdPeriph_Driver/src/stm32f10x_rcc.c **** 
 409:stm32f10x_lib/STM32F10x_StdPeriph_Driver/src/stm32f10x_rcc.c **** #if defined (STM32F10X_LD_VL) || defined (STM32F10X_MD_VL) || defined (STM32F10X_HD_VL) || defined 
 410:stm32f10x_lib/STM32F10x_StdPeriph_Driver/src/stm32f10x_rcc.c **** /**
 411:stm32f10x_lib/STM32F10x_StdPeriph_Driver/src/stm32f10x_rcc.c ****   * @brief  Configures the PREDIV1 division factor.
 412:stm32f10x_lib/STM32F10x_StdPeriph_Driver/src/stm32f10x_rcc.c ****   * @note 
 413:stm32f10x_lib/STM32F10x_StdPeriph_Driver/src/stm32f10x_rcc.c ****   *   - This function must be used only when the PLL is disabled.
 414:stm32f10x_lib/STM32F10x_StdPeriph_Driver/src/stm32f10x_rcc.c ****   *   - This function applies only to STM32 Connectivity line and Value line 
 415:stm32f10x_lib/STM32F10x_StdPeriph_Driver/src/stm32f10x_rcc.c ****   *     devices.
 416:stm32f10x_lib/STM32F10x_StdPeriph_Driver/src/stm32f10x_rcc.c ****   * @param  RCC_PREDIV1_Source: specifies the PREDIV1 clock source.
 417:stm32f10x_lib/STM32F10x_StdPeriph_Driver/src/stm32f10x_rcc.c ****   *   This parameter can be one of the following values:
 418:stm32f10x_lib/STM32F10x_StdPeriph_Driver/src/stm32f10x_rcc.c ****   *     @arg RCC_PREDIV1_Source_HSE: HSE selected as PREDIV1 clock
 419:stm32f10x_lib/STM32F10x_StdPeriph_Driver/src/stm32f10x_rcc.c ****   *     @arg RCC_PREDIV1_Source_PLL2: PLL2 selected as PREDIV1 clock
 420:stm32f10x_lib/STM32F10x_StdPeriph_Driver/src/stm32f10x_rcc.c ****   * @note 
 421:stm32f10x_lib/STM32F10x_StdPeriph_Driver/src/stm32f10x_rcc.c ****   *   For @b STM32_Value_line_devices this parameter is always RCC_PREDIV1_Source_HSE  
 422:stm32f10x_lib/STM32F10x_StdPeriph_Driver/src/stm32f10x_rcc.c ****   * @param  RCC_PREDIV1_Div: specifies the PREDIV1 clock division factor.
 423:stm32f10x_lib/STM32F10x_StdPeriph_Driver/src/stm32f10x_rcc.c ****   *   This parameter can be RCC_PREDIV1_Divx where x:[1,16]
 424:stm32f10x_lib/STM32F10x_StdPeriph_Driver/src/stm32f10x_rcc.c ****   * @retval None
 425:stm32f10x_lib/STM32F10x_StdPeriph_Driver/src/stm32f10x_rcc.c ****   */
 426:stm32f10x_lib/STM32F10x_StdPeriph_Driver/src/stm32f10x_rcc.c **** void RCC_PREDIV1Config(uint32_t RCC_PREDIV1_Source, uint32_t RCC_PREDIV1_Div)
 427:stm32f10x_lib/STM32F10x_StdPeriph_Driver/src/stm32f10x_rcc.c **** {
 339              		.loc 1 427 1 is_stmt 1 view -0
 340              		.cfi_startproc
 341              		@ args = 0, pretend = 0, frame = 0
 342              		@ frame_needed = 0, uses_anonymous_args = 0
 343              		@ link register save eliminated.
 428:stm32f10x_lib/STM32F10x_StdPeriph_Driver/src/stm32f10x_rcc.c ****   uint32_t tmpreg = 0;
 344              		.loc 1 428 3 view .LVU78
 429:stm32f10x_lib/STM32F10x_StdPeriph_Driver/src/stm32f10x_rcc.c ****   
 430:stm32f10x_lib/STM32F10x_StdPeriph_Driver/src/stm32f10x_rcc.c ****   /* Check the parameters */
 431:stm32f10x_lib/STM32F10x_StdPeriph_Driver/src/stm32f10x_rcc.c ****   assert_param(IS_RCC_PREDIV1_SOURCE(RCC_PREDIV1_Source));
 345              		.loc 1 431 3 view .LVU79
 432:stm32f10x_lib/STM32F10x_StdPeriph_Driver/src/stm32f10x_rcc.c ****   assert_param(IS_RCC_PREDIV1(RCC_PREDIV1_Div));
 346              		.loc 1 432 3 view .LVU80
 433:stm32f10x_lib/STM32F10x_StdPeriph_Driver/src/stm32f10x_rcc.c **** 
 434:stm32f10x_lib/STM32F10x_StdPeriph_Driver/src/stm32f10x_rcc.c ****   tmpreg = RCC->CFGR2;
 347              		.loc 1 434 3 view .LVU81
 348              	@ stm32f10x_lib/STM32F10x_StdPeriph_Driver/src/stm32f10x_rcc.c:434:   tmpreg = RCC->CFGR2;
 349              		.loc 1 434 10 is_stmt 0 view .LVU82
 350 00bc 044A     		ldr	r2, .L24	@ tmp100,
 351 00be D36A     		ldr	r3, [r2, #44]	@ tmpreg, MEM[(struct RCC_TypeDef *)1073876992B].CFGR2
 352              	.LVL13:
 435:stm32f10x_lib/STM32F10x_StdPeriph_Driver/src/stm32f10x_rcc.c ****   /* Clear PREDIV1[3:0] and PREDIV1SRC bits */
 436:stm32f10x_lib/STM32F10x_StdPeriph_Driver/src/stm32f10x_rcc.c ****   tmpreg &= ~(CFGR2_PREDIV1 | CFGR2_PREDIV1SRC);
ARM GAS  /tmp/cc3GD86t.s 			page 15


 353              		.loc 1 436 3 is_stmt 1 view .LVU83
 437:stm32f10x_lib/STM32F10x_StdPeriph_Driver/src/stm32f10x_rcc.c ****   /* Set the PREDIV1 clock source and division factor */
 438:stm32f10x_lib/STM32F10x_StdPeriph_Driver/src/stm32f10x_rcc.c ****   tmpreg |= RCC_PREDIV1_Source | RCC_PREDIV1_Div ;
 354              		.loc 1 438 3 view .LVU84
 355              	@ stm32f10x_lib/STM32F10x_StdPeriph_Driver/src/stm32f10x_rcc.c:436:   tmpreg &= ~(CFGR2_PREDIV1 | C
 436:stm32f10x_lib/STM32F10x_StdPeriph_Driver/src/stm32f10x_rcc.c ****   /* Set the PREDIV1 clock source and division factor */
 356              		.loc 1 436 10 is_stmt 0 view .LVU85
 357 00c0 23F48033 		bic	r3, r3, #65536	@ tmpreg_4, tmpreg,
 358              	.LVL14:
 436:stm32f10x_lib/STM32F10x_StdPeriph_Driver/src/stm32f10x_rcc.c ****   /* Set the PREDIV1 clock source and division factor */
 359              		.loc 1 436 10 view .LVU86
 360 00c4 23F00F03 		bic	r3, r3, #15	@ tmpreg_4, tmpreg_4,
 361 00c8 0B43     		orrs	r3, r3, r1	@, _9, tmpreg_4, RCC_PREDIV1_Div
 362              	@ stm32f10x_lib/STM32F10x_StdPeriph_Driver/src/stm32f10x_rcc.c:438:   tmpreg |= RCC_PREDIV1_Source 
 363              		.loc 1 438 10 view .LVU87
 364 00ca 1843     		orrs	r0, r0, r3	@, tmpreg, RCC_PREDIV1_Source, _9
 365              	.LVL15:
 439:stm32f10x_lib/STM32F10x_StdPeriph_Driver/src/stm32f10x_rcc.c ****   /* Store the new value */
 440:stm32f10x_lib/STM32F10x_StdPeriph_Driver/src/stm32f10x_rcc.c ****   RCC->CFGR2 = tmpreg;
 366              		.loc 1 440 3 is_stmt 1 view .LVU88
 367              	@ stm32f10x_lib/STM32F10x_StdPeriph_Driver/src/stm32f10x_rcc.c:440:   RCC->CFGR2 = tmpreg;
 368              		.loc 1 440 14 is_stmt 0 view .LVU89
 369 00cc D062     		str	r0, [r2, #44]	@ tmpreg, MEM[(struct RCC_TypeDef *)1073876992B].CFGR2
 370              	@ stm32f10x_lib/STM32F10x_StdPeriph_Driver/src/stm32f10x_rcc.c:441: }
 441:stm32f10x_lib/STM32F10x_StdPeriph_Driver/src/stm32f10x_rcc.c **** }
 371              		.loc 1 441 1 view .LVU90
 372 00ce 7047     		bx	lr	@
 373              	.L25:
 374              		.align	2
 375              	.L24:
 376 00d0 00100240 		.word	1073876992
 377              		.cfi_endproc
 378              	.LFE36:
 379              		.size	RCC_PREDIV1Config, .-RCC_PREDIV1Config
 380              		.align	1
 381              		.global	RCC_SYSCLKConfig
 382              		.syntax unified
 383              		.thumb
 384              		.thumb_func
 385              		.type	RCC_SYSCLKConfig, %function
 386              	RCC_SYSCLKConfig:
 387              	.LVL16:
 388              	.LFB37:
 442:stm32f10x_lib/STM32F10x_StdPeriph_Driver/src/stm32f10x_rcc.c **** #endif
 443:stm32f10x_lib/STM32F10x_StdPeriph_Driver/src/stm32f10x_rcc.c **** 
 444:stm32f10x_lib/STM32F10x_StdPeriph_Driver/src/stm32f10x_rcc.c **** #ifdef STM32F10X_CL
 445:stm32f10x_lib/STM32F10x_StdPeriph_Driver/src/stm32f10x_rcc.c **** /**
 446:stm32f10x_lib/STM32F10x_StdPeriph_Driver/src/stm32f10x_rcc.c ****   * @brief  Configures the PREDIV2 division factor.
 447:stm32f10x_lib/STM32F10x_StdPeriph_Driver/src/stm32f10x_rcc.c ****   * @note 
 448:stm32f10x_lib/STM32F10x_StdPeriph_Driver/src/stm32f10x_rcc.c ****   *   - This function must be used only when both PLL2 and PLL3 are disabled.
 449:stm32f10x_lib/STM32F10x_StdPeriph_Driver/src/stm32f10x_rcc.c ****   *   - This function applies only to STM32 Connectivity line devices.
 450:stm32f10x_lib/STM32F10x_StdPeriph_Driver/src/stm32f10x_rcc.c ****   * @param  RCC_PREDIV2_Div: specifies the PREDIV2 clock division factor.
 451:stm32f10x_lib/STM32F10x_StdPeriph_Driver/src/stm32f10x_rcc.c ****   *   This parameter can be RCC_PREDIV2_Divx where x:[1,16]
 452:stm32f10x_lib/STM32F10x_StdPeriph_Driver/src/stm32f10x_rcc.c ****   * @retval None
 453:stm32f10x_lib/STM32F10x_StdPeriph_Driver/src/stm32f10x_rcc.c ****   */
 454:stm32f10x_lib/STM32F10x_StdPeriph_Driver/src/stm32f10x_rcc.c **** void RCC_PREDIV2Config(uint32_t RCC_PREDIV2_Div)
 455:stm32f10x_lib/STM32F10x_StdPeriph_Driver/src/stm32f10x_rcc.c **** {
ARM GAS  /tmp/cc3GD86t.s 			page 16


 456:stm32f10x_lib/STM32F10x_StdPeriph_Driver/src/stm32f10x_rcc.c ****   uint32_t tmpreg = 0;
 457:stm32f10x_lib/STM32F10x_StdPeriph_Driver/src/stm32f10x_rcc.c **** 
 458:stm32f10x_lib/STM32F10x_StdPeriph_Driver/src/stm32f10x_rcc.c ****   /* Check the parameters */
 459:stm32f10x_lib/STM32F10x_StdPeriph_Driver/src/stm32f10x_rcc.c ****   assert_param(IS_RCC_PREDIV2(RCC_PREDIV2_Div));
 460:stm32f10x_lib/STM32F10x_StdPeriph_Driver/src/stm32f10x_rcc.c **** 
 461:stm32f10x_lib/STM32F10x_StdPeriph_Driver/src/stm32f10x_rcc.c ****   tmpreg = RCC->CFGR2;
 462:stm32f10x_lib/STM32F10x_StdPeriph_Driver/src/stm32f10x_rcc.c ****   /* Clear PREDIV2[3:0] bits */
 463:stm32f10x_lib/STM32F10x_StdPeriph_Driver/src/stm32f10x_rcc.c ****   tmpreg &= ~CFGR2_PREDIV2;
 464:stm32f10x_lib/STM32F10x_StdPeriph_Driver/src/stm32f10x_rcc.c ****   /* Set the PREDIV2 division factor */
 465:stm32f10x_lib/STM32F10x_StdPeriph_Driver/src/stm32f10x_rcc.c ****   tmpreg |= RCC_PREDIV2_Div;
 466:stm32f10x_lib/STM32F10x_StdPeriph_Driver/src/stm32f10x_rcc.c ****   /* Store the new value */
 467:stm32f10x_lib/STM32F10x_StdPeriph_Driver/src/stm32f10x_rcc.c ****   RCC->CFGR2 = tmpreg;
 468:stm32f10x_lib/STM32F10x_StdPeriph_Driver/src/stm32f10x_rcc.c **** }
 469:stm32f10x_lib/STM32F10x_StdPeriph_Driver/src/stm32f10x_rcc.c **** 
 470:stm32f10x_lib/STM32F10x_StdPeriph_Driver/src/stm32f10x_rcc.c **** /**
 471:stm32f10x_lib/STM32F10x_StdPeriph_Driver/src/stm32f10x_rcc.c ****   * @brief  Configures the PLL2 multiplication factor.
 472:stm32f10x_lib/STM32F10x_StdPeriph_Driver/src/stm32f10x_rcc.c ****   * @note
 473:stm32f10x_lib/STM32F10x_StdPeriph_Driver/src/stm32f10x_rcc.c ****   *   - This function must be used only when the PLL2 is disabled.
 474:stm32f10x_lib/STM32F10x_StdPeriph_Driver/src/stm32f10x_rcc.c ****   *   - This function applies only to STM32 Connectivity line devices.
 475:stm32f10x_lib/STM32F10x_StdPeriph_Driver/src/stm32f10x_rcc.c ****   * @param  RCC_PLL2Mul: specifies the PLL2 multiplication factor.
 476:stm32f10x_lib/STM32F10x_StdPeriph_Driver/src/stm32f10x_rcc.c ****   *   This parameter can be RCC_PLL2Mul_x where x:{[8,14], 16, 20}
 477:stm32f10x_lib/STM32F10x_StdPeriph_Driver/src/stm32f10x_rcc.c ****   * @retval None
 478:stm32f10x_lib/STM32F10x_StdPeriph_Driver/src/stm32f10x_rcc.c ****   */
 479:stm32f10x_lib/STM32F10x_StdPeriph_Driver/src/stm32f10x_rcc.c **** void RCC_PLL2Config(uint32_t RCC_PLL2Mul)
 480:stm32f10x_lib/STM32F10x_StdPeriph_Driver/src/stm32f10x_rcc.c **** {
 481:stm32f10x_lib/STM32F10x_StdPeriph_Driver/src/stm32f10x_rcc.c ****   uint32_t tmpreg = 0;
 482:stm32f10x_lib/STM32F10x_StdPeriph_Driver/src/stm32f10x_rcc.c **** 
 483:stm32f10x_lib/STM32F10x_StdPeriph_Driver/src/stm32f10x_rcc.c ****   /* Check the parameters */
 484:stm32f10x_lib/STM32F10x_StdPeriph_Driver/src/stm32f10x_rcc.c ****   assert_param(IS_RCC_PLL2_MUL(RCC_PLL2Mul));
 485:stm32f10x_lib/STM32F10x_StdPeriph_Driver/src/stm32f10x_rcc.c **** 
 486:stm32f10x_lib/STM32F10x_StdPeriph_Driver/src/stm32f10x_rcc.c ****   tmpreg = RCC->CFGR2;
 487:stm32f10x_lib/STM32F10x_StdPeriph_Driver/src/stm32f10x_rcc.c ****   /* Clear PLL2Mul[3:0] bits */
 488:stm32f10x_lib/STM32F10x_StdPeriph_Driver/src/stm32f10x_rcc.c ****   tmpreg &= ~CFGR2_PLL2MUL;
 489:stm32f10x_lib/STM32F10x_StdPeriph_Driver/src/stm32f10x_rcc.c ****   /* Set the PLL2 configuration bits */
 490:stm32f10x_lib/STM32F10x_StdPeriph_Driver/src/stm32f10x_rcc.c ****   tmpreg |= RCC_PLL2Mul;
 491:stm32f10x_lib/STM32F10x_StdPeriph_Driver/src/stm32f10x_rcc.c ****   /* Store the new value */
 492:stm32f10x_lib/STM32F10x_StdPeriph_Driver/src/stm32f10x_rcc.c ****   RCC->CFGR2 = tmpreg;
 493:stm32f10x_lib/STM32F10x_StdPeriph_Driver/src/stm32f10x_rcc.c **** }
 494:stm32f10x_lib/STM32F10x_StdPeriph_Driver/src/stm32f10x_rcc.c **** 
 495:stm32f10x_lib/STM32F10x_StdPeriph_Driver/src/stm32f10x_rcc.c **** 
 496:stm32f10x_lib/STM32F10x_StdPeriph_Driver/src/stm32f10x_rcc.c **** /**
 497:stm32f10x_lib/STM32F10x_StdPeriph_Driver/src/stm32f10x_rcc.c ****   * @brief  Enables or disables the PLL2.
 498:stm32f10x_lib/STM32F10x_StdPeriph_Driver/src/stm32f10x_rcc.c ****   * @note 
 499:stm32f10x_lib/STM32F10x_StdPeriph_Driver/src/stm32f10x_rcc.c ****   *   - The PLL2 can not be disabled if it is used indirectly as system clock
 500:stm32f10x_lib/STM32F10x_StdPeriph_Driver/src/stm32f10x_rcc.c ****   *     (i.e. it is used as PLL clock entry that is used as System clock).
 501:stm32f10x_lib/STM32F10x_StdPeriph_Driver/src/stm32f10x_rcc.c ****   *   - This function applies only to STM32 Connectivity line devices.
 502:stm32f10x_lib/STM32F10x_StdPeriph_Driver/src/stm32f10x_rcc.c ****   * @param  NewState: new state of the PLL2. This parameter can be: ENABLE or DISABLE.
 503:stm32f10x_lib/STM32F10x_StdPeriph_Driver/src/stm32f10x_rcc.c ****   * @retval None
 504:stm32f10x_lib/STM32F10x_StdPeriph_Driver/src/stm32f10x_rcc.c ****   */
 505:stm32f10x_lib/STM32F10x_StdPeriph_Driver/src/stm32f10x_rcc.c **** void RCC_PLL2Cmd(FunctionalState NewState)
 506:stm32f10x_lib/STM32F10x_StdPeriph_Driver/src/stm32f10x_rcc.c **** {
 507:stm32f10x_lib/STM32F10x_StdPeriph_Driver/src/stm32f10x_rcc.c ****   /* Check the parameters */
 508:stm32f10x_lib/STM32F10x_StdPeriph_Driver/src/stm32f10x_rcc.c ****   assert_param(IS_FUNCTIONAL_STATE(NewState));
 509:stm32f10x_lib/STM32F10x_StdPeriph_Driver/src/stm32f10x_rcc.c **** 
 510:stm32f10x_lib/STM32F10x_StdPeriph_Driver/src/stm32f10x_rcc.c ****   *(__IO uint32_t *) CR_PLL2ON_BB = (uint32_t)NewState;
 511:stm32f10x_lib/STM32F10x_StdPeriph_Driver/src/stm32f10x_rcc.c **** }
 512:stm32f10x_lib/STM32F10x_StdPeriph_Driver/src/stm32f10x_rcc.c **** 
ARM GAS  /tmp/cc3GD86t.s 			page 17


 513:stm32f10x_lib/STM32F10x_StdPeriph_Driver/src/stm32f10x_rcc.c **** 
 514:stm32f10x_lib/STM32F10x_StdPeriph_Driver/src/stm32f10x_rcc.c **** /**
 515:stm32f10x_lib/STM32F10x_StdPeriph_Driver/src/stm32f10x_rcc.c ****   * @brief  Configures the PLL3 multiplication factor.
 516:stm32f10x_lib/STM32F10x_StdPeriph_Driver/src/stm32f10x_rcc.c ****   * @note 
 517:stm32f10x_lib/STM32F10x_StdPeriph_Driver/src/stm32f10x_rcc.c ****   *   - This function must be used only when the PLL3 is disabled.
 518:stm32f10x_lib/STM32F10x_StdPeriph_Driver/src/stm32f10x_rcc.c ****   *   - This function applies only to STM32 Connectivity line devices.
 519:stm32f10x_lib/STM32F10x_StdPeriph_Driver/src/stm32f10x_rcc.c ****   * @param  RCC_PLL3Mul: specifies the PLL3 multiplication factor.
 520:stm32f10x_lib/STM32F10x_StdPeriph_Driver/src/stm32f10x_rcc.c ****   *   This parameter can be RCC_PLL3Mul_x where x:{[8,14], 16, 20}
 521:stm32f10x_lib/STM32F10x_StdPeriph_Driver/src/stm32f10x_rcc.c ****   * @retval None
 522:stm32f10x_lib/STM32F10x_StdPeriph_Driver/src/stm32f10x_rcc.c ****   */
 523:stm32f10x_lib/STM32F10x_StdPeriph_Driver/src/stm32f10x_rcc.c **** void RCC_PLL3Config(uint32_t RCC_PLL3Mul)
 524:stm32f10x_lib/STM32F10x_StdPeriph_Driver/src/stm32f10x_rcc.c **** {
 525:stm32f10x_lib/STM32F10x_StdPeriph_Driver/src/stm32f10x_rcc.c ****   uint32_t tmpreg = 0;
 526:stm32f10x_lib/STM32F10x_StdPeriph_Driver/src/stm32f10x_rcc.c **** 
 527:stm32f10x_lib/STM32F10x_StdPeriph_Driver/src/stm32f10x_rcc.c ****   /* Check the parameters */
 528:stm32f10x_lib/STM32F10x_StdPeriph_Driver/src/stm32f10x_rcc.c ****   assert_param(IS_RCC_PLL3_MUL(RCC_PLL3Mul));
 529:stm32f10x_lib/STM32F10x_StdPeriph_Driver/src/stm32f10x_rcc.c **** 
 530:stm32f10x_lib/STM32F10x_StdPeriph_Driver/src/stm32f10x_rcc.c ****   tmpreg = RCC->CFGR2;
 531:stm32f10x_lib/STM32F10x_StdPeriph_Driver/src/stm32f10x_rcc.c ****   /* Clear PLL3Mul[3:0] bits */
 532:stm32f10x_lib/STM32F10x_StdPeriph_Driver/src/stm32f10x_rcc.c ****   tmpreg &= ~CFGR2_PLL3MUL;
 533:stm32f10x_lib/STM32F10x_StdPeriph_Driver/src/stm32f10x_rcc.c ****   /* Set the PLL3 configuration bits */
 534:stm32f10x_lib/STM32F10x_StdPeriph_Driver/src/stm32f10x_rcc.c ****   tmpreg |= RCC_PLL3Mul;
 535:stm32f10x_lib/STM32F10x_StdPeriph_Driver/src/stm32f10x_rcc.c ****   /* Store the new value */
 536:stm32f10x_lib/STM32F10x_StdPeriph_Driver/src/stm32f10x_rcc.c ****   RCC->CFGR2 = tmpreg;
 537:stm32f10x_lib/STM32F10x_StdPeriph_Driver/src/stm32f10x_rcc.c **** }
 538:stm32f10x_lib/STM32F10x_StdPeriph_Driver/src/stm32f10x_rcc.c **** 
 539:stm32f10x_lib/STM32F10x_StdPeriph_Driver/src/stm32f10x_rcc.c **** 
 540:stm32f10x_lib/STM32F10x_StdPeriph_Driver/src/stm32f10x_rcc.c **** /**
 541:stm32f10x_lib/STM32F10x_StdPeriph_Driver/src/stm32f10x_rcc.c ****   * @brief  Enables or disables the PLL3.
 542:stm32f10x_lib/STM32F10x_StdPeriph_Driver/src/stm32f10x_rcc.c ****   * @note   This function applies only to STM32 Connectivity line devices.
 543:stm32f10x_lib/STM32F10x_StdPeriph_Driver/src/stm32f10x_rcc.c ****   * @param  NewState: new state of the PLL3. This parameter can be: ENABLE or DISABLE.
 544:stm32f10x_lib/STM32F10x_StdPeriph_Driver/src/stm32f10x_rcc.c ****   * @retval None
 545:stm32f10x_lib/STM32F10x_StdPeriph_Driver/src/stm32f10x_rcc.c ****   */
 546:stm32f10x_lib/STM32F10x_StdPeriph_Driver/src/stm32f10x_rcc.c **** void RCC_PLL3Cmd(FunctionalState NewState)
 547:stm32f10x_lib/STM32F10x_StdPeriph_Driver/src/stm32f10x_rcc.c **** {
 548:stm32f10x_lib/STM32F10x_StdPeriph_Driver/src/stm32f10x_rcc.c ****   /* Check the parameters */
 549:stm32f10x_lib/STM32F10x_StdPeriph_Driver/src/stm32f10x_rcc.c **** 
 550:stm32f10x_lib/STM32F10x_StdPeriph_Driver/src/stm32f10x_rcc.c ****   assert_param(IS_FUNCTIONAL_STATE(NewState));
 551:stm32f10x_lib/STM32F10x_StdPeriph_Driver/src/stm32f10x_rcc.c ****   *(__IO uint32_t *) CR_PLL3ON_BB = (uint32_t)NewState;
 552:stm32f10x_lib/STM32F10x_StdPeriph_Driver/src/stm32f10x_rcc.c **** }
 553:stm32f10x_lib/STM32F10x_StdPeriph_Driver/src/stm32f10x_rcc.c **** #endif /* STM32F10X_CL */
 554:stm32f10x_lib/STM32F10x_StdPeriph_Driver/src/stm32f10x_rcc.c **** 
 555:stm32f10x_lib/STM32F10x_StdPeriph_Driver/src/stm32f10x_rcc.c **** /**
 556:stm32f10x_lib/STM32F10x_StdPeriph_Driver/src/stm32f10x_rcc.c ****   * @brief  Configures the system clock (SYSCLK).
 557:stm32f10x_lib/STM32F10x_StdPeriph_Driver/src/stm32f10x_rcc.c ****   * @param  RCC_SYSCLKSource: specifies the clock source used as system clock.
 558:stm32f10x_lib/STM32F10x_StdPeriph_Driver/src/stm32f10x_rcc.c ****   *   This parameter can be one of the following values:
 559:stm32f10x_lib/STM32F10x_StdPeriph_Driver/src/stm32f10x_rcc.c ****   *     @arg RCC_SYSCLKSource_HSI: HSI selected as system clock
 560:stm32f10x_lib/STM32F10x_StdPeriph_Driver/src/stm32f10x_rcc.c ****   *     @arg RCC_SYSCLKSource_HSE: HSE selected as system clock
 561:stm32f10x_lib/STM32F10x_StdPeriph_Driver/src/stm32f10x_rcc.c ****   *     @arg RCC_SYSCLKSource_PLLCLK: PLL selected as system clock
 562:stm32f10x_lib/STM32F10x_StdPeriph_Driver/src/stm32f10x_rcc.c ****   * @retval None
 563:stm32f10x_lib/STM32F10x_StdPeriph_Driver/src/stm32f10x_rcc.c ****   */
 564:stm32f10x_lib/STM32F10x_StdPeriph_Driver/src/stm32f10x_rcc.c **** void RCC_SYSCLKConfig(uint32_t RCC_SYSCLKSource)
 565:stm32f10x_lib/STM32F10x_StdPeriph_Driver/src/stm32f10x_rcc.c **** {
 389              		.loc 1 565 1 is_stmt 1 view -0
 390              		.cfi_startproc
 391              		@ args = 0, pretend = 0, frame = 0
 392              		@ frame_needed = 0, uses_anonymous_args = 0
ARM GAS  /tmp/cc3GD86t.s 			page 18


 393              		@ link register save eliminated.
 566:stm32f10x_lib/STM32F10x_StdPeriph_Driver/src/stm32f10x_rcc.c ****   uint32_t tmpreg = 0;
 394              		.loc 1 566 3 view .LVU92
 567:stm32f10x_lib/STM32F10x_StdPeriph_Driver/src/stm32f10x_rcc.c ****   /* Check the parameters */
 568:stm32f10x_lib/STM32F10x_StdPeriph_Driver/src/stm32f10x_rcc.c ****   assert_param(IS_RCC_SYSCLK_SOURCE(RCC_SYSCLKSource));
 395              		.loc 1 568 3 view .LVU93
 569:stm32f10x_lib/STM32F10x_StdPeriph_Driver/src/stm32f10x_rcc.c ****   tmpreg = RCC->CFGR;
 396              		.loc 1 569 3 view .LVU94
 397              	@ stm32f10x_lib/STM32F10x_StdPeriph_Driver/src/stm32f10x_rcc.c:569:   tmpreg = RCC->CFGR;
 398              		.loc 1 569 10 is_stmt 0 view .LVU95
 399 00d4 034A     		ldr	r2, .L27	@ tmp98,
 400 00d6 5368     		ldr	r3, [r2, #4]	@ tmpreg, MEM[(struct RCC_TypeDef *)1073876992B].CFGR
 401              	.LVL17:
 570:stm32f10x_lib/STM32F10x_StdPeriph_Driver/src/stm32f10x_rcc.c ****   /* Clear SW[1:0] bits */
 571:stm32f10x_lib/STM32F10x_StdPeriph_Driver/src/stm32f10x_rcc.c ****   tmpreg &= CFGR_SW_Mask;
 402              		.loc 1 571 3 is_stmt 1 view .LVU96
 403              	@ stm32f10x_lib/STM32F10x_StdPeriph_Driver/src/stm32f10x_rcc.c:571:   tmpreg &= CFGR_SW_Mask;
 404              		.loc 1 571 10 is_stmt 0 view .LVU97
 405 00d8 23F00303 		bic	r3, r3, #3	@ tmpreg, tmpreg,
 406              	.LVL18:
 572:stm32f10x_lib/STM32F10x_StdPeriph_Driver/src/stm32f10x_rcc.c ****   /* Set SW[1:0] bits according to RCC_SYSCLKSource value */
 573:stm32f10x_lib/STM32F10x_StdPeriph_Driver/src/stm32f10x_rcc.c ****   tmpreg |= RCC_SYSCLKSource;
 407              		.loc 1 573 3 is_stmt 1 view .LVU98
 408              	@ stm32f10x_lib/STM32F10x_StdPeriph_Driver/src/stm32f10x_rcc.c:573:   tmpreg |= RCC_SYSCLKSource;
 409              		.loc 1 573 10 is_stmt 0 view .LVU99
 410 00dc 0343     		orrs	r3, r3, r0	@, tmpreg, tmpreg, RCC_SYSCLKSource
 411              	.LVL19:
 574:stm32f10x_lib/STM32F10x_StdPeriph_Driver/src/stm32f10x_rcc.c ****   /* Store the new value */
 575:stm32f10x_lib/STM32F10x_StdPeriph_Driver/src/stm32f10x_rcc.c ****   RCC->CFGR = tmpreg;
 412              		.loc 1 575 3 is_stmt 1 view .LVU100
 413              	@ stm32f10x_lib/STM32F10x_StdPeriph_Driver/src/stm32f10x_rcc.c:575:   RCC->CFGR = tmpreg;
 414              		.loc 1 575 13 is_stmt 0 view .LVU101
 415 00de 5360     		str	r3, [r2, #4]	@ tmpreg, MEM[(struct RCC_TypeDef *)1073876992B].CFGR
 416              	@ stm32f10x_lib/STM32F10x_StdPeriph_Driver/src/stm32f10x_rcc.c:576: }
 576:stm32f10x_lib/STM32F10x_StdPeriph_Driver/src/stm32f10x_rcc.c **** }
 417              		.loc 1 576 1 view .LVU102
 418 00e0 7047     		bx	lr	@
 419              	.L28:
 420 00e2 00BF     		.align	2
 421              	.L27:
 422 00e4 00100240 		.word	1073876992
 423              		.cfi_endproc
 424              	.LFE37:
 425              		.size	RCC_SYSCLKConfig, .-RCC_SYSCLKConfig
 426              		.align	1
 427              		.global	RCC_GetSYSCLKSource
 428              		.syntax unified
 429              		.thumb
 430              		.thumb_func
 431              		.type	RCC_GetSYSCLKSource, %function
 432              	RCC_GetSYSCLKSource:
 433              	.LFB38:
 577:stm32f10x_lib/STM32F10x_StdPeriph_Driver/src/stm32f10x_rcc.c **** 
 578:stm32f10x_lib/STM32F10x_StdPeriph_Driver/src/stm32f10x_rcc.c **** /**
 579:stm32f10x_lib/STM32F10x_StdPeriph_Driver/src/stm32f10x_rcc.c ****   * @brief  Returns the clock source used as system clock.
 580:stm32f10x_lib/STM32F10x_StdPeriph_Driver/src/stm32f10x_rcc.c ****   * @param  None
 581:stm32f10x_lib/STM32F10x_StdPeriph_Driver/src/stm32f10x_rcc.c ****   * @retval The clock source used as system clock. The returned value can
ARM GAS  /tmp/cc3GD86t.s 			page 19


 582:stm32f10x_lib/STM32F10x_StdPeriph_Driver/src/stm32f10x_rcc.c ****   *   be one of the following:
 583:stm32f10x_lib/STM32F10x_StdPeriph_Driver/src/stm32f10x_rcc.c ****   *     - 0x00: HSI used as system clock
 584:stm32f10x_lib/STM32F10x_StdPeriph_Driver/src/stm32f10x_rcc.c ****   *     - 0x04: HSE used as system clock
 585:stm32f10x_lib/STM32F10x_StdPeriph_Driver/src/stm32f10x_rcc.c ****   *     - 0x08: PLL used as system clock
 586:stm32f10x_lib/STM32F10x_StdPeriph_Driver/src/stm32f10x_rcc.c ****   */
 587:stm32f10x_lib/STM32F10x_StdPeriph_Driver/src/stm32f10x_rcc.c **** uint8_t RCC_GetSYSCLKSource(void)
 588:stm32f10x_lib/STM32F10x_StdPeriph_Driver/src/stm32f10x_rcc.c **** {
 434              		.loc 1 588 1 is_stmt 1 view -0
 435              		.cfi_startproc
 436              		@ args = 0, pretend = 0, frame = 0
 437              		@ frame_needed = 0, uses_anonymous_args = 0
 438              		@ link register save eliminated.
 589:stm32f10x_lib/STM32F10x_StdPeriph_Driver/src/stm32f10x_rcc.c ****   return ((uint8_t)(RCC->CFGR & CFGR_SWS_Mask));
 439              		.loc 1 589 3 view .LVU104
 440              	@ stm32f10x_lib/STM32F10x_StdPeriph_Driver/src/stm32f10x_rcc.c:589:   return ((uint8_t)(RCC->CFGR &
 441              		.loc 1 589 24 is_stmt 0 view .LVU105
 442 00e8 024B     		ldr	r3, .L30	@ tmp97,
 443 00ea 5868     		ldr	r0, [r3, #4]	@ _1, MEM[(struct RCC_TypeDef *)1073876992B].CFGR
 444              	@ stm32f10x_lib/STM32F10x_StdPeriph_Driver/src/stm32f10x_rcc.c:590: }
 590:stm32f10x_lib/STM32F10x_StdPeriph_Driver/src/stm32f10x_rcc.c **** }
 445              		.loc 1 590 1 view .LVU106
 446 00ec 00F00C00 		and	r0, r0, #12	@, _1,
 447 00f0 7047     		bx	lr	@
 448              	.L31:
 449 00f2 00BF     		.align	2
 450              	.L30:
 451 00f4 00100240 		.word	1073876992
 452              		.cfi_endproc
 453              	.LFE38:
 454              		.size	RCC_GetSYSCLKSource, .-RCC_GetSYSCLKSource
 455              		.align	1
 456              		.global	RCC_HCLKConfig
 457              		.syntax unified
 458              		.thumb
 459              		.thumb_func
 460              		.type	RCC_HCLKConfig, %function
 461              	RCC_HCLKConfig:
 462              	.LVL20:
 463              	.LFB39:
 591:stm32f10x_lib/STM32F10x_StdPeriph_Driver/src/stm32f10x_rcc.c **** 
 592:stm32f10x_lib/STM32F10x_StdPeriph_Driver/src/stm32f10x_rcc.c **** /**
 593:stm32f10x_lib/STM32F10x_StdPeriph_Driver/src/stm32f10x_rcc.c ****   * @brief  Configures the AHB clock (HCLK).
 594:stm32f10x_lib/STM32F10x_StdPeriph_Driver/src/stm32f10x_rcc.c ****   * @param  RCC_SYSCLK: defines the AHB clock divider. This clock is derived from 
 595:stm32f10x_lib/STM32F10x_StdPeriph_Driver/src/stm32f10x_rcc.c ****   *   the system clock (SYSCLK).
 596:stm32f10x_lib/STM32F10x_StdPeriph_Driver/src/stm32f10x_rcc.c ****   *   This parameter can be one of the following values:
 597:stm32f10x_lib/STM32F10x_StdPeriph_Driver/src/stm32f10x_rcc.c ****   *     @arg RCC_SYSCLK_Div1: AHB clock = SYSCLK
 598:stm32f10x_lib/STM32F10x_StdPeriph_Driver/src/stm32f10x_rcc.c ****   *     @arg RCC_SYSCLK_Div2: AHB clock = SYSCLK/2
 599:stm32f10x_lib/STM32F10x_StdPeriph_Driver/src/stm32f10x_rcc.c ****   *     @arg RCC_SYSCLK_Div4: AHB clock = SYSCLK/4
 600:stm32f10x_lib/STM32F10x_StdPeriph_Driver/src/stm32f10x_rcc.c ****   *     @arg RCC_SYSCLK_Div8: AHB clock = SYSCLK/8
 601:stm32f10x_lib/STM32F10x_StdPeriph_Driver/src/stm32f10x_rcc.c ****   *     @arg RCC_SYSCLK_Div16: AHB clock = SYSCLK/16
 602:stm32f10x_lib/STM32F10x_StdPeriph_Driver/src/stm32f10x_rcc.c ****   *     @arg RCC_SYSCLK_Div64: AHB clock = SYSCLK/64
 603:stm32f10x_lib/STM32F10x_StdPeriph_Driver/src/stm32f10x_rcc.c ****   *     @arg RCC_SYSCLK_Div128: AHB clock = SYSCLK/128
 604:stm32f10x_lib/STM32F10x_StdPeriph_Driver/src/stm32f10x_rcc.c ****   *     @arg RCC_SYSCLK_Div256: AHB clock = SYSCLK/256
 605:stm32f10x_lib/STM32F10x_StdPeriph_Driver/src/stm32f10x_rcc.c ****   *     @arg RCC_SYSCLK_Div512: AHB clock = SYSCLK/512
 606:stm32f10x_lib/STM32F10x_StdPeriph_Driver/src/stm32f10x_rcc.c ****   * @retval None
 607:stm32f10x_lib/STM32F10x_StdPeriph_Driver/src/stm32f10x_rcc.c ****   */
 608:stm32f10x_lib/STM32F10x_StdPeriph_Driver/src/stm32f10x_rcc.c **** void RCC_HCLKConfig(uint32_t RCC_SYSCLK)
ARM GAS  /tmp/cc3GD86t.s 			page 20


 609:stm32f10x_lib/STM32F10x_StdPeriph_Driver/src/stm32f10x_rcc.c **** {
 464              		.loc 1 609 1 is_stmt 1 view -0
 465              		.cfi_startproc
 466              		@ args = 0, pretend = 0, frame = 0
 467              		@ frame_needed = 0, uses_anonymous_args = 0
 468              		@ link register save eliminated.
 610:stm32f10x_lib/STM32F10x_StdPeriph_Driver/src/stm32f10x_rcc.c ****   uint32_t tmpreg = 0;
 469              		.loc 1 610 3 view .LVU108
 611:stm32f10x_lib/STM32F10x_StdPeriph_Driver/src/stm32f10x_rcc.c ****   /* Check the parameters */
 612:stm32f10x_lib/STM32F10x_StdPeriph_Driver/src/stm32f10x_rcc.c ****   assert_param(IS_RCC_HCLK(RCC_SYSCLK));
 470              		.loc 1 612 3 view .LVU109
 613:stm32f10x_lib/STM32F10x_StdPeriph_Driver/src/stm32f10x_rcc.c ****   tmpreg = RCC->CFGR;
 471              		.loc 1 613 3 view .LVU110
 472              	@ stm32f10x_lib/STM32F10x_StdPeriph_Driver/src/stm32f10x_rcc.c:613:   tmpreg = RCC->CFGR;
 473              		.loc 1 613 10 is_stmt 0 view .LVU111
 474 00f8 034A     		ldr	r2, .L33	@ tmp98,
 475 00fa 5368     		ldr	r3, [r2, #4]	@ tmpreg, MEM[(struct RCC_TypeDef *)1073876992B].CFGR
 476              	.LVL21:
 614:stm32f10x_lib/STM32F10x_StdPeriph_Driver/src/stm32f10x_rcc.c ****   /* Clear HPRE[3:0] bits */
 615:stm32f10x_lib/STM32F10x_StdPeriph_Driver/src/stm32f10x_rcc.c ****   tmpreg &= CFGR_HPRE_Reset_Mask;
 477              		.loc 1 615 3 is_stmt 1 view .LVU112
 478              	@ stm32f10x_lib/STM32F10x_StdPeriph_Driver/src/stm32f10x_rcc.c:615:   tmpreg &= CFGR_HPRE_Reset_Mas
 479              		.loc 1 615 10 is_stmt 0 view .LVU113
 480 00fc 23F0F003 		bic	r3, r3, #240	@ tmpreg, tmpreg,
 481              	.LVL22:
 616:stm32f10x_lib/STM32F10x_StdPeriph_Driver/src/stm32f10x_rcc.c ****   /* Set HPRE[3:0] bits according to RCC_SYSCLK value */
 617:stm32f10x_lib/STM32F10x_StdPeriph_Driver/src/stm32f10x_rcc.c ****   tmpreg |= RCC_SYSCLK;
 482              		.loc 1 617 3 is_stmt 1 view .LVU114
 483              	@ stm32f10x_lib/STM32F10x_StdPeriph_Driver/src/stm32f10x_rcc.c:617:   tmpreg |= RCC_SYSCLK;
 484              		.loc 1 617 10 is_stmt 0 view .LVU115
 485 0100 0343     		orrs	r3, r3, r0	@, tmpreg, tmpreg, RCC_SYSCLK
 486              	.LVL23:
 618:stm32f10x_lib/STM32F10x_StdPeriph_Driver/src/stm32f10x_rcc.c ****   /* Store the new value */
 619:stm32f10x_lib/STM32F10x_StdPeriph_Driver/src/stm32f10x_rcc.c ****   RCC->CFGR = tmpreg;
 487              		.loc 1 619 3 is_stmt 1 view .LVU116
 488              	@ stm32f10x_lib/STM32F10x_StdPeriph_Driver/src/stm32f10x_rcc.c:619:   RCC->CFGR = tmpreg;
 489              		.loc 1 619 13 is_stmt 0 view .LVU117
 490 0102 5360     		str	r3, [r2, #4]	@ tmpreg, MEM[(struct RCC_TypeDef *)1073876992B].CFGR
 491              	@ stm32f10x_lib/STM32F10x_StdPeriph_Driver/src/stm32f10x_rcc.c:620: }
 620:stm32f10x_lib/STM32F10x_StdPeriph_Driver/src/stm32f10x_rcc.c **** }
 492              		.loc 1 620 1 view .LVU118
 493 0104 7047     		bx	lr	@
 494              	.L34:
 495 0106 00BF     		.align	2
 496              	.L33:
 497 0108 00100240 		.word	1073876992
 498              		.cfi_endproc
 499              	.LFE39:
 500              		.size	RCC_HCLKConfig, .-RCC_HCLKConfig
 501              		.align	1
 502              		.global	RCC_PCLK1Config
 503              		.syntax unified
 504              		.thumb
 505              		.thumb_func
 506              		.type	RCC_PCLK1Config, %function
 507              	RCC_PCLK1Config:
 508              	.LVL24:
ARM GAS  /tmp/cc3GD86t.s 			page 21


 509              	.LFB40:
 621:stm32f10x_lib/STM32F10x_StdPeriph_Driver/src/stm32f10x_rcc.c **** 
 622:stm32f10x_lib/STM32F10x_StdPeriph_Driver/src/stm32f10x_rcc.c **** /**
 623:stm32f10x_lib/STM32F10x_StdPeriph_Driver/src/stm32f10x_rcc.c ****   * @brief  Configures the Low Speed APB clock (PCLK1).
 624:stm32f10x_lib/STM32F10x_StdPeriph_Driver/src/stm32f10x_rcc.c ****   * @param  RCC_HCLK: defines the APB1 clock divider. This clock is derived from 
 625:stm32f10x_lib/STM32F10x_StdPeriph_Driver/src/stm32f10x_rcc.c ****   *   the AHB clock (HCLK).
 626:stm32f10x_lib/STM32F10x_StdPeriph_Driver/src/stm32f10x_rcc.c ****   *   This parameter can be one of the following values:
 627:stm32f10x_lib/STM32F10x_StdPeriph_Driver/src/stm32f10x_rcc.c ****   *     @arg RCC_HCLK_Div1: APB1 clock = HCLK
 628:stm32f10x_lib/STM32F10x_StdPeriph_Driver/src/stm32f10x_rcc.c ****   *     @arg RCC_HCLK_Div2: APB1 clock = HCLK/2
 629:stm32f10x_lib/STM32F10x_StdPeriph_Driver/src/stm32f10x_rcc.c ****   *     @arg RCC_HCLK_Div4: APB1 clock = HCLK/4
 630:stm32f10x_lib/STM32F10x_StdPeriph_Driver/src/stm32f10x_rcc.c ****   *     @arg RCC_HCLK_Div8: APB1 clock = HCLK/8
 631:stm32f10x_lib/STM32F10x_StdPeriph_Driver/src/stm32f10x_rcc.c ****   *     @arg RCC_HCLK_Div16: APB1 clock = HCLK/16
 632:stm32f10x_lib/STM32F10x_StdPeriph_Driver/src/stm32f10x_rcc.c ****   * @retval None
 633:stm32f10x_lib/STM32F10x_StdPeriph_Driver/src/stm32f10x_rcc.c ****   */
 634:stm32f10x_lib/STM32F10x_StdPeriph_Driver/src/stm32f10x_rcc.c **** void RCC_PCLK1Config(uint32_t RCC_HCLK)
 635:stm32f10x_lib/STM32F10x_StdPeriph_Driver/src/stm32f10x_rcc.c **** {
 510              		.loc 1 635 1 is_stmt 1 view -0
 511              		.cfi_startproc
 512              		@ args = 0, pretend = 0, frame = 0
 513              		@ frame_needed = 0, uses_anonymous_args = 0
 514              		@ link register save eliminated.
 636:stm32f10x_lib/STM32F10x_StdPeriph_Driver/src/stm32f10x_rcc.c ****   uint32_t tmpreg = 0;
 515              		.loc 1 636 3 view .LVU120
 637:stm32f10x_lib/STM32F10x_StdPeriph_Driver/src/stm32f10x_rcc.c ****   /* Check the parameters */
 638:stm32f10x_lib/STM32F10x_StdPeriph_Driver/src/stm32f10x_rcc.c ****   assert_param(IS_RCC_PCLK(RCC_HCLK));
 516              		.loc 1 638 3 view .LVU121
 639:stm32f10x_lib/STM32F10x_StdPeriph_Driver/src/stm32f10x_rcc.c ****   tmpreg = RCC->CFGR;
 517              		.loc 1 639 3 view .LVU122
 518              	@ stm32f10x_lib/STM32F10x_StdPeriph_Driver/src/stm32f10x_rcc.c:639:   tmpreg = RCC->CFGR;
 519              		.loc 1 639 10 is_stmt 0 view .LVU123
 520 010c 034A     		ldr	r2, .L36	@ tmp98,
 521 010e 5368     		ldr	r3, [r2, #4]	@ tmpreg, MEM[(struct RCC_TypeDef *)1073876992B].CFGR
 522              	.LVL25:
 640:stm32f10x_lib/STM32F10x_StdPeriph_Driver/src/stm32f10x_rcc.c ****   /* Clear PPRE1[2:0] bits */
 641:stm32f10x_lib/STM32F10x_StdPeriph_Driver/src/stm32f10x_rcc.c ****   tmpreg &= CFGR_PPRE1_Reset_Mask;
 523              		.loc 1 641 3 is_stmt 1 view .LVU124
 524              	@ stm32f10x_lib/STM32F10x_StdPeriph_Driver/src/stm32f10x_rcc.c:641:   tmpreg &= CFGR_PPRE1_Reset_Ma
 525              		.loc 1 641 10 is_stmt 0 view .LVU125
 526 0110 23F4E063 		bic	r3, r3, #1792	@ tmpreg, tmpreg,
 527              	.LVL26:
 642:stm32f10x_lib/STM32F10x_StdPeriph_Driver/src/stm32f10x_rcc.c ****   /* Set PPRE1[2:0] bits according to RCC_HCLK value */
 643:stm32f10x_lib/STM32F10x_StdPeriph_Driver/src/stm32f10x_rcc.c ****   tmpreg |= RCC_HCLK;
 528              		.loc 1 643 3 is_stmt 1 view .LVU126
 529              	@ stm32f10x_lib/STM32F10x_StdPeriph_Driver/src/stm32f10x_rcc.c:643:   tmpreg |= RCC_HCLK;
 530              		.loc 1 643 10 is_stmt 0 view .LVU127
 531 0114 0343     		orrs	r3, r3, r0	@, tmpreg, tmpreg, RCC_HCLK
 532              	.LVL27:
 644:stm32f10x_lib/STM32F10x_StdPeriph_Driver/src/stm32f10x_rcc.c ****   /* Store the new value */
 645:stm32f10x_lib/STM32F10x_StdPeriph_Driver/src/stm32f10x_rcc.c ****   RCC->CFGR = tmpreg;
 533              		.loc 1 645 3 is_stmt 1 view .LVU128
 534              	@ stm32f10x_lib/STM32F10x_StdPeriph_Driver/src/stm32f10x_rcc.c:645:   RCC->CFGR = tmpreg;
 535              		.loc 1 645 13 is_stmt 0 view .LVU129
 536 0116 5360     		str	r3, [r2, #4]	@ tmpreg, MEM[(struct RCC_TypeDef *)1073876992B].CFGR
 537              	@ stm32f10x_lib/STM32F10x_StdPeriph_Driver/src/stm32f10x_rcc.c:646: }
 646:stm32f10x_lib/STM32F10x_StdPeriph_Driver/src/stm32f10x_rcc.c **** }
 538              		.loc 1 646 1 view .LVU130
 539 0118 7047     		bx	lr	@
ARM GAS  /tmp/cc3GD86t.s 			page 22


 540              	.L37:
 541 011a 00BF     		.align	2
 542              	.L36:
 543 011c 00100240 		.word	1073876992
 544              		.cfi_endproc
 545              	.LFE40:
 546              		.size	RCC_PCLK1Config, .-RCC_PCLK1Config
 547              		.align	1
 548              		.global	RCC_PCLK2Config
 549              		.syntax unified
 550              		.thumb
 551              		.thumb_func
 552              		.type	RCC_PCLK2Config, %function
 553              	RCC_PCLK2Config:
 554              	.LVL28:
 555              	.LFB41:
 647:stm32f10x_lib/STM32F10x_StdPeriph_Driver/src/stm32f10x_rcc.c **** 
 648:stm32f10x_lib/STM32F10x_StdPeriph_Driver/src/stm32f10x_rcc.c **** /**
 649:stm32f10x_lib/STM32F10x_StdPeriph_Driver/src/stm32f10x_rcc.c ****   * @brief  Configures the High Speed APB clock (PCLK2).
 650:stm32f10x_lib/STM32F10x_StdPeriph_Driver/src/stm32f10x_rcc.c ****   * @param  RCC_HCLK: defines the APB2 clock divider. This clock is derived from 
 651:stm32f10x_lib/STM32F10x_StdPeriph_Driver/src/stm32f10x_rcc.c ****   *   the AHB clock (HCLK).
 652:stm32f10x_lib/STM32F10x_StdPeriph_Driver/src/stm32f10x_rcc.c ****   *   This parameter can be one of the following values:
 653:stm32f10x_lib/STM32F10x_StdPeriph_Driver/src/stm32f10x_rcc.c ****   *     @arg RCC_HCLK_Div1: APB2 clock = HCLK
 654:stm32f10x_lib/STM32F10x_StdPeriph_Driver/src/stm32f10x_rcc.c ****   *     @arg RCC_HCLK_Div2: APB2 clock = HCLK/2
 655:stm32f10x_lib/STM32F10x_StdPeriph_Driver/src/stm32f10x_rcc.c ****   *     @arg RCC_HCLK_Div4: APB2 clock = HCLK/4
 656:stm32f10x_lib/STM32F10x_StdPeriph_Driver/src/stm32f10x_rcc.c ****   *     @arg RCC_HCLK_Div8: APB2 clock = HCLK/8
 657:stm32f10x_lib/STM32F10x_StdPeriph_Driver/src/stm32f10x_rcc.c ****   *     @arg RCC_HCLK_Div16: APB2 clock = HCLK/16
 658:stm32f10x_lib/STM32F10x_StdPeriph_Driver/src/stm32f10x_rcc.c ****   * @retval None
 659:stm32f10x_lib/STM32F10x_StdPeriph_Driver/src/stm32f10x_rcc.c ****   */
 660:stm32f10x_lib/STM32F10x_StdPeriph_Driver/src/stm32f10x_rcc.c **** void RCC_PCLK2Config(uint32_t RCC_HCLK)
 661:stm32f10x_lib/STM32F10x_StdPeriph_Driver/src/stm32f10x_rcc.c **** {
 556              		.loc 1 661 1 is_stmt 1 view -0
 557              		.cfi_startproc
 558              		@ args = 0, pretend = 0, frame = 0
 559              		@ frame_needed = 0, uses_anonymous_args = 0
 560              		@ link register save eliminated.
 662:stm32f10x_lib/STM32F10x_StdPeriph_Driver/src/stm32f10x_rcc.c ****   uint32_t tmpreg = 0;
 561              		.loc 1 662 3 view .LVU132
 663:stm32f10x_lib/STM32F10x_StdPeriph_Driver/src/stm32f10x_rcc.c ****   /* Check the parameters */
 664:stm32f10x_lib/STM32F10x_StdPeriph_Driver/src/stm32f10x_rcc.c ****   assert_param(IS_RCC_PCLK(RCC_HCLK));
 562              		.loc 1 664 3 view .LVU133
 665:stm32f10x_lib/STM32F10x_StdPeriph_Driver/src/stm32f10x_rcc.c ****   tmpreg = RCC->CFGR;
 563              		.loc 1 665 3 view .LVU134
 564              	@ stm32f10x_lib/STM32F10x_StdPeriph_Driver/src/stm32f10x_rcc.c:665:   tmpreg = RCC->CFGR;
 565              		.loc 1 665 10 is_stmt 0 view .LVU135
 566 0120 034A     		ldr	r2, .L39	@ tmp99,
 567 0122 5368     		ldr	r3, [r2, #4]	@ tmpreg, MEM[(struct RCC_TypeDef *)1073876992B].CFGR
 568              	.LVL29:
 666:stm32f10x_lib/STM32F10x_StdPeriph_Driver/src/stm32f10x_rcc.c ****   /* Clear PPRE2[2:0] bits */
 667:stm32f10x_lib/STM32F10x_StdPeriph_Driver/src/stm32f10x_rcc.c ****   tmpreg &= CFGR_PPRE2_Reset_Mask;
 569              		.loc 1 667 3 is_stmt 1 view .LVU136
 570              	@ stm32f10x_lib/STM32F10x_StdPeriph_Driver/src/stm32f10x_rcc.c:667:   tmpreg &= CFGR_PPRE2_Reset_Ma
 571              		.loc 1 667 10 is_stmt 0 view .LVU137
 572 0124 23F46053 		bic	r3, r3, #14336	@ tmpreg, tmpreg,
 573              	.LVL30:
 668:stm32f10x_lib/STM32F10x_StdPeriph_Driver/src/stm32f10x_rcc.c ****   /* Set PPRE2[2:0] bits according to RCC_HCLK value */
 669:stm32f10x_lib/STM32F10x_StdPeriph_Driver/src/stm32f10x_rcc.c ****   tmpreg |= RCC_HCLK << 3;
ARM GAS  /tmp/cc3GD86t.s 			page 23


 574              		.loc 1 669 3 is_stmt 1 view .LVU138
 575              	@ stm32f10x_lib/STM32F10x_StdPeriph_Driver/src/stm32f10x_rcc.c:669:   tmpreg |= RCC_HCLK << 3;
 576              		.loc 1 669 10 is_stmt 0 view .LVU139
 577 0128 43EAC003 		orr	r3, r3, r0, lsl #3	@ tmpreg, tmpreg, RCC_HCLK,
 578              	.LVL31:
 670:stm32f10x_lib/STM32F10x_StdPeriph_Driver/src/stm32f10x_rcc.c ****   /* Store the new value */
 671:stm32f10x_lib/STM32F10x_StdPeriph_Driver/src/stm32f10x_rcc.c ****   RCC->CFGR = tmpreg;
 579              		.loc 1 671 3 is_stmt 1 view .LVU140
 580              	@ stm32f10x_lib/STM32F10x_StdPeriph_Driver/src/stm32f10x_rcc.c:671:   RCC->CFGR = tmpreg;
 581              		.loc 1 671 13 is_stmt 0 view .LVU141
 582 012c 5360     		str	r3, [r2, #4]	@ tmpreg, MEM[(struct RCC_TypeDef *)1073876992B].CFGR
 583              	@ stm32f10x_lib/STM32F10x_StdPeriph_Driver/src/stm32f10x_rcc.c:672: }
 672:stm32f10x_lib/STM32F10x_StdPeriph_Driver/src/stm32f10x_rcc.c **** }
 584              		.loc 1 672 1 view .LVU142
 585 012e 7047     		bx	lr	@
 586              	.L40:
 587              		.align	2
 588              	.L39:
 589 0130 00100240 		.word	1073876992
 590              		.cfi_endproc
 591              	.LFE41:
 592              		.size	RCC_PCLK2Config, .-RCC_PCLK2Config
 593              		.align	1
 594              		.global	RCC_ITConfig
 595              		.syntax unified
 596              		.thumb
 597              		.thumb_func
 598              		.type	RCC_ITConfig, %function
 599              	RCC_ITConfig:
 600              	.LVL32:
 601              	.LFB42:
 673:stm32f10x_lib/STM32F10x_StdPeriph_Driver/src/stm32f10x_rcc.c **** 
 674:stm32f10x_lib/STM32F10x_StdPeriph_Driver/src/stm32f10x_rcc.c **** /**
 675:stm32f10x_lib/STM32F10x_StdPeriph_Driver/src/stm32f10x_rcc.c ****   * @brief  Enables or disables the specified RCC interrupts.
 676:stm32f10x_lib/STM32F10x_StdPeriph_Driver/src/stm32f10x_rcc.c ****   * @param  RCC_IT: specifies the RCC interrupt sources to be enabled or disabled.
 677:stm32f10x_lib/STM32F10x_StdPeriph_Driver/src/stm32f10x_rcc.c ****   * 
 678:stm32f10x_lib/STM32F10x_StdPeriph_Driver/src/stm32f10x_rcc.c ****   *   For @b STM32_Connectivity_line_devices, this parameter can be any combination
 679:stm32f10x_lib/STM32F10x_StdPeriph_Driver/src/stm32f10x_rcc.c ****   *   of the following values        
 680:stm32f10x_lib/STM32F10x_StdPeriph_Driver/src/stm32f10x_rcc.c ****   *     @arg RCC_IT_LSIRDY: LSI ready interrupt
 681:stm32f10x_lib/STM32F10x_StdPeriph_Driver/src/stm32f10x_rcc.c ****   *     @arg RCC_IT_LSERDY: LSE ready interrupt
 682:stm32f10x_lib/STM32F10x_StdPeriph_Driver/src/stm32f10x_rcc.c ****   *     @arg RCC_IT_HSIRDY: HSI ready interrupt
 683:stm32f10x_lib/STM32F10x_StdPeriph_Driver/src/stm32f10x_rcc.c ****   *     @arg RCC_IT_HSERDY: HSE ready interrupt
 684:stm32f10x_lib/STM32F10x_StdPeriph_Driver/src/stm32f10x_rcc.c ****   *     @arg RCC_IT_PLLRDY: PLL ready interrupt
 685:stm32f10x_lib/STM32F10x_StdPeriph_Driver/src/stm32f10x_rcc.c ****   *     @arg RCC_IT_PLL2RDY: PLL2 ready interrupt
 686:stm32f10x_lib/STM32F10x_StdPeriph_Driver/src/stm32f10x_rcc.c ****   *     @arg RCC_IT_PLL3RDY: PLL3 ready interrupt
 687:stm32f10x_lib/STM32F10x_StdPeriph_Driver/src/stm32f10x_rcc.c ****   * 
 688:stm32f10x_lib/STM32F10x_StdPeriph_Driver/src/stm32f10x_rcc.c ****   *   For @b other_STM32_devices, this parameter can be any combination of the 
 689:stm32f10x_lib/STM32F10x_StdPeriph_Driver/src/stm32f10x_rcc.c ****   *   following values        
 690:stm32f10x_lib/STM32F10x_StdPeriph_Driver/src/stm32f10x_rcc.c ****   *     @arg RCC_IT_LSIRDY: LSI ready interrupt
 691:stm32f10x_lib/STM32F10x_StdPeriph_Driver/src/stm32f10x_rcc.c ****   *     @arg RCC_IT_LSERDY: LSE ready interrupt
 692:stm32f10x_lib/STM32F10x_StdPeriph_Driver/src/stm32f10x_rcc.c ****   *     @arg RCC_IT_HSIRDY: HSI ready interrupt
 693:stm32f10x_lib/STM32F10x_StdPeriph_Driver/src/stm32f10x_rcc.c ****   *     @arg RCC_IT_HSERDY: HSE ready interrupt
 694:stm32f10x_lib/STM32F10x_StdPeriph_Driver/src/stm32f10x_rcc.c ****   *     @arg RCC_IT_PLLRDY: PLL ready interrupt
 695:stm32f10x_lib/STM32F10x_StdPeriph_Driver/src/stm32f10x_rcc.c ****   *       
 696:stm32f10x_lib/STM32F10x_StdPeriph_Driver/src/stm32f10x_rcc.c ****   * @param  NewState: new state of the specified RCC interrupts.
 697:stm32f10x_lib/STM32F10x_StdPeriph_Driver/src/stm32f10x_rcc.c ****   *   This parameter can be: ENABLE or DISABLE.
 698:stm32f10x_lib/STM32F10x_StdPeriph_Driver/src/stm32f10x_rcc.c ****   * @retval None
ARM GAS  /tmp/cc3GD86t.s 			page 24


 699:stm32f10x_lib/STM32F10x_StdPeriph_Driver/src/stm32f10x_rcc.c ****   */
 700:stm32f10x_lib/STM32F10x_StdPeriph_Driver/src/stm32f10x_rcc.c **** void RCC_ITConfig(uint8_t RCC_IT, FunctionalState NewState)
 701:stm32f10x_lib/STM32F10x_StdPeriph_Driver/src/stm32f10x_rcc.c **** {
 602              		.loc 1 701 1 is_stmt 1 view -0
 603              		.cfi_startproc
 604              		@ args = 0, pretend = 0, frame = 0
 605              		@ frame_needed = 0, uses_anonymous_args = 0
 606              		@ link register save eliminated.
 702:stm32f10x_lib/STM32F10x_StdPeriph_Driver/src/stm32f10x_rcc.c ****   /* Check the parameters */
 703:stm32f10x_lib/STM32F10x_StdPeriph_Driver/src/stm32f10x_rcc.c ****   assert_param(IS_RCC_IT(RCC_IT));
 607              		.loc 1 703 3 view .LVU144
 704:stm32f10x_lib/STM32F10x_StdPeriph_Driver/src/stm32f10x_rcc.c ****   assert_param(IS_FUNCTIONAL_STATE(NewState));
 608              		.loc 1 704 3 view .LVU145
 705:stm32f10x_lib/STM32F10x_StdPeriph_Driver/src/stm32f10x_rcc.c ****   if (NewState != DISABLE)
 609              		.loc 1 705 3 view .LVU146
 610 0134 044B     		ldr	r3, .L45	@ tmp111,
 611              	@ stm32f10x_lib/STM32F10x_StdPeriph_Driver/src/stm32f10x_rcc.c:708:     *(__IO uint8_t *) CIR_BYTE2
 706:stm32f10x_lib/STM32F10x_StdPeriph_Driver/src/stm32f10x_rcc.c ****   {
 707:stm32f10x_lib/STM32F10x_StdPeriph_Driver/src/stm32f10x_rcc.c ****     /* Perform Byte access to RCC_CIR bits to enable the selected interrupts */
 708:stm32f10x_lib/STM32F10x_StdPeriph_Driver/src/stm32f10x_rcc.c ****     *(__IO uint8_t *) CIR_BYTE2_ADDRESS |= RCC_IT;
 612              		.loc 1 708 5 is_stmt 0 view .LVU147
 613 0136 5A7A     		ldrb	r2, [r3, #9]	@ zero_extendqisi2	@ _1,
 614              	@ stm32f10x_lib/STM32F10x_StdPeriph_Driver/src/stm32f10x_rcc.c:705:   if (NewState != DISABLE)
 705:stm32f10x_lib/STM32F10x_StdPeriph_Driver/src/stm32f10x_rcc.c ****   if (NewState != DISABLE)
 615              		.loc 1 705 6 view .LVU148
 616 0138 11B1     		cbz	r1, .L42	@ NewState,
 617              		.loc 1 708 5 is_stmt 1 view .LVU149
 618              	@ stm32f10x_lib/STM32F10x_StdPeriph_Driver/src/stm32f10x_rcc.c:708:     *(__IO uint8_t *) CIR_BYTE2
 619              		.loc 1 708 41 is_stmt 0 view .LVU150
 620 013a 0243     		orrs	r2, r2, r0	@, _2, _1, RCC_IT
 621              	.L44:
 622              	@ stm32f10x_lib/STM32F10x_StdPeriph_Driver/src/stm32f10x_rcc.c:713:     *(__IO uint8_t *) CIR_BYTE2
 709:stm32f10x_lib/STM32F10x_StdPeriph_Driver/src/stm32f10x_rcc.c ****   }
 710:stm32f10x_lib/STM32F10x_StdPeriph_Driver/src/stm32f10x_rcc.c ****   else
 711:stm32f10x_lib/STM32F10x_StdPeriph_Driver/src/stm32f10x_rcc.c ****   {
 712:stm32f10x_lib/STM32F10x_StdPeriph_Driver/src/stm32f10x_rcc.c ****     /* Perform Byte access to RCC_CIR bits to disable the selected interrupts */
 713:stm32f10x_lib/STM32F10x_StdPeriph_Driver/src/stm32f10x_rcc.c ****     *(__IO uint8_t *) CIR_BYTE2_ADDRESS &= (uint8_t)~RCC_IT;
 623              		.loc 1 713 41 view .LVU151
 624 013c 5A72     		strb	r2, [r3, #9]	@ _5,
 625              	@ stm32f10x_lib/STM32F10x_StdPeriph_Driver/src/stm32f10x_rcc.c:715: }
 714:stm32f10x_lib/STM32F10x_StdPeriph_Driver/src/stm32f10x_rcc.c ****   }
 715:stm32f10x_lib/STM32F10x_StdPeriph_Driver/src/stm32f10x_rcc.c **** }
 626              		.loc 1 715 1 view .LVU152
 627 013e 7047     		bx	lr	@
 628              	.L42:
 713:stm32f10x_lib/STM32F10x_StdPeriph_Driver/src/stm32f10x_rcc.c ****   }
 629              		.loc 1 713 5 is_stmt 1 view .LVU153
 630              	@ stm32f10x_lib/STM32F10x_StdPeriph_Driver/src/stm32f10x_rcc.c:713:     *(__IO uint8_t *) CIR_BYTE2
 713:stm32f10x_lib/STM32F10x_StdPeriph_Driver/src/stm32f10x_rcc.c ****   }
 631              		.loc 1 713 41 is_stmt 0 view .LVU154
 632 0140 22EA0002 		bic	r2, r2, r0	@ _5, _3, RCC_IT
 633 0144 FAE7     		b	.L44		@
 634              	.L46:
 635 0146 00BF     		.align	2
 636              	.L45:
 637 0148 00100240 		.word	1073876992
 638              		.cfi_endproc
ARM GAS  /tmp/cc3GD86t.s 			page 25


 639              	.LFE42:
 640              		.size	RCC_ITConfig, .-RCC_ITConfig
 641              		.align	1
 642              		.global	RCC_USBCLKConfig
 643              		.syntax unified
 644              		.thumb
 645              		.thumb_func
 646              		.type	RCC_USBCLKConfig, %function
 647              	RCC_USBCLKConfig:
 648              	.LVL33:
 649              	.LFB43:
 716:stm32f10x_lib/STM32F10x_StdPeriph_Driver/src/stm32f10x_rcc.c **** 
 717:stm32f10x_lib/STM32F10x_StdPeriph_Driver/src/stm32f10x_rcc.c **** #ifndef STM32F10X_CL
 718:stm32f10x_lib/STM32F10x_StdPeriph_Driver/src/stm32f10x_rcc.c **** /**
 719:stm32f10x_lib/STM32F10x_StdPeriph_Driver/src/stm32f10x_rcc.c ****   * @brief  Configures the USB clock (USBCLK).
 720:stm32f10x_lib/STM32F10x_StdPeriph_Driver/src/stm32f10x_rcc.c ****   * @param  RCC_USBCLKSource: specifies the USB clock source. This clock is 
 721:stm32f10x_lib/STM32F10x_StdPeriph_Driver/src/stm32f10x_rcc.c ****   *   derived from the PLL output.
 722:stm32f10x_lib/STM32F10x_StdPeriph_Driver/src/stm32f10x_rcc.c ****   *   This parameter can be one of the following values:
 723:stm32f10x_lib/STM32F10x_StdPeriph_Driver/src/stm32f10x_rcc.c ****   *     @arg RCC_USBCLKSource_PLLCLK_1Div5: PLL clock divided by 1,5 selected as USB 
 724:stm32f10x_lib/STM32F10x_StdPeriph_Driver/src/stm32f10x_rcc.c ****   *                                     clock source
 725:stm32f10x_lib/STM32F10x_StdPeriph_Driver/src/stm32f10x_rcc.c ****   *     @arg RCC_USBCLKSource_PLLCLK_Div1: PLL clock selected as USB clock source
 726:stm32f10x_lib/STM32F10x_StdPeriph_Driver/src/stm32f10x_rcc.c ****   * @retval None
 727:stm32f10x_lib/STM32F10x_StdPeriph_Driver/src/stm32f10x_rcc.c ****   */
 728:stm32f10x_lib/STM32F10x_StdPeriph_Driver/src/stm32f10x_rcc.c **** void RCC_USBCLKConfig(uint32_t RCC_USBCLKSource)
 729:stm32f10x_lib/STM32F10x_StdPeriph_Driver/src/stm32f10x_rcc.c **** {
 650              		.loc 1 729 1 is_stmt 1 view -0
 651              		.cfi_startproc
 652              		@ args = 0, pretend = 0, frame = 0
 653              		@ frame_needed = 0, uses_anonymous_args = 0
 654              		@ link register save eliminated.
 730:stm32f10x_lib/STM32F10x_StdPeriph_Driver/src/stm32f10x_rcc.c ****   /* Check the parameters */
 731:stm32f10x_lib/STM32F10x_StdPeriph_Driver/src/stm32f10x_rcc.c ****   assert_param(IS_RCC_USBCLK_SOURCE(RCC_USBCLKSource));
 655              		.loc 1 731 3 view .LVU156
 732:stm32f10x_lib/STM32F10x_StdPeriph_Driver/src/stm32f10x_rcc.c **** 
 733:stm32f10x_lib/STM32F10x_StdPeriph_Driver/src/stm32f10x_rcc.c ****   *(__IO uint32_t *) CFGR_USBPRE_BB = RCC_USBCLKSource;
 656              		.loc 1 733 3 view .LVU157
 657              	@ stm32f10x_lib/STM32F10x_StdPeriph_Driver/src/stm32f10x_rcc.c:733:   *(__IO uint32_t *) CFGR_USBPR
 658              		.loc 1 733 37 is_stmt 0 view .LVU158
 659 014c 014B     		ldr	r3, .L48	@ tmp95,
 660 014e C3F8D800 		str	r0, [r3, #216]	@ RCC_USBCLKSource, MEM[(volatile uint32_t *)1111621848B]
 661              	@ stm32f10x_lib/STM32F10x_StdPeriph_Driver/src/stm32f10x_rcc.c:734: }
 734:stm32f10x_lib/STM32F10x_StdPeriph_Driver/src/stm32f10x_rcc.c **** }
 662              		.loc 1 734 1 view .LVU159
 663 0152 7047     		bx	lr	@
 664              	.L49:
 665              		.align	2
 666              	.L48:
 667 0154 00004242 		.word	1111621632
 668              		.cfi_endproc
 669              	.LFE43:
 670              		.size	RCC_USBCLKConfig, .-RCC_USBCLKConfig
 671              		.align	1
 672              		.global	RCC_ADCCLKConfig
 673              		.syntax unified
 674              		.thumb
 675              		.thumb_func
 676              		.type	RCC_ADCCLKConfig, %function
ARM GAS  /tmp/cc3GD86t.s 			page 26


 677              	RCC_ADCCLKConfig:
 678              	.LVL34:
 679              	.LFB44:
 735:stm32f10x_lib/STM32F10x_StdPeriph_Driver/src/stm32f10x_rcc.c **** #else
 736:stm32f10x_lib/STM32F10x_StdPeriph_Driver/src/stm32f10x_rcc.c **** /**
 737:stm32f10x_lib/STM32F10x_StdPeriph_Driver/src/stm32f10x_rcc.c ****   * @brief  Configures the USB OTG FS clock (OTGFSCLK).
 738:stm32f10x_lib/STM32F10x_StdPeriph_Driver/src/stm32f10x_rcc.c ****   *   This function applies only to STM32 Connectivity line devices.
 739:stm32f10x_lib/STM32F10x_StdPeriph_Driver/src/stm32f10x_rcc.c ****   * @param  RCC_OTGFSCLKSource: specifies the USB OTG FS clock source.
 740:stm32f10x_lib/STM32F10x_StdPeriph_Driver/src/stm32f10x_rcc.c ****   *   This clock is derived from the PLL output.
 741:stm32f10x_lib/STM32F10x_StdPeriph_Driver/src/stm32f10x_rcc.c ****   *   This parameter can be one of the following values:
 742:stm32f10x_lib/STM32F10x_StdPeriph_Driver/src/stm32f10x_rcc.c ****   *     @arg  RCC_OTGFSCLKSource_PLLVCO_Div3: PLL VCO clock divided by 2 selected as USB OTG FS clo
 743:stm32f10x_lib/STM32F10x_StdPeriph_Driver/src/stm32f10x_rcc.c ****   *     @arg  RCC_OTGFSCLKSource_PLLVCO_Div2: PLL VCO clock divided by 2 selected as USB OTG FS clo
 744:stm32f10x_lib/STM32F10x_StdPeriph_Driver/src/stm32f10x_rcc.c ****   * @retval None
 745:stm32f10x_lib/STM32F10x_StdPeriph_Driver/src/stm32f10x_rcc.c ****   */
 746:stm32f10x_lib/STM32F10x_StdPeriph_Driver/src/stm32f10x_rcc.c **** void RCC_OTGFSCLKConfig(uint32_t RCC_OTGFSCLKSource)
 747:stm32f10x_lib/STM32F10x_StdPeriph_Driver/src/stm32f10x_rcc.c **** {
 748:stm32f10x_lib/STM32F10x_StdPeriph_Driver/src/stm32f10x_rcc.c ****   /* Check the parameters */
 749:stm32f10x_lib/STM32F10x_StdPeriph_Driver/src/stm32f10x_rcc.c ****   assert_param(IS_RCC_OTGFSCLK_SOURCE(RCC_OTGFSCLKSource));
 750:stm32f10x_lib/STM32F10x_StdPeriph_Driver/src/stm32f10x_rcc.c **** 
 751:stm32f10x_lib/STM32F10x_StdPeriph_Driver/src/stm32f10x_rcc.c ****   *(__IO uint32_t *) CFGR_OTGFSPRE_BB = RCC_OTGFSCLKSource;
 752:stm32f10x_lib/STM32F10x_StdPeriph_Driver/src/stm32f10x_rcc.c **** }
 753:stm32f10x_lib/STM32F10x_StdPeriph_Driver/src/stm32f10x_rcc.c **** #endif /* STM32F10X_CL */ 
 754:stm32f10x_lib/STM32F10x_StdPeriph_Driver/src/stm32f10x_rcc.c **** 
 755:stm32f10x_lib/STM32F10x_StdPeriph_Driver/src/stm32f10x_rcc.c **** /**
 756:stm32f10x_lib/STM32F10x_StdPeriph_Driver/src/stm32f10x_rcc.c ****   * @brief  Configures the ADC clock (ADCCLK).
 757:stm32f10x_lib/STM32F10x_StdPeriph_Driver/src/stm32f10x_rcc.c ****   * @param  RCC_PCLK2: defines the ADC clock divider. This clock is derived from 
 758:stm32f10x_lib/STM32F10x_StdPeriph_Driver/src/stm32f10x_rcc.c ****   *   the APB2 clock (PCLK2).
 759:stm32f10x_lib/STM32F10x_StdPeriph_Driver/src/stm32f10x_rcc.c ****   *   This parameter can be one of the following values:
 760:stm32f10x_lib/STM32F10x_StdPeriph_Driver/src/stm32f10x_rcc.c ****   *     @arg RCC_PCLK2_Div2: ADC clock = PCLK2/2
 761:stm32f10x_lib/STM32F10x_StdPeriph_Driver/src/stm32f10x_rcc.c ****   *     @arg RCC_PCLK2_Div4: ADC clock = PCLK2/4
 762:stm32f10x_lib/STM32F10x_StdPeriph_Driver/src/stm32f10x_rcc.c ****   *     @arg RCC_PCLK2_Div6: ADC clock = PCLK2/6
 763:stm32f10x_lib/STM32F10x_StdPeriph_Driver/src/stm32f10x_rcc.c ****   *     @arg RCC_PCLK2_Div8: ADC clock = PCLK2/8
 764:stm32f10x_lib/STM32F10x_StdPeriph_Driver/src/stm32f10x_rcc.c ****   * @retval None
 765:stm32f10x_lib/STM32F10x_StdPeriph_Driver/src/stm32f10x_rcc.c ****   */
 766:stm32f10x_lib/STM32F10x_StdPeriph_Driver/src/stm32f10x_rcc.c **** void RCC_ADCCLKConfig(uint32_t RCC_PCLK2)
 767:stm32f10x_lib/STM32F10x_StdPeriph_Driver/src/stm32f10x_rcc.c **** {
 680              		.loc 1 767 1 is_stmt 1 view -0
 681              		.cfi_startproc
 682              		@ args = 0, pretend = 0, frame = 0
 683              		@ frame_needed = 0, uses_anonymous_args = 0
 684              		@ link register save eliminated.
 768:stm32f10x_lib/STM32F10x_StdPeriph_Driver/src/stm32f10x_rcc.c ****   uint32_t tmpreg = 0;
 685              		.loc 1 768 3 view .LVU161
 769:stm32f10x_lib/STM32F10x_StdPeriph_Driver/src/stm32f10x_rcc.c ****   /* Check the parameters */
 770:stm32f10x_lib/STM32F10x_StdPeriph_Driver/src/stm32f10x_rcc.c ****   assert_param(IS_RCC_ADCCLK(RCC_PCLK2));
 686              		.loc 1 770 3 view .LVU162
 771:stm32f10x_lib/STM32F10x_StdPeriph_Driver/src/stm32f10x_rcc.c ****   tmpreg = RCC->CFGR;
 687              		.loc 1 771 3 view .LVU163
 688              	@ stm32f10x_lib/STM32F10x_StdPeriph_Driver/src/stm32f10x_rcc.c:771:   tmpreg = RCC->CFGR;
 689              		.loc 1 771 10 is_stmt 0 view .LVU164
 690 0158 034A     		ldr	r2, .L51	@ tmp98,
 691 015a 5368     		ldr	r3, [r2, #4]	@ tmpreg, MEM[(struct RCC_TypeDef *)1073876992B].CFGR
 692              	.LVL35:
 772:stm32f10x_lib/STM32F10x_StdPeriph_Driver/src/stm32f10x_rcc.c ****   /* Clear ADCPRE[1:0] bits */
 773:stm32f10x_lib/STM32F10x_StdPeriph_Driver/src/stm32f10x_rcc.c ****   tmpreg &= CFGR_ADCPRE_Reset_Mask;
 693              		.loc 1 773 3 is_stmt 1 view .LVU165
 694              	@ stm32f10x_lib/STM32F10x_StdPeriph_Driver/src/stm32f10x_rcc.c:773:   tmpreg &= CFGR_ADCPRE_Reset_M
ARM GAS  /tmp/cc3GD86t.s 			page 27


 695              		.loc 1 773 10 is_stmt 0 view .LVU166
 696 015c 23F44043 		bic	r3, r3, #49152	@ tmpreg, tmpreg,
 697              	.LVL36:
 774:stm32f10x_lib/STM32F10x_StdPeriph_Driver/src/stm32f10x_rcc.c ****   /* Set ADCPRE[1:0] bits according to RCC_PCLK2 value */
 775:stm32f10x_lib/STM32F10x_StdPeriph_Driver/src/stm32f10x_rcc.c ****   tmpreg |= RCC_PCLK2;
 698              		.loc 1 775 3 is_stmt 1 view .LVU167
 699              	@ stm32f10x_lib/STM32F10x_StdPeriph_Driver/src/stm32f10x_rcc.c:775:   tmpreg |= RCC_PCLK2;
 700              		.loc 1 775 10 is_stmt 0 view .LVU168
 701 0160 0343     		orrs	r3, r3, r0	@, tmpreg, tmpreg, RCC_PCLK2
 702              	.LVL37:
 776:stm32f10x_lib/STM32F10x_StdPeriph_Driver/src/stm32f10x_rcc.c ****   /* Store the new value */
 777:stm32f10x_lib/STM32F10x_StdPeriph_Driver/src/stm32f10x_rcc.c ****   RCC->CFGR = tmpreg;
 703              		.loc 1 777 3 is_stmt 1 view .LVU169
 704              	@ stm32f10x_lib/STM32F10x_StdPeriph_Driver/src/stm32f10x_rcc.c:777:   RCC->CFGR = tmpreg;
 705              		.loc 1 777 13 is_stmt 0 view .LVU170
 706 0162 5360     		str	r3, [r2, #4]	@ tmpreg, MEM[(struct RCC_TypeDef *)1073876992B].CFGR
 707              	@ stm32f10x_lib/STM32F10x_StdPeriph_Driver/src/stm32f10x_rcc.c:778: }
 778:stm32f10x_lib/STM32F10x_StdPeriph_Driver/src/stm32f10x_rcc.c **** }
 708              		.loc 1 778 1 view .LVU171
 709 0164 7047     		bx	lr	@
 710              	.L52:
 711 0166 00BF     		.align	2
 712              	.L51:
 713 0168 00100240 		.word	1073876992
 714              		.cfi_endproc
 715              	.LFE44:
 716              		.size	RCC_ADCCLKConfig, .-RCC_ADCCLKConfig
 717              		.align	1
 718              		.global	RCC_LSEConfig
 719              		.syntax unified
 720              		.thumb
 721              		.thumb_func
 722              		.type	RCC_LSEConfig, %function
 723              	RCC_LSEConfig:
 724              	.LVL38:
 725              	.LFB45:
 779:stm32f10x_lib/STM32F10x_StdPeriph_Driver/src/stm32f10x_rcc.c **** 
 780:stm32f10x_lib/STM32F10x_StdPeriph_Driver/src/stm32f10x_rcc.c **** #ifdef STM32F10X_CL
 781:stm32f10x_lib/STM32F10x_StdPeriph_Driver/src/stm32f10x_rcc.c **** /**
 782:stm32f10x_lib/STM32F10x_StdPeriph_Driver/src/stm32f10x_rcc.c ****   * @brief  Configures the I2S2 clock source(I2S2CLK).
 783:stm32f10x_lib/STM32F10x_StdPeriph_Driver/src/stm32f10x_rcc.c ****   * @note
 784:stm32f10x_lib/STM32F10x_StdPeriph_Driver/src/stm32f10x_rcc.c ****   *   - This function must be called before enabling I2S2 APB clock.
 785:stm32f10x_lib/STM32F10x_StdPeriph_Driver/src/stm32f10x_rcc.c ****   *   - This function applies only to STM32 Connectivity line devices.
 786:stm32f10x_lib/STM32F10x_StdPeriph_Driver/src/stm32f10x_rcc.c ****   * @param  RCC_I2S2CLKSource: specifies the I2S2 clock source.
 787:stm32f10x_lib/STM32F10x_StdPeriph_Driver/src/stm32f10x_rcc.c ****   *   This parameter can be one of the following values:
 788:stm32f10x_lib/STM32F10x_StdPeriph_Driver/src/stm32f10x_rcc.c ****   *     @arg RCC_I2S2CLKSource_SYSCLK: system clock selected as I2S2 clock entry
 789:stm32f10x_lib/STM32F10x_StdPeriph_Driver/src/stm32f10x_rcc.c ****   *     @arg RCC_I2S2CLKSource_PLL3_VCO: PLL3 VCO clock selected as I2S2 clock entry
 790:stm32f10x_lib/STM32F10x_StdPeriph_Driver/src/stm32f10x_rcc.c ****   * @retval None
 791:stm32f10x_lib/STM32F10x_StdPeriph_Driver/src/stm32f10x_rcc.c ****   */
 792:stm32f10x_lib/STM32F10x_StdPeriph_Driver/src/stm32f10x_rcc.c **** void RCC_I2S2CLKConfig(uint32_t RCC_I2S2CLKSource)
 793:stm32f10x_lib/STM32F10x_StdPeriph_Driver/src/stm32f10x_rcc.c **** {
 794:stm32f10x_lib/STM32F10x_StdPeriph_Driver/src/stm32f10x_rcc.c ****   /* Check the parameters */
 795:stm32f10x_lib/STM32F10x_StdPeriph_Driver/src/stm32f10x_rcc.c ****   assert_param(IS_RCC_I2S2CLK_SOURCE(RCC_I2S2CLKSource));
 796:stm32f10x_lib/STM32F10x_StdPeriph_Driver/src/stm32f10x_rcc.c **** 
 797:stm32f10x_lib/STM32F10x_StdPeriph_Driver/src/stm32f10x_rcc.c ****   *(__IO uint32_t *) CFGR2_I2S2SRC_BB = RCC_I2S2CLKSource;
 798:stm32f10x_lib/STM32F10x_StdPeriph_Driver/src/stm32f10x_rcc.c **** }
 799:stm32f10x_lib/STM32F10x_StdPeriph_Driver/src/stm32f10x_rcc.c **** 
ARM GAS  /tmp/cc3GD86t.s 			page 28


 800:stm32f10x_lib/STM32F10x_StdPeriph_Driver/src/stm32f10x_rcc.c **** /**
 801:stm32f10x_lib/STM32F10x_StdPeriph_Driver/src/stm32f10x_rcc.c ****   * @brief  Configures the I2S3 clock source(I2S2CLK).
 802:stm32f10x_lib/STM32F10x_StdPeriph_Driver/src/stm32f10x_rcc.c ****   * @note
 803:stm32f10x_lib/STM32F10x_StdPeriph_Driver/src/stm32f10x_rcc.c ****   *   - This function must be called before enabling I2S3 APB clock.
 804:stm32f10x_lib/STM32F10x_StdPeriph_Driver/src/stm32f10x_rcc.c ****   *   - This function applies only to STM32 Connectivity line devices.
 805:stm32f10x_lib/STM32F10x_StdPeriph_Driver/src/stm32f10x_rcc.c ****   * @param  RCC_I2S3CLKSource: specifies the I2S3 clock source.
 806:stm32f10x_lib/STM32F10x_StdPeriph_Driver/src/stm32f10x_rcc.c ****   *   This parameter can be one of the following values:
 807:stm32f10x_lib/STM32F10x_StdPeriph_Driver/src/stm32f10x_rcc.c ****   *     @arg RCC_I2S3CLKSource_SYSCLK: system clock selected as I2S3 clock entry
 808:stm32f10x_lib/STM32F10x_StdPeriph_Driver/src/stm32f10x_rcc.c ****   *     @arg RCC_I2S3CLKSource_PLL3_VCO: PLL3 VCO clock selected as I2S3 clock entry
 809:stm32f10x_lib/STM32F10x_StdPeriph_Driver/src/stm32f10x_rcc.c ****   * @retval None
 810:stm32f10x_lib/STM32F10x_StdPeriph_Driver/src/stm32f10x_rcc.c ****   */
 811:stm32f10x_lib/STM32F10x_StdPeriph_Driver/src/stm32f10x_rcc.c **** void RCC_I2S3CLKConfig(uint32_t RCC_I2S3CLKSource)
 812:stm32f10x_lib/STM32F10x_StdPeriph_Driver/src/stm32f10x_rcc.c **** {
 813:stm32f10x_lib/STM32F10x_StdPeriph_Driver/src/stm32f10x_rcc.c ****   /* Check the parameters */
 814:stm32f10x_lib/STM32F10x_StdPeriph_Driver/src/stm32f10x_rcc.c ****   assert_param(IS_RCC_I2S3CLK_SOURCE(RCC_I2S3CLKSource));
 815:stm32f10x_lib/STM32F10x_StdPeriph_Driver/src/stm32f10x_rcc.c **** 
 816:stm32f10x_lib/STM32F10x_StdPeriph_Driver/src/stm32f10x_rcc.c ****   *(__IO uint32_t *) CFGR2_I2S3SRC_BB = RCC_I2S3CLKSource;
 817:stm32f10x_lib/STM32F10x_StdPeriph_Driver/src/stm32f10x_rcc.c **** }
 818:stm32f10x_lib/STM32F10x_StdPeriph_Driver/src/stm32f10x_rcc.c **** #endif /* STM32F10X_CL */
 819:stm32f10x_lib/STM32F10x_StdPeriph_Driver/src/stm32f10x_rcc.c **** 
 820:stm32f10x_lib/STM32F10x_StdPeriph_Driver/src/stm32f10x_rcc.c **** /**
 821:stm32f10x_lib/STM32F10x_StdPeriph_Driver/src/stm32f10x_rcc.c ****   * @brief  Configures the External Low Speed oscillator (LSE).
 822:stm32f10x_lib/STM32F10x_StdPeriph_Driver/src/stm32f10x_rcc.c ****   * @param  RCC_LSE: specifies the new state of the LSE.
 823:stm32f10x_lib/STM32F10x_StdPeriph_Driver/src/stm32f10x_rcc.c ****   *   This parameter can be one of the following values:
 824:stm32f10x_lib/STM32F10x_StdPeriph_Driver/src/stm32f10x_rcc.c ****   *     @arg RCC_LSE_OFF: LSE oscillator OFF
 825:stm32f10x_lib/STM32F10x_StdPeriph_Driver/src/stm32f10x_rcc.c ****   *     @arg RCC_LSE_ON: LSE oscillator ON
 826:stm32f10x_lib/STM32F10x_StdPeriph_Driver/src/stm32f10x_rcc.c ****   *     @arg RCC_LSE_Bypass: LSE oscillator bypassed with external clock
 827:stm32f10x_lib/STM32F10x_StdPeriph_Driver/src/stm32f10x_rcc.c ****   * @retval None
 828:stm32f10x_lib/STM32F10x_StdPeriph_Driver/src/stm32f10x_rcc.c ****   */
 829:stm32f10x_lib/STM32F10x_StdPeriph_Driver/src/stm32f10x_rcc.c **** void RCC_LSEConfig(uint8_t RCC_LSE)
 830:stm32f10x_lib/STM32F10x_StdPeriph_Driver/src/stm32f10x_rcc.c **** {
 726              		.loc 1 830 1 is_stmt 1 view -0
 727              		.cfi_startproc
 728              		@ args = 0, pretend = 0, frame = 0
 729              		@ frame_needed = 0, uses_anonymous_args = 0
 730              		@ link register save eliminated.
 831:stm32f10x_lib/STM32F10x_StdPeriph_Driver/src/stm32f10x_rcc.c ****   /* Check the parameters */
 832:stm32f10x_lib/STM32F10x_StdPeriph_Driver/src/stm32f10x_rcc.c ****   assert_param(IS_RCC_LSE(RCC_LSE));
 731              		.loc 1 832 3 view .LVU173
 833:stm32f10x_lib/STM32F10x_StdPeriph_Driver/src/stm32f10x_rcc.c ****   /* Reset LSEON and LSEBYP bits before configuring the LSE ------------------*/
 834:stm32f10x_lib/STM32F10x_StdPeriph_Driver/src/stm32f10x_rcc.c ****   /* Reset LSEON bit */
 835:stm32f10x_lib/STM32F10x_StdPeriph_Driver/src/stm32f10x_rcc.c ****   *(__IO uint8_t *) BDCR_ADDRESS = RCC_LSE_OFF;
 732              		.loc 1 835 3 view .LVU174
 733              	@ stm32f10x_lib/STM32F10x_StdPeriph_Driver/src/stm32f10x_rcc.c:835:   *(__IO uint8_t *) BDCR_ADDRES
 734              		.loc 1 835 34 is_stmt 0 view .LVU175
 735 016c 0022     		movs	r2, #0	@ tmp96,
 736 016e 084B     		ldr	r3, .L57	@ tmp95,
 737              	@ stm32f10x_lib/STM32F10x_StdPeriph_Driver/src/stm32f10x_rcc.c:839:   switch(RCC_LSE)
 836:stm32f10x_lib/STM32F10x_StdPeriph_Driver/src/stm32f10x_rcc.c ****   /* Reset LSEBYP bit */
 837:stm32f10x_lib/STM32F10x_StdPeriph_Driver/src/stm32f10x_rcc.c ****   *(__IO uint8_t *) BDCR_ADDRESS = RCC_LSE_OFF;
 838:stm32f10x_lib/STM32F10x_StdPeriph_Driver/src/stm32f10x_rcc.c ****   /* Configure LSE (RCC_LSE_OFF is already covered by the code section above) */
 839:stm32f10x_lib/STM32F10x_StdPeriph_Driver/src/stm32f10x_rcc.c ****   switch(RCC_LSE)
 738              		.loc 1 839 3 view .LVU176
 739 0170 0128     		cmp	r0, #1	@ RCC_LSE,
 740              	@ stm32f10x_lib/STM32F10x_StdPeriph_Driver/src/stm32f10x_rcc.c:835:   *(__IO uint8_t *) BDCR_ADDRES
 835:stm32f10x_lib/STM32F10x_StdPeriph_Driver/src/stm32f10x_rcc.c ****   /* Reset LSEBYP bit */
 741              		.loc 1 835 34 view .LVU177
ARM GAS  /tmp/cc3GD86t.s 			page 29


 742 0172 83F82020 		strb	r2, [r3, #32]	@ tmp96, MEM[(volatile uint8_t *)1073877024B]
 837:stm32f10x_lib/STM32F10x_StdPeriph_Driver/src/stm32f10x_rcc.c ****   /* Configure LSE (RCC_LSE_OFF is already covered by the code section above) */
 743              		.loc 1 837 3 is_stmt 1 view .LVU178
 744              	@ stm32f10x_lib/STM32F10x_StdPeriph_Driver/src/stm32f10x_rcc.c:837:   *(__IO uint8_t *) BDCR_ADDRES
 837:stm32f10x_lib/STM32F10x_StdPeriph_Driver/src/stm32f10x_rcc.c ****   /* Configure LSE (RCC_LSE_OFF is already covered by the code section above) */
 745              		.loc 1 837 34 is_stmt 0 view .LVU179
 746 0176 83F82020 		strb	r2, [r3, #32]	@ tmp96, MEM[(volatile uint8_t *)1073877024B]
 747              		.loc 1 839 3 is_stmt 1 view .LVU180
 748 017a 02D0     		beq	.L54		@,
 749 017c 0428     		cmp	r0, #4	@ RCC_LSE,
 750 017e 03D0     		beq	.L55		@,
 751 0180 7047     		bx	lr	@
 752              	.L54:
 840:stm32f10x_lib/STM32F10x_StdPeriph_Driver/src/stm32f10x_rcc.c ****   {
 841:stm32f10x_lib/STM32F10x_StdPeriph_Driver/src/stm32f10x_rcc.c ****     case RCC_LSE_ON:
 842:stm32f10x_lib/STM32F10x_StdPeriph_Driver/src/stm32f10x_rcc.c ****       /* Set LSEON bit */
 843:stm32f10x_lib/STM32F10x_StdPeriph_Driver/src/stm32f10x_rcc.c ****       *(__IO uint8_t *) BDCR_ADDRESS = RCC_LSE_ON;
 753              		.loc 1 843 7 view .LVU181
 754              	@ stm32f10x_lib/STM32F10x_StdPeriph_Driver/src/stm32f10x_rcc.c:843:       *(__IO uint8_t *) BDCR_AD
 755              		.loc 1 843 38 is_stmt 0 view .LVU182
 756 0182 83F82000 		strb	r0, [r3, #32]	@ RCC_LSE, MEM[(volatile uint8_t *)1073877024B]
 844:stm32f10x_lib/STM32F10x_StdPeriph_Driver/src/stm32f10x_rcc.c ****       break;
 757              		.loc 1 844 7 is_stmt 1 view .LVU183
 758 0186 7047     		bx	lr	@
 759              	.L55:
 845:stm32f10x_lib/STM32F10x_StdPeriph_Driver/src/stm32f10x_rcc.c ****       
 846:stm32f10x_lib/STM32F10x_StdPeriph_Driver/src/stm32f10x_rcc.c ****     case RCC_LSE_Bypass:
 847:stm32f10x_lib/STM32F10x_StdPeriph_Driver/src/stm32f10x_rcc.c ****       /* Set LSEBYP and LSEON bits */
 848:stm32f10x_lib/STM32F10x_StdPeriph_Driver/src/stm32f10x_rcc.c ****       *(__IO uint8_t *) BDCR_ADDRESS = RCC_LSE_Bypass | RCC_LSE_ON;
 760              		.loc 1 848 7 view .LVU184
 761              	@ stm32f10x_lib/STM32F10x_StdPeriph_Driver/src/stm32f10x_rcc.c:848:       *(__IO uint8_t *) BDCR_AD
 762              		.loc 1 848 38 is_stmt 0 view .LVU185
 763 0188 0522     		movs	r2, #5	@ tmp105,
 764 018a 83F82020 		strb	r2, [r3, #32]	@ tmp105, MEM[(volatile uint8_t *)1073877024B]
 849:stm32f10x_lib/STM32F10x_StdPeriph_Driver/src/stm32f10x_rcc.c ****       break;            
 765              		.loc 1 849 7 is_stmt 1 view .LVU186
 766              	@ stm32f10x_lib/STM32F10x_StdPeriph_Driver/src/stm32f10x_rcc.c:854: }
 850:stm32f10x_lib/STM32F10x_StdPeriph_Driver/src/stm32f10x_rcc.c ****       
 851:stm32f10x_lib/STM32F10x_StdPeriph_Driver/src/stm32f10x_rcc.c ****     default:
 852:stm32f10x_lib/STM32F10x_StdPeriph_Driver/src/stm32f10x_rcc.c ****       break;      
 853:stm32f10x_lib/STM32F10x_StdPeriph_Driver/src/stm32f10x_rcc.c ****   }
 854:stm32f10x_lib/STM32F10x_StdPeriph_Driver/src/stm32f10x_rcc.c **** }
 767              		.loc 1 854 1 is_stmt 0 view .LVU187
 768 018e 7047     		bx	lr	@
 769              	.L58:
 770              		.align	2
 771              	.L57:
 772 0190 00100240 		.word	1073876992
 773              		.cfi_endproc
 774              	.LFE45:
 775              		.size	RCC_LSEConfig, .-RCC_LSEConfig
 776              		.align	1
 777              		.global	RCC_LSICmd
 778              		.syntax unified
 779              		.thumb
 780              		.thumb_func
 781              		.type	RCC_LSICmd, %function
ARM GAS  /tmp/cc3GD86t.s 			page 30


 782              	RCC_LSICmd:
 783              	.LVL39:
 784              	.LFB46:
 855:stm32f10x_lib/STM32F10x_StdPeriph_Driver/src/stm32f10x_rcc.c **** 
 856:stm32f10x_lib/STM32F10x_StdPeriph_Driver/src/stm32f10x_rcc.c **** /**
 857:stm32f10x_lib/STM32F10x_StdPeriph_Driver/src/stm32f10x_rcc.c ****   * @brief  Enables or disables the Internal Low Speed oscillator (LSI).
 858:stm32f10x_lib/STM32F10x_StdPeriph_Driver/src/stm32f10x_rcc.c ****   * @note   LSI can not be disabled if the IWDG is running.
 859:stm32f10x_lib/STM32F10x_StdPeriph_Driver/src/stm32f10x_rcc.c ****   * @param  NewState: new state of the LSI. This parameter can be: ENABLE or DISABLE.
 860:stm32f10x_lib/STM32F10x_StdPeriph_Driver/src/stm32f10x_rcc.c ****   * @retval None
 861:stm32f10x_lib/STM32F10x_StdPeriph_Driver/src/stm32f10x_rcc.c ****   */
 862:stm32f10x_lib/STM32F10x_StdPeriph_Driver/src/stm32f10x_rcc.c **** void RCC_LSICmd(FunctionalState NewState)
 863:stm32f10x_lib/STM32F10x_StdPeriph_Driver/src/stm32f10x_rcc.c **** {
 785              		.loc 1 863 1 is_stmt 1 view -0
 786              		.cfi_startproc
 787              		@ args = 0, pretend = 0, frame = 0
 788              		@ frame_needed = 0, uses_anonymous_args = 0
 789              		@ link register save eliminated.
 864:stm32f10x_lib/STM32F10x_StdPeriph_Driver/src/stm32f10x_rcc.c ****   /* Check the parameters */
 865:stm32f10x_lib/STM32F10x_StdPeriph_Driver/src/stm32f10x_rcc.c ****   assert_param(IS_FUNCTIONAL_STATE(NewState));
 790              		.loc 1 865 3 view .LVU189
 866:stm32f10x_lib/STM32F10x_StdPeriph_Driver/src/stm32f10x_rcc.c ****   *(__IO uint32_t *) CSR_LSION_BB = (uint32_t)NewState;
 791              		.loc 1 866 3 view .LVU190
 792              	@ stm32f10x_lib/STM32F10x_StdPeriph_Driver/src/stm32f10x_rcc.c:866:   *(__IO uint32_t *) CSR_LSION_
 793              		.loc 1 866 35 is_stmt 0 view .LVU191
 794 0194 014B     		ldr	r3, .L60	@ tmp96,
 795 0196 C3F88004 		str	r0, [r3, #1152]	@ NewState, MEM[(volatile uint32_t *)1111622784B]
 796              	@ stm32f10x_lib/STM32F10x_StdPeriph_Driver/src/stm32f10x_rcc.c:867: }
 867:stm32f10x_lib/STM32F10x_StdPeriph_Driver/src/stm32f10x_rcc.c **** }
 797              		.loc 1 867 1 view .LVU192
 798 019a 7047     		bx	lr	@
 799              	.L61:
 800              		.align	2
 801              	.L60:
 802 019c 00004242 		.word	1111621632
 803              		.cfi_endproc
 804              	.LFE46:
 805              		.size	RCC_LSICmd, .-RCC_LSICmd
 806              		.align	1
 807              		.global	RCC_RTCCLKConfig
 808              		.syntax unified
 809              		.thumb
 810              		.thumb_func
 811              		.type	RCC_RTCCLKConfig, %function
 812              	RCC_RTCCLKConfig:
 813              	.LVL40:
 814              	.LFB47:
 868:stm32f10x_lib/STM32F10x_StdPeriph_Driver/src/stm32f10x_rcc.c **** 
 869:stm32f10x_lib/STM32F10x_StdPeriph_Driver/src/stm32f10x_rcc.c **** /**
 870:stm32f10x_lib/STM32F10x_StdPeriph_Driver/src/stm32f10x_rcc.c ****   * @brief  Configures the RTC clock (RTCCLK).
 871:stm32f10x_lib/STM32F10x_StdPeriph_Driver/src/stm32f10x_rcc.c ****   * @note   Once the RTC clock is selected it can't be changed unless the Backup domain is reset.
 872:stm32f10x_lib/STM32F10x_StdPeriph_Driver/src/stm32f10x_rcc.c ****   * @param  RCC_RTCCLKSource: specifies the RTC clock source.
 873:stm32f10x_lib/STM32F10x_StdPeriph_Driver/src/stm32f10x_rcc.c ****   *   This parameter can be one of the following values:
 874:stm32f10x_lib/STM32F10x_StdPeriph_Driver/src/stm32f10x_rcc.c ****   *     @arg RCC_RTCCLKSource_LSE: LSE selected as RTC clock
 875:stm32f10x_lib/STM32F10x_StdPeriph_Driver/src/stm32f10x_rcc.c ****   *     @arg RCC_RTCCLKSource_LSI: LSI selected as RTC clock
 876:stm32f10x_lib/STM32F10x_StdPeriph_Driver/src/stm32f10x_rcc.c ****   *     @arg RCC_RTCCLKSource_HSE_Div128: HSE clock divided by 128 selected as RTC clock
 877:stm32f10x_lib/STM32F10x_StdPeriph_Driver/src/stm32f10x_rcc.c ****   * @retval None
 878:stm32f10x_lib/STM32F10x_StdPeriph_Driver/src/stm32f10x_rcc.c ****   */
ARM GAS  /tmp/cc3GD86t.s 			page 31


 879:stm32f10x_lib/STM32F10x_StdPeriph_Driver/src/stm32f10x_rcc.c **** void RCC_RTCCLKConfig(uint32_t RCC_RTCCLKSource)
 880:stm32f10x_lib/STM32F10x_StdPeriph_Driver/src/stm32f10x_rcc.c **** {
 815              		.loc 1 880 1 is_stmt 1 view -0
 816              		.cfi_startproc
 817              		@ args = 0, pretend = 0, frame = 0
 818              		@ frame_needed = 0, uses_anonymous_args = 0
 819              		@ link register save eliminated.
 881:stm32f10x_lib/STM32F10x_StdPeriph_Driver/src/stm32f10x_rcc.c ****   /* Check the parameters */
 882:stm32f10x_lib/STM32F10x_StdPeriph_Driver/src/stm32f10x_rcc.c ****   assert_param(IS_RCC_RTCCLK_SOURCE(RCC_RTCCLKSource));
 820              		.loc 1 882 3 view .LVU194
 883:stm32f10x_lib/STM32F10x_StdPeriph_Driver/src/stm32f10x_rcc.c ****   /* Select the RTC clock source */
 884:stm32f10x_lib/STM32F10x_StdPeriph_Driver/src/stm32f10x_rcc.c ****   RCC->BDCR |= RCC_RTCCLKSource;
 821              		.loc 1 884 3 view .LVU195
 822              	@ stm32f10x_lib/STM32F10x_StdPeriph_Driver/src/stm32f10x_rcc.c:884:   RCC->BDCR |= RCC_RTCCLKSource
 823              		.loc 1 884 6 is_stmt 0 view .LVU196
 824 01a0 024A     		ldr	r2, .L63	@ tmp97,
 825 01a2 136A     		ldr	r3, [r2, #32]	@ _1, MEM[(struct RCC_TypeDef *)1073876992B].BDCR
 826              	@ stm32f10x_lib/STM32F10x_StdPeriph_Driver/src/stm32f10x_rcc.c:884:   RCC->BDCR |= RCC_RTCCLKSource
 827              		.loc 1 884 13 view .LVU197
 828 01a4 0343     		orrs	r3, r3, r0	@, _2, _1, RCC_RTCCLKSource
 829 01a6 1362     		str	r3, [r2, #32]	@ _2, MEM[(struct RCC_TypeDef *)1073876992B].BDCR
 830              	@ stm32f10x_lib/STM32F10x_StdPeriph_Driver/src/stm32f10x_rcc.c:885: }
 885:stm32f10x_lib/STM32F10x_StdPeriph_Driver/src/stm32f10x_rcc.c **** }
 831              		.loc 1 885 1 view .LVU198
 832 01a8 7047     		bx	lr	@
 833              	.L64:
 834 01aa 00BF     		.align	2
 835              	.L63:
 836 01ac 00100240 		.word	1073876992
 837              		.cfi_endproc
 838              	.LFE47:
 839              		.size	RCC_RTCCLKConfig, .-RCC_RTCCLKConfig
 840              		.align	1
 841              		.global	RCC_RTCCLKCmd
 842              		.syntax unified
 843              		.thumb
 844              		.thumb_func
 845              		.type	RCC_RTCCLKCmd, %function
 846              	RCC_RTCCLKCmd:
 847              	.LVL41:
 848              	.LFB48:
 886:stm32f10x_lib/STM32F10x_StdPeriph_Driver/src/stm32f10x_rcc.c **** 
 887:stm32f10x_lib/STM32F10x_StdPeriph_Driver/src/stm32f10x_rcc.c **** /**
 888:stm32f10x_lib/STM32F10x_StdPeriph_Driver/src/stm32f10x_rcc.c ****   * @brief  Enables or disables the RTC clock.
 889:stm32f10x_lib/STM32F10x_StdPeriph_Driver/src/stm32f10x_rcc.c ****   * @note   This function must be used only after the RTC clock was selected using the RCC_RTCCLKCo
 890:stm32f10x_lib/STM32F10x_StdPeriph_Driver/src/stm32f10x_rcc.c ****   * @param  NewState: new state of the RTC clock. This parameter can be: ENABLE or DISABLE.
 891:stm32f10x_lib/STM32F10x_StdPeriph_Driver/src/stm32f10x_rcc.c ****   * @retval None
 892:stm32f10x_lib/STM32F10x_StdPeriph_Driver/src/stm32f10x_rcc.c ****   */
 893:stm32f10x_lib/STM32F10x_StdPeriph_Driver/src/stm32f10x_rcc.c **** void RCC_RTCCLKCmd(FunctionalState NewState)
 894:stm32f10x_lib/STM32F10x_StdPeriph_Driver/src/stm32f10x_rcc.c **** {
 849              		.loc 1 894 1 is_stmt 1 view -0
 850              		.cfi_startproc
 851              		@ args = 0, pretend = 0, frame = 0
 852              		@ frame_needed = 0, uses_anonymous_args = 0
 853              		@ link register save eliminated.
 895:stm32f10x_lib/STM32F10x_StdPeriph_Driver/src/stm32f10x_rcc.c ****   /* Check the parameters */
 896:stm32f10x_lib/STM32F10x_StdPeriph_Driver/src/stm32f10x_rcc.c ****   assert_param(IS_FUNCTIONAL_STATE(NewState));
ARM GAS  /tmp/cc3GD86t.s 			page 32


 854              		.loc 1 896 3 view .LVU200
 897:stm32f10x_lib/STM32F10x_StdPeriph_Driver/src/stm32f10x_rcc.c ****   *(__IO uint32_t *) BDCR_RTCEN_BB = (uint32_t)NewState;
 855              		.loc 1 897 3 view .LVU201
 856              	@ stm32f10x_lib/STM32F10x_StdPeriph_Driver/src/stm32f10x_rcc.c:897:   *(__IO uint32_t *) BDCR_RTCEN
 857              		.loc 1 897 36 is_stmt 0 view .LVU202
 858 01b0 014B     		ldr	r3, .L66	@ tmp96,
 859 01b2 C3F83C04 		str	r0, [r3, #1084]	@ NewState, MEM[(volatile uint32_t *)1111622716B]
 860              	@ stm32f10x_lib/STM32F10x_StdPeriph_Driver/src/stm32f10x_rcc.c:898: }
 898:stm32f10x_lib/STM32F10x_StdPeriph_Driver/src/stm32f10x_rcc.c **** }
 861              		.loc 1 898 1 view .LVU203
 862 01b6 7047     		bx	lr	@
 863              	.L67:
 864              		.align	2
 865              	.L66:
 866 01b8 00004242 		.word	1111621632
 867              		.cfi_endproc
 868              	.LFE48:
 869              		.size	RCC_RTCCLKCmd, .-RCC_RTCCLKCmd
 870              		.align	1
 871              		.global	RCC_GetClocksFreq
 872              		.syntax unified
 873              		.thumb
 874              		.thumb_func
 875              		.type	RCC_GetClocksFreq, %function
 876              	RCC_GetClocksFreq:
 877              	.LVL42:
 878              	.LFB49:
 899:stm32f10x_lib/STM32F10x_StdPeriph_Driver/src/stm32f10x_rcc.c **** 
 900:stm32f10x_lib/STM32F10x_StdPeriph_Driver/src/stm32f10x_rcc.c **** /**
 901:stm32f10x_lib/STM32F10x_StdPeriph_Driver/src/stm32f10x_rcc.c ****   * @brief  Returns the frequencies of different on chip clocks.
 902:stm32f10x_lib/STM32F10x_StdPeriph_Driver/src/stm32f10x_rcc.c ****   * @param  RCC_Clocks: pointer to a RCC_ClocksTypeDef structure which will hold
 903:stm32f10x_lib/STM32F10x_StdPeriph_Driver/src/stm32f10x_rcc.c ****   *         the clocks frequencies.
 904:stm32f10x_lib/STM32F10x_StdPeriph_Driver/src/stm32f10x_rcc.c ****   * @note   The result of this function could be not correct when using 
 905:stm32f10x_lib/STM32F10x_StdPeriph_Driver/src/stm32f10x_rcc.c ****   *         fractional value for HSE crystal.  
 906:stm32f10x_lib/STM32F10x_StdPeriph_Driver/src/stm32f10x_rcc.c ****   * @retval None
 907:stm32f10x_lib/STM32F10x_StdPeriph_Driver/src/stm32f10x_rcc.c ****   */
 908:stm32f10x_lib/STM32F10x_StdPeriph_Driver/src/stm32f10x_rcc.c **** void RCC_GetClocksFreq(RCC_ClocksTypeDef* RCC_Clocks)
 909:stm32f10x_lib/STM32F10x_StdPeriph_Driver/src/stm32f10x_rcc.c **** {
 879              		.loc 1 909 1 is_stmt 1 view -0
 880              		.cfi_startproc
 881              		@ args = 0, pretend = 0, frame = 0
 882              		@ frame_needed = 0, uses_anonymous_args = 0
 910:stm32f10x_lib/STM32F10x_StdPeriph_Driver/src/stm32f10x_rcc.c ****   uint32_t tmp = 0, pllmull = 0, pllsource = 0, presc = 0;
 883              		.loc 1 910 3 view .LVU205
 911:stm32f10x_lib/STM32F10x_StdPeriph_Driver/src/stm32f10x_rcc.c **** 
 912:stm32f10x_lib/STM32F10x_StdPeriph_Driver/src/stm32f10x_rcc.c **** #ifdef  STM32F10X_CL
 913:stm32f10x_lib/STM32F10x_StdPeriph_Driver/src/stm32f10x_rcc.c ****   uint32_t prediv1source = 0, prediv1factor = 0, prediv2factor = 0, pll2mull = 0;
 914:stm32f10x_lib/STM32F10x_StdPeriph_Driver/src/stm32f10x_rcc.c **** #endif /* STM32F10X_CL */
 915:stm32f10x_lib/STM32F10x_StdPeriph_Driver/src/stm32f10x_rcc.c **** 
 916:stm32f10x_lib/STM32F10x_StdPeriph_Driver/src/stm32f10x_rcc.c **** #if defined (STM32F10X_LD_VL) || defined (STM32F10X_MD_VL) || defined (STM32F10X_HD_VL)
 917:stm32f10x_lib/STM32F10x_StdPeriph_Driver/src/stm32f10x_rcc.c ****   uint32_t prediv1factor = 0;
 884              		.loc 1 917 3 view .LVU206
 918:stm32f10x_lib/STM32F10x_StdPeriph_Driver/src/stm32f10x_rcc.c **** #endif
 919:stm32f10x_lib/STM32F10x_StdPeriph_Driver/src/stm32f10x_rcc.c ****     
 920:stm32f10x_lib/STM32F10x_StdPeriph_Driver/src/stm32f10x_rcc.c ****   /* Get SYSCLK source -------------------------------------------------------*/
 921:stm32f10x_lib/STM32F10x_StdPeriph_Driver/src/stm32f10x_rcc.c ****   tmp = RCC->CFGR & CFGR_SWS_Mask;
 885              		.loc 1 921 3 view .LVU207
ARM GAS  /tmp/cc3GD86t.s 			page 33


 886              	@ stm32f10x_lib/STM32F10x_StdPeriph_Driver/src/stm32f10x_rcc.c:921:   tmp = RCC->CFGR & CFGR_SWS_Ma
 887              		.loc 1 921 12 is_stmt 0 view .LVU208
 888 01bc 1B4A     		ldr	r2, .L73	@ tmp132,
 889              	@ stm32f10x_lib/STM32F10x_StdPeriph_Driver/src/stm32f10x_rcc.c:909: {
 909:stm32f10x_lib/STM32F10x_StdPeriph_Driver/src/stm32f10x_rcc.c ****   uint32_t tmp = 0, pllmull = 0, pllsource = 0, presc = 0;
 890              		.loc 1 909 1 view .LVU209
 891 01be 10B5     		push	{r4, lr}	@
 892              	.LCFI0:
 893              		.cfi_def_cfa_offset 8
 894              		.cfi_offset 4, -8
 895              		.cfi_offset 14, -4
 896              	@ stm32f10x_lib/STM32F10x_StdPeriph_Driver/src/stm32f10x_rcc.c:921:   tmp = RCC->CFGR & CFGR_SWS_Ma
 897              		.loc 1 921 12 view .LVU210
 898 01c0 5368     		ldr	r3, [r2, #4]	@ _1, MEM[(struct RCC_TypeDef *)1073876992B].CFGR
 899              	.LVL43:
 922:stm32f10x_lib/STM32F10x_StdPeriph_Driver/src/stm32f10x_rcc.c ****   
 923:stm32f10x_lib/STM32F10x_StdPeriph_Driver/src/stm32f10x_rcc.c ****   switch (tmp)
 900              		.loc 1 923 3 is_stmt 1 view .LVU211
 901              	@ stm32f10x_lib/STM32F10x_StdPeriph_Driver/src/stm32f10x_rcc.c:921:   tmp = RCC->CFGR & CFGR_SWS_Ma
 921:stm32f10x_lib/STM32F10x_StdPeriph_Driver/src/stm32f10x_rcc.c ****   
 902              		.loc 1 921 7 is_stmt 0 view .LVU212
 903 01c2 03F00C03 		and	r3, r3, #12	@ tmp_30, _1,
 904              	.LVL44:
 905              	@ stm32f10x_lib/STM32F10x_StdPeriph_Driver/src/stm32f10x_rcc.c:923:   switch (tmp)
 906              		.loc 1 923 3 view .LVU213
 907 01c6 082B     		cmp	r3, #8	@ tmp_30,
 908 01c8 2ED1     		bne	.L71		@,
 924:stm32f10x_lib/STM32F10x_StdPeriph_Driver/src/stm32f10x_rcc.c ****   {
 925:stm32f10x_lib/STM32F10x_StdPeriph_Driver/src/stm32f10x_rcc.c ****     case 0x00:  /* HSI used as system clock */
 926:stm32f10x_lib/STM32F10x_StdPeriph_Driver/src/stm32f10x_rcc.c ****       RCC_Clocks->SYSCLK_Frequency = HSI_VALUE;
 927:stm32f10x_lib/STM32F10x_StdPeriph_Driver/src/stm32f10x_rcc.c ****       break;
 928:stm32f10x_lib/STM32F10x_StdPeriph_Driver/src/stm32f10x_rcc.c ****     case 0x04:  /* HSE used as system clock */
 929:stm32f10x_lib/STM32F10x_StdPeriph_Driver/src/stm32f10x_rcc.c ****       RCC_Clocks->SYSCLK_Frequency = HSE_VALUE;
 930:stm32f10x_lib/STM32F10x_StdPeriph_Driver/src/stm32f10x_rcc.c ****       break;
 931:stm32f10x_lib/STM32F10x_StdPeriph_Driver/src/stm32f10x_rcc.c ****     case 0x08:  /* PLL used as system clock */
 932:stm32f10x_lib/STM32F10x_StdPeriph_Driver/src/stm32f10x_rcc.c **** 
 933:stm32f10x_lib/STM32F10x_StdPeriph_Driver/src/stm32f10x_rcc.c ****       /* Get PLL clock source and multiplication factor ----------------------*/
 934:stm32f10x_lib/STM32F10x_StdPeriph_Driver/src/stm32f10x_rcc.c ****       pllmull = RCC->CFGR & CFGR_PLLMull_Mask;
 909              		.loc 1 934 7 is_stmt 1 view .LVU214
 910              	@ stm32f10x_lib/STM32F10x_StdPeriph_Driver/src/stm32f10x_rcc.c:934:       pllmull = RCC->CFGR & CFG
 911              		.loc 1 934 20 is_stmt 0 view .LVU215
 912 01ca 5368     		ldr	r3, [r2, #4]	@ _2, MEM[(struct RCC_TypeDef *)1073876992B].CFGR
 913              	.LVL45:
 935:stm32f10x_lib/STM32F10x_StdPeriph_Driver/src/stm32f10x_rcc.c ****       pllsource = RCC->CFGR & CFGR_PLLSRC_Mask;
 914              		.loc 1 935 7 is_stmt 1 view .LVU216
 915              	@ stm32f10x_lib/STM32F10x_StdPeriph_Driver/src/stm32f10x_rcc.c:935:       pllsource = RCC->CFGR & C
 916              		.loc 1 935 22 is_stmt 0 view .LVU217
 917 01cc 5168     		ldr	r1, [r2, #4]	@ _3, MEM[(struct RCC_TypeDef *)1073876992B].CFGR
 918              	.LVL46:
 936:stm32f10x_lib/STM32F10x_StdPeriph_Driver/src/stm32f10x_rcc.c ****       
 937:stm32f10x_lib/STM32F10x_StdPeriph_Driver/src/stm32f10x_rcc.c **** #ifndef STM32F10X_CL      
 938:stm32f10x_lib/STM32F10x_StdPeriph_Driver/src/stm32f10x_rcc.c ****       pllmull = ( pllmull >> 18) + 2;
 919              		.loc 1 938 7 is_stmt 1 view .LVU218
 920              	@ stm32f10x_lib/STM32F10x_StdPeriph_Driver/src/stm32f10x_rcc.c:938:       pllmull = ( pllmull >> 18
 921              		.loc 1 938 27 is_stmt 0 view .LVU219
 922 01ce C3F38343 		ubfx	r3, r3, #18, #4	@ _4, _2,,
 923              	.LVL47:
ARM GAS  /tmp/cc3GD86t.s 			page 34


 924              	@ stm32f10x_lib/STM32F10x_StdPeriph_Driver/src/stm32f10x_rcc.c:940:       if (pllsource == 0x00)
 939:stm32f10x_lib/STM32F10x_StdPeriph_Driver/src/stm32f10x_rcc.c ****       
 940:stm32f10x_lib/STM32F10x_StdPeriph_Driver/src/stm32f10x_rcc.c ****       if (pllsource == 0x00)
 925              		.loc 1 940 10 view .LVU220
 926 01d2 C903     		lsls	r1, r1, #15	@, _3,
 927              	.LVL48:
 928              	@ stm32f10x_lib/STM32F10x_StdPeriph_Driver/src/stm32f10x_rcc.c:947:        prediv1factor = (RCC->CF
 941:stm32f10x_lib/STM32F10x_StdPeriph_Driver/src/stm32f10x_rcc.c ****       {/* HSI oscillator clock divided by 2 selected as PLL clock entry */
 942:stm32f10x_lib/STM32F10x_StdPeriph_Driver/src/stm32f10x_rcc.c ****         RCC_Clocks->SYSCLK_Frequency = (HSI_VALUE >> 1) * pllmull;
 943:stm32f10x_lib/STM32F10x_StdPeriph_Driver/src/stm32f10x_rcc.c ****       }
 944:stm32f10x_lib/STM32F10x_StdPeriph_Driver/src/stm32f10x_rcc.c ****       else
 945:stm32f10x_lib/STM32F10x_StdPeriph_Driver/src/stm32f10x_rcc.c ****       {
 946:stm32f10x_lib/STM32F10x_StdPeriph_Driver/src/stm32f10x_rcc.c ****  #if defined (STM32F10X_LD_VL) || defined (STM32F10X_MD_VL) || defined (STM32F10X_HD_VL)
 947:stm32f10x_lib/STM32F10x_StdPeriph_Driver/src/stm32f10x_rcc.c ****        prediv1factor = (RCC->CFGR2 & CFGR2_PREDIV1) + 1;
 929              		.loc 1 947 28 view .LVU221
 930 01d4 41BF     		itttt	mi
 931 01d6 D16A     		ldrmi	r1, [r2, #44]	@ _6, MEM[(struct RCC_TypeDef *)1073876992B].CFGR2
 932              	@ stm32f10x_lib/STM32F10x_StdPeriph_Driver/src/stm32f10x_rcc.c:949:        RCC_Clocks->SYSCLK_Frequ
 948:stm32f10x_lib/STM32F10x_StdPeriph_Driver/src/stm32f10x_rcc.c ****        /* HSE oscillator clock selected as PREDIV1 clock entry */
 949:stm32f10x_lib/STM32F10x_StdPeriph_Driver/src/stm32f10x_rcc.c ****        RCC_Clocks->SYSCLK_Frequency = (HSE_VALUE / prediv1factor) * pllmull; 
 933              		.loc 1 949 50 view .LVU222
 934 01d8 154C     		ldrmi	r4, .L73+4	@ tmp145,
 935              	@ stm32f10x_lib/STM32F10x_StdPeriph_Driver/src/stm32f10x_rcc.c:947:        prediv1factor = (RCC->CF
 947:stm32f10x_lib/STM32F10x_StdPeriph_Driver/src/stm32f10x_rcc.c ****        /* HSE oscillator clock selected as PREDIV1 clock entry */
 936              		.loc 1 947 36 view .LVU223
 937 01da 01F00F01 		andmi	r1, r1, #15	@ _7, _6,
 938              	@ stm32f10x_lib/STM32F10x_StdPeriph_Driver/src/stm32f10x_rcc.c:947:        prediv1factor = (RCC->CF
 947:stm32f10x_lib/STM32F10x_StdPeriph_Driver/src/stm32f10x_rcc.c ****        /* HSE oscillator clock selected as PREDIV1 clock entry */
 939              		.loc 1 947 22 view .LVU224
 940 01de 0131     		addmi	r1, r1, #1	@ prediv1factor_33, _7,
 941              	@ stm32f10x_lib/STM32F10x_StdPeriph_Driver/src/stm32f10x_rcc.c:949:        RCC_Clocks->SYSCLK_Frequ
 942              		.loc 1 949 50 view .LVU225
 943 01e0 4CBF     		ite	mi
 944 01e2 B4FBF1F1 		udivmi	r1, r4, r1	@ _8, tmp145, prediv1factor_33
 945              	@ stm32f10x_lib/STM32F10x_StdPeriph_Driver/src/stm32f10x_rcc.c:942:         RCC_Clocks->SYSCLK_Freq
 942:stm32f10x_lib/STM32F10x_StdPeriph_Driver/src/stm32f10x_rcc.c ****       }
 946              		.loc 1 942 57 view .LVU226
 947 01e6 1349     		ldrpl	r1, .L73+8	@ tmp139,
 948              	@ stm32f10x_lib/STM32F10x_StdPeriph_Driver/src/stm32f10x_rcc.c:938:       pllmull = ( pllmull >> 18
 938:stm32f10x_lib/STM32F10x_StdPeriph_Driver/src/stm32f10x_rcc.c ****       
 949              		.loc 1 938 15 view .LVU227
 950 01e8 0233     		adds	r3, r3, #2	@ pllmull, _4,
 951              	.LVL49:
 940:stm32f10x_lib/STM32F10x_StdPeriph_Driver/src/stm32f10x_rcc.c ****       {/* HSI oscillator clock divided by 2 selected as PLL clock entry */
 952              		.loc 1 940 7 is_stmt 1 view .LVU228
 942:stm32f10x_lib/STM32F10x_StdPeriph_Driver/src/stm32f10x_rcc.c ****       }
 953              		.loc 1 942 9 view .LVU229
 947:stm32f10x_lib/STM32F10x_StdPeriph_Driver/src/stm32f10x_rcc.c ****        /* HSE oscillator clock selected as PREDIV1 clock entry */
 954              		.loc 1 947 8 view .LVU230
 955              		.loc 1 949 8 view .LVU231
 956              	@ stm32f10x_lib/STM32F10x_StdPeriph_Driver/src/stm32f10x_rcc.c:949:        RCC_Clocks->SYSCLK_Frequ
 957              		.loc 1 949 67 is_stmt 0 view .LVU232
 958 01ea 4B43     		muls	r3, r1, r3	@ _39, _8
 959              	.LVL50:
 960              	.L69:
 961              	@ stm32f10x_lib/STM32F10x_StdPeriph_Driver/src/stm32f10x_rcc.c:926:       RCC_Clocks->SYSCLK_Freque
 926:stm32f10x_lib/STM32F10x_StdPeriph_Driver/src/stm32f10x_rcc.c ****       break;
ARM GAS  /tmp/cc3GD86t.s 			page 35


 962              		.loc 1 926 36 view .LVU233
 963 01ec 0360     		str	r3, [r0]	@ _39, RCC_Clocks_34(D)->SYSCLK_Frequency
 950:stm32f10x_lib/STM32F10x_StdPeriph_Driver/src/stm32f10x_rcc.c ****  #else
 951:stm32f10x_lib/STM32F10x_StdPeriph_Driver/src/stm32f10x_rcc.c ****         /* HSE selected as PLL clock entry */
 952:stm32f10x_lib/STM32F10x_StdPeriph_Driver/src/stm32f10x_rcc.c ****         if ((RCC->CFGR & CFGR_PLLXTPRE_Mask) != (uint32_t)RESET)
 953:stm32f10x_lib/STM32F10x_StdPeriph_Driver/src/stm32f10x_rcc.c ****         {/* HSE oscillator clock divided by 2 */
 954:stm32f10x_lib/STM32F10x_StdPeriph_Driver/src/stm32f10x_rcc.c ****           RCC_Clocks->SYSCLK_Frequency = (HSE_VALUE >> 1) * pllmull;
 955:stm32f10x_lib/STM32F10x_StdPeriph_Driver/src/stm32f10x_rcc.c ****         }
 956:stm32f10x_lib/STM32F10x_StdPeriph_Driver/src/stm32f10x_rcc.c ****         else
 957:stm32f10x_lib/STM32F10x_StdPeriph_Driver/src/stm32f10x_rcc.c ****         {
 958:stm32f10x_lib/STM32F10x_StdPeriph_Driver/src/stm32f10x_rcc.c ****           RCC_Clocks->SYSCLK_Frequency = HSE_VALUE * pllmull;
 959:stm32f10x_lib/STM32F10x_StdPeriph_Driver/src/stm32f10x_rcc.c ****         }
 960:stm32f10x_lib/STM32F10x_StdPeriph_Driver/src/stm32f10x_rcc.c ****  #endif
 961:stm32f10x_lib/STM32F10x_StdPeriph_Driver/src/stm32f10x_rcc.c ****       }
 962:stm32f10x_lib/STM32F10x_StdPeriph_Driver/src/stm32f10x_rcc.c **** #else
 963:stm32f10x_lib/STM32F10x_StdPeriph_Driver/src/stm32f10x_rcc.c ****       pllmull = pllmull >> 18;
 964:stm32f10x_lib/STM32F10x_StdPeriph_Driver/src/stm32f10x_rcc.c ****       
 965:stm32f10x_lib/STM32F10x_StdPeriph_Driver/src/stm32f10x_rcc.c ****       if (pllmull != 0x0D)
 966:stm32f10x_lib/STM32F10x_StdPeriph_Driver/src/stm32f10x_rcc.c ****       {
 967:stm32f10x_lib/STM32F10x_StdPeriph_Driver/src/stm32f10x_rcc.c ****          pllmull += 2;
 968:stm32f10x_lib/STM32F10x_StdPeriph_Driver/src/stm32f10x_rcc.c ****       }
 969:stm32f10x_lib/STM32F10x_StdPeriph_Driver/src/stm32f10x_rcc.c ****       else
 970:stm32f10x_lib/STM32F10x_StdPeriph_Driver/src/stm32f10x_rcc.c ****       { /* PLL multiplication factor = PLL input clock * 6.5 */
 971:stm32f10x_lib/STM32F10x_StdPeriph_Driver/src/stm32f10x_rcc.c ****         pllmull = 13 / 2; 
 972:stm32f10x_lib/STM32F10x_StdPeriph_Driver/src/stm32f10x_rcc.c ****       }
 973:stm32f10x_lib/STM32F10x_StdPeriph_Driver/src/stm32f10x_rcc.c ****             
 974:stm32f10x_lib/STM32F10x_StdPeriph_Driver/src/stm32f10x_rcc.c ****       if (pllsource == 0x00)
 975:stm32f10x_lib/STM32F10x_StdPeriph_Driver/src/stm32f10x_rcc.c ****       {/* HSI oscillator clock divided by 2 selected as PLL clock entry */
 976:stm32f10x_lib/STM32F10x_StdPeriph_Driver/src/stm32f10x_rcc.c ****         RCC_Clocks->SYSCLK_Frequency = (HSI_VALUE >> 1) * pllmull;
 977:stm32f10x_lib/STM32F10x_StdPeriph_Driver/src/stm32f10x_rcc.c ****       }
 978:stm32f10x_lib/STM32F10x_StdPeriph_Driver/src/stm32f10x_rcc.c ****       else
 979:stm32f10x_lib/STM32F10x_StdPeriph_Driver/src/stm32f10x_rcc.c ****       {/* PREDIV1 selected as PLL clock entry */
 980:stm32f10x_lib/STM32F10x_StdPeriph_Driver/src/stm32f10x_rcc.c ****         
 981:stm32f10x_lib/STM32F10x_StdPeriph_Driver/src/stm32f10x_rcc.c ****         /* Get PREDIV1 clock source and division factor */
 982:stm32f10x_lib/STM32F10x_StdPeriph_Driver/src/stm32f10x_rcc.c ****         prediv1source = RCC->CFGR2 & CFGR2_PREDIV1SRC;
 983:stm32f10x_lib/STM32F10x_StdPeriph_Driver/src/stm32f10x_rcc.c ****         prediv1factor = (RCC->CFGR2 & CFGR2_PREDIV1) + 1;
 984:stm32f10x_lib/STM32F10x_StdPeriph_Driver/src/stm32f10x_rcc.c ****         
 985:stm32f10x_lib/STM32F10x_StdPeriph_Driver/src/stm32f10x_rcc.c ****         if (prediv1source == 0)
 986:stm32f10x_lib/STM32F10x_StdPeriph_Driver/src/stm32f10x_rcc.c ****         { /* HSE oscillator clock selected as PREDIV1 clock entry */
 987:stm32f10x_lib/STM32F10x_StdPeriph_Driver/src/stm32f10x_rcc.c ****           RCC_Clocks->SYSCLK_Frequency = (HSE_VALUE / prediv1factor) * pllmull;          
 988:stm32f10x_lib/STM32F10x_StdPeriph_Driver/src/stm32f10x_rcc.c ****         }
 989:stm32f10x_lib/STM32F10x_StdPeriph_Driver/src/stm32f10x_rcc.c ****         else
 990:stm32f10x_lib/STM32F10x_StdPeriph_Driver/src/stm32f10x_rcc.c ****         {/* PLL2 clock selected as PREDIV1 clock entry */
 991:stm32f10x_lib/STM32F10x_StdPeriph_Driver/src/stm32f10x_rcc.c ****           
 992:stm32f10x_lib/STM32F10x_StdPeriph_Driver/src/stm32f10x_rcc.c ****           /* Get PREDIV2 division factor and PLL2 multiplication factor */
 993:stm32f10x_lib/STM32F10x_StdPeriph_Driver/src/stm32f10x_rcc.c ****           prediv2factor = ((RCC->CFGR2 & CFGR2_PREDIV2) >> 4) + 1;
 994:stm32f10x_lib/STM32F10x_StdPeriph_Driver/src/stm32f10x_rcc.c ****           pll2mull = ((RCC->CFGR2 & CFGR2_PLL2MUL) >> 8 ) + 2; 
 995:stm32f10x_lib/STM32F10x_StdPeriph_Driver/src/stm32f10x_rcc.c ****           RCC_Clocks->SYSCLK_Frequency = (((HSE_VALUE / prediv2factor) * pll2mull) / prediv1factor)
 996:stm32f10x_lib/STM32F10x_StdPeriph_Driver/src/stm32f10x_rcc.c ****         }
 997:stm32f10x_lib/STM32F10x_StdPeriph_Driver/src/stm32f10x_rcc.c ****       }
 998:stm32f10x_lib/STM32F10x_StdPeriph_Driver/src/stm32f10x_rcc.c **** #endif /* STM32F10X_CL */ 
 999:stm32f10x_lib/STM32F10x_StdPeriph_Driver/src/stm32f10x_rcc.c ****       break;
1000:stm32f10x_lib/STM32F10x_StdPeriph_Driver/src/stm32f10x_rcc.c **** 
1001:stm32f10x_lib/STM32F10x_StdPeriph_Driver/src/stm32f10x_rcc.c ****     default:
1002:stm32f10x_lib/STM32F10x_StdPeriph_Driver/src/stm32f10x_rcc.c ****       RCC_Clocks->SYSCLK_Frequency = HSI_VALUE;
1003:stm32f10x_lib/STM32F10x_StdPeriph_Driver/src/stm32f10x_rcc.c ****       break;
1004:stm32f10x_lib/STM32F10x_StdPeriph_Driver/src/stm32f10x_rcc.c ****   }
ARM GAS  /tmp/cc3GD86t.s 			page 36


1005:stm32f10x_lib/STM32F10x_StdPeriph_Driver/src/stm32f10x_rcc.c **** 
1006:stm32f10x_lib/STM32F10x_StdPeriph_Driver/src/stm32f10x_rcc.c ****   /* Compute HCLK, PCLK1, PCLK2 and ADCCLK clocks frequencies ----------------*/
1007:stm32f10x_lib/STM32F10x_StdPeriph_Driver/src/stm32f10x_rcc.c ****   /* Get HCLK prescaler */
1008:stm32f10x_lib/STM32F10x_StdPeriph_Driver/src/stm32f10x_rcc.c ****   tmp = RCC->CFGR & CFGR_HPRE_Set_Mask;
 964              		.loc 1 1008 3 is_stmt 1 view .LVU234
 965              	@ stm32f10x_lib/STM32F10x_StdPeriph_Driver/src/stm32f10x_rcc.c:1008:   tmp = RCC->CFGR & CFGR_HPRE_
 966              		.loc 1 1008 12 is_stmt 0 view .LVU235
 967 01ee 5468     		ldr	r4, [r2, #4]	@ _10, MEM[(struct RCC_TypeDef *)1073876992B].CFGR
 968              	.LVL51:
1009:stm32f10x_lib/STM32F10x_StdPeriph_Driver/src/stm32f10x_rcc.c ****   tmp = tmp >> 4;
 969              		.loc 1 1009 3 is_stmt 1 view .LVU236
 970              	@ stm32f10x_lib/STM32F10x_StdPeriph_Driver/src/stm32f10x_rcc.c:1010:   presc = APBAHBPrescTable[tmp
1010:stm32f10x_lib/STM32F10x_StdPeriph_Driver/src/stm32f10x_rcc.c ****   presc = APBAHBPrescTable[tmp];
 971              		.loc 1 1010 27 is_stmt 0 view .LVU237
 972 01f0 1149     		ldr	r1, .L73+12	@ tmp151,
 973              	@ stm32f10x_lib/STM32F10x_StdPeriph_Driver/src/stm32f10x_rcc.c:1009:   tmp = tmp >> 4;
1009:stm32f10x_lib/STM32F10x_StdPeriph_Driver/src/stm32f10x_rcc.c ****   tmp = tmp >> 4;
 974              		.loc 1 1009 7 view .LVU238
 975 01f2 C4F30314 		ubfx	r4, r4, #4, #4	@ tmp, _10,,
 976              	.LVL52:
 977              		.loc 1 1010 3 is_stmt 1 view .LVU239
 978              	@ stm32f10x_lib/STM32F10x_StdPeriph_Driver/src/stm32f10x_rcc.c:1010:   presc = APBAHBPrescTable[tmp
 979              		.loc 1 1010 27 is_stmt 0 view .LVU240
 980 01f6 0C5D     		ldrb	r4, [r1, r4]	@ zero_extendqisi2	@ _11, APBAHBPrescTable[tmp_40]
 981              	.LVL53:
1011:stm32f10x_lib/STM32F10x_StdPeriph_Driver/src/stm32f10x_rcc.c ****   /* HCLK clock frequency */
1012:stm32f10x_lib/STM32F10x_StdPeriph_Driver/src/stm32f10x_rcc.c ****   RCC_Clocks->HCLK_Frequency = RCC_Clocks->SYSCLK_Frequency >> presc;
 982              		.loc 1 1012 3 is_stmt 1 view .LVU241
 983              	@ stm32f10x_lib/STM32F10x_StdPeriph_Driver/src/stm32f10x_rcc.c:1012:   RCC_Clocks->HCLK_Frequency =
 984              		.loc 1 1012 61 is_stmt 0 view .LVU242
 985 01f8 E340     		lsrs	r3, r3, r4	@ _13, _39, _11
 986              	@ stm32f10x_lib/STM32F10x_StdPeriph_Driver/src/stm32f10x_rcc.c:1012:   RCC_Clocks->HCLK_Frequency =
 987              		.loc 1 1012 30 view .LVU243
 988 01fa 4360     		str	r3, [r0, #4]	@ _13, RCC_Clocks_34(D)->HCLK_Frequency
1013:stm32f10x_lib/STM32F10x_StdPeriph_Driver/src/stm32f10x_rcc.c ****   /* Get PCLK1 prescaler */
1014:stm32f10x_lib/STM32F10x_StdPeriph_Driver/src/stm32f10x_rcc.c ****   tmp = RCC->CFGR & CFGR_PPRE1_Set_Mask;
 989              		.loc 1 1014 3 is_stmt 1 view .LVU244
 990              	@ stm32f10x_lib/STM32F10x_StdPeriph_Driver/src/stm32f10x_rcc.c:1014:   tmp = RCC->CFGR & CFGR_PPRE1
 991              		.loc 1 1014 12 is_stmt 0 view .LVU245
 992 01fc 5468     		ldr	r4, [r2, #4]	@ _14, MEM[(struct RCC_TypeDef *)1073876992B].CFGR
 993              	.LVL54:
1015:stm32f10x_lib/STM32F10x_StdPeriph_Driver/src/stm32f10x_rcc.c ****   tmp = tmp >> 8;
 994              		.loc 1 1015 3 is_stmt 1 view .LVU246
 995              	@ stm32f10x_lib/STM32F10x_StdPeriph_Driver/src/stm32f10x_rcc.c:1015:   tmp = tmp >> 8;
 996              		.loc 1 1015 7 is_stmt 0 view .LVU247
 997 01fe C4F30224 		ubfx	r4, r4, #8, #3	@ tmp, _14,,
 998              	.LVL55:
1016:stm32f10x_lib/STM32F10x_StdPeriph_Driver/src/stm32f10x_rcc.c ****   presc = APBAHBPrescTable[tmp];
 999              		.loc 1 1016 3 is_stmt 1 view .LVU248
 1000              	@ stm32f10x_lib/STM32F10x_StdPeriph_Driver/src/stm32f10x_rcc.c:1016:   presc = APBAHBPrescTable[tmp
 1001              		.loc 1 1016 27 is_stmt 0 view .LVU249
 1002 0202 0C5D     		ldrb	r4, [r1, r4]	@ zero_extendqisi2	@ _15, APBAHBPrescTable[tmp_43]
 1003              	.LVL56:
1017:stm32f10x_lib/STM32F10x_StdPeriph_Driver/src/stm32f10x_rcc.c ****   /* PCLK1 clock frequency */
1018:stm32f10x_lib/STM32F10x_StdPeriph_Driver/src/stm32f10x_rcc.c ****   RCC_Clocks->PCLK1_Frequency = RCC_Clocks->HCLK_Frequency >> presc;
 1004              		.loc 1 1018 3 is_stmt 1 view .LVU250
 1005              	@ stm32f10x_lib/STM32F10x_StdPeriph_Driver/src/stm32f10x_rcc.c:1018:   RCC_Clocks->PCLK1_Frequency 
ARM GAS  /tmp/cc3GD86t.s 			page 37


 1006              		.loc 1 1018 60 is_stmt 0 view .LVU251
 1007 0204 23FA04F4 		lsr	r4, r3, r4	@ _16, _13, _15
 1008              	.LVL57:
 1009              	@ stm32f10x_lib/STM32F10x_StdPeriph_Driver/src/stm32f10x_rcc.c:1018:   RCC_Clocks->PCLK1_Frequency 
 1010              		.loc 1 1018 31 view .LVU252
 1011 0208 8460     		str	r4, [r0, #8]	@ _16, RCC_Clocks_34(D)->PCLK1_Frequency
1019:stm32f10x_lib/STM32F10x_StdPeriph_Driver/src/stm32f10x_rcc.c ****   /* Get PCLK2 prescaler */
1020:stm32f10x_lib/STM32F10x_StdPeriph_Driver/src/stm32f10x_rcc.c ****   tmp = RCC->CFGR & CFGR_PPRE2_Set_Mask;
 1012              		.loc 1 1020 3 is_stmt 1 view .LVU253
 1013              	@ stm32f10x_lib/STM32F10x_StdPeriph_Driver/src/stm32f10x_rcc.c:1020:   tmp = RCC->CFGR & CFGR_PPRE2
 1014              		.loc 1 1020 12 is_stmt 0 view .LVU254
 1015 020a 5468     		ldr	r4, [r2, #4]	@ _17, MEM[(struct RCC_TypeDef *)1073876992B].CFGR
 1016              	.LVL58:
1021:stm32f10x_lib/STM32F10x_StdPeriph_Driver/src/stm32f10x_rcc.c ****   tmp = tmp >> 11;
 1017              		.loc 1 1021 3 is_stmt 1 view .LVU255
 1018              	@ stm32f10x_lib/STM32F10x_StdPeriph_Driver/src/stm32f10x_rcc.c:1021:   tmp = tmp >> 11;
 1019              		.loc 1 1021 7 is_stmt 0 view .LVU256
 1020 020c C4F3C224 		ubfx	r4, r4, #11, #3	@ tmp, _17,,
 1021              	.LVL59:
1022:stm32f10x_lib/STM32F10x_StdPeriph_Driver/src/stm32f10x_rcc.c ****   presc = APBAHBPrescTable[tmp];
 1022              		.loc 1 1022 3 is_stmt 1 view .LVU257
 1023              	@ stm32f10x_lib/STM32F10x_StdPeriph_Driver/src/stm32f10x_rcc.c:1022:   presc = APBAHBPrescTable[tmp
 1024              		.loc 1 1022 27 is_stmt 0 view .LVU258
 1025 0210 0C5D     		ldrb	r4, [r1, r4]	@ zero_extendqisi2	@ _18, APBAHBPrescTable[tmp_46]
 1026              	.LVL60:
1023:stm32f10x_lib/STM32F10x_StdPeriph_Driver/src/stm32f10x_rcc.c ****   /* PCLK2 clock frequency */
1024:stm32f10x_lib/STM32F10x_StdPeriph_Driver/src/stm32f10x_rcc.c ****   RCC_Clocks->PCLK2_Frequency = RCC_Clocks->HCLK_Frequency >> presc;
 1027              		.loc 1 1024 3 is_stmt 1 view .LVU259
 1028              	@ stm32f10x_lib/STM32F10x_StdPeriph_Driver/src/stm32f10x_rcc.c:1024:   RCC_Clocks->PCLK2_Frequency 
 1029              		.loc 1 1024 60 is_stmt 0 view .LVU260
 1030 0212 E340     		lsrs	r3, r3, r4	@ _19, _13, _18
 1031              	@ stm32f10x_lib/STM32F10x_StdPeriph_Driver/src/stm32f10x_rcc.c:1024:   RCC_Clocks->PCLK2_Frequency 
 1032              		.loc 1 1024 31 view .LVU261
 1033 0214 C360     		str	r3, [r0, #12]	@ _19, RCC_Clocks_34(D)->PCLK2_Frequency
1025:stm32f10x_lib/STM32F10x_StdPeriph_Driver/src/stm32f10x_rcc.c ****   /* Get ADCCLK prescaler */
1026:stm32f10x_lib/STM32F10x_StdPeriph_Driver/src/stm32f10x_rcc.c ****   tmp = RCC->CFGR & CFGR_ADCPRE_Set_Mask;
 1034              		.loc 1 1026 3 is_stmt 1 view .LVU262
 1035              	@ stm32f10x_lib/STM32F10x_StdPeriph_Driver/src/stm32f10x_rcc.c:1026:   tmp = RCC->CFGR & CFGR_ADCPR
 1036              		.loc 1 1026 12 is_stmt 0 view .LVU263
 1037 0216 5268     		ldr	r2, [r2, #4]	@ _20, MEM[(struct RCC_TypeDef *)1073876992B].CFGR
 1038              	.LVL61:
1027:stm32f10x_lib/STM32F10x_StdPeriph_Driver/src/stm32f10x_rcc.c ****   tmp = tmp >> 14;
 1039              		.loc 1 1027 3 is_stmt 1 view .LVU264
 1040              	@ stm32f10x_lib/STM32F10x_StdPeriph_Driver/src/stm32f10x_rcc.c:1027:   tmp = tmp >> 14;
 1041              		.loc 1 1027 7 is_stmt 0 view .LVU265
 1042 0218 C2F38132 		ubfx	r2, r2, #14, #2	@ tmp, _20,,
 1043              	.LVL62:
1028:stm32f10x_lib/STM32F10x_StdPeriph_Driver/src/stm32f10x_rcc.c ****   presc = ADCPrescTable[tmp];
 1044              		.loc 1 1028 3 is_stmt 1 view .LVU266
 1045              	@ stm32f10x_lib/STM32F10x_StdPeriph_Driver/src/stm32f10x_rcc.c:1028:   presc = ADCPrescTable[tmp];
 1046              		.loc 1 1028 24 is_stmt 0 view .LVU267
 1047 021c 1144     		add	r1, r1, r2	@ tmp162, tmp
 1048 021e 0A7C     		ldrb	r2, [r1, #16]	@ zero_extendqisi2	@ _21, ADCPrescTable[tmp_49]
 1049              	.LVL63:
1029:stm32f10x_lib/STM32F10x_StdPeriph_Driver/src/stm32f10x_rcc.c ****   /* ADCCLK clock frequency */
1030:stm32f10x_lib/STM32F10x_StdPeriph_Driver/src/stm32f10x_rcc.c ****   RCC_Clocks->ADCCLK_Frequency = RCC_Clocks->PCLK2_Frequency / presc;
 1050              		.loc 1 1030 3 is_stmt 1 view .LVU268
ARM GAS  /tmp/cc3GD86t.s 			page 38


 1051              	@ stm32f10x_lib/STM32F10x_StdPeriph_Driver/src/stm32f10x_rcc.c:1030:   RCC_Clocks->ADCCLK_Frequency
 1052              		.loc 1 1030 62 is_stmt 0 view .LVU269
 1053 0220 B3FBF2F3 		udiv	r3, r3, r2	@ _22, _19, _21
 1054              	@ stm32f10x_lib/STM32F10x_StdPeriph_Driver/src/stm32f10x_rcc.c:1030:   RCC_Clocks->ADCCLK_Frequency
 1055              		.loc 1 1030 32 view .LVU270
 1056 0224 0361     		str	r3, [r0, #16]	@ _22, RCC_Clocks_34(D)->ADCCLK_Frequency
 1057              	@ stm32f10x_lib/STM32F10x_StdPeriph_Driver/src/stm32f10x_rcc.c:1031: }
1031:stm32f10x_lib/STM32F10x_StdPeriph_Driver/src/stm32f10x_rcc.c **** }
 1058              		.loc 1 1031 1 view .LVU271
 1059 0226 10BD     		pop	{r4, pc}	@
 1060              	.LVL64:
 1061              	.L71:
 1062              	@ stm32f10x_lib/STM32F10x_StdPeriph_Driver/src/stm32f10x_rcc.c:923:   switch (tmp)
 923:stm32f10x_lib/STM32F10x_StdPeriph_Driver/src/stm32f10x_rcc.c ****   {
 1063              		.loc 1 923 3 view .LVU272
 1064 0228 014B     		ldr	r3, .L73+4	@ _39,
 1065              	.LVL65:
 923:stm32f10x_lib/STM32F10x_StdPeriph_Driver/src/stm32f10x_rcc.c ****   {
 1066              		.loc 1 923 3 view .LVU273
 1067 022a DFE7     		b	.L69		@
 1068              	.L74:
 1069              		.align	2
 1070              	.L73:
 1071 022c 00100240 		.word	1073876992
 1072 0230 00127A00 		.word	8000000
 1073 0234 00093D00 		.word	4000000
 1074 0238 00000000 		.word	.LANCHOR0
 1075              		.cfi_endproc
 1076              	.LFE49:
 1077              		.size	RCC_GetClocksFreq, .-RCC_GetClocksFreq
 1078              		.align	1
 1079              		.global	RCC_AHBPeriphClockCmd
 1080              		.syntax unified
 1081              		.thumb
 1082              		.thumb_func
 1083              		.type	RCC_AHBPeriphClockCmd, %function
 1084              	RCC_AHBPeriphClockCmd:
 1085              	.LVL66:
 1086              	.LFB50:
1032:stm32f10x_lib/STM32F10x_StdPeriph_Driver/src/stm32f10x_rcc.c **** 
1033:stm32f10x_lib/STM32F10x_StdPeriph_Driver/src/stm32f10x_rcc.c **** /**
1034:stm32f10x_lib/STM32F10x_StdPeriph_Driver/src/stm32f10x_rcc.c ****   * @brief  Enables or disables the AHB peripheral clock.
1035:stm32f10x_lib/STM32F10x_StdPeriph_Driver/src/stm32f10x_rcc.c ****   * @param  RCC_AHBPeriph: specifies the AHB peripheral to gates its clock.
1036:stm32f10x_lib/STM32F10x_StdPeriph_Driver/src/stm32f10x_rcc.c ****   *   
1037:stm32f10x_lib/STM32F10x_StdPeriph_Driver/src/stm32f10x_rcc.c ****   *   For @b STM32_Connectivity_line_devices, this parameter can be any combination
1038:stm32f10x_lib/STM32F10x_StdPeriph_Driver/src/stm32f10x_rcc.c ****   *   of the following values:        
1039:stm32f10x_lib/STM32F10x_StdPeriph_Driver/src/stm32f10x_rcc.c ****   *     @arg RCC_AHBPeriph_DMA1
1040:stm32f10x_lib/STM32F10x_StdPeriph_Driver/src/stm32f10x_rcc.c ****   *     @arg RCC_AHBPeriph_DMA2
1041:stm32f10x_lib/STM32F10x_StdPeriph_Driver/src/stm32f10x_rcc.c ****   *     @arg RCC_AHBPeriph_SRAM
1042:stm32f10x_lib/STM32F10x_StdPeriph_Driver/src/stm32f10x_rcc.c ****   *     @arg RCC_AHBPeriph_FLITF
1043:stm32f10x_lib/STM32F10x_StdPeriph_Driver/src/stm32f10x_rcc.c ****   *     @arg RCC_AHBPeriph_CRC
1044:stm32f10x_lib/STM32F10x_StdPeriph_Driver/src/stm32f10x_rcc.c ****   *     @arg RCC_AHBPeriph_OTG_FS    
1045:stm32f10x_lib/STM32F10x_StdPeriph_Driver/src/stm32f10x_rcc.c ****   *     @arg RCC_AHBPeriph_ETH_MAC   
1046:stm32f10x_lib/STM32F10x_StdPeriph_Driver/src/stm32f10x_rcc.c ****   *     @arg RCC_AHBPeriph_ETH_MAC_Tx
1047:stm32f10x_lib/STM32F10x_StdPeriph_Driver/src/stm32f10x_rcc.c ****   *     @arg RCC_AHBPeriph_ETH_MAC_Rx
1048:stm32f10x_lib/STM32F10x_StdPeriph_Driver/src/stm32f10x_rcc.c ****   * 
1049:stm32f10x_lib/STM32F10x_StdPeriph_Driver/src/stm32f10x_rcc.c ****   *   For @b other_STM32_devices, this parameter can be any combination of the 
ARM GAS  /tmp/cc3GD86t.s 			page 39


1050:stm32f10x_lib/STM32F10x_StdPeriph_Driver/src/stm32f10x_rcc.c ****   *   following values:        
1051:stm32f10x_lib/STM32F10x_StdPeriph_Driver/src/stm32f10x_rcc.c ****   *     @arg RCC_AHBPeriph_DMA1
1052:stm32f10x_lib/STM32F10x_StdPeriph_Driver/src/stm32f10x_rcc.c ****   *     @arg RCC_AHBPeriph_DMA2
1053:stm32f10x_lib/STM32F10x_StdPeriph_Driver/src/stm32f10x_rcc.c ****   *     @arg RCC_AHBPeriph_SRAM
1054:stm32f10x_lib/STM32F10x_StdPeriph_Driver/src/stm32f10x_rcc.c ****   *     @arg RCC_AHBPeriph_FLITF
1055:stm32f10x_lib/STM32F10x_StdPeriph_Driver/src/stm32f10x_rcc.c ****   *     @arg RCC_AHBPeriph_CRC
1056:stm32f10x_lib/STM32F10x_StdPeriph_Driver/src/stm32f10x_rcc.c ****   *     @arg RCC_AHBPeriph_FSMC
1057:stm32f10x_lib/STM32F10x_StdPeriph_Driver/src/stm32f10x_rcc.c ****   *     @arg RCC_AHBPeriph_SDIO
1058:stm32f10x_lib/STM32F10x_StdPeriph_Driver/src/stm32f10x_rcc.c ****   *   
1059:stm32f10x_lib/STM32F10x_StdPeriph_Driver/src/stm32f10x_rcc.c ****   * @note SRAM and FLITF clock can be disabled only during sleep mode.
1060:stm32f10x_lib/STM32F10x_StdPeriph_Driver/src/stm32f10x_rcc.c ****   * @param  NewState: new state of the specified peripheral clock.
1061:stm32f10x_lib/STM32F10x_StdPeriph_Driver/src/stm32f10x_rcc.c ****   *   This parameter can be: ENABLE or DISABLE.
1062:stm32f10x_lib/STM32F10x_StdPeriph_Driver/src/stm32f10x_rcc.c ****   * @retval None
1063:stm32f10x_lib/STM32F10x_StdPeriph_Driver/src/stm32f10x_rcc.c ****   */
1064:stm32f10x_lib/STM32F10x_StdPeriph_Driver/src/stm32f10x_rcc.c **** void RCC_AHBPeriphClockCmd(uint32_t RCC_AHBPeriph, FunctionalState NewState)
1065:stm32f10x_lib/STM32F10x_StdPeriph_Driver/src/stm32f10x_rcc.c **** {
 1087              		.loc 1 1065 1 is_stmt 1 view -0
 1088              		.cfi_startproc
 1089              		@ args = 0, pretend = 0, frame = 0
 1090              		@ frame_needed = 0, uses_anonymous_args = 0
 1091              		@ link register save eliminated.
1066:stm32f10x_lib/STM32F10x_StdPeriph_Driver/src/stm32f10x_rcc.c ****   /* Check the parameters */
1067:stm32f10x_lib/STM32F10x_StdPeriph_Driver/src/stm32f10x_rcc.c ****   assert_param(IS_RCC_AHB_PERIPH(RCC_AHBPeriph));
 1092              		.loc 1 1067 3 view .LVU275
1068:stm32f10x_lib/STM32F10x_StdPeriph_Driver/src/stm32f10x_rcc.c ****   assert_param(IS_FUNCTIONAL_STATE(NewState));
 1093              		.loc 1 1068 3 view .LVU276
1069:stm32f10x_lib/STM32F10x_StdPeriph_Driver/src/stm32f10x_rcc.c **** 
1070:stm32f10x_lib/STM32F10x_StdPeriph_Driver/src/stm32f10x_rcc.c ****   if (NewState != DISABLE)
 1094              		.loc 1 1070 3 view .LVU277
 1095 023c 044B     		ldr	r3, .L79	@ tmp106,
 1096              	@ stm32f10x_lib/STM32F10x_StdPeriph_Driver/src/stm32f10x_rcc.c:1072:     RCC->AHBENR |= RCC_AHBPeri
1071:stm32f10x_lib/STM32F10x_StdPeriph_Driver/src/stm32f10x_rcc.c ****   {
1072:stm32f10x_lib/STM32F10x_StdPeriph_Driver/src/stm32f10x_rcc.c ****     RCC->AHBENR |= RCC_AHBPeriph;
 1097              		.loc 1 1072 8 is_stmt 0 view .LVU278
 1098 023e 5A69     		ldr	r2, [r3, #20]	@ _1,
 1099              	@ stm32f10x_lib/STM32F10x_StdPeriph_Driver/src/stm32f10x_rcc.c:1070:   if (NewState != DISABLE)
1070:stm32f10x_lib/STM32F10x_StdPeriph_Driver/src/stm32f10x_rcc.c ****   {
 1100              		.loc 1 1070 6 view .LVU279
 1101 0240 11B1     		cbz	r1, .L76	@ NewState,
 1102              		.loc 1 1072 5 is_stmt 1 view .LVU280
 1103              	@ stm32f10x_lib/STM32F10x_StdPeriph_Driver/src/stm32f10x_rcc.c:1072:     RCC->AHBENR |= RCC_AHBPeri
 1104              		.loc 1 1072 17 is_stmt 0 view .LVU281
 1105 0242 0243     		orrs	r2, r2, r0	@, _2, _1, RCC_AHBPeriph
 1106              	.L78:
 1107              	@ stm32f10x_lib/STM32F10x_StdPeriph_Driver/src/stm32f10x_rcc.c:1076:     RCC->AHBENR &= ~RCC_AHBPer
1073:stm32f10x_lib/STM32F10x_StdPeriph_Driver/src/stm32f10x_rcc.c ****   }
1074:stm32f10x_lib/STM32F10x_StdPeriph_Driver/src/stm32f10x_rcc.c ****   else
1075:stm32f10x_lib/STM32F10x_StdPeriph_Driver/src/stm32f10x_rcc.c ****   {
1076:stm32f10x_lib/STM32F10x_StdPeriph_Driver/src/stm32f10x_rcc.c ****     RCC->AHBENR &= ~RCC_AHBPeriph;
 1108              		.loc 1 1076 17 view .LVU282
 1109 0244 5A61     		str	r2, [r3, #20]	@ _5,
 1110              	@ stm32f10x_lib/STM32F10x_StdPeriph_Driver/src/stm32f10x_rcc.c:1078: }
1077:stm32f10x_lib/STM32F10x_StdPeriph_Driver/src/stm32f10x_rcc.c ****   }
1078:stm32f10x_lib/STM32F10x_StdPeriph_Driver/src/stm32f10x_rcc.c **** }
 1111              		.loc 1 1078 1 view .LVU283
 1112 0246 7047     		bx	lr	@
 1113              	.L76:
ARM GAS  /tmp/cc3GD86t.s 			page 40


1076:stm32f10x_lib/STM32F10x_StdPeriph_Driver/src/stm32f10x_rcc.c ****   }
 1114              		.loc 1 1076 5 is_stmt 1 view .LVU284
 1115              	@ stm32f10x_lib/STM32F10x_StdPeriph_Driver/src/stm32f10x_rcc.c:1076:     RCC->AHBENR &= ~RCC_AHBPer
1076:stm32f10x_lib/STM32F10x_StdPeriph_Driver/src/stm32f10x_rcc.c ****   }
 1116              		.loc 1 1076 17 is_stmt 0 view .LVU285
 1117 0248 22EA0002 		bic	r2, r2, r0	@ _5, _3, RCC_AHBPeriph
 1118 024c FAE7     		b	.L78		@
 1119              	.L80:
 1120 024e 00BF     		.align	2
 1121              	.L79:
 1122 0250 00100240 		.word	1073876992
 1123              		.cfi_endproc
 1124              	.LFE50:
 1125              		.size	RCC_AHBPeriphClockCmd, .-RCC_AHBPeriphClockCmd
 1126              		.align	1
 1127              		.global	RCC_APB2PeriphClockCmd
 1128              		.syntax unified
 1129              		.thumb
 1130              		.thumb_func
 1131              		.type	RCC_APB2PeriphClockCmd, %function
 1132              	RCC_APB2PeriphClockCmd:
 1133              	.LVL67:
 1134              	.LFB51:
1079:stm32f10x_lib/STM32F10x_StdPeriph_Driver/src/stm32f10x_rcc.c **** 
1080:stm32f10x_lib/STM32F10x_StdPeriph_Driver/src/stm32f10x_rcc.c **** /**
1081:stm32f10x_lib/STM32F10x_StdPeriph_Driver/src/stm32f10x_rcc.c ****   * @brief  Enables or disables the High Speed APB (APB2) peripheral clock.
1082:stm32f10x_lib/STM32F10x_StdPeriph_Driver/src/stm32f10x_rcc.c ****   * @param  RCC_APB2Periph: specifies the APB2 peripheral to gates its clock.
1083:stm32f10x_lib/STM32F10x_StdPeriph_Driver/src/stm32f10x_rcc.c ****   *   This parameter can be any combination of the following values:
1084:stm32f10x_lib/STM32F10x_StdPeriph_Driver/src/stm32f10x_rcc.c ****   *     @arg RCC_APB2Periph_AFIO, RCC_APB2Periph_GPIOA, RCC_APB2Periph_GPIOB,
1085:stm32f10x_lib/STM32F10x_StdPeriph_Driver/src/stm32f10x_rcc.c ****   *          RCC_APB2Periph_GPIOC, RCC_APB2Periph_GPIOD, RCC_APB2Periph_GPIOE,
1086:stm32f10x_lib/STM32F10x_StdPeriph_Driver/src/stm32f10x_rcc.c ****   *          RCC_APB2Periph_GPIOF, RCC_APB2Periph_GPIOG, RCC_APB2Periph_ADC1,
1087:stm32f10x_lib/STM32F10x_StdPeriph_Driver/src/stm32f10x_rcc.c ****   *          RCC_APB2Periph_ADC2, RCC_APB2Periph_TIM1, RCC_APB2Periph_SPI1,
1088:stm32f10x_lib/STM32F10x_StdPeriph_Driver/src/stm32f10x_rcc.c ****   *          RCC_APB2Periph_TIM8, RCC_APB2Periph_USART1, RCC_APB2Periph_ADC3,
1089:stm32f10x_lib/STM32F10x_StdPeriph_Driver/src/stm32f10x_rcc.c ****   *          RCC_APB2Periph_TIM15, RCC_APB2Periph_TIM16, RCC_APB2Periph_TIM17,
1090:stm32f10x_lib/STM32F10x_StdPeriph_Driver/src/stm32f10x_rcc.c ****   *          RCC_APB2Periph_TIM9, RCC_APB2Periph_TIM10, RCC_APB2Periph_TIM11     
1091:stm32f10x_lib/STM32F10x_StdPeriph_Driver/src/stm32f10x_rcc.c ****   * @param  NewState: new state of the specified peripheral clock.
1092:stm32f10x_lib/STM32F10x_StdPeriph_Driver/src/stm32f10x_rcc.c ****   *   This parameter can be: ENABLE or DISABLE.
1093:stm32f10x_lib/STM32F10x_StdPeriph_Driver/src/stm32f10x_rcc.c ****   * @retval None
1094:stm32f10x_lib/STM32F10x_StdPeriph_Driver/src/stm32f10x_rcc.c ****   */
1095:stm32f10x_lib/STM32F10x_StdPeriph_Driver/src/stm32f10x_rcc.c **** void RCC_APB2PeriphClockCmd(uint32_t RCC_APB2Periph, FunctionalState NewState)
1096:stm32f10x_lib/STM32F10x_StdPeriph_Driver/src/stm32f10x_rcc.c **** {
 1135              		.loc 1 1096 1 is_stmt 1 view -0
 1136              		.cfi_startproc
 1137              		@ args = 0, pretend = 0, frame = 0
 1138              		@ frame_needed = 0, uses_anonymous_args = 0
 1139              		@ link register save eliminated.
1097:stm32f10x_lib/STM32F10x_StdPeriph_Driver/src/stm32f10x_rcc.c ****   /* Check the parameters */
1098:stm32f10x_lib/STM32F10x_StdPeriph_Driver/src/stm32f10x_rcc.c ****   assert_param(IS_RCC_APB2_PERIPH(RCC_APB2Periph));
 1140              		.loc 1 1098 3 view .LVU287
1099:stm32f10x_lib/STM32F10x_StdPeriph_Driver/src/stm32f10x_rcc.c ****   assert_param(IS_FUNCTIONAL_STATE(NewState));
 1141              		.loc 1 1099 3 view .LVU288
1100:stm32f10x_lib/STM32F10x_StdPeriph_Driver/src/stm32f10x_rcc.c ****   if (NewState != DISABLE)
 1142              		.loc 1 1100 3 view .LVU289
 1143 0254 044B     		ldr	r3, .L85	@ tmp106,
 1144              	@ stm32f10x_lib/STM32F10x_StdPeriph_Driver/src/stm32f10x_rcc.c:1102:     RCC->APB2ENR |= RCC_APB2Pe
1101:stm32f10x_lib/STM32F10x_StdPeriph_Driver/src/stm32f10x_rcc.c ****   {
1102:stm32f10x_lib/STM32F10x_StdPeriph_Driver/src/stm32f10x_rcc.c ****     RCC->APB2ENR |= RCC_APB2Periph;
ARM GAS  /tmp/cc3GD86t.s 			page 41


 1145              		.loc 1 1102 8 is_stmt 0 view .LVU290
 1146 0256 9A69     		ldr	r2, [r3, #24]	@ _1,
 1147              	@ stm32f10x_lib/STM32F10x_StdPeriph_Driver/src/stm32f10x_rcc.c:1100:   if (NewState != DISABLE)
1100:stm32f10x_lib/STM32F10x_StdPeriph_Driver/src/stm32f10x_rcc.c ****   if (NewState != DISABLE)
 1148              		.loc 1 1100 6 view .LVU291
 1149 0258 11B1     		cbz	r1, .L82	@ NewState,
 1150              		.loc 1 1102 5 is_stmt 1 view .LVU292
 1151              	@ stm32f10x_lib/STM32F10x_StdPeriph_Driver/src/stm32f10x_rcc.c:1102:     RCC->APB2ENR |= RCC_APB2Pe
 1152              		.loc 1 1102 18 is_stmt 0 view .LVU293
 1153 025a 0243     		orrs	r2, r2, r0	@, _2, _1, RCC_APB2Periph
 1154              	.L84:
 1155              	@ stm32f10x_lib/STM32F10x_StdPeriph_Driver/src/stm32f10x_rcc.c:1106:     RCC->APB2ENR &= ~RCC_APB2P
1103:stm32f10x_lib/STM32F10x_StdPeriph_Driver/src/stm32f10x_rcc.c ****   }
1104:stm32f10x_lib/STM32F10x_StdPeriph_Driver/src/stm32f10x_rcc.c ****   else
1105:stm32f10x_lib/STM32F10x_StdPeriph_Driver/src/stm32f10x_rcc.c ****   {
1106:stm32f10x_lib/STM32F10x_StdPeriph_Driver/src/stm32f10x_rcc.c ****     RCC->APB2ENR &= ~RCC_APB2Periph;
 1156              		.loc 1 1106 18 view .LVU294
 1157 025c 9A61     		str	r2, [r3, #24]	@ _5,
 1158              	@ stm32f10x_lib/STM32F10x_StdPeriph_Driver/src/stm32f10x_rcc.c:1108: }
1107:stm32f10x_lib/STM32F10x_StdPeriph_Driver/src/stm32f10x_rcc.c ****   }
1108:stm32f10x_lib/STM32F10x_StdPeriph_Driver/src/stm32f10x_rcc.c **** }
 1159              		.loc 1 1108 1 view .LVU295
 1160 025e 7047     		bx	lr	@
 1161              	.L82:
1106:stm32f10x_lib/STM32F10x_StdPeriph_Driver/src/stm32f10x_rcc.c ****   }
 1162              		.loc 1 1106 5 is_stmt 1 view .LVU296
 1163              	@ stm32f10x_lib/STM32F10x_StdPeriph_Driver/src/stm32f10x_rcc.c:1106:     RCC->APB2ENR &= ~RCC_APB2P
1106:stm32f10x_lib/STM32F10x_StdPeriph_Driver/src/stm32f10x_rcc.c ****   }
 1164              		.loc 1 1106 18 is_stmt 0 view .LVU297
 1165 0260 22EA0002 		bic	r2, r2, r0	@ _5, _3, RCC_APB2Periph
 1166 0264 FAE7     		b	.L84		@
 1167              	.L86:
 1168 0266 00BF     		.align	2
 1169              	.L85:
 1170 0268 00100240 		.word	1073876992
 1171              		.cfi_endproc
 1172              	.LFE51:
 1173              		.size	RCC_APB2PeriphClockCmd, .-RCC_APB2PeriphClockCmd
 1174              		.align	1
 1175              		.global	RCC_APB1PeriphClockCmd
 1176              		.syntax unified
 1177              		.thumb
 1178              		.thumb_func
 1179              		.type	RCC_APB1PeriphClockCmd, %function
 1180              	RCC_APB1PeriphClockCmd:
 1181              	.LVL68:
 1182              	.LFB52:
1109:stm32f10x_lib/STM32F10x_StdPeriph_Driver/src/stm32f10x_rcc.c **** 
1110:stm32f10x_lib/STM32F10x_StdPeriph_Driver/src/stm32f10x_rcc.c **** /**
1111:stm32f10x_lib/STM32F10x_StdPeriph_Driver/src/stm32f10x_rcc.c ****   * @brief  Enables or disables the Low Speed APB (APB1) peripheral clock.
1112:stm32f10x_lib/STM32F10x_StdPeriph_Driver/src/stm32f10x_rcc.c ****   * @param  RCC_APB1Periph: specifies the APB1 peripheral to gates its clock.
1113:stm32f10x_lib/STM32F10x_StdPeriph_Driver/src/stm32f10x_rcc.c ****   *   This parameter can be any combination of the following values:
1114:stm32f10x_lib/STM32F10x_StdPeriph_Driver/src/stm32f10x_rcc.c ****   *     @arg RCC_APB1Periph_TIM2, RCC_APB1Periph_TIM3, RCC_APB1Periph_TIM4,
1115:stm32f10x_lib/STM32F10x_StdPeriph_Driver/src/stm32f10x_rcc.c ****   *          RCC_APB1Periph_TIM5, RCC_APB1Periph_TIM6, RCC_APB1Periph_TIM7,
1116:stm32f10x_lib/STM32F10x_StdPeriph_Driver/src/stm32f10x_rcc.c ****   *          RCC_APB1Periph_WWDG, RCC_APB1Periph_SPI2, RCC_APB1Periph_SPI3,
1117:stm32f10x_lib/STM32F10x_StdPeriph_Driver/src/stm32f10x_rcc.c ****   *          RCC_APB1Periph_USART2, RCC_APB1Periph_USART3, RCC_APB1Periph_USART4, 
1118:stm32f10x_lib/STM32F10x_StdPeriph_Driver/src/stm32f10x_rcc.c ****   *          RCC_APB1Periph_USART5, RCC_APB1Periph_I2C1, RCC_APB1Periph_I2C2,
ARM GAS  /tmp/cc3GD86t.s 			page 42


1119:stm32f10x_lib/STM32F10x_StdPeriph_Driver/src/stm32f10x_rcc.c ****   *          RCC_APB1Periph_USB, RCC_APB1Periph_CAN1, RCC_APB1Periph_BKP,
1120:stm32f10x_lib/STM32F10x_StdPeriph_Driver/src/stm32f10x_rcc.c ****   *          RCC_APB1Periph_PWR, RCC_APB1Periph_DAC, RCC_APB1Periph_CEC,
1121:stm32f10x_lib/STM32F10x_StdPeriph_Driver/src/stm32f10x_rcc.c ****   *          RCC_APB1Periph_TIM12, RCC_APB1Periph_TIM13, RCC_APB1Periph_TIM14
1122:stm32f10x_lib/STM32F10x_StdPeriph_Driver/src/stm32f10x_rcc.c ****   * @param  NewState: new state of the specified peripheral clock.
1123:stm32f10x_lib/STM32F10x_StdPeriph_Driver/src/stm32f10x_rcc.c ****   *   This parameter can be: ENABLE or DISABLE.
1124:stm32f10x_lib/STM32F10x_StdPeriph_Driver/src/stm32f10x_rcc.c ****   * @retval None
1125:stm32f10x_lib/STM32F10x_StdPeriph_Driver/src/stm32f10x_rcc.c ****   */
1126:stm32f10x_lib/STM32F10x_StdPeriph_Driver/src/stm32f10x_rcc.c **** void RCC_APB1PeriphClockCmd(uint32_t RCC_APB1Periph, FunctionalState NewState)
1127:stm32f10x_lib/STM32F10x_StdPeriph_Driver/src/stm32f10x_rcc.c **** {
 1183              		.loc 1 1127 1 is_stmt 1 view -0
 1184              		.cfi_startproc
 1185              		@ args = 0, pretend = 0, frame = 0
 1186              		@ frame_needed = 0, uses_anonymous_args = 0
 1187              		@ link register save eliminated.
1128:stm32f10x_lib/STM32F10x_StdPeriph_Driver/src/stm32f10x_rcc.c ****   /* Check the parameters */
1129:stm32f10x_lib/STM32F10x_StdPeriph_Driver/src/stm32f10x_rcc.c ****   assert_param(IS_RCC_APB1_PERIPH(RCC_APB1Periph));
 1188              		.loc 1 1129 3 view .LVU299
1130:stm32f10x_lib/STM32F10x_StdPeriph_Driver/src/stm32f10x_rcc.c ****   assert_param(IS_FUNCTIONAL_STATE(NewState));
 1189              		.loc 1 1130 3 view .LVU300
1131:stm32f10x_lib/STM32F10x_StdPeriph_Driver/src/stm32f10x_rcc.c ****   if (NewState != DISABLE)
 1190              		.loc 1 1131 3 view .LVU301
 1191 026c 044B     		ldr	r3, .L91	@ tmp106,
 1192              	@ stm32f10x_lib/STM32F10x_StdPeriph_Driver/src/stm32f10x_rcc.c:1133:     RCC->APB1ENR |= RCC_APB1Pe
1132:stm32f10x_lib/STM32F10x_StdPeriph_Driver/src/stm32f10x_rcc.c ****   {
1133:stm32f10x_lib/STM32F10x_StdPeriph_Driver/src/stm32f10x_rcc.c ****     RCC->APB1ENR |= RCC_APB1Periph;
 1193              		.loc 1 1133 8 is_stmt 0 view .LVU302
 1194 026e DA69     		ldr	r2, [r3, #28]	@ _1,
 1195              	@ stm32f10x_lib/STM32F10x_StdPeriph_Driver/src/stm32f10x_rcc.c:1131:   if (NewState != DISABLE)
1131:stm32f10x_lib/STM32F10x_StdPeriph_Driver/src/stm32f10x_rcc.c ****   if (NewState != DISABLE)
 1196              		.loc 1 1131 6 view .LVU303
 1197 0270 11B1     		cbz	r1, .L88	@ NewState,
 1198              		.loc 1 1133 5 is_stmt 1 view .LVU304
 1199              	@ stm32f10x_lib/STM32F10x_StdPeriph_Driver/src/stm32f10x_rcc.c:1133:     RCC->APB1ENR |= RCC_APB1Pe
 1200              		.loc 1 1133 18 is_stmt 0 view .LVU305
 1201 0272 0243     		orrs	r2, r2, r0	@, _2, _1, RCC_APB1Periph
 1202              	.L90:
 1203              	@ stm32f10x_lib/STM32F10x_StdPeriph_Driver/src/stm32f10x_rcc.c:1137:     RCC->APB1ENR &= ~RCC_APB1P
1134:stm32f10x_lib/STM32F10x_StdPeriph_Driver/src/stm32f10x_rcc.c ****   }
1135:stm32f10x_lib/STM32F10x_StdPeriph_Driver/src/stm32f10x_rcc.c ****   else
1136:stm32f10x_lib/STM32F10x_StdPeriph_Driver/src/stm32f10x_rcc.c ****   {
1137:stm32f10x_lib/STM32F10x_StdPeriph_Driver/src/stm32f10x_rcc.c ****     RCC->APB1ENR &= ~RCC_APB1Periph;
 1204              		.loc 1 1137 18 view .LVU306
 1205 0274 DA61     		str	r2, [r3, #28]	@ _5,
 1206              	@ stm32f10x_lib/STM32F10x_StdPeriph_Driver/src/stm32f10x_rcc.c:1139: }
1138:stm32f10x_lib/STM32F10x_StdPeriph_Driver/src/stm32f10x_rcc.c ****   }
1139:stm32f10x_lib/STM32F10x_StdPeriph_Driver/src/stm32f10x_rcc.c **** }
 1207              		.loc 1 1139 1 view .LVU307
 1208 0276 7047     		bx	lr	@
 1209              	.L88:
1137:stm32f10x_lib/STM32F10x_StdPeriph_Driver/src/stm32f10x_rcc.c ****   }
 1210              		.loc 1 1137 5 is_stmt 1 view .LVU308
 1211              	@ stm32f10x_lib/STM32F10x_StdPeriph_Driver/src/stm32f10x_rcc.c:1137:     RCC->APB1ENR &= ~RCC_APB1P
1137:stm32f10x_lib/STM32F10x_StdPeriph_Driver/src/stm32f10x_rcc.c ****   }
 1212              		.loc 1 1137 18 is_stmt 0 view .LVU309
 1213 0278 22EA0002 		bic	r2, r2, r0	@ _5, _3, RCC_APB1Periph
 1214 027c FAE7     		b	.L90		@
 1215              	.L92:
ARM GAS  /tmp/cc3GD86t.s 			page 43


 1216 027e 00BF     		.align	2
 1217              	.L91:
 1218 0280 00100240 		.word	1073876992
 1219              		.cfi_endproc
 1220              	.LFE52:
 1221              		.size	RCC_APB1PeriphClockCmd, .-RCC_APB1PeriphClockCmd
 1222              		.align	1
 1223              		.global	RCC_APB2PeriphResetCmd
 1224              		.syntax unified
 1225              		.thumb
 1226              		.thumb_func
 1227              		.type	RCC_APB2PeriphResetCmd, %function
 1228              	RCC_APB2PeriphResetCmd:
 1229              	.LVL69:
 1230              	.LFB53:
1140:stm32f10x_lib/STM32F10x_StdPeriph_Driver/src/stm32f10x_rcc.c **** 
1141:stm32f10x_lib/STM32F10x_StdPeriph_Driver/src/stm32f10x_rcc.c **** #ifdef STM32F10X_CL
1142:stm32f10x_lib/STM32F10x_StdPeriph_Driver/src/stm32f10x_rcc.c **** /**
1143:stm32f10x_lib/STM32F10x_StdPeriph_Driver/src/stm32f10x_rcc.c ****   * @brief  Forces or releases AHB peripheral reset.
1144:stm32f10x_lib/STM32F10x_StdPeriph_Driver/src/stm32f10x_rcc.c ****   * @note   This function applies only to STM32 Connectivity line devices.
1145:stm32f10x_lib/STM32F10x_StdPeriph_Driver/src/stm32f10x_rcc.c ****   * @param  RCC_AHBPeriph: specifies the AHB peripheral to reset.
1146:stm32f10x_lib/STM32F10x_StdPeriph_Driver/src/stm32f10x_rcc.c ****   *   This parameter can be any combination of the following values:
1147:stm32f10x_lib/STM32F10x_StdPeriph_Driver/src/stm32f10x_rcc.c ****   *     @arg RCC_AHBPeriph_OTG_FS 
1148:stm32f10x_lib/STM32F10x_StdPeriph_Driver/src/stm32f10x_rcc.c ****   *     @arg RCC_AHBPeriph_ETH_MAC
1149:stm32f10x_lib/STM32F10x_StdPeriph_Driver/src/stm32f10x_rcc.c ****   * @param  NewState: new state of the specified peripheral reset.
1150:stm32f10x_lib/STM32F10x_StdPeriph_Driver/src/stm32f10x_rcc.c ****   *   This parameter can be: ENABLE or DISABLE.
1151:stm32f10x_lib/STM32F10x_StdPeriph_Driver/src/stm32f10x_rcc.c ****   * @retval None
1152:stm32f10x_lib/STM32F10x_StdPeriph_Driver/src/stm32f10x_rcc.c ****   */
1153:stm32f10x_lib/STM32F10x_StdPeriph_Driver/src/stm32f10x_rcc.c **** void RCC_AHBPeriphResetCmd(uint32_t RCC_AHBPeriph, FunctionalState NewState)
1154:stm32f10x_lib/STM32F10x_StdPeriph_Driver/src/stm32f10x_rcc.c **** {
1155:stm32f10x_lib/STM32F10x_StdPeriph_Driver/src/stm32f10x_rcc.c ****   /* Check the parameters */
1156:stm32f10x_lib/STM32F10x_StdPeriph_Driver/src/stm32f10x_rcc.c ****   assert_param(IS_RCC_AHB_PERIPH_RESET(RCC_AHBPeriph));
1157:stm32f10x_lib/STM32F10x_StdPeriph_Driver/src/stm32f10x_rcc.c ****   assert_param(IS_FUNCTIONAL_STATE(NewState));
1158:stm32f10x_lib/STM32F10x_StdPeriph_Driver/src/stm32f10x_rcc.c **** 
1159:stm32f10x_lib/STM32F10x_StdPeriph_Driver/src/stm32f10x_rcc.c ****   if (NewState != DISABLE)
1160:stm32f10x_lib/STM32F10x_StdPeriph_Driver/src/stm32f10x_rcc.c ****   {
1161:stm32f10x_lib/STM32F10x_StdPeriph_Driver/src/stm32f10x_rcc.c ****     RCC->AHBRSTR |= RCC_AHBPeriph;
1162:stm32f10x_lib/STM32F10x_StdPeriph_Driver/src/stm32f10x_rcc.c ****   }
1163:stm32f10x_lib/STM32F10x_StdPeriph_Driver/src/stm32f10x_rcc.c ****   else
1164:stm32f10x_lib/STM32F10x_StdPeriph_Driver/src/stm32f10x_rcc.c ****   {
1165:stm32f10x_lib/STM32F10x_StdPeriph_Driver/src/stm32f10x_rcc.c ****     RCC->AHBRSTR &= ~RCC_AHBPeriph;
1166:stm32f10x_lib/STM32F10x_StdPeriph_Driver/src/stm32f10x_rcc.c ****   }
1167:stm32f10x_lib/STM32F10x_StdPeriph_Driver/src/stm32f10x_rcc.c **** }
1168:stm32f10x_lib/STM32F10x_StdPeriph_Driver/src/stm32f10x_rcc.c **** #endif /* STM32F10X_CL */ 
1169:stm32f10x_lib/STM32F10x_StdPeriph_Driver/src/stm32f10x_rcc.c **** 
1170:stm32f10x_lib/STM32F10x_StdPeriph_Driver/src/stm32f10x_rcc.c **** /**
1171:stm32f10x_lib/STM32F10x_StdPeriph_Driver/src/stm32f10x_rcc.c ****   * @brief  Forces or releases High Speed APB (APB2) peripheral reset.
1172:stm32f10x_lib/STM32F10x_StdPeriph_Driver/src/stm32f10x_rcc.c ****   * @param  RCC_APB2Periph: specifies the APB2 peripheral to reset.
1173:stm32f10x_lib/STM32F10x_StdPeriph_Driver/src/stm32f10x_rcc.c ****   *   This parameter can be any combination of the following values:
1174:stm32f10x_lib/STM32F10x_StdPeriph_Driver/src/stm32f10x_rcc.c ****   *     @arg RCC_APB2Periph_AFIO, RCC_APB2Periph_GPIOA, RCC_APB2Periph_GPIOB,
1175:stm32f10x_lib/STM32F10x_StdPeriph_Driver/src/stm32f10x_rcc.c ****   *          RCC_APB2Periph_GPIOC, RCC_APB2Periph_GPIOD, RCC_APB2Periph_GPIOE,
1176:stm32f10x_lib/STM32F10x_StdPeriph_Driver/src/stm32f10x_rcc.c ****   *          RCC_APB2Periph_GPIOF, RCC_APB2Periph_GPIOG, RCC_APB2Periph_ADC1,
1177:stm32f10x_lib/STM32F10x_StdPeriph_Driver/src/stm32f10x_rcc.c ****   *          RCC_APB2Periph_ADC2, RCC_APB2Periph_TIM1, RCC_APB2Periph_SPI1,
1178:stm32f10x_lib/STM32F10x_StdPeriph_Driver/src/stm32f10x_rcc.c ****   *          RCC_APB2Periph_TIM8, RCC_APB2Periph_USART1, RCC_APB2Periph_ADC3,
1179:stm32f10x_lib/STM32F10x_StdPeriph_Driver/src/stm32f10x_rcc.c ****   *          RCC_APB2Periph_TIM15, RCC_APB2Periph_TIM16, RCC_APB2Periph_TIM17,
1180:stm32f10x_lib/STM32F10x_StdPeriph_Driver/src/stm32f10x_rcc.c ****   *          RCC_APB2Periph_TIM9, RCC_APB2Periph_TIM10, RCC_APB2Periph_TIM11  
1181:stm32f10x_lib/STM32F10x_StdPeriph_Driver/src/stm32f10x_rcc.c ****   * @param  NewState: new state of the specified peripheral reset.
ARM GAS  /tmp/cc3GD86t.s 			page 44


1182:stm32f10x_lib/STM32F10x_StdPeriph_Driver/src/stm32f10x_rcc.c ****   *   This parameter can be: ENABLE or DISABLE.
1183:stm32f10x_lib/STM32F10x_StdPeriph_Driver/src/stm32f10x_rcc.c ****   * @retval None
1184:stm32f10x_lib/STM32F10x_StdPeriph_Driver/src/stm32f10x_rcc.c ****   */
1185:stm32f10x_lib/STM32F10x_StdPeriph_Driver/src/stm32f10x_rcc.c **** void RCC_APB2PeriphResetCmd(uint32_t RCC_APB2Periph, FunctionalState NewState)
1186:stm32f10x_lib/STM32F10x_StdPeriph_Driver/src/stm32f10x_rcc.c **** {
 1231              		.loc 1 1186 1 is_stmt 1 view -0
 1232              		.cfi_startproc
 1233              		@ args = 0, pretend = 0, frame = 0
 1234              		@ frame_needed = 0, uses_anonymous_args = 0
 1235              		@ link register save eliminated.
1187:stm32f10x_lib/STM32F10x_StdPeriph_Driver/src/stm32f10x_rcc.c ****   /* Check the parameters */
1188:stm32f10x_lib/STM32F10x_StdPeriph_Driver/src/stm32f10x_rcc.c ****   assert_param(IS_RCC_APB2_PERIPH(RCC_APB2Periph));
 1236              		.loc 1 1188 3 view .LVU311
1189:stm32f10x_lib/STM32F10x_StdPeriph_Driver/src/stm32f10x_rcc.c ****   assert_param(IS_FUNCTIONAL_STATE(NewState));
 1237              		.loc 1 1189 3 view .LVU312
1190:stm32f10x_lib/STM32F10x_StdPeriph_Driver/src/stm32f10x_rcc.c ****   if (NewState != DISABLE)
 1238              		.loc 1 1190 3 view .LVU313
 1239 0284 044B     		ldr	r3, .L97	@ tmp106,
 1240              	@ stm32f10x_lib/STM32F10x_StdPeriph_Driver/src/stm32f10x_rcc.c:1192:     RCC->APB2RSTR |= RCC_APB2P
1191:stm32f10x_lib/STM32F10x_StdPeriph_Driver/src/stm32f10x_rcc.c ****   {
1192:stm32f10x_lib/STM32F10x_StdPeriph_Driver/src/stm32f10x_rcc.c ****     RCC->APB2RSTR |= RCC_APB2Periph;
 1241              		.loc 1 1192 8 is_stmt 0 view .LVU314
 1242 0286 DA68     		ldr	r2, [r3, #12]	@ _1,
 1243              	@ stm32f10x_lib/STM32F10x_StdPeriph_Driver/src/stm32f10x_rcc.c:1190:   if (NewState != DISABLE)
1190:stm32f10x_lib/STM32F10x_StdPeriph_Driver/src/stm32f10x_rcc.c ****   if (NewState != DISABLE)
 1244              		.loc 1 1190 6 view .LVU315
 1245 0288 11B1     		cbz	r1, .L94	@ NewState,
 1246              		.loc 1 1192 5 is_stmt 1 view .LVU316
 1247              	@ stm32f10x_lib/STM32F10x_StdPeriph_Driver/src/stm32f10x_rcc.c:1192:     RCC->APB2RSTR |= RCC_APB2P
 1248              		.loc 1 1192 19 is_stmt 0 view .LVU317
 1249 028a 0243     		orrs	r2, r2, r0	@, _2, _1, RCC_APB2Periph
 1250              	.L96:
 1251              	@ stm32f10x_lib/STM32F10x_StdPeriph_Driver/src/stm32f10x_rcc.c:1196:     RCC->APB2RSTR &= ~RCC_APB2
1193:stm32f10x_lib/STM32F10x_StdPeriph_Driver/src/stm32f10x_rcc.c ****   }
1194:stm32f10x_lib/STM32F10x_StdPeriph_Driver/src/stm32f10x_rcc.c ****   else
1195:stm32f10x_lib/STM32F10x_StdPeriph_Driver/src/stm32f10x_rcc.c ****   {
1196:stm32f10x_lib/STM32F10x_StdPeriph_Driver/src/stm32f10x_rcc.c ****     RCC->APB2RSTR &= ~RCC_APB2Periph;
 1252              		.loc 1 1196 19 view .LVU318
 1253 028c DA60     		str	r2, [r3, #12]	@ _5,
 1254              	@ stm32f10x_lib/STM32F10x_StdPeriph_Driver/src/stm32f10x_rcc.c:1198: }
1197:stm32f10x_lib/STM32F10x_StdPeriph_Driver/src/stm32f10x_rcc.c ****   }
1198:stm32f10x_lib/STM32F10x_StdPeriph_Driver/src/stm32f10x_rcc.c **** }
 1255              		.loc 1 1198 1 view .LVU319
 1256 028e 7047     		bx	lr	@
 1257              	.L94:
1196:stm32f10x_lib/STM32F10x_StdPeriph_Driver/src/stm32f10x_rcc.c ****   }
 1258              		.loc 1 1196 5 is_stmt 1 view .LVU320
 1259              	@ stm32f10x_lib/STM32F10x_StdPeriph_Driver/src/stm32f10x_rcc.c:1196:     RCC->APB2RSTR &= ~RCC_APB2
1196:stm32f10x_lib/STM32F10x_StdPeriph_Driver/src/stm32f10x_rcc.c ****   }
 1260              		.loc 1 1196 19 is_stmt 0 view .LVU321
 1261 0290 22EA0002 		bic	r2, r2, r0	@ _5, _3, RCC_APB2Periph
 1262 0294 FAE7     		b	.L96		@
 1263              	.L98:
 1264 0296 00BF     		.align	2
 1265              	.L97:
 1266 0298 00100240 		.word	1073876992
 1267              		.cfi_endproc
ARM GAS  /tmp/cc3GD86t.s 			page 45


 1268              	.LFE53:
 1269              		.size	RCC_APB2PeriphResetCmd, .-RCC_APB2PeriphResetCmd
 1270              		.align	1
 1271              		.global	RCC_APB1PeriphResetCmd
 1272              		.syntax unified
 1273              		.thumb
 1274              		.thumb_func
 1275              		.type	RCC_APB1PeriphResetCmd, %function
 1276              	RCC_APB1PeriphResetCmd:
 1277              	.LVL70:
 1278              	.LFB54:
1199:stm32f10x_lib/STM32F10x_StdPeriph_Driver/src/stm32f10x_rcc.c **** 
1200:stm32f10x_lib/STM32F10x_StdPeriph_Driver/src/stm32f10x_rcc.c **** /**
1201:stm32f10x_lib/STM32F10x_StdPeriph_Driver/src/stm32f10x_rcc.c ****   * @brief  Forces or releases Low Speed APB (APB1) peripheral reset.
1202:stm32f10x_lib/STM32F10x_StdPeriph_Driver/src/stm32f10x_rcc.c ****   * @param  RCC_APB1Periph: specifies the APB1 peripheral to reset.
1203:stm32f10x_lib/STM32F10x_StdPeriph_Driver/src/stm32f10x_rcc.c ****   *   This parameter can be any combination of the following values:
1204:stm32f10x_lib/STM32F10x_StdPeriph_Driver/src/stm32f10x_rcc.c ****   *     @arg RCC_APB1Periph_TIM2, RCC_APB1Periph_TIM3, RCC_APB1Periph_TIM4,
1205:stm32f10x_lib/STM32F10x_StdPeriph_Driver/src/stm32f10x_rcc.c ****   *          RCC_APB1Periph_TIM5, RCC_APB1Periph_TIM6, RCC_APB1Periph_TIM7,
1206:stm32f10x_lib/STM32F10x_StdPeriph_Driver/src/stm32f10x_rcc.c ****   *          RCC_APB1Periph_WWDG, RCC_APB1Periph_SPI2, RCC_APB1Periph_SPI3,
1207:stm32f10x_lib/STM32F10x_StdPeriph_Driver/src/stm32f10x_rcc.c ****   *          RCC_APB1Periph_USART2, RCC_APB1Periph_USART3, RCC_APB1Periph_USART4, 
1208:stm32f10x_lib/STM32F10x_StdPeriph_Driver/src/stm32f10x_rcc.c ****   *          RCC_APB1Periph_USART5, RCC_APB1Periph_I2C1, RCC_APB1Periph_I2C2,
1209:stm32f10x_lib/STM32F10x_StdPeriph_Driver/src/stm32f10x_rcc.c ****   *          RCC_APB1Periph_USB, RCC_APB1Periph_CAN1, RCC_APB1Periph_BKP,
1210:stm32f10x_lib/STM32F10x_StdPeriph_Driver/src/stm32f10x_rcc.c ****   *          RCC_APB1Periph_PWR, RCC_APB1Periph_DAC, RCC_APB1Periph_CEC,
1211:stm32f10x_lib/STM32F10x_StdPeriph_Driver/src/stm32f10x_rcc.c ****   *          RCC_APB1Periph_TIM12, RCC_APB1Periph_TIM13, RCC_APB1Periph_TIM14  
1212:stm32f10x_lib/STM32F10x_StdPeriph_Driver/src/stm32f10x_rcc.c ****   * @param  NewState: new state of the specified peripheral clock.
1213:stm32f10x_lib/STM32F10x_StdPeriph_Driver/src/stm32f10x_rcc.c ****   *   This parameter can be: ENABLE or DISABLE.
1214:stm32f10x_lib/STM32F10x_StdPeriph_Driver/src/stm32f10x_rcc.c ****   * @retval None
1215:stm32f10x_lib/STM32F10x_StdPeriph_Driver/src/stm32f10x_rcc.c ****   */
1216:stm32f10x_lib/STM32F10x_StdPeriph_Driver/src/stm32f10x_rcc.c **** void RCC_APB1PeriphResetCmd(uint32_t RCC_APB1Periph, FunctionalState NewState)
1217:stm32f10x_lib/STM32F10x_StdPeriph_Driver/src/stm32f10x_rcc.c **** {
 1279              		.loc 1 1217 1 is_stmt 1 view -0
 1280              		.cfi_startproc
 1281              		@ args = 0, pretend = 0, frame = 0
 1282              		@ frame_needed = 0, uses_anonymous_args = 0
 1283              		@ link register save eliminated.
1218:stm32f10x_lib/STM32F10x_StdPeriph_Driver/src/stm32f10x_rcc.c ****   /* Check the parameters */
1219:stm32f10x_lib/STM32F10x_StdPeriph_Driver/src/stm32f10x_rcc.c ****   assert_param(IS_RCC_APB1_PERIPH(RCC_APB1Periph));
 1284              		.loc 1 1219 3 view .LVU323
1220:stm32f10x_lib/STM32F10x_StdPeriph_Driver/src/stm32f10x_rcc.c ****   assert_param(IS_FUNCTIONAL_STATE(NewState));
 1285              		.loc 1 1220 3 view .LVU324
1221:stm32f10x_lib/STM32F10x_StdPeriph_Driver/src/stm32f10x_rcc.c ****   if (NewState != DISABLE)
 1286              		.loc 1 1221 3 view .LVU325
 1287 029c 044B     		ldr	r3, .L103	@ tmp106,
 1288              	@ stm32f10x_lib/STM32F10x_StdPeriph_Driver/src/stm32f10x_rcc.c:1223:     RCC->APB1RSTR |= RCC_APB1P
1222:stm32f10x_lib/STM32F10x_StdPeriph_Driver/src/stm32f10x_rcc.c ****   {
1223:stm32f10x_lib/STM32F10x_StdPeriph_Driver/src/stm32f10x_rcc.c ****     RCC->APB1RSTR |= RCC_APB1Periph;
 1289              		.loc 1 1223 8 is_stmt 0 view .LVU326
 1290 029e 1A69     		ldr	r2, [r3, #16]	@ _1,
 1291              	@ stm32f10x_lib/STM32F10x_StdPeriph_Driver/src/stm32f10x_rcc.c:1221:   if (NewState != DISABLE)
1221:stm32f10x_lib/STM32F10x_StdPeriph_Driver/src/stm32f10x_rcc.c ****   if (NewState != DISABLE)
 1292              		.loc 1 1221 6 view .LVU327
 1293 02a0 11B1     		cbz	r1, .L100	@ NewState,
 1294              		.loc 1 1223 5 is_stmt 1 view .LVU328
 1295              	@ stm32f10x_lib/STM32F10x_StdPeriph_Driver/src/stm32f10x_rcc.c:1223:     RCC->APB1RSTR |= RCC_APB1P
 1296              		.loc 1 1223 19 is_stmt 0 view .LVU329
 1297 02a2 0243     		orrs	r2, r2, r0	@, _2, _1, RCC_APB1Periph
 1298              	.L102:
ARM GAS  /tmp/cc3GD86t.s 			page 46


 1299              	@ stm32f10x_lib/STM32F10x_StdPeriph_Driver/src/stm32f10x_rcc.c:1227:     RCC->APB1RSTR &= ~RCC_APB1
1224:stm32f10x_lib/STM32F10x_StdPeriph_Driver/src/stm32f10x_rcc.c ****   }
1225:stm32f10x_lib/STM32F10x_StdPeriph_Driver/src/stm32f10x_rcc.c ****   else
1226:stm32f10x_lib/STM32F10x_StdPeriph_Driver/src/stm32f10x_rcc.c ****   {
1227:stm32f10x_lib/STM32F10x_StdPeriph_Driver/src/stm32f10x_rcc.c ****     RCC->APB1RSTR &= ~RCC_APB1Periph;
 1300              		.loc 1 1227 19 view .LVU330
 1301 02a4 1A61     		str	r2, [r3, #16]	@ _5,
 1302              	@ stm32f10x_lib/STM32F10x_StdPeriph_Driver/src/stm32f10x_rcc.c:1229: }
1228:stm32f10x_lib/STM32F10x_StdPeriph_Driver/src/stm32f10x_rcc.c ****   }
1229:stm32f10x_lib/STM32F10x_StdPeriph_Driver/src/stm32f10x_rcc.c **** }
 1303              		.loc 1 1229 1 view .LVU331
 1304 02a6 7047     		bx	lr	@
 1305              	.L100:
1227:stm32f10x_lib/STM32F10x_StdPeriph_Driver/src/stm32f10x_rcc.c ****   }
 1306              		.loc 1 1227 5 is_stmt 1 view .LVU332
 1307              	@ stm32f10x_lib/STM32F10x_StdPeriph_Driver/src/stm32f10x_rcc.c:1227:     RCC->APB1RSTR &= ~RCC_APB1
1227:stm32f10x_lib/STM32F10x_StdPeriph_Driver/src/stm32f10x_rcc.c ****   }
 1308              		.loc 1 1227 19 is_stmt 0 view .LVU333
 1309 02a8 22EA0002 		bic	r2, r2, r0	@ _5, _3, RCC_APB1Periph
 1310 02ac FAE7     		b	.L102		@
 1311              	.L104:
 1312 02ae 00BF     		.align	2
 1313              	.L103:
 1314 02b0 00100240 		.word	1073876992
 1315              		.cfi_endproc
 1316              	.LFE54:
 1317              		.size	RCC_APB1PeriphResetCmd, .-RCC_APB1PeriphResetCmd
 1318              		.align	1
 1319              		.global	RCC_BackupResetCmd
 1320              		.syntax unified
 1321              		.thumb
 1322              		.thumb_func
 1323              		.type	RCC_BackupResetCmd, %function
 1324              	RCC_BackupResetCmd:
 1325              	.LVL71:
 1326              	.LFB55:
1230:stm32f10x_lib/STM32F10x_StdPeriph_Driver/src/stm32f10x_rcc.c **** 
1231:stm32f10x_lib/STM32F10x_StdPeriph_Driver/src/stm32f10x_rcc.c **** /**
1232:stm32f10x_lib/STM32F10x_StdPeriph_Driver/src/stm32f10x_rcc.c ****   * @brief  Forces or releases the Backup domain reset.
1233:stm32f10x_lib/STM32F10x_StdPeriph_Driver/src/stm32f10x_rcc.c ****   * @param  NewState: new state of the Backup domain reset.
1234:stm32f10x_lib/STM32F10x_StdPeriph_Driver/src/stm32f10x_rcc.c ****   *   This parameter can be: ENABLE or DISABLE.
1235:stm32f10x_lib/STM32F10x_StdPeriph_Driver/src/stm32f10x_rcc.c ****   * @retval None
1236:stm32f10x_lib/STM32F10x_StdPeriph_Driver/src/stm32f10x_rcc.c ****   */
1237:stm32f10x_lib/STM32F10x_StdPeriph_Driver/src/stm32f10x_rcc.c **** void RCC_BackupResetCmd(FunctionalState NewState)
1238:stm32f10x_lib/STM32F10x_StdPeriph_Driver/src/stm32f10x_rcc.c **** {
 1327              		.loc 1 1238 1 is_stmt 1 view -0
 1328              		.cfi_startproc
 1329              		@ args = 0, pretend = 0, frame = 0
 1330              		@ frame_needed = 0, uses_anonymous_args = 0
 1331              		@ link register save eliminated.
1239:stm32f10x_lib/STM32F10x_StdPeriph_Driver/src/stm32f10x_rcc.c ****   /* Check the parameters */
1240:stm32f10x_lib/STM32F10x_StdPeriph_Driver/src/stm32f10x_rcc.c ****   assert_param(IS_FUNCTIONAL_STATE(NewState));
 1332              		.loc 1 1240 3 view .LVU335
1241:stm32f10x_lib/STM32F10x_StdPeriph_Driver/src/stm32f10x_rcc.c ****   *(__IO uint32_t *) BDCR_BDRST_BB = (uint32_t)NewState;
 1333              		.loc 1 1241 3 view .LVU336
 1334              	@ stm32f10x_lib/STM32F10x_StdPeriph_Driver/src/stm32f10x_rcc.c:1241:   *(__IO uint32_t *) BDCR_BDRS
 1335              		.loc 1 1241 36 is_stmt 0 view .LVU337
ARM GAS  /tmp/cc3GD86t.s 			page 47


 1336 02b4 014B     		ldr	r3, .L106	@ tmp96,
 1337 02b6 C3F84004 		str	r0, [r3, #1088]	@ NewState, MEM[(volatile uint32_t *)1111622720B]
 1338              	@ stm32f10x_lib/STM32F10x_StdPeriph_Driver/src/stm32f10x_rcc.c:1242: }
1242:stm32f10x_lib/STM32F10x_StdPeriph_Driver/src/stm32f10x_rcc.c **** }
 1339              		.loc 1 1242 1 view .LVU338
 1340 02ba 7047     		bx	lr	@
 1341              	.L107:
 1342              		.align	2
 1343              	.L106:
 1344 02bc 00004242 		.word	1111621632
 1345              		.cfi_endproc
 1346              	.LFE55:
 1347              		.size	RCC_BackupResetCmd, .-RCC_BackupResetCmd
 1348              		.align	1
 1349              		.global	RCC_ClockSecuritySystemCmd
 1350              		.syntax unified
 1351              		.thumb
 1352              		.thumb_func
 1353              		.type	RCC_ClockSecuritySystemCmd, %function
 1354              	RCC_ClockSecuritySystemCmd:
 1355              	.LVL72:
 1356              	.LFB56:
1243:stm32f10x_lib/STM32F10x_StdPeriph_Driver/src/stm32f10x_rcc.c **** 
1244:stm32f10x_lib/STM32F10x_StdPeriph_Driver/src/stm32f10x_rcc.c **** /**
1245:stm32f10x_lib/STM32F10x_StdPeriph_Driver/src/stm32f10x_rcc.c ****   * @brief  Enables or disables the Clock Security System.
1246:stm32f10x_lib/STM32F10x_StdPeriph_Driver/src/stm32f10x_rcc.c ****   * @param  NewState: new state of the Clock Security System..
1247:stm32f10x_lib/STM32F10x_StdPeriph_Driver/src/stm32f10x_rcc.c ****   *   This parameter can be: ENABLE or DISABLE.
1248:stm32f10x_lib/STM32F10x_StdPeriph_Driver/src/stm32f10x_rcc.c ****   * @retval None
1249:stm32f10x_lib/STM32F10x_StdPeriph_Driver/src/stm32f10x_rcc.c ****   */
1250:stm32f10x_lib/STM32F10x_StdPeriph_Driver/src/stm32f10x_rcc.c **** void RCC_ClockSecuritySystemCmd(FunctionalState NewState)
1251:stm32f10x_lib/STM32F10x_StdPeriph_Driver/src/stm32f10x_rcc.c **** {
 1357              		.loc 1 1251 1 is_stmt 1 view -0
 1358              		.cfi_startproc
 1359              		@ args = 0, pretend = 0, frame = 0
 1360              		@ frame_needed = 0, uses_anonymous_args = 0
 1361              		@ link register save eliminated.
1252:stm32f10x_lib/STM32F10x_StdPeriph_Driver/src/stm32f10x_rcc.c ****   /* Check the parameters */
1253:stm32f10x_lib/STM32F10x_StdPeriph_Driver/src/stm32f10x_rcc.c ****   assert_param(IS_FUNCTIONAL_STATE(NewState));
 1362              		.loc 1 1253 3 view .LVU340
1254:stm32f10x_lib/STM32F10x_StdPeriph_Driver/src/stm32f10x_rcc.c ****   *(__IO uint32_t *) CR_CSSON_BB = (uint32_t)NewState;
 1363              		.loc 1 1254 3 view .LVU341
 1364              	@ stm32f10x_lib/STM32F10x_StdPeriph_Driver/src/stm32f10x_rcc.c:1254:   *(__IO uint32_t *) CR_CSSON_
 1365              		.loc 1 1254 34 is_stmt 0 view .LVU342
 1366 02c0 014B     		ldr	r3, .L109	@ tmp96,
 1367 02c2 D864     		str	r0, [r3, #76]	@ NewState, MEM[(volatile uint32_t *)1111621708B]
 1368              	@ stm32f10x_lib/STM32F10x_StdPeriph_Driver/src/stm32f10x_rcc.c:1255: }
1255:stm32f10x_lib/STM32F10x_StdPeriph_Driver/src/stm32f10x_rcc.c **** }
 1369              		.loc 1 1255 1 view .LVU343
 1370 02c4 7047     		bx	lr	@
 1371              	.L110:
 1372 02c6 00BF     		.align	2
 1373              	.L109:
 1374 02c8 00004242 		.word	1111621632
 1375              		.cfi_endproc
 1376              	.LFE56:
 1377              		.size	RCC_ClockSecuritySystemCmd, .-RCC_ClockSecuritySystemCmd
 1378              		.align	1
ARM GAS  /tmp/cc3GD86t.s 			page 48


 1379              		.global	RCC_MCOConfig
 1380              		.syntax unified
 1381              		.thumb
 1382              		.thumb_func
 1383              		.type	RCC_MCOConfig, %function
 1384              	RCC_MCOConfig:
 1385              	.LVL73:
 1386              	.LFB57:
1256:stm32f10x_lib/STM32F10x_StdPeriph_Driver/src/stm32f10x_rcc.c **** 
1257:stm32f10x_lib/STM32F10x_StdPeriph_Driver/src/stm32f10x_rcc.c **** /**
1258:stm32f10x_lib/STM32F10x_StdPeriph_Driver/src/stm32f10x_rcc.c ****   * @brief  Selects the clock source to output on MCO pin.
1259:stm32f10x_lib/STM32F10x_StdPeriph_Driver/src/stm32f10x_rcc.c ****   * @param  RCC_MCO: specifies the clock source to output.
1260:stm32f10x_lib/STM32F10x_StdPeriph_Driver/src/stm32f10x_rcc.c ****   *   
1261:stm32f10x_lib/STM32F10x_StdPeriph_Driver/src/stm32f10x_rcc.c ****   *   For @b STM32_Connectivity_line_devices, this parameter can be one of the
1262:stm32f10x_lib/STM32F10x_StdPeriph_Driver/src/stm32f10x_rcc.c ****   *   following values:       
1263:stm32f10x_lib/STM32F10x_StdPeriph_Driver/src/stm32f10x_rcc.c ****   *     @arg RCC_MCO_NoClock: No clock selected
1264:stm32f10x_lib/STM32F10x_StdPeriph_Driver/src/stm32f10x_rcc.c ****   *     @arg RCC_MCO_SYSCLK: System clock selected
1265:stm32f10x_lib/STM32F10x_StdPeriph_Driver/src/stm32f10x_rcc.c ****   *     @arg RCC_MCO_HSI: HSI oscillator clock selected
1266:stm32f10x_lib/STM32F10x_StdPeriph_Driver/src/stm32f10x_rcc.c ****   *     @arg RCC_MCO_HSE: HSE oscillator clock selected
1267:stm32f10x_lib/STM32F10x_StdPeriph_Driver/src/stm32f10x_rcc.c ****   *     @arg RCC_MCO_PLLCLK_Div2: PLL clock divided by 2 selected
1268:stm32f10x_lib/STM32F10x_StdPeriph_Driver/src/stm32f10x_rcc.c ****   *     @arg RCC_MCO_PLL2CLK: PLL2 clock selected                     
1269:stm32f10x_lib/STM32F10x_StdPeriph_Driver/src/stm32f10x_rcc.c ****   *     @arg RCC_MCO_PLL3CLK_Div2: PLL3 clock divided by 2 selected   
1270:stm32f10x_lib/STM32F10x_StdPeriph_Driver/src/stm32f10x_rcc.c ****   *     @arg RCC_MCO_XT1: External 3-25 MHz oscillator clock selected  
1271:stm32f10x_lib/STM32F10x_StdPeriph_Driver/src/stm32f10x_rcc.c ****   *     @arg RCC_MCO_PLL3CLK: PLL3 clock selected 
1272:stm32f10x_lib/STM32F10x_StdPeriph_Driver/src/stm32f10x_rcc.c ****   * 
1273:stm32f10x_lib/STM32F10x_StdPeriph_Driver/src/stm32f10x_rcc.c ****   *   For  @b other_STM32_devices, this parameter can be one of the following values:        
1274:stm32f10x_lib/STM32F10x_StdPeriph_Driver/src/stm32f10x_rcc.c ****   *     @arg RCC_MCO_NoClock: No clock selected
1275:stm32f10x_lib/STM32F10x_StdPeriph_Driver/src/stm32f10x_rcc.c ****   *     @arg RCC_MCO_SYSCLK: System clock selected
1276:stm32f10x_lib/STM32F10x_StdPeriph_Driver/src/stm32f10x_rcc.c ****   *     @arg RCC_MCO_HSI: HSI oscillator clock selected
1277:stm32f10x_lib/STM32F10x_StdPeriph_Driver/src/stm32f10x_rcc.c ****   *     @arg RCC_MCO_HSE: HSE oscillator clock selected
1278:stm32f10x_lib/STM32F10x_StdPeriph_Driver/src/stm32f10x_rcc.c ****   *     @arg RCC_MCO_PLLCLK_Div2: PLL clock divided by 2 selected
1279:stm32f10x_lib/STM32F10x_StdPeriph_Driver/src/stm32f10x_rcc.c ****   *   
1280:stm32f10x_lib/STM32F10x_StdPeriph_Driver/src/stm32f10x_rcc.c ****   * @retval None
1281:stm32f10x_lib/STM32F10x_StdPeriph_Driver/src/stm32f10x_rcc.c ****   */
1282:stm32f10x_lib/STM32F10x_StdPeriph_Driver/src/stm32f10x_rcc.c **** void RCC_MCOConfig(uint8_t RCC_MCO)
1283:stm32f10x_lib/STM32F10x_StdPeriph_Driver/src/stm32f10x_rcc.c **** {
 1387              		.loc 1 1283 1 is_stmt 1 view -0
 1388              		.cfi_startproc
 1389              		@ args = 0, pretend = 0, frame = 0
 1390              		@ frame_needed = 0, uses_anonymous_args = 0
 1391              		@ link register save eliminated.
1284:stm32f10x_lib/STM32F10x_StdPeriph_Driver/src/stm32f10x_rcc.c ****   /* Check the parameters */
1285:stm32f10x_lib/STM32F10x_StdPeriph_Driver/src/stm32f10x_rcc.c ****   assert_param(IS_RCC_MCO(RCC_MCO));
 1392              		.loc 1 1285 3 view .LVU345
1286:stm32f10x_lib/STM32F10x_StdPeriph_Driver/src/stm32f10x_rcc.c **** 
1287:stm32f10x_lib/STM32F10x_StdPeriph_Driver/src/stm32f10x_rcc.c ****   /* Perform Byte access to MCO bits to select the MCO source */
1288:stm32f10x_lib/STM32F10x_StdPeriph_Driver/src/stm32f10x_rcc.c ****   *(__IO uint8_t *) CFGR_BYTE4_ADDRESS = RCC_MCO;
 1393              		.loc 1 1288 3 view .LVU346
 1394              	@ stm32f10x_lib/STM32F10x_StdPeriph_Driver/src/stm32f10x_rcc.c:1288:   *(__IO uint8_t *) CFGR_BYTE4
 1395              		.loc 1 1288 40 is_stmt 0 view .LVU347
 1396 02cc 014B     		ldr	r3, .L112	@ tmp95,
 1397 02ce D871     		strb	r0, [r3, #7]	@ RCC_MCO, MEM[(volatile uint8_t *)1073876999B]
 1398              	@ stm32f10x_lib/STM32F10x_StdPeriph_Driver/src/stm32f10x_rcc.c:1289: }
1289:stm32f10x_lib/STM32F10x_StdPeriph_Driver/src/stm32f10x_rcc.c **** }
 1399              		.loc 1 1289 1 view .LVU348
 1400 02d0 7047     		bx	lr	@
 1401              	.L113:
ARM GAS  /tmp/cc3GD86t.s 			page 49


 1402 02d2 00BF     		.align	2
 1403              	.L112:
 1404 02d4 00100240 		.word	1073876992
 1405              		.cfi_endproc
 1406              	.LFE57:
 1407              		.size	RCC_MCOConfig, .-RCC_MCOConfig
 1408              		.align	1
 1409              		.global	RCC_GetFlagStatus
 1410              		.syntax unified
 1411              		.thumb
 1412              		.thumb_func
 1413              		.type	RCC_GetFlagStatus, %function
 1414              	RCC_GetFlagStatus:
 1415              	.LVL74:
 1416              	.LFB58:
1290:stm32f10x_lib/STM32F10x_StdPeriph_Driver/src/stm32f10x_rcc.c **** 
1291:stm32f10x_lib/STM32F10x_StdPeriph_Driver/src/stm32f10x_rcc.c **** /**
1292:stm32f10x_lib/STM32F10x_StdPeriph_Driver/src/stm32f10x_rcc.c ****   * @brief  Checks whether the specified RCC flag is set or not.
1293:stm32f10x_lib/STM32F10x_StdPeriph_Driver/src/stm32f10x_rcc.c ****   * @param  RCC_FLAG: specifies the flag to check.
1294:stm32f10x_lib/STM32F10x_StdPeriph_Driver/src/stm32f10x_rcc.c ****   *   
1295:stm32f10x_lib/STM32F10x_StdPeriph_Driver/src/stm32f10x_rcc.c ****   *   For @b STM32_Connectivity_line_devices, this parameter can be one of the
1296:stm32f10x_lib/STM32F10x_StdPeriph_Driver/src/stm32f10x_rcc.c ****   *   following values:
1297:stm32f10x_lib/STM32F10x_StdPeriph_Driver/src/stm32f10x_rcc.c ****   *     @arg RCC_FLAG_HSIRDY: HSI oscillator clock ready
1298:stm32f10x_lib/STM32F10x_StdPeriph_Driver/src/stm32f10x_rcc.c ****   *     @arg RCC_FLAG_HSERDY: HSE oscillator clock ready
1299:stm32f10x_lib/STM32F10x_StdPeriph_Driver/src/stm32f10x_rcc.c ****   *     @arg RCC_FLAG_PLLRDY: PLL clock ready
1300:stm32f10x_lib/STM32F10x_StdPeriph_Driver/src/stm32f10x_rcc.c ****   *     @arg RCC_FLAG_PLL2RDY: PLL2 clock ready      
1301:stm32f10x_lib/STM32F10x_StdPeriph_Driver/src/stm32f10x_rcc.c ****   *     @arg RCC_FLAG_PLL3RDY: PLL3 clock ready                           
1302:stm32f10x_lib/STM32F10x_StdPeriph_Driver/src/stm32f10x_rcc.c ****   *     @arg RCC_FLAG_LSERDY: LSE oscillator clock ready
1303:stm32f10x_lib/STM32F10x_StdPeriph_Driver/src/stm32f10x_rcc.c ****   *     @arg RCC_FLAG_LSIRDY: LSI oscillator clock ready
1304:stm32f10x_lib/STM32F10x_StdPeriph_Driver/src/stm32f10x_rcc.c ****   *     @arg RCC_FLAG_PINRST: Pin reset
1305:stm32f10x_lib/STM32F10x_StdPeriph_Driver/src/stm32f10x_rcc.c ****   *     @arg RCC_FLAG_PORRST: POR/PDR reset
1306:stm32f10x_lib/STM32F10x_StdPeriph_Driver/src/stm32f10x_rcc.c ****   *     @arg RCC_FLAG_SFTRST: Software reset
1307:stm32f10x_lib/STM32F10x_StdPeriph_Driver/src/stm32f10x_rcc.c ****   *     @arg RCC_FLAG_IWDGRST: Independent Watchdog reset
1308:stm32f10x_lib/STM32F10x_StdPeriph_Driver/src/stm32f10x_rcc.c ****   *     @arg RCC_FLAG_WWDGRST: Window Watchdog reset
1309:stm32f10x_lib/STM32F10x_StdPeriph_Driver/src/stm32f10x_rcc.c ****   *     @arg RCC_FLAG_LPWRRST: Low Power reset
1310:stm32f10x_lib/STM32F10x_StdPeriph_Driver/src/stm32f10x_rcc.c ****   * 
1311:stm32f10x_lib/STM32F10x_StdPeriph_Driver/src/stm32f10x_rcc.c ****   *   For @b other_STM32_devices, this parameter can be one of the following values:        
1312:stm32f10x_lib/STM32F10x_StdPeriph_Driver/src/stm32f10x_rcc.c ****   *     @arg RCC_FLAG_HSIRDY: HSI oscillator clock ready
1313:stm32f10x_lib/STM32F10x_StdPeriph_Driver/src/stm32f10x_rcc.c ****   *     @arg RCC_FLAG_HSERDY: HSE oscillator clock ready
1314:stm32f10x_lib/STM32F10x_StdPeriph_Driver/src/stm32f10x_rcc.c ****   *     @arg RCC_FLAG_PLLRDY: PLL clock ready
1315:stm32f10x_lib/STM32F10x_StdPeriph_Driver/src/stm32f10x_rcc.c ****   *     @arg RCC_FLAG_LSERDY: LSE oscillator clock ready
1316:stm32f10x_lib/STM32F10x_StdPeriph_Driver/src/stm32f10x_rcc.c ****   *     @arg RCC_FLAG_LSIRDY: LSI oscillator clock ready
1317:stm32f10x_lib/STM32F10x_StdPeriph_Driver/src/stm32f10x_rcc.c ****   *     @arg RCC_FLAG_PINRST: Pin reset
1318:stm32f10x_lib/STM32F10x_StdPeriph_Driver/src/stm32f10x_rcc.c ****   *     @arg RCC_FLAG_PORRST: POR/PDR reset
1319:stm32f10x_lib/STM32F10x_StdPeriph_Driver/src/stm32f10x_rcc.c ****   *     @arg RCC_FLAG_SFTRST: Software reset
1320:stm32f10x_lib/STM32F10x_StdPeriph_Driver/src/stm32f10x_rcc.c ****   *     @arg RCC_FLAG_IWDGRST: Independent Watchdog reset
1321:stm32f10x_lib/STM32F10x_StdPeriph_Driver/src/stm32f10x_rcc.c ****   *     @arg RCC_FLAG_WWDGRST: Window Watchdog reset
1322:stm32f10x_lib/STM32F10x_StdPeriph_Driver/src/stm32f10x_rcc.c ****   *     @arg RCC_FLAG_LPWRRST: Low Power reset
1323:stm32f10x_lib/STM32F10x_StdPeriph_Driver/src/stm32f10x_rcc.c ****   *   
1324:stm32f10x_lib/STM32F10x_StdPeriph_Driver/src/stm32f10x_rcc.c ****   * @retval The new state of RCC_FLAG (SET or RESET).
1325:stm32f10x_lib/STM32F10x_StdPeriph_Driver/src/stm32f10x_rcc.c ****   */
1326:stm32f10x_lib/STM32F10x_StdPeriph_Driver/src/stm32f10x_rcc.c **** FlagStatus RCC_GetFlagStatus(uint8_t RCC_FLAG)
1327:stm32f10x_lib/STM32F10x_StdPeriph_Driver/src/stm32f10x_rcc.c **** {
 1417              		.loc 1 1327 1 is_stmt 1 view -0
 1418              		.cfi_startproc
 1419              		@ args = 0, pretend = 0, frame = 0
 1420              		@ frame_needed = 0, uses_anonymous_args = 0
ARM GAS  /tmp/cc3GD86t.s 			page 50


 1421              		@ link register save eliminated.
1328:stm32f10x_lib/STM32F10x_StdPeriph_Driver/src/stm32f10x_rcc.c ****   uint32_t tmp = 0;
 1422              		.loc 1 1328 3 view .LVU350
1329:stm32f10x_lib/STM32F10x_StdPeriph_Driver/src/stm32f10x_rcc.c ****   uint32_t statusreg = 0;
 1423              		.loc 1 1329 3 view .LVU351
1330:stm32f10x_lib/STM32F10x_StdPeriph_Driver/src/stm32f10x_rcc.c ****   FlagStatus bitstatus = RESET;
 1424              		.loc 1 1330 3 view .LVU352
1331:stm32f10x_lib/STM32F10x_StdPeriph_Driver/src/stm32f10x_rcc.c ****   /* Check the parameters */
1332:stm32f10x_lib/STM32F10x_StdPeriph_Driver/src/stm32f10x_rcc.c ****   assert_param(IS_RCC_FLAG(RCC_FLAG));
 1425              		.loc 1 1332 3 view .LVU353
1333:stm32f10x_lib/STM32F10x_StdPeriph_Driver/src/stm32f10x_rcc.c **** 
1334:stm32f10x_lib/STM32F10x_StdPeriph_Driver/src/stm32f10x_rcc.c ****   /* Get the RCC register index */
1335:stm32f10x_lib/STM32F10x_StdPeriph_Driver/src/stm32f10x_rcc.c ****   tmp = RCC_FLAG >> 5;
 1426              		.loc 1 1335 3 view .LVU354
 1427              	@ stm32f10x_lib/STM32F10x_StdPeriph_Driver/src/stm32f10x_rcc.c:1335:   tmp = RCC_FLAG >> 5;
 1428              		.loc 1 1335 18 is_stmt 0 view .LVU355
 1429 02d8 4209     		lsrs	r2, r0, #5	@ _1, RCC_FLAG,
 1430              	.LVL75:
1336:stm32f10x_lib/STM32F10x_StdPeriph_Driver/src/stm32f10x_rcc.c ****   if (tmp == 1)               /* The flag to check is in CR register */
 1431              		.loc 1 1336 3 is_stmt 1 view .LVU356
 1432              	@ stm32f10x_lib/STM32F10x_StdPeriph_Driver/src/stm32f10x_rcc.c:1336:   if (tmp == 1)               
 1433              		.loc 1 1336 6 is_stmt 0 view .LVU357
 1434 02da 012A     		cmp	r2, #1	@ _1,
 1435 02dc 074B     		ldr	r3, .L118	@ tmp113,
 1436 02de 07D1     		bne	.L115		@,
1337:stm32f10x_lib/STM32F10x_StdPeriph_Driver/src/stm32f10x_rcc.c ****   {
1338:stm32f10x_lib/STM32F10x_StdPeriph_Driver/src/stm32f10x_rcc.c ****     statusreg = RCC->CR;
 1437              		.loc 1 1338 5 is_stmt 1 view .LVU358
 1438              	@ stm32f10x_lib/STM32F10x_StdPeriph_Driver/src/stm32f10x_rcc.c:1338:     statusreg = RCC->CR;
 1439              		.loc 1 1338 15 is_stmt 0 view .LVU359
 1440 02e0 1B68     		ldr	r3, [r3]	@ statusreg, MEM[(struct RCC_TypeDef *)1073876992B].CR
 1441              	.LVL76:
 1442              	.L116:
1339:stm32f10x_lib/STM32F10x_StdPeriph_Driver/src/stm32f10x_rcc.c ****   }
1340:stm32f10x_lib/STM32F10x_StdPeriph_Driver/src/stm32f10x_rcc.c ****   else if (tmp == 2)          /* The flag to check is in BDCR register */
1341:stm32f10x_lib/STM32F10x_StdPeriph_Driver/src/stm32f10x_rcc.c ****   {
1342:stm32f10x_lib/STM32F10x_StdPeriph_Driver/src/stm32f10x_rcc.c ****     statusreg = RCC->BDCR;
1343:stm32f10x_lib/STM32F10x_StdPeriph_Driver/src/stm32f10x_rcc.c ****   }
1344:stm32f10x_lib/STM32F10x_StdPeriph_Driver/src/stm32f10x_rcc.c ****   else                       /* The flag to check is in CSR register */
1345:stm32f10x_lib/STM32F10x_StdPeriph_Driver/src/stm32f10x_rcc.c ****   {
1346:stm32f10x_lib/STM32F10x_StdPeriph_Driver/src/stm32f10x_rcc.c ****     statusreg = RCC->CSR;
1347:stm32f10x_lib/STM32F10x_StdPeriph_Driver/src/stm32f10x_rcc.c ****   }
1348:stm32f10x_lib/STM32F10x_StdPeriph_Driver/src/stm32f10x_rcc.c **** 
1349:stm32f10x_lib/STM32F10x_StdPeriph_Driver/src/stm32f10x_rcc.c ****   /* Get the flag position */
1350:stm32f10x_lib/STM32F10x_StdPeriph_Driver/src/stm32f10x_rcc.c ****   tmp = RCC_FLAG & FLAG_Mask;
 1443              		.loc 1 1350 3 is_stmt 1 view .LVU360
1351:stm32f10x_lib/STM32F10x_StdPeriph_Driver/src/stm32f10x_rcc.c ****   if ((statusreg & ((uint32_t)1 << tmp)) != (uint32_t)RESET)
 1444              		.loc 1 1351 3 view .LVU361
1352:stm32f10x_lib/STM32F10x_StdPeriph_Driver/src/stm32f10x_rcc.c ****   {
1353:stm32f10x_lib/STM32F10x_StdPeriph_Driver/src/stm32f10x_rcc.c ****     bitstatus = SET;
1354:stm32f10x_lib/STM32F10x_StdPeriph_Driver/src/stm32f10x_rcc.c ****   }
1355:stm32f10x_lib/STM32F10x_StdPeriph_Driver/src/stm32f10x_rcc.c ****   else
1356:stm32f10x_lib/STM32F10x_StdPeriph_Driver/src/stm32f10x_rcc.c ****   {
1357:stm32f10x_lib/STM32F10x_StdPeriph_Driver/src/stm32f10x_rcc.c ****     bitstatus = RESET;
1358:stm32f10x_lib/STM32F10x_StdPeriph_Driver/src/stm32f10x_rcc.c ****   }
1359:stm32f10x_lib/STM32F10x_StdPeriph_Driver/src/stm32f10x_rcc.c **** 
1360:stm32f10x_lib/STM32F10x_StdPeriph_Driver/src/stm32f10x_rcc.c ****   /* Return the flag status */
ARM GAS  /tmp/cc3GD86t.s 			page 51


1361:stm32f10x_lib/STM32F10x_StdPeriph_Driver/src/stm32f10x_rcc.c ****   return bitstatus;
 1445              		.loc 1 1361 3 view .LVU362
 1446              	@ stm32f10x_lib/STM32F10x_StdPeriph_Driver/src/stm32f10x_rcc.c:1350:   tmp = RCC_FLAG & FLAG_Mask;
1350:stm32f10x_lib/STM32F10x_StdPeriph_Driver/src/stm32f10x_rcc.c ****   if ((statusreg & ((uint32_t)1 << tmp)) != (uint32_t)RESET)
 1447              		.loc 1 1350 7 is_stmt 0 view .LVU363
 1448 02e2 00F01F00 		and	r0, r0, #31	@ tmp_11, RCC_FLAG,
 1449              	.LVL77:
 1450              	@ stm32f10x_lib/STM32F10x_StdPeriph_Driver/src/stm32f10x_rcc.c:1351:   if ((statusreg & ((uint32_t)
1351:stm32f10x_lib/STM32F10x_StdPeriph_Driver/src/stm32f10x_rcc.c ****   if ((statusreg & ((uint32_t)1 << tmp)) != (uint32_t)RESET)
 1451              		.loc 1 1351 42 view .LVU364
 1452 02e6 23FA00F0 		lsr	r0, r3, r0	@ _2, statusreg, tmp_11
 1453              	.LVL78:
 1454              	@ stm32f10x_lib/STM32F10x_StdPeriph_Driver/src/stm32f10x_rcc.c:1362: }
1362:stm32f10x_lib/STM32F10x_StdPeriph_Driver/src/stm32f10x_rcc.c **** }
 1455              		.loc 1 1362 1 view .LVU365
 1456 02ea 00F00100 		and	r0, r0, #1	@, _2,
 1457 02ee 7047     		bx	lr	@
 1458              	.LVL79:
 1459              	.L115:
1340:stm32f10x_lib/STM32F10x_StdPeriph_Driver/src/stm32f10x_rcc.c ****   {
 1460              		.loc 1 1340 8 is_stmt 1 view .LVU366
 1461              	@ stm32f10x_lib/STM32F10x_StdPeriph_Driver/src/stm32f10x_rcc.c:1340:   else if (tmp == 2)          
1340:stm32f10x_lib/STM32F10x_StdPeriph_Driver/src/stm32f10x_rcc.c ****   {
 1462              		.loc 1 1340 11 is_stmt 0 view .LVU367
 1463 02f0 022A     		cmp	r2, #2	@ _1,
1342:stm32f10x_lib/STM32F10x_StdPeriph_Driver/src/stm32f10x_rcc.c ****   }
 1464              		.loc 1 1342 5 is_stmt 1 view .LVU368
 1465              	@ stm32f10x_lib/STM32F10x_StdPeriph_Driver/src/stm32f10x_rcc.c:1342:     statusreg = RCC->BDCR;
1342:stm32f10x_lib/STM32F10x_StdPeriph_Driver/src/stm32f10x_rcc.c ****   }
 1466              		.loc 1 1342 15 is_stmt 0 view .LVU369
 1467 02f2 0CBF     		ite	eq
 1468 02f4 1B6A     		ldreq	r3, [r3, #32]	@ statusreg, MEM[(struct RCC_TypeDef *)1073876992B].BDCR
 1469              	.LVL80:
1346:stm32f10x_lib/STM32F10x_StdPeriph_Driver/src/stm32f10x_rcc.c ****   }
 1470              		.loc 1 1346 5 is_stmt 1 view .LVU370
 1471              	@ stm32f10x_lib/STM32F10x_StdPeriph_Driver/src/stm32f10x_rcc.c:1346:     statusreg = RCC->CSR;
1346:stm32f10x_lib/STM32F10x_StdPeriph_Driver/src/stm32f10x_rcc.c ****   }
 1472              		.loc 1 1346 15 is_stmt 0 view .LVU371
 1473 02f6 5B6A     		ldrne	r3, [r3, #36]	@ statusreg, MEM[(struct RCC_TypeDef *)1073876992B].CSR
 1474              	.LVL81:
1346:stm32f10x_lib/STM32F10x_StdPeriph_Driver/src/stm32f10x_rcc.c ****   }
 1475              		.loc 1 1346 15 view .LVU372
 1476 02f8 F3E7     		b	.L116		@
 1477              	.L119:
 1478 02fa 00BF     		.align	2
 1479              	.L118:
 1480 02fc 00100240 		.word	1073876992
 1481              		.cfi_endproc
 1482              	.LFE58:
 1483              		.size	RCC_GetFlagStatus, .-RCC_GetFlagStatus
 1484              		.align	1
 1485              		.global	RCC_WaitForHSEStartUp
 1486              		.syntax unified
 1487              		.thumb
 1488              		.thumb_func
 1489              		.type	RCC_WaitForHSEStartUp, %function
 1490              	RCC_WaitForHSEStartUp:
ARM GAS  /tmp/cc3GD86t.s 			page 52


 1491              	.LFB31:
 305:stm32f10x_lib/STM32F10x_StdPeriph_Driver/src/stm32f10x_rcc.c ****   __IO uint32_t StartUpCounter = 0;
 1492              		.loc 1 305 1 is_stmt 1 view -0
 1493              		.cfi_startproc
 1494              		@ args = 0, pretend = 0, frame = 8
 1495              		@ frame_needed = 0, uses_anonymous_args = 0
 306:stm32f10x_lib/STM32F10x_StdPeriph_Driver/src/stm32f10x_rcc.c ****   ErrorStatus status = ERROR;
 1496              		.loc 1 306 3 view .LVU374
 1497              	@ stm32f10x_lib/STM32F10x_StdPeriph_Driver/src/stm32f10x_rcc.c:306:   __IO uint32_t StartUpCounter 
 306:stm32f10x_lib/STM32F10x_StdPeriph_Driver/src/stm32f10x_rcc.c ****   ErrorStatus status = ERROR;
 1498              		.loc 1 306 17 is_stmt 0 view .LVU375
 1499 0300 0023     		movs	r3, #0	@ tmp99,
 1500              	@ stm32f10x_lib/STM32F10x_StdPeriph_Driver/src/stm32f10x_rcc.c:305: {
 305:stm32f10x_lib/STM32F10x_StdPeriph_Driver/src/stm32f10x_rcc.c ****   __IO uint32_t StartUpCounter = 0;
 1501              		.loc 1 305 1 view .LVU376
 1502 0302 07B5     		push	{r0, r1, r2, lr}	@
 1503              	.LCFI1:
 1504              		.cfi_def_cfa_offset 16
 1505              		.cfi_offset 14, -4
 1506              	@ stm32f10x_lib/STM32F10x_StdPeriph_Driver/src/stm32f10x_rcc.c:306:   __IO uint32_t StartUpCounter 
 306:stm32f10x_lib/STM32F10x_StdPeriph_Driver/src/stm32f10x_rcc.c ****   ErrorStatus status = ERROR;
 1507              		.loc 1 306 17 view .LVU377
 1508 0304 0193     		str	r3, [sp, #4]	@ tmp99, StartUpCounter
 307:stm32f10x_lib/STM32F10x_StdPeriph_Driver/src/stm32f10x_rcc.c ****   FlagStatus HSEStatus = RESET;
 1509              		.loc 1 307 3 is_stmt 1 view .LVU378
 1510              	.LVL82:
 308:stm32f10x_lib/STM32F10x_StdPeriph_Driver/src/stm32f10x_rcc.c ****   
 1511              		.loc 1 308 3 view .LVU379
 1512              	.L122:
 311:stm32f10x_lib/STM32F10x_StdPeriph_Driver/src/stm32f10x_rcc.c ****   {
 1513              		.loc 1 311 3 view .LVU380
 313:stm32f10x_lib/STM32F10x_StdPeriph_Driver/src/stm32f10x_rcc.c ****     StartUpCounter++;  
 1514              		.loc 1 313 5 view .LVU381
 1515              	@ stm32f10x_lib/STM32F10x_StdPeriph_Driver/src/stm32f10x_rcc.c:313:     HSEStatus = RCC_GetFlagStat
 313:stm32f10x_lib/STM32F10x_StdPeriph_Driver/src/stm32f10x_rcc.c ****     StartUpCounter++;  
 1516              		.loc 1 313 17 is_stmt 0 view .LVU382
 1517 0306 3120     		movs	r0, #49	@,
 1518 0308 FFF7FEFF 		bl	RCC_GetFlagStatus		@
 1519              	.LVL83:
 314:stm32f10x_lib/STM32F10x_StdPeriph_Driver/src/stm32f10x_rcc.c ****   } while((StartUpCounter != HSE_STARTUP_TIMEOUT) && (HSEStatus == RESET));
 1520              		.loc 1 314 5 is_stmt 1 view .LVU383
 1521              	@ stm32f10x_lib/STM32F10x_StdPeriph_Driver/src/stm32f10x_rcc.c:314:     StartUpCounter++;  
 314:stm32f10x_lib/STM32F10x_StdPeriph_Driver/src/stm32f10x_rcc.c ****   } while((StartUpCounter != HSE_STARTUP_TIMEOUT) && (HSEStatus == RESET));
 1522              		.loc 1 314 19 is_stmt 0 view .LVU384
 1523 030c 019B     		ldr	r3, [sp, #4]	@ StartUpCounter.0_1, StartUpCounter
 1524 030e 0133     		adds	r3, r3, #1	@ _2, StartUpCounter.0_1,
 1525 0310 0193     		str	r3, [sp, #4]	@ _2, StartUpCounter
 315:stm32f10x_lib/STM32F10x_StdPeriph_Driver/src/stm32f10x_rcc.c ****   
 1526              		.loc 1 315 51 is_stmt 1 view .LVU385
 1527              	@ stm32f10x_lib/STM32F10x_StdPeriph_Driver/src/stm32f10x_rcc.c:315:   } while((StartUpCounter != HS
 315:stm32f10x_lib/STM32F10x_StdPeriph_Driver/src/stm32f10x_rcc.c ****   
 1528              		.loc 1 315 27 is_stmt 0 view .LVU386
 1529 0312 019B     		ldr	r3, [sp, #4]	@ StartUpCounter.1_3, StartUpCounter
 1530              	@ stm32f10x_lib/STM32F10x_StdPeriph_Driver/src/stm32f10x_rcc.c:315:   } while((StartUpCounter != HS
 315:stm32f10x_lib/STM32F10x_StdPeriph_Driver/src/stm32f10x_rcc.c ****   
 1531              		.loc 1 315 51 view .LVU387
 1532 0314 B3F5A06F 		cmp	r3, #1280	@ StartUpCounter.1_3,
ARM GAS  /tmp/cc3GD86t.s 			page 53


 1533 0318 01D0     		beq	.L121		@,
 1534              	@ stm32f10x_lib/STM32F10x_StdPeriph_Driver/src/stm32f10x_rcc.c:315:   } while((StartUpCounter != HS
 315:stm32f10x_lib/STM32F10x_StdPeriph_Driver/src/stm32f10x_rcc.c ****   
 1535              		.loc 1 315 51 discriminator 1 view .LVU388
 1536 031a 0028     		cmp	r0, #0	@ tmp103
 1537 031c F3D0     		beq	.L122	@
 1538              	.L121:
 317:stm32f10x_lib/STM32F10x_StdPeriph_Driver/src/stm32f10x_rcc.c ****   {
 1539              		.loc 1 317 3 is_stmt 1 view .LVU389
 1540              	@ stm32f10x_lib/STM32F10x_StdPeriph_Driver/src/stm32f10x_rcc.c:317:   if (RCC_GetFlagStatus(RCC_FLA
 317:stm32f10x_lib/STM32F10x_StdPeriph_Driver/src/stm32f10x_rcc.c ****   {
 1541              		.loc 1 317 7 is_stmt 0 view .LVU390
 1542 031e 3120     		movs	r0, #49	@,
 1543              	.LVL84:
 1544              	@ stm32f10x_lib/STM32F10x_StdPeriph_Driver/src/stm32f10x_rcc.c:326: }
 326:stm32f10x_lib/STM32F10x_StdPeriph_Driver/src/stm32f10x_rcc.c **** 
 1545              		.loc 1 326 1 view .LVU391
 1546 0320 03B0     		add	sp, sp, #12	@,,
 1547              	.LCFI2:
 1548              		.cfi_def_cfa_offset 4
 1549              		@ sp needed	@
 1550 0322 5DF804EB 		ldr	lr, [sp], #4	@,
 1551              	.LCFI3:
 1552              		.cfi_restore 14
 1553              		.cfi_def_cfa_offset 0
 1554              	@ stm32f10x_lib/STM32F10x_StdPeriph_Driver/src/stm32f10x_rcc.c:317:   if (RCC_GetFlagStatus(RCC_FLA
 317:stm32f10x_lib/STM32F10x_StdPeriph_Driver/src/stm32f10x_rcc.c ****   {
 1555              		.loc 1 317 7 view .LVU392
 1556 0326 FFF7FEBF 		b	RCC_GetFlagStatus		@
 1557              	.LVL85:
 1558              		.cfi_endproc
 1559              	.LFE31:
 1560              		.size	RCC_WaitForHSEStartUp, .-RCC_WaitForHSEStartUp
 1561              		.align	1
 1562              		.global	RCC_ClearFlag
 1563              		.syntax unified
 1564              		.thumb
 1565              		.thumb_func
 1566              		.type	RCC_ClearFlag, %function
 1567              	RCC_ClearFlag:
 1568              	.LFB59:
1363:stm32f10x_lib/STM32F10x_StdPeriph_Driver/src/stm32f10x_rcc.c **** 
1364:stm32f10x_lib/STM32F10x_StdPeriph_Driver/src/stm32f10x_rcc.c **** /**
1365:stm32f10x_lib/STM32F10x_StdPeriph_Driver/src/stm32f10x_rcc.c ****   * @brief  Clears the RCC reset flags.
1366:stm32f10x_lib/STM32F10x_StdPeriph_Driver/src/stm32f10x_rcc.c ****   * @note   The reset flags are: RCC_FLAG_PINRST, RCC_FLAG_PORRST, RCC_FLAG_SFTRST,
1367:stm32f10x_lib/STM32F10x_StdPeriph_Driver/src/stm32f10x_rcc.c ****   *   RCC_FLAG_IWDGRST, RCC_FLAG_WWDGRST, RCC_FLAG_LPWRRST
1368:stm32f10x_lib/STM32F10x_StdPeriph_Driver/src/stm32f10x_rcc.c ****   * @param  None
1369:stm32f10x_lib/STM32F10x_StdPeriph_Driver/src/stm32f10x_rcc.c ****   * @retval None
1370:stm32f10x_lib/STM32F10x_StdPeriph_Driver/src/stm32f10x_rcc.c ****   */
1371:stm32f10x_lib/STM32F10x_StdPeriph_Driver/src/stm32f10x_rcc.c **** void RCC_ClearFlag(void)
1372:stm32f10x_lib/STM32F10x_StdPeriph_Driver/src/stm32f10x_rcc.c **** {
 1569              		.loc 1 1372 1 is_stmt 1 view -0
 1570              		.cfi_startproc
 1571              		@ args = 0, pretend = 0, frame = 0
 1572              		@ frame_needed = 0, uses_anonymous_args = 0
 1573              		@ link register save eliminated.
1373:stm32f10x_lib/STM32F10x_StdPeriph_Driver/src/stm32f10x_rcc.c ****   /* Set RMVF bit to clear the reset flags */
ARM GAS  /tmp/cc3GD86t.s 			page 54


1374:stm32f10x_lib/STM32F10x_StdPeriph_Driver/src/stm32f10x_rcc.c ****   RCC->CSR |= CSR_RMVF_Set;
 1574              		.loc 1 1374 3 view .LVU394
 1575              	@ stm32f10x_lib/STM32F10x_StdPeriph_Driver/src/stm32f10x_rcc.c:1374:   RCC->CSR |= CSR_RMVF_Set;
 1576              		.loc 1 1374 6 is_stmt 0 view .LVU395
 1577 032a 034A     		ldr	r2, .L129	@ tmp96,
 1578 032c 536A     		ldr	r3, [r2, #36]	@ _1, MEM[(struct RCC_TypeDef *)1073876992B].CSR
 1579              	@ stm32f10x_lib/STM32F10x_StdPeriph_Driver/src/stm32f10x_rcc.c:1374:   RCC->CSR |= CSR_RMVF_Set;
 1580              		.loc 1 1374 12 view .LVU396
 1581 032e 43F08073 		orr	r3, r3, #16777216	@ _2, _1,
 1582 0332 5362     		str	r3, [r2, #36]	@ _2, MEM[(struct RCC_TypeDef *)1073876992B].CSR
 1583              	@ stm32f10x_lib/STM32F10x_StdPeriph_Driver/src/stm32f10x_rcc.c:1375: }
1375:stm32f10x_lib/STM32F10x_StdPeriph_Driver/src/stm32f10x_rcc.c **** }
 1584              		.loc 1 1375 1 view .LVU397
 1585 0334 7047     		bx	lr	@
 1586              	.L130:
 1587 0336 00BF     		.align	2
 1588              	.L129:
 1589 0338 00100240 		.word	1073876992
 1590              		.cfi_endproc
 1591              	.LFE59:
 1592              		.size	RCC_ClearFlag, .-RCC_ClearFlag
 1593              		.align	1
 1594              		.global	RCC_GetITStatus
 1595              		.syntax unified
 1596              		.thumb
 1597              		.thumb_func
 1598              		.type	RCC_GetITStatus, %function
 1599              	RCC_GetITStatus:
 1600              	.LVL86:
 1601              	.LFB60:
1376:stm32f10x_lib/STM32F10x_StdPeriph_Driver/src/stm32f10x_rcc.c **** 
1377:stm32f10x_lib/STM32F10x_StdPeriph_Driver/src/stm32f10x_rcc.c **** /**
1378:stm32f10x_lib/STM32F10x_StdPeriph_Driver/src/stm32f10x_rcc.c ****   * @brief  Checks whether the specified RCC interrupt has occurred or not.
1379:stm32f10x_lib/STM32F10x_StdPeriph_Driver/src/stm32f10x_rcc.c ****   * @param  RCC_IT: specifies the RCC interrupt source to check.
1380:stm32f10x_lib/STM32F10x_StdPeriph_Driver/src/stm32f10x_rcc.c ****   *   
1381:stm32f10x_lib/STM32F10x_StdPeriph_Driver/src/stm32f10x_rcc.c ****   *   For @b STM32_Connectivity_line_devices, this parameter can be one of the
1382:stm32f10x_lib/STM32F10x_StdPeriph_Driver/src/stm32f10x_rcc.c ****   *   following values:
1383:stm32f10x_lib/STM32F10x_StdPeriph_Driver/src/stm32f10x_rcc.c ****   *     @arg RCC_IT_LSIRDY: LSI ready interrupt
1384:stm32f10x_lib/STM32F10x_StdPeriph_Driver/src/stm32f10x_rcc.c ****   *     @arg RCC_IT_LSERDY: LSE ready interrupt
1385:stm32f10x_lib/STM32F10x_StdPeriph_Driver/src/stm32f10x_rcc.c ****   *     @arg RCC_IT_HSIRDY: HSI ready interrupt
1386:stm32f10x_lib/STM32F10x_StdPeriph_Driver/src/stm32f10x_rcc.c ****   *     @arg RCC_IT_HSERDY: HSE ready interrupt
1387:stm32f10x_lib/STM32F10x_StdPeriph_Driver/src/stm32f10x_rcc.c ****   *     @arg RCC_IT_PLLRDY: PLL ready interrupt
1388:stm32f10x_lib/STM32F10x_StdPeriph_Driver/src/stm32f10x_rcc.c ****   *     @arg RCC_IT_PLL2RDY: PLL2 ready interrupt 
1389:stm32f10x_lib/STM32F10x_StdPeriph_Driver/src/stm32f10x_rcc.c ****   *     @arg RCC_IT_PLL3RDY: PLL3 ready interrupt                      
1390:stm32f10x_lib/STM32F10x_StdPeriph_Driver/src/stm32f10x_rcc.c ****   *     @arg RCC_IT_CSS: Clock Security System interrupt
1391:stm32f10x_lib/STM32F10x_StdPeriph_Driver/src/stm32f10x_rcc.c ****   * 
1392:stm32f10x_lib/STM32F10x_StdPeriph_Driver/src/stm32f10x_rcc.c ****   *   For @b other_STM32_devices, this parameter can be one of the following values:        
1393:stm32f10x_lib/STM32F10x_StdPeriph_Driver/src/stm32f10x_rcc.c ****   *     @arg RCC_IT_LSIRDY: LSI ready interrupt
1394:stm32f10x_lib/STM32F10x_StdPeriph_Driver/src/stm32f10x_rcc.c ****   *     @arg RCC_IT_LSERDY: LSE ready interrupt
1395:stm32f10x_lib/STM32F10x_StdPeriph_Driver/src/stm32f10x_rcc.c ****   *     @arg RCC_IT_HSIRDY: HSI ready interrupt
1396:stm32f10x_lib/STM32F10x_StdPeriph_Driver/src/stm32f10x_rcc.c ****   *     @arg RCC_IT_HSERDY: HSE ready interrupt
1397:stm32f10x_lib/STM32F10x_StdPeriph_Driver/src/stm32f10x_rcc.c ****   *     @arg RCC_IT_PLLRDY: PLL ready interrupt
1398:stm32f10x_lib/STM32F10x_StdPeriph_Driver/src/stm32f10x_rcc.c ****   *     @arg RCC_IT_CSS: Clock Security System interrupt
1399:stm32f10x_lib/STM32F10x_StdPeriph_Driver/src/stm32f10x_rcc.c ****   *   
1400:stm32f10x_lib/STM32F10x_StdPeriph_Driver/src/stm32f10x_rcc.c ****   * @retval The new state of RCC_IT (SET or RESET).
1401:stm32f10x_lib/STM32F10x_StdPeriph_Driver/src/stm32f10x_rcc.c ****   */
1402:stm32f10x_lib/STM32F10x_StdPeriph_Driver/src/stm32f10x_rcc.c **** ITStatus RCC_GetITStatus(uint8_t RCC_IT)
ARM GAS  /tmp/cc3GD86t.s 			page 55


1403:stm32f10x_lib/STM32F10x_StdPeriph_Driver/src/stm32f10x_rcc.c **** {
 1602              		.loc 1 1403 1 is_stmt 1 view -0
 1603              		.cfi_startproc
 1604              		@ args = 0, pretend = 0, frame = 0
 1605              		@ frame_needed = 0, uses_anonymous_args = 0
 1606              		@ link register save eliminated.
1404:stm32f10x_lib/STM32F10x_StdPeriph_Driver/src/stm32f10x_rcc.c ****   ITStatus bitstatus = RESET;
 1607              		.loc 1 1404 3 view .LVU399
1405:stm32f10x_lib/STM32F10x_StdPeriph_Driver/src/stm32f10x_rcc.c ****   /* Check the parameters */
1406:stm32f10x_lib/STM32F10x_StdPeriph_Driver/src/stm32f10x_rcc.c ****   assert_param(IS_RCC_GET_IT(RCC_IT));
 1608              		.loc 1 1406 3 view .LVU400
1407:stm32f10x_lib/STM32F10x_StdPeriph_Driver/src/stm32f10x_rcc.c **** 
1408:stm32f10x_lib/STM32F10x_StdPeriph_Driver/src/stm32f10x_rcc.c ****   /* Check the status of the specified RCC interrupt */
1409:stm32f10x_lib/STM32F10x_StdPeriph_Driver/src/stm32f10x_rcc.c ****   if ((RCC->CIR & RCC_IT) != (uint32_t)RESET)
 1609              		.loc 1 1409 3 view .LVU401
 1610              	@ stm32f10x_lib/STM32F10x_StdPeriph_Driver/src/stm32f10x_rcc.c:1409:   if ((RCC->CIR & RCC_IT) != (
 1611              		.loc 1 1409 11 is_stmt 0 view .LVU402
 1612 033c 034B     		ldr	r3, .L132	@ tmp100,
 1613 033e 9B68     		ldr	r3, [r3, #8]	@ _1, MEM[(struct RCC_TypeDef *)1073876992B].CIR
 1614              	.LVL87:
1410:stm32f10x_lib/STM32F10x_StdPeriph_Driver/src/stm32f10x_rcc.c ****   {
1411:stm32f10x_lib/STM32F10x_StdPeriph_Driver/src/stm32f10x_rcc.c ****     bitstatus = SET;
1412:stm32f10x_lib/STM32F10x_StdPeriph_Driver/src/stm32f10x_rcc.c ****   }
1413:stm32f10x_lib/STM32F10x_StdPeriph_Driver/src/stm32f10x_rcc.c ****   else
1414:stm32f10x_lib/STM32F10x_StdPeriph_Driver/src/stm32f10x_rcc.c ****   {
1415:stm32f10x_lib/STM32F10x_StdPeriph_Driver/src/stm32f10x_rcc.c ****     bitstatus = RESET;
1416:stm32f10x_lib/STM32F10x_StdPeriph_Driver/src/stm32f10x_rcc.c ****   }
1417:stm32f10x_lib/STM32F10x_StdPeriph_Driver/src/stm32f10x_rcc.c **** 
1418:stm32f10x_lib/STM32F10x_StdPeriph_Driver/src/stm32f10x_rcc.c ****   /* Return the RCC_IT status */
1419:stm32f10x_lib/STM32F10x_StdPeriph_Driver/src/stm32f10x_rcc.c ****   return  bitstatus;
 1615              		.loc 1 1419 3 is_stmt 1 view .LVU403
 1616              	@ stm32f10x_lib/STM32F10x_StdPeriph_Driver/src/stm32f10x_rcc.c:1409:   if ((RCC->CIR & RCC_IT) != (
1409:stm32f10x_lib/STM32F10x_StdPeriph_Driver/src/stm32f10x_rcc.c ****   {
 1617              		.loc 1 1409 6 is_stmt 0 view .LVU404
 1618 0340 1842     		tst	r0, r3	@ RCC_IT, _1
 1619              	@ stm32f10x_lib/STM32F10x_StdPeriph_Driver/src/stm32f10x_rcc.c:1420: }
1420:stm32f10x_lib/STM32F10x_StdPeriph_Driver/src/stm32f10x_rcc.c **** }
 1620              		.loc 1 1420 1 view .LVU405
 1621 0342 14BF     		ite	ne
 1622 0344 0120     		movne	r0, #1	@,
 1623              	.LVL88:
 1624              		.loc 1 1420 1 view .LVU406
 1625 0346 0020     		moveq	r0, #0	@,
 1626 0348 7047     		bx	lr	@
 1627              	.L133:
 1628 034a 00BF     		.align	2
 1629              	.L132:
 1630 034c 00100240 		.word	1073876992
 1631              		.cfi_endproc
 1632              	.LFE60:
 1633              		.size	RCC_GetITStatus, .-RCC_GetITStatus
 1634              		.align	1
 1635              		.global	RCC_ClearITPendingBit
 1636              		.syntax unified
 1637              		.thumb
 1638              		.thumb_func
 1639              		.type	RCC_ClearITPendingBit, %function
ARM GAS  /tmp/cc3GD86t.s 			page 56


 1640              	RCC_ClearITPendingBit:
 1641              	.LVL89:
 1642              	.LFB61:
1421:stm32f10x_lib/STM32F10x_StdPeriph_Driver/src/stm32f10x_rcc.c **** 
1422:stm32f10x_lib/STM32F10x_StdPeriph_Driver/src/stm32f10x_rcc.c **** /**
1423:stm32f10x_lib/STM32F10x_StdPeriph_Driver/src/stm32f10x_rcc.c ****   * @brief  Clears the RCC's interrupt pending bits.
1424:stm32f10x_lib/STM32F10x_StdPeriph_Driver/src/stm32f10x_rcc.c ****   * @param  RCC_IT: specifies the interrupt pending bit to clear.
1425:stm32f10x_lib/STM32F10x_StdPeriph_Driver/src/stm32f10x_rcc.c ****   *   
1426:stm32f10x_lib/STM32F10x_StdPeriph_Driver/src/stm32f10x_rcc.c ****   *   For @b STM32_Connectivity_line_devices, this parameter can be any combination
1427:stm32f10x_lib/STM32F10x_StdPeriph_Driver/src/stm32f10x_rcc.c ****   *   of the following values:
1428:stm32f10x_lib/STM32F10x_StdPeriph_Driver/src/stm32f10x_rcc.c ****   *     @arg RCC_IT_LSIRDY: LSI ready interrupt
1429:stm32f10x_lib/STM32F10x_StdPeriph_Driver/src/stm32f10x_rcc.c ****   *     @arg RCC_IT_LSERDY: LSE ready interrupt
1430:stm32f10x_lib/STM32F10x_StdPeriph_Driver/src/stm32f10x_rcc.c ****   *     @arg RCC_IT_HSIRDY: HSI ready interrupt
1431:stm32f10x_lib/STM32F10x_StdPeriph_Driver/src/stm32f10x_rcc.c ****   *     @arg RCC_IT_HSERDY: HSE ready interrupt
1432:stm32f10x_lib/STM32F10x_StdPeriph_Driver/src/stm32f10x_rcc.c ****   *     @arg RCC_IT_PLLRDY: PLL ready interrupt
1433:stm32f10x_lib/STM32F10x_StdPeriph_Driver/src/stm32f10x_rcc.c ****   *     @arg RCC_IT_PLL2RDY: PLL2 ready interrupt 
1434:stm32f10x_lib/STM32F10x_StdPeriph_Driver/src/stm32f10x_rcc.c ****   *     @arg RCC_IT_PLL3RDY: PLL3 ready interrupt                      
1435:stm32f10x_lib/STM32F10x_StdPeriph_Driver/src/stm32f10x_rcc.c ****   *     @arg RCC_IT_CSS: Clock Security System interrupt
1436:stm32f10x_lib/STM32F10x_StdPeriph_Driver/src/stm32f10x_rcc.c ****   * 
1437:stm32f10x_lib/STM32F10x_StdPeriph_Driver/src/stm32f10x_rcc.c ****   *   For @b other_STM32_devices, this parameter can be any combination of the
1438:stm32f10x_lib/STM32F10x_StdPeriph_Driver/src/stm32f10x_rcc.c ****   *   following values:        
1439:stm32f10x_lib/STM32F10x_StdPeriph_Driver/src/stm32f10x_rcc.c ****   *     @arg RCC_IT_LSIRDY: LSI ready interrupt
1440:stm32f10x_lib/STM32F10x_StdPeriph_Driver/src/stm32f10x_rcc.c ****   *     @arg RCC_IT_LSERDY: LSE ready interrupt
1441:stm32f10x_lib/STM32F10x_StdPeriph_Driver/src/stm32f10x_rcc.c ****   *     @arg RCC_IT_HSIRDY: HSI ready interrupt
1442:stm32f10x_lib/STM32F10x_StdPeriph_Driver/src/stm32f10x_rcc.c ****   *     @arg RCC_IT_HSERDY: HSE ready interrupt
1443:stm32f10x_lib/STM32F10x_StdPeriph_Driver/src/stm32f10x_rcc.c ****   *     @arg RCC_IT_PLLRDY: PLL ready interrupt
1444:stm32f10x_lib/STM32F10x_StdPeriph_Driver/src/stm32f10x_rcc.c ****   *   
1445:stm32f10x_lib/STM32F10x_StdPeriph_Driver/src/stm32f10x_rcc.c ****   *     @arg RCC_IT_CSS: Clock Security System interrupt
1446:stm32f10x_lib/STM32F10x_StdPeriph_Driver/src/stm32f10x_rcc.c ****   * @retval None
1447:stm32f10x_lib/STM32F10x_StdPeriph_Driver/src/stm32f10x_rcc.c ****   */
1448:stm32f10x_lib/STM32F10x_StdPeriph_Driver/src/stm32f10x_rcc.c **** void RCC_ClearITPendingBit(uint8_t RCC_IT)
1449:stm32f10x_lib/STM32F10x_StdPeriph_Driver/src/stm32f10x_rcc.c **** {
 1643              		.loc 1 1449 1 is_stmt 1 view -0
 1644              		.cfi_startproc
 1645              		@ args = 0, pretend = 0, frame = 0
 1646              		@ frame_needed = 0, uses_anonymous_args = 0
 1647              		@ link register save eliminated.
1450:stm32f10x_lib/STM32F10x_StdPeriph_Driver/src/stm32f10x_rcc.c ****   /* Check the parameters */
1451:stm32f10x_lib/STM32F10x_StdPeriph_Driver/src/stm32f10x_rcc.c ****   assert_param(IS_RCC_CLEAR_IT(RCC_IT));
 1648              		.loc 1 1451 3 view .LVU408
1452:stm32f10x_lib/STM32F10x_StdPeriph_Driver/src/stm32f10x_rcc.c **** 
1453:stm32f10x_lib/STM32F10x_StdPeriph_Driver/src/stm32f10x_rcc.c ****   /* Perform Byte access to RCC_CIR[23:16] bits to clear the selected interrupt
1454:stm32f10x_lib/STM32F10x_StdPeriph_Driver/src/stm32f10x_rcc.c ****      pending bits */
1455:stm32f10x_lib/STM32F10x_StdPeriph_Driver/src/stm32f10x_rcc.c ****   *(__IO uint8_t *) CIR_BYTE3_ADDRESS = RCC_IT;
 1649              		.loc 1 1455 3 view .LVU409
 1650              	@ stm32f10x_lib/STM32F10x_StdPeriph_Driver/src/stm32f10x_rcc.c:1455:   *(__IO uint8_t *) CIR_BYTE3_
 1651              		.loc 1 1455 39 is_stmt 0 view .LVU410
 1652 0350 014B     		ldr	r3, .L135	@ tmp95,
 1653 0352 9872     		strb	r0, [r3, #10]	@ RCC_IT, MEM[(volatile uint8_t *)1073877002B]
 1654              	@ stm32f10x_lib/STM32F10x_StdPeriph_Driver/src/stm32f10x_rcc.c:1456: }
1456:stm32f10x_lib/STM32F10x_StdPeriph_Driver/src/stm32f10x_rcc.c **** }
 1655              		.loc 1 1456 1 view .LVU411
 1656 0354 7047     		bx	lr	@
 1657              	.L136:
 1658 0356 00BF     		.align	2
 1659              	.L135:
 1660 0358 00100240 		.word	1073876992
ARM GAS  /tmp/cc3GD86t.s 			page 57


 1661              		.cfi_endproc
 1662              	.LFE61:
 1663              		.size	RCC_ClearITPendingBit, .-RCC_ClearITPendingBit
 1664              		.section	.rodata
 1665              		.set	.LANCHOR0,. + 0
 1666              		.type	APBAHBPrescTable, %object
 1667              		.size	APBAHBPrescTable, 16
 1668              	APBAHBPrescTable:
 1669 0000 00000000 		.ascii	"\000\000\000\000\001\002\003\004\001\002\003\004\006"
 1669      01020304 
 1669      01020304 
 1669      06
 1670 000d 070809   		.ascii	"\007\010\011"
 1671              		.type	ADCPrescTable, %object
 1672              		.size	ADCPrescTable, 4
 1673              	ADCPrescTable:
 1674 0010 02040608 		.ascii	"\002\004\006\010"
 1675              		.text
 1676              	.Letext0:
 1677              		.file 2 "/usr/arm-none-eabi/include/machine/_default_types.h"
 1678              		.file 3 "/usr/arm-none-eabi/include/sys/_stdint.h"
 1679              		.file 4 "./stm32f10x_lib/CMSIS/CM3/DeviceSupport/ST/STM32F10x/stm32f10x.h"
 1680              		.file 5 "./stm32f10x_lib/STM32F10x_StdPeriph_Driver/inc/stm32f10x_rcc.h"
 1681              		.section	.debug_info,"",%progbits
 1682              	.Ldebug_info0:
 1683 0000 7B0A0000 		.4byte	0xa7b
 1684 0004 0200     		.2byte	0x2
 1685 0006 00000000 		.4byte	.Ldebug_abbrev0
 1686 000a 04       		.byte	0x4
 1687 000b 01       		.uleb128 0x1
 1688 000c BE050000 		.4byte	.LASF105
 1689 0010 0C       		.byte	0xc
 1690 0011 74000000 		.4byte	.LASF106
 1691 0015 89010000 		.4byte	.LASF107
 1692 0019 00000000 		.4byte	.Ltext0
 1693 001d 5C030000 		.4byte	.Letext0
 1694 0021 00000000 		.4byte	.Ldebug_line0
 1695 0025 02       		.uleb128 0x2
 1696 0026 08       		.byte	0x8
 1697 0027 07       		.byte	0x7
 1698 0028 F3010000 		.4byte	.LASF0
 1699 002c 02       		.uleb128 0x2
 1700 002d 04       		.byte	0x4
 1701 002e 07       		.byte	0x7
 1702 002f 8A030000 		.4byte	.LASF1
 1703 0033 02       		.uleb128 0x2
 1704 0034 01       		.byte	0x1
 1705 0035 08       		.byte	0x8
 1706 0036 04030000 		.4byte	.LASF2
 1707 003a 02       		.uleb128 0x2
 1708 003b 01       		.byte	0x1
 1709 003c 06       		.byte	0x6
 1710 003d 33030000 		.4byte	.LASF3
 1711 0041 03       		.uleb128 0x3
 1712 0042 90020000 		.4byte	.LASF5
 1713 0046 02       		.byte	0x2
 1714 0047 2B       		.byte	0x2b
ARM GAS  /tmp/cc3GD86t.s 			page 58


 1715 0048 18       		.byte	0x18
 1716 0049 33000000 		.4byte	0x33
 1717 004d 02       		.uleb128 0x2
 1718 004e 02       		.byte	0x2
 1719 004f 05       		.byte	0x5
 1720 0050 12030000 		.4byte	.LASF4
 1721 0054 03       		.uleb128 0x3
 1722 0055 E4000000 		.4byte	.LASF6
 1723 0059 02       		.byte	0x2
 1724 005a 39       		.byte	0x39
 1725 005b 19       		.byte	0x19
 1726 005c 60000000 		.4byte	0x60
 1727 0060 02       		.uleb128 0x2
 1728 0061 02       		.byte	0x2
 1729 0062 07       		.byte	0x7
 1730 0063 0B040000 		.4byte	.LASF7
 1731 0067 02       		.uleb128 0x2
 1732 0068 04       		.byte	0x4
 1733 0069 05       		.byte	0x5
 1734 006a 38020000 		.4byte	.LASF8
 1735 006e 03       		.uleb128 0x3
 1736 006f D9000000 		.4byte	.LASF9
 1737 0073 02       		.byte	0x2
 1738 0074 4F       		.byte	0x4f
 1739 0075 19       		.byte	0x19
 1740 0076 7A000000 		.4byte	0x7a
 1741 007a 02       		.uleb128 0x2
 1742 007b 04       		.byte	0x4
 1743 007c 07       		.byte	0x7
 1744 007d D3040000 		.4byte	.LASF10
 1745 0081 02       		.uleb128 0x2
 1746 0082 08       		.byte	0x8
 1747 0083 05       		.byte	0x5
 1748 0084 E5010000 		.4byte	.LASF11
 1749 0088 04       		.uleb128 0x4
 1750 0089 04       		.byte	0x4
 1751 008a 05       		.byte	0x5
 1752 008b 696E7400 		.ascii	"int\000"
 1753 008f 03       		.uleb128 0x3
 1754 0090 3B010000 		.4byte	.LASF12
 1755 0094 03       		.byte	0x3
 1756 0095 18       		.byte	0x18
 1757 0096 13       		.byte	0x13
 1758 0097 41000000 		.4byte	0x41
 1759 009b 05       		.uleb128 0x5
 1760 009c 8F000000 		.4byte	0x8f
 1761 00a0 06       		.uleb128 0x6
 1762 00a1 9B000000 		.4byte	0x9b
 1763 00a5 03       		.uleb128 0x3
 1764 00a6 A5030000 		.4byte	.LASF13
 1765 00aa 03       		.byte	0x3
 1766 00ab 24       		.byte	0x24
 1767 00ac 14       		.byte	0x14
 1768 00ad 54000000 		.4byte	0x54
 1769 00b1 03       		.uleb128 0x3
 1770 00b2 B9040000 		.4byte	.LASF14
 1771 00b6 03       		.byte	0x3
ARM GAS  /tmp/cc3GD86t.s 			page 59


 1772 00b7 30       		.byte	0x30
 1773 00b8 14       		.byte	0x14
 1774 00b9 6E000000 		.4byte	0x6e
 1775 00bd 05       		.uleb128 0x5
 1776 00be B1000000 		.4byte	0xb1
 1777 00c2 07       		.uleb128 0x7
 1778 00c3 07       		.byte	0x7
 1779 00c4 01       		.byte	0x1
 1780 00c5 33000000 		.4byte	0x33
 1781 00c9 04       		.byte	0x4
 1782 00ca 0702     		.2byte	0x207
 1783 00cc 0E       		.byte	0xe
 1784 00cd DE000000 		.4byte	0xde
 1785 00d1 08       		.uleb128 0x8
 1786 00d2 75040000 		.4byte	.LASF15
 1787 00d6 00       		.byte	0
 1788 00d7 09       		.uleb128 0x9
 1789 00d8 53455400 		.ascii	"SET\000"
 1790 00dc 01       		.byte	0x1
 1791 00dd 00       		.byte	0
 1792 00de 0A       		.uleb128 0xa
 1793 00df 3A060000 		.4byte	.LASF16
 1794 00e3 04       		.byte	0x4
 1795 00e4 0702     		.2byte	0x207
 1796 00e6 28       		.byte	0x28
 1797 00e7 C2000000 		.4byte	0xc2
 1798 00eb 0A       		.uleb128 0xa
 1799 00ec 2F020000 		.4byte	.LASF17
 1800 00f0 04       		.byte	0x4
 1801 00f1 0702     		.2byte	0x207
 1802 00f3 34       		.byte	0x34
 1803 00f4 C2000000 		.4byte	0xc2
 1804 00f8 07       		.uleb128 0x7
 1805 00f9 07       		.byte	0x7
 1806 00fa 01       		.byte	0x1
 1807 00fb 33000000 		.4byte	0x33
 1808 00ff 04       		.byte	0x4
 1809 0100 0902     		.2byte	0x209
 1810 0102 0E       		.byte	0xe
 1811 0103 14010000 		.4byte	0x114
 1812 0107 08       		.uleb128 0x8
 1813 0108 00000000 		.4byte	.LASF18
 1814 010c 00       		.byte	0
 1815 010d 08       		.uleb128 0x8
 1816 010e 25010000 		.4byte	.LASF19
 1817 0112 01       		.byte	0x1
 1818 0113 00       		.byte	0
 1819 0114 0A       		.uleb128 0xa
 1820 0115 FE040000 		.4byte	.LASF20
 1821 0119 04       		.byte	0x4
 1822 011a 0902     		.2byte	0x209
 1823 011c 2F       		.byte	0x2f
 1824 011d F8000000 		.4byte	0xf8
 1825 0121 07       		.uleb128 0x7
 1826 0122 07       		.byte	0x7
 1827 0123 01       		.byte	0x1
 1828 0124 33000000 		.4byte	0x33
ARM GAS  /tmp/cc3GD86t.s 			page 60


 1829 0128 04       		.byte	0x4
 1830 0129 0C02     		.2byte	0x20c
 1831 012b 0E       		.byte	0xe
 1832 012c 3D010000 		.4byte	0x13d
 1833 0130 08       		.uleb128 0x8
 1834 0131 A6020000 		.4byte	.LASF21
 1835 0135 00       		.byte	0
 1836 0136 08       		.uleb128 0x8
 1837 0137 E3030000 		.4byte	.LASF22
 1838 013b 01       		.byte	0x1
 1839 013c 00       		.byte	0
 1840 013d 0A       		.uleb128 0xa
 1841 013e 9A020000 		.4byte	.LASF23
 1842 0142 04       		.byte	0x4
 1843 0143 0C02     		.2byte	0x20c
 1844 0145 2C       		.byte	0x2c
 1845 0146 21010000 		.4byte	0x121
 1846 014a 0B       		.uleb128 0xb
 1847 014b 30       		.byte	0x30
 1848 014c 04       		.byte	0x4
 1849 014d 3404     		.2byte	0x434
 1850 014f 09       		.byte	0x9
 1851 0150 14020000 		.4byte	0x214
 1852 0154 0C       		.uleb128 0xc
 1853 0155 435200   		.ascii	"CR\000"
 1854 0158 04       		.byte	0x4
 1855 0159 3604     		.2byte	0x436
 1856 015b 11       		.byte	0x11
 1857 015c BD000000 		.4byte	0xbd
 1858 0160 02       		.byte	0x2
 1859 0161 23       		.byte	0x23
 1860 0162 00       		.uleb128 0
 1861 0163 0D       		.uleb128 0xd
 1862 0164 20010000 		.4byte	.LASF24
 1863 0168 04       		.byte	0x4
 1864 0169 3704     		.2byte	0x437
 1865 016b 11       		.byte	0x11
 1866 016c BD000000 		.4byte	0xbd
 1867 0170 02       		.byte	0x2
 1868 0171 23       		.byte	0x23
 1869 0172 04       		.uleb128 0x4
 1870 0173 0C       		.uleb128 0xc
 1871 0174 43495200 		.ascii	"CIR\000"
 1872 0178 04       		.byte	0x4
 1873 0179 3804     		.2byte	0x438
 1874 017b 11       		.byte	0x11
 1875 017c BD000000 		.4byte	0xbd
 1876 0180 02       		.byte	0x2
 1877 0181 23       		.byte	0x23
 1878 0182 08       		.uleb128 0x8
 1879 0183 0D       		.uleb128 0xd
 1880 0184 87020000 		.4byte	.LASF25
 1881 0188 04       		.byte	0x4
 1882 0189 3904     		.2byte	0x439
 1883 018b 11       		.byte	0x11
 1884 018c BD000000 		.4byte	0xbd
 1885 0190 02       		.byte	0x2
ARM GAS  /tmp/cc3GD86t.s 			page 61


 1886 0191 23       		.byte	0x23
 1887 0192 0C       		.uleb128 0xc
 1888 0193 0D       		.uleb128 0xd
 1889 0194 1B000000 		.4byte	.LASF26
 1890 0198 04       		.byte	0x4
 1891 0199 3A04     		.2byte	0x43a
 1892 019b 11       		.byte	0x11
 1893 019c BD000000 		.4byte	0xbd
 1894 01a0 02       		.byte	0x2
 1895 01a1 23       		.byte	0x23
 1896 01a2 10       		.uleb128 0x10
 1897 01a3 0D       		.uleb128 0xd
 1898 01a4 B6020000 		.4byte	.LASF27
 1899 01a8 04       		.byte	0x4
 1900 01a9 3B04     		.2byte	0x43b
 1901 01ab 11       		.byte	0x11
 1902 01ac BD000000 		.4byte	0xbd
 1903 01b0 02       		.byte	0x2
 1904 01b1 23       		.byte	0x23
 1905 01b2 14       		.uleb128 0x14
 1906 01b3 0D       		.uleb128 0xd
 1907 01b4 1C030000 		.4byte	.LASF28
 1908 01b8 04       		.byte	0x4
 1909 01b9 3C04     		.2byte	0x43c
 1910 01bb 11       		.byte	0x11
 1911 01bc BD000000 		.4byte	0xbd
 1912 01c0 02       		.byte	0x2
 1913 01c1 23       		.byte	0x23
 1914 01c2 18       		.uleb128 0x18
 1915 01c3 0D       		.uleb128 0xd
 1916 01c4 43010000 		.4byte	.LASF29
 1917 01c8 04       		.byte	0x4
 1918 01c9 3D04     		.2byte	0x43d
 1919 01cb 11       		.byte	0x11
 1920 01cc BD000000 		.4byte	0xbd
 1921 01d0 02       		.byte	0x2
 1922 01d1 23       		.byte	0x23
 1923 01d2 1C       		.uleb128 0x1c
 1924 01d3 0D       		.uleb128 0xd
 1925 01d4 E8020000 		.4byte	.LASF30
 1926 01d8 04       		.byte	0x4
 1927 01d9 3E04     		.2byte	0x43e
 1928 01db 11       		.byte	0x11
 1929 01dc BD000000 		.4byte	0xbd
 1930 01e0 02       		.byte	0x2
 1931 01e1 23       		.byte	0x23
 1932 01e2 20       		.uleb128 0x20
 1933 01e3 0C       		.uleb128 0xc
 1934 01e4 43535200 		.ascii	"CSR\000"
 1935 01e8 04       		.byte	0x4
 1936 01e9 3F04     		.2byte	0x43f
 1937 01eb 11       		.byte	0x11
 1938 01ec BD000000 		.4byte	0xbd
 1939 01f0 02       		.byte	0x2
 1940 01f1 23       		.byte	0x23
 1941 01f2 24       		.uleb128 0x24
 1942 01f3 0D       		.uleb128 0xd
ARM GAS  /tmp/cc3GD86t.s 			page 62


 1943 01f4 AF040000 		.4byte	.LASF31
 1944 01f8 04       		.byte	0x4
 1945 01f9 4704     		.2byte	0x447
 1946 01fb 0C       		.byte	0xc
 1947 01fc B1000000 		.4byte	0xb1
 1948 0200 02       		.byte	0x2
 1949 0201 23       		.byte	0x23
 1950 0202 28       		.uleb128 0x28
 1951 0203 0D       		.uleb128 0xd
 1952 0204 04010000 		.4byte	.LASF32
 1953 0208 04       		.byte	0x4
 1954 0209 4804     		.2byte	0x448
 1955 020b 11       		.byte	0x11
 1956 020c BD000000 		.4byte	0xbd
 1957 0210 02       		.byte	0x2
 1958 0211 23       		.byte	0x23
 1959 0212 2C       		.uleb128 0x2c
 1960 0213 00       		.byte	0
 1961 0214 0A       		.uleb128 0xa
 1962 0215 D9010000 		.4byte	.LASF33
 1963 0219 04       		.byte	0x4
 1964 021a 4A04     		.2byte	0x44a
 1965 021c 03       		.byte	0x3
 1966 021d 4A010000 		.4byte	0x14a
 1967 0221 0E       		.uleb128 0xe
 1968 0222 14       		.byte	0x14
 1969 0223 05       		.byte	0x5
 1970 0224 2E       		.byte	0x2e
 1971 0225 09       		.byte	0x9
 1972 0226 76020000 		.4byte	0x276
 1973 022a 0F       		.uleb128 0xf
 1974 022b 64040000 		.4byte	.LASF34
 1975 022f 05       		.byte	0x5
 1976 0230 30       		.byte	0x30
 1977 0231 0C       		.byte	0xc
 1978 0232 B1000000 		.4byte	0xb1
 1979 0236 02       		.byte	0x2
 1980 0237 23       		.byte	0x23
 1981 0238 00       		.uleb128 0
 1982 0239 0F       		.uleb128 0xf
 1983 023a B1000000 		.4byte	.LASF35
 1984 023e 05       		.byte	0x5
 1985 023f 31       		.byte	0x31
 1986 0240 0C       		.byte	0xc
 1987 0241 B1000000 		.4byte	0xb1
 1988 0245 02       		.byte	0x2
 1989 0246 23       		.byte	0x23
 1990 0247 04       		.uleb128 0x4
 1991 0248 0F       		.uleb128 0xf
 1992 0249 0E050000 		.4byte	.LASF36
 1993 024d 05       		.byte	0x5
 1994 024e 32       		.byte	0x32
 1995 024f 0C       		.byte	0xc
 1996 0250 B1000000 		.4byte	0xb1
 1997 0254 02       		.byte	0x2
 1998 0255 23       		.byte	0x23
 1999 0256 08       		.uleb128 0x8
ARM GAS  /tmp/cc3GD86t.s 			page 63


 2000 0257 0F       		.uleb128 0xf
 2001 0258 7B040000 		.4byte	.LASF37
 2002 025c 05       		.byte	0x5
 2003 025d 33       		.byte	0x33
 2004 025e 0C       		.byte	0xc
 2005 025f B1000000 		.4byte	0xb1
 2006 0263 02       		.byte	0x2
 2007 0264 23       		.byte	0x23
 2008 0265 0C       		.uleb128 0xc
 2009 0266 0F       		.uleb128 0xf
 2010 0267 70030000 		.4byte	.LASF38
 2011 026b 05       		.byte	0x5
 2012 026c 34       		.byte	0x34
 2013 026d 0C       		.byte	0xc
 2014 026e B1000000 		.4byte	0xb1
 2015 0272 02       		.byte	0x2
 2016 0273 23       		.byte	0x23
 2017 0274 10       		.uleb128 0x10
 2018 0275 00       		.byte	0
 2019 0276 03       		.uleb128 0x3
 2020 0277 EB030000 		.4byte	.LASF39
 2021 027b 05       		.byte	0x5
 2022 027c 35       		.byte	0x35
 2023 027d 02       		.byte	0x2
 2024 027e 21020000 		.4byte	0x221
 2025 0282 10       		.uleb128 0x10
 2026 0283 A0000000 		.4byte	0xa0
 2027 0287 92020000 		.4byte	0x292
 2028 028b 11       		.uleb128 0x11
 2029 028c 2C000000 		.4byte	0x2c
 2030 0290 0F       		.byte	0xf
 2031 0291 00       		.byte	0
 2032 0292 06       		.uleb128 0x6
 2033 0293 82020000 		.4byte	0x282
 2034 0297 05       		.uleb128 0x5
 2035 0298 92020000 		.4byte	0x292
 2036 029c 12       		.uleb128 0x12
 2037 029d 2C050000 		.4byte	.LASF40
 2038 02a1 01       		.byte	0x1
 2039 02a2 C1       		.byte	0xc1
 2040 02a3 14       		.byte	0x14
 2041 02a4 97020000 		.4byte	0x297
 2042 02a8 05       		.byte	0x5
 2043 02a9 03       		.byte	0x3
 2044 02aa 00000000 		.4byte	APBAHBPrescTable
 2045 02ae 10       		.uleb128 0x10
 2046 02af A0000000 		.4byte	0xa0
 2047 02b3 BE020000 		.4byte	0x2be
 2048 02b7 11       		.uleb128 0x11
 2049 02b8 2C000000 		.4byte	0x2c
 2050 02bc 03       		.byte	0x3
 2051 02bd 00       		.byte	0
 2052 02be 06       		.uleb128 0x6
 2053 02bf AE020000 		.4byte	0x2ae
 2054 02c3 05       		.uleb128 0x5
 2055 02c4 BE020000 		.4byte	0x2be
 2056 02c8 12       		.uleb128 0x12
ARM GAS  /tmp/cc3GD86t.s 			page 64


 2057 02c9 63060000 		.4byte	.LASF41
 2058 02cd 01       		.byte	0x1
 2059 02ce C2       		.byte	0xc2
 2060 02cf 14       		.byte	0x14
 2061 02d0 C3020000 		.4byte	0x2c3
 2062 02d4 05       		.byte	0x5
 2063 02d5 03       		.byte	0x3
 2064 02d6 10000000 		.4byte	ADCPrescTable
 2065 02da 13       		.uleb128 0x13
 2066 02db 01       		.byte	0x1
 2067 02dc 4E000000 		.4byte	.LASF48
 2068 02e0 01       		.byte	0x1
 2069 02e1 A805     		.2byte	0x5a8
 2070 02e3 06       		.byte	0x6
 2071 02e4 01       		.byte	0x1
 2072 02e5 50030000 		.4byte	.LFB61
 2073 02e9 5C030000 		.4byte	.LFE61
 2074 02ed 02       		.byte	0x2
 2075 02ee 7D       		.byte	0x7d
 2076 02ef 00       		.sleb128 0
 2077 02f0 01       		.byte	0x1
 2078 02f1 05030000 		.4byte	0x305
 2079 02f5 14       		.uleb128 0x14
 2080 02f6 33060000 		.4byte	.LASF44
 2081 02fa 01       		.byte	0x1
 2082 02fb A805     		.2byte	0x5a8
 2083 02fd 24       		.byte	0x24
 2084 02fe 8F000000 		.4byte	0x8f
 2085 0302 01       		.byte	0x1
 2086 0303 50       		.byte	0x50
 2087 0304 00       		.byte	0
 2088 0305 15       		.uleb128 0x15
 2089 0306 01       		.byte	0x1
 2090 0307 64000000 		.4byte	.LASF42
 2091 030b 01       		.byte	0x1
 2092 030c 7A05     		.2byte	0x57a
 2093 030e 0A       		.byte	0xa
 2094 030f 01       		.byte	0x1
 2095 0310 EB000000 		.4byte	0xeb
 2096 0314 3C030000 		.4byte	.LFB60
 2097 0318 50030000 		.4byte	.LFE60
 2098 031c 02       		.byte	0x2
 2099 031d 7D       		.byte	0x7d
 2100 031e 00       		.sleb128 0
 2101 031f 01       		.byte	0x1
 2102 0320 4F030000 		.4byte	0x34f
 2103 0324 16       		.uleb128 0x16
 2104 0325 33060000 		.4byte	.LASF44
 2105 0329 01       		.byte	0x1
 2106 032a 7A05     		.2byte	0x57a
 2107 032c 22       		.byte	0x22
 2108 032d 8F000000 		.4byte	0x8f
 2109 0331 04000000 		.4byte	.LLST22
 2110 0335 00000000 		.4byte	.LVUS22
 2111 0339 17       		.uleb128 0x17
 2112 033a D4020000 		.4byte	.LASF46
 2113 033e 01       		.byte	0x1
ARM GAS  /tmp/cc3GD86t.s 			page 65


 2114 033f 7C05     		.2byte	0x57c
 2115 0341 0C       		.byte	0xc
 2116 0342 EB000000 		.4byte	0xeb
 2117 0346 2F000000 		.4byte	.LLST23
 2118 034a 2B000000 		.4byte	.LVUS23
 2119 034e 00       		.byte	0
 2120 034f 18       		.uleb128 0x18
 2121 0350 01       		.byte	0x1
 2122 0351 FD030000 		.4byte	.LASF103
 2123 0355 01       		.byte	0x1
 2124 0356 5B05     		.2byte	0x55b
 2125 0358 06       		.byte	0x6
 2126 0359 01       		.byte	0x1
 2127 035a 2A030000 		.4byte	.LFB59
 2128 035e 3C030000 		.4byte	.LFE59
 2129 0362 02       		.byte	0x2
 2130 0363 7D       		.byte	0x7d
 2131 0364 00       		.sleb128 0
 2132 0365 01       		.byte	0x1
 2133 0366 15       		.uleb128 0x15
 2134 0367 01       		.byte	0x1
 2135 0368 AE030000 		.4byte	.LASF43
 2136 036c 01       		.byte	0x1
 2137 036d 2E05     		.2byte	0x52e
 2138 036f 0C       		.byte	0xc
 2139 0370 01       		.byte	0x1
 2140 0371 DE000000 		.4byte	0xde
 2141 0375 D8020000 		.4byte	.LFB58
 2142 0379 00030000 		.4byte	.LFE58
 2143 037d 02       		.byte	0x2
 2144 037e 7D       		.byte	0x7d
 2145 037f 00       		.sleb128 0
 2146 0380 01       		.byte	0x1
 2147 0381 DA030000 		.4byte	0x3da
 2148 0385 16       		.uleb128 0x16
 2149 0386 81030000 		.4byte	.LASF45
 2150 038a 01       		.byte	0x1
 2151 038b 2E05     		.2byte	0x52e
 2152 038d 26       		.byte	0x26
 2153 038e 8F000000 		.4byte	0x8f
 2154 0392 62000000 		.4byte	.LLST16
 2155 0396 5C000000 		.4byte	.LVUS16
 2156 039a 19       		.uleb128 0x19
 2157 039b 746D7000 		.ascii	"tmp\000"
 2158 039f 01       		.byte	0x1
 2159 03a0 3005     		.2byte	0x530
 2160 03a2 0C       		.byte	0xc
 2161 03a3 B1000000 		.4byte	0xb1
 2162 03a7 9E000000 		.4byte	.LLST17
 2163 03ab 94000000 		.4byte	.LVUS17
 2164 03af 17       		.uleb128 0x17
 2165 03b0 DE020000 		.4byte	.LASF47
 2166 03b4 01       		.byte	0x1
 2167 03b5 3105     		.2byte	0x531
 2168 03b7 0C       		.byte	0xc
 2169 03b8 B1000000 		.4byte	0xb1
 2170 03bc F4000000 		.4byte	.LLST18
ARM GAS  /tmp/cc3GD86t.s 			page 66


 2171 03c0 EC000000 		.4byte	.LVUS18
 2172 03c4 17       		.uleb128 0x17
 2173 03c5 D4020000 		.4byte	.LASF46
 2174 03c9 01       		.byte	0x1
 2175 03ca 3205     		.2byte	0x532
 2176 03cc 0E       		.byte	0xe
 2177 03cd DE000000 		.4byte	0xde
 2178 03d1 30010000 		.4byte	.LLST19
 2179 03d5 2A010000 		.4byte	.LVUS19
 2180 03d9 00       		.byte	0
 2181 03da 13       		.uleb128 0x13
 2182 03db 01       		.byte	0x1
 2183 03dc 5A010000 		.4byte	.LASF49
 2184 03e0 01       		.byte	0x1
 2185 03e1 0205     		.2byte	0x502
 2186 03e3 06       		.byte	0x6
 2187 03e4 01       		.byte	0x1
 2188 03e5 CC020000 		.4byte	.LFB57
 2189 03e9 D8020000 		.4byte	.LFE57
 2190 03ed 02       		.byte	0x2
 2191 03ee 7D       		.byte	0x7d
 2192 03ef 00       		.sleb128 0
 2193 03f0 01       		.byte	0x1
 2194 03f1 05040000 		.4byte	0x405
 2195 03f5 14       		.uleb128 0x14
 2196 03f6 2B060000 		.4byte	.LASF50
 2197 03fa 01       		.byte	0x1
 2198 03fb 0205     		.2byte	0x502
 2199 03fd 1C       		.byte	0x1c
 2200 03fe 8F000000 		.4byte	0x8f
 2201 0402 01       		.byte	0x1
 2202 0403 50       		.byte	0x50
 2203 0404 00       		.byte	0
 2204 0405 13       		.uleb128 0x13
 2205 0406 01       		.byte	0x1
 2206 0407 30040000 		.4byte	.LASF51
 2207 040b 01       		.byte	0x1
 2208 040c E204     		.2byte	0x4e2
 2209 040e 06       		.byte	0x6
 2210 040f 01       		.byte	0x1
 2211 0410 C0020000 		.4byte	.LFB56
 2212 0414 CC020000 		.4byte	.LFE56
 2213 0418 02       		.byte	0x2
 2214 0419 7D       		.byte	0x7d
 2215 041a 00       		.sleb128 0
 2216 041b 01       		.byte	0x1
 2217 041c 30040000 		.4byte	0x430
 2218 0420 14       		.uleb128 0x14
 2219 0421 51010000 		.4byte	.LASF52
 2220 0425 01       		.byte	0x1
 2221 0426 E204     		.2byte	0x4e2
 2222 0428 31       		.byte	0x31
 2223 0429 14010000 		.4byte	0x114
 2224 042d 01       		.byte	0x1
 2225 042e 50       		.byte	0x50
 2226 042f 00       		.byte	0
 2227 0430 13       		.uleb128 0x13
ARM GAS  /tmp/cc3GD86t.s 			page 67


 2228 0431 01       		.byte	0x1
 2229 0432 3F030000 		.4byte	.LASF53
 2230 0436 01       		.byte	0x1
 2231 0437 D504     		.2byte	0x4d5
 2232 0439 06       		.byte	0x6
 2233 043a 01       		.byte	0x1
 2234 043b B4020000 		.4byte	.LFB55
 2235 043f C0020000 		.4byte	.LFE55
 2236 0443 02       		.byte	0x2
 2237 0444 7D       		.byte	0x7d
 2238 0445 00       		.sleb128 0
 2239 0446 01       		.byte	0x1
 2240 0447 5B040000 		.4byte	0x45b
 2241 044b 14       		.uleb128 0x14
 2242 044c 51010000 		.4byte	.LASF52
 2243 0450 01       		.byte	0x1
 2244 0451 D504     		.2byte	0x4d5
 2245 0453 29       		.byte	0x29
 2246 0454 14010000 		.4byte	0x114
 2247 0458 01       		.byte	0x1
 2248 0459 50       		.byte	0x50
 2249 045a 00       		.byte	0
 2250 045b 13       		.uleb128 0x13
 2251 045c 01       		.byte	0x1
 2252 045d 0A020000 		.4byte	.LASF54
 2253 0461 01       		.byte	0x1
 2254 0462 C004     		.2byte	0x4c0
 2255 0464 06       		.byte	0x6
 2256 0465 01       		.byte	0x1
 2257 0466 9C020000 		.4byte	.LFB54
 2258 046a B4020000 		.4byte	.LFE54
 2259 046e 02       		.byte	0x2
 2260 046f 7D       		.byte	0x7d
 2261 0470 00       		.sleb128 0
 2262 0471 01       		.byte	0x1
 2263 0472 95040000 		.4byte	0x495
 2264 0476 14       		.uleb128 0x14
 2265 0477 2C010000 		.4byte	.LASF55
 2266 047b 01       		.byte	0x1
 2267 047c C004     		.2byte	0x4c0
 2268 047e 26       		.byte	0x26
 2269 047f B1000000 		.4byte	0xb1
 2270 0483 01       		.byte	0x1
 2271 0484 50       		.byte	0x50
 2272 0485 14       		.uleb128 0x14
 2273 0486 51010000 		.4byte	.LASF52
 2274 048a 01       		.byte	0x1
 2275 048b C004     		.2byte	0x4c0
 2276 048d 46       		.byte	0x46
 2277 048e 14010000 		.4byte	0x114
 2278 0492 01       		.byte	0x1
 2279 0493 51       		.byte	0x51
 2280 0494 00       		.byte	0
 2281 0495 13       		.uleb128 0x13
 2282 0496 01       		.byte	0x1
 2283 0497 63050000 		.4byte	.LASF56
 2284 049b 01       		.byte	0x1
ARM GAS  /tmp/cc3GD86t.s 			page 68


 2285 049c A104     		.2byte	0x4a1
 2286 049e 06       		.byte	0x6
 2287 049f 01       		.byte	0x1
 2288 04a0 84020000 		.4byte	.LFB53
 2289 04a4 9C020000 		.4byte	.LFE53
 2290 04a8 02       		.byte	0x2
 2291 04a9 7D       		.byte	0x7d
 2292 04aa 00       		.sleb128 0
 2293 04ab 01       		.byte	0x1
 2294 04ac CF040000 		.4byte	0x4cf
 2295 04b0 14       		.uleb128 0x14
 2296 04b1 C0000000 		.4byte	.LASF57
 2297 04b5 01       		.byte	0x1
 2298 04b6 A104     		.2byte	0x4a1
 2299 04b8 26       		.byte	0x26
 2300 04b9 B1000000 		.4byte	0xb1
 2301 04bd 01       		.byte	0x1
 2302 04be 50       		.byte	0x50
 2303 04bf 14       		.uleb128 0x14
 2304 04c0 51010000 		.4byte	.LASF52
 2305 04c4 01       		.byte	0x1
 2306 04c5 A104     		.2byte	0x4a1
 2307 04c7 46       		.byte	0x46
 2308 04c8 14010000 		.4byte	0x114
 2309 04cc 01       		.byte	0x1
 2310 04cd 51       		.byte	0x51
 2311 04ce 00       		.byte	0
 2312 04cf 13       		.uleb128 0x13
 2313 04d0 01       		.byte	0x1
 2314 04d1 ED020000 		.4byte	.LASF58
 2315 04d5 01       		.byte	0x1
 2316 04d6 6604     		.2byte	0x466
 2317 04d8 06       		.byte	0x6
 2318 04d9 01       		.byte	0x1
 2319 04da 6C020000 		.4byte	.LFB52
 2320 04de 84020000 		.4byte	.LFE52
 2321 04e2 02       		.byte	0x2
 2322 04e3 7D       		.byte	0x7d
 2323 04e4 00       		.sleb128 0
 2324 04e5 01       		.byte	0x1
 2325 04e6 09050000 		.4byte	0x509
 2326 04ea 14       		.uleb128 0x14
 2327 04eb 2C010000 		.4byte	.LASF55
 2328 04ef 01       		.byte	0x1
 2329 04f0 6604     		.2byte	0x466
 2330 04f2 26       		.byte	0x26
 2331 04f3 B1000000 		.4byte	0xb1
 2332 04f7 01       		.byte	0x1
 2333 04f8 50       		.byte	0x50
 2334 04f9 14       		.uleb128 0x14
 2335 04fa 51010000 		.4byte	.LASF52
 2336 04fe 01       		.byte	0x1
 2337 04ff 6604     		.2byte	0x466
 2338 0501 46       		.byte	0x46
 2339 0502 14010000 		.4byte	0x114
 2340 0506 01       		.byte	0x1
 2341 0507 51       		.byte	0x51
ARM GAS  /tmp/cc3GD86t.s 			page 69


 2342 0508 00       		.byte	0
 2343 0509 13       		.uleb128 0x13
 2344 050a 01       		.byte	0x1
 2345 050b 98040000 		.4byte	.LASF59
 2346 050f 01       		.byte	0x1
 2347 0510 4704     		.2byte	0x447
 2348 0512 06       		.byte	0x6
 2349 0513 01       		.byte	0x1
 2350 0514 54020000 		.4byte	.LFB51
 2351 0518 6C020000 		.4byte	.LFE51
 2352 051c 02       		.byte	0x2
 2353 051d 7D       		.byte	0x7d
 2354 051e 00       		.sleb128 0
 2355 051f 01       		.byte	0x1
 2356 0520 43050000 		.4byte	0x543
 2357 0524 14       		.uleb128 0x14
 2358 0525 C0000000 		.4byte	.LASF57
 2359 0529 01       		.byte	0x1
 2360 052a 4704     		.2byte	0x447
 2361 052c 26       		.byte	0x26
 2362 052d B1000000 		.4byte	0xb1
 2363 0531 01       		.byte	0x1
 2364 0532 50       		.byte	0x50
 2365 0533 14       		.uleb128 0x14
 2366 0534 51010000 		.4byte	.LASF52
 2367 0538 01       		.byte	0x1
 2368 0539 4704     		.2byte	0x447
 2369 053b 46       		.byte	0x46
 2370 053c 14010000 		.4byte	0x114
 2371 0540 01       		.byte	0x1
 2372 0541 51       		.byte	0x51
 2373 0542 00       		.byte	0
 2374 0543 13       		.uleb128 0x13
 2375 0544 01       		.byte	0x1
 2376 0545 0A010000 		.4byte	.LASF60
 2377 0549 01       		.byte	0x1
 2378 054a 2804     		.2byte	0x428
 2379 054c 06       		.byte	0x6
 2380 054d 01       		.byte	0x1
 2381 054e 3C020000 		.4byte	.LFB50
 2382 0552 54020000 		.4byte	.LFE50
 2383 0556 02       		.byte	0x2
 2384 0557 7D       		.byte	0x7d
 2385 0558 00       		.sleb128 0
 2386 0559 01       		.byte	0x1
 2387 055a 7D050000 		.4byte	0x57d
 2388 055e 14       		.uleb128 0x14
 2389 055f 45060000 		.4byte	.LASF61
 2390 0563 01       		.byte	0x1
 2391 0564 2804     		.2byte	0x428
 2392 0566 25       		.byte	0x25
 2393 0567 B1000000 		.4byte	0xb1
 2394 056b 01       		.byte	0x1
 2395 056c 50       		.byte	0x50
 2396 056d 14       		.uleb128 0x14
 2397 056e 51010000 		.4byte	.LASF52
 2398 0572 01       		.byte	0x1
ARM GAS  /tmp/cc3GD86t.s 			page 70


 2399 0573 2804     		.2byte	0x428
 2400 0575 44       		.byte	0x44
 2401 0576 14010000 		.4byte	0x114
 2402 057a 01       		.byte	0x1
 2403 057b 51       		.byte	0x51
 2404 057c 00       		.byte	0
 2405 057d 1A       		.uleb128 0x1a
 2406 057e 01       		.byte	0x1
 2407 057f 51050000 		.4byte	.LASF62
 2408 0583 01       		.byte	0x1
 2409 0584 8C03     		.2byte	0x38c
 2410 0586 06       		.byte	0x6
 2411 0587 01       		.byte	0x1
 2412 0588 BC010000 		.4byte	.LFB49
 2413 058c 3C020000 		.4byte	.LFE49
 2414 0590 62010000 		.4byte	.LLST10
 2415 0594 01       		.byte	0x1
 2416 0595 12060000 		.4byte	0x612
 2417 0599 14       		.uleb128 0x14
 2418 059a 88050000 		.4byte	.LASF63
 2419 059e 01       		.byte	0x1
 2420 059f 8C03     		.2byte	0x38c
 2421 05a1 2B       		.byte	0x2b
 2422 05a2 12060000 		.4byte	0x612
 2423 05a6 01       		.byte	0x1
 2424 05a7 50       		.byte	0x50
 2425 05a8 19       		.uleb128 0x19
 2426 05a9 746D7000 		.ascii	"tmp\000"
 2427 05ad 01       		.byte	0x1
 2428 05ae 8E03     		.2byte	0x38e
 2429 05b0 0C       		.byte	0xc
 2430 05b1 B1000000 		.4byte	0xb1
 2431 05b5 9A010000 		.4byte	.LLST11
 2432 05b9 82010000 		.4byte	.LVUS11
 2433 05bd 17       		.uleb128 0x17
 2434 05be 4F020000 		.4byte	.LASF64
 2435 05c2 01       		.byte	0x1
 2436 05c3 8E03     		.2byte	0x38e
 2437 05c5 15       		.byte	0x15
 2438 05c6 B1000000 		.4byte	0xb1
 2439 05ca 4A020000 		.4byte	.LLST12
 2440 05ce 42020000 		.4byte	.LVUS12
 2441 05d2 17       		.uleb128 0x17
 2442 05d3 AC020000 		.4byte	.LASF65
 2443 05d7 01       		.byte	0x1
 2444 05d8 8E03     		.2byte	0x38e
 2445 05da 22       		.byte	0x22
 2446 05db B1000000 		.4byte	0xb1
 2447 05df 8C020000 		.4byte	.LLST13
 2448 05e3 86020000 		.4byte	.LVUS13
 2449 05e7 17       		.uleb128 0x17
 2450 05e8 4B010000 		.4byte	.LASF66
 2451 05ec 01       		.byte	0x1
 2452 05ed 8E03     		.2byte	0x38e
 2453 05ef 31       		.byte	0x31
 2454 05f0 B1000000 		.4byte	0xb1
 2455 05f4 C9020000 		.4byte	.LLST14
ARM GAS  /tmp/cc3GD86t.s 			page 71


 2456 05f8 BD020000 		.4byte	.LVUS14
 2457 05fc 17       		.uleb128 0x17
 2458 05fd 41020000 		.4byte	.LASF67
 2459 0601 01       		.byte	0x1
 2460 0602 9503     		.2byte	0x395
 2461 0604 0C       		.byte	0xc
 2462 0605 B1000000 		.4byte	0xb1
 2463 0609 2D030000 		.4byte	.LLST15
 2464 060d 29030000 		.4byte	.LVUS15
 2465 0611 00       		.byte	0
 2466 0612 1B       		.uleb128 0x1b
 2467 0613 04       		.byte	0x4
 2468 0614 76020000 		.4byte	0x276
 2469 0618 13       		.uleb128 0x13
 2470 0619 01       		.byte	0x1
 2471 061a 7A050000 		.4byte	.LASF68
 2472 061e 01       		.byte	0x1
 2473 061f 7D03     		.2byte	0x37d
 2474 0621 06       		.byte	0x6
 2475 0622 01       		.byte	0x1
 2476 0623 B0010000 		.4byte	.LFB48
 2477 0627 BC010000 		.4byte	.LFE48
 2478 062b 02       		.byte	0x2
 2479 062c 7D       		.byte	0x7d
 2480 062d 00       		.sleb128 0
 2481 062e 01       		.byte	0x1
 2482 062f 43060000 		.4byte	0x643
 2483 0633 14       		.uleb128 0x14
 2484 0634 51010000 		.4byte	.LASF52
 2485 0638 01       		.byte	0x1
 2486 0639 7D03     		.2byte	0x37d
 2487 063b 24       		.byte	0x24
 2488 063c 14010000 		.4byte	0x114
 2489 0640 01       		.byte	0x1
 2490 0641 50       		.byte	0x50
 2491 0642 00       		.byte	0
 2492 0643 13       		.uleb128 0x13
 2493 0644 01       		.byte	0x1
 2494 0645 C2040000 		.4byte	.LASF69
 2495 0649 01       		.byte	0x1
 2496 064a 6F03     		.2byte	0x36f
 2497 064c 06       		.byte	0x6
 2498 064d 01       		.byte	0x1
 2499 064e A0010000 		.4byte	.LFB47
 2500 0652 B0010000 		.4byte	.LFE47
 2501 0656 02       		.byte	0x2
 2502 0657 7D       		.byte	0x7d
 2503 0658 00       		.sleb128 0
 2504 0659 01       		.byte	0x1
 2505 065a 6E060000 		.4byte	0x66e
 2506 065e 14       		.uleb128 0x14
 2507 065f C8010000 		.4byte	.LASF70
 2508 0663 01       		.byte	0x1
 2509 0664 6F03     		.2byte	0x36f
 2510 0666 20       		.byte	0x20
 2511 0667 B1000000 		.4byte	0xb1
 2512 066b 01       		.byte	0x1
ARM GAS  /tmp/cc3GD86t.s 			page 72


 2513 066c 50       		.byte	0x50
 2514 066d 00       		.byte	0
 2515 066e 13       		.uleb128 0x13
 2516 066f 01       		.byte	0x1
 2517 0670 68020000 		.4byte	.LASF71
 2518 0674 01       		.byte	0x1
 2519 0675 5E03     		.2byte	0x35e
 2520 0677 06       		.byte	0x6
 2521 0678 01       		.byte	0x1
 2522 0679 94010000 		.4byte	.LFB46
 2523 067d A0010000 		.4byte	.LFE46
 2524 0681 02       		.byte	0x2
 2525 0682 7D       		.byte	0x7d
 2526 0683 00       		.sleb128 0
 2527 0684 01       		.byte	0x1
 2528 0685 99060000 		.4byte	0x699
 2529 0689 14       		.uleb128 0x14
 2530 068a 51010000 		.4byte	.LASF52
 2531 068e 01       		.byte	0x1
 2532 068f 5E03     		.2byte	0x35e
 2533 0691 21       		.byte	0x21
 2534 0692 14010000 		.4byte	0x114
 2535 0696 01       		.byte	0x1
 2536 0697 50       		.byte	0x50
 2537 0698 00       		.byte	0
 2538 0699 13       		.uleb128 0x13
 2539 069a 01       		.byte	0x1
 2540 069b 1E050000 		.4byte	.LASF72
 2541 069f 01       		.byte	0x1
 2542 06a0 3D03     		.2byte	0x33d
 2543 06a2 06       		.byte	0x6
 2544 06a3 01       		.byte	0x1
 2545 06a4 6C010000 		.4byte	.LFB45
 2546 06a8 94010000 		.4byte	.LFE45
 2547 06ac 02       		.byte	0x2
 2548 06ad 7D       		.byte	0x7d
 2549 06ae 00       		.sleb128 0
 2550 06af 01       		.byte	0x1
 2551 06b0 C4060000 		.4byte	0x6c4
 2552 06b4 14       		.uleb128 0x14
 2553 06b5 C0010000 		.4byte	.LASF73
 2554 06b9 01       		.byte	0x1
 2555 06ba 3D03     		.2byte	0x33d
 2556 06bc 1C       		.byte	0x1c
 2557 06bd 8F000000 		.4byte	0x8f
 2558 06c1 01       		.byte	0x1
 2559 06c2 50       		.byte	0x50
 2560 06c3 00       		.byte	0
 2561 06c4 13       		.uleb128 0x13
 2562 06c5 01       		.byte	0x1
 2563 06c6 2D000000 		.4byte	.LASF74
 2564 06ca 01       		.byte	0x1
 2565 06cb FE02     		.2byte	0x2fe
 2566 06cd 06       		.byte	0x6
 2567 06ce 01       		.byte	0x1
 2568 06cf 58010000 		.4byte	.LFB44
 2569 06d3 6C010000 		.4byte	.LFE44
ARM GAS  /tmp/cc3GD86t.s 			page 73


 2570 06d7 02       		.byte	0x2
 2571 06d8 7D       		.byte	0x7d
 2572 06d9 00       		.sleb128 0
 2573 06da 01       		.byte	0x1
 2574 06db 04070000 		.4byte	0x704
 2575 06df 14       		.uleb128 0x14
 2576 06e0 CF000000 		.4byte	.LASF75
 2577 06e4 01       		.byte	0x1
 2578 06e5 FE02     		.2byte	0x2fe
 2579 06e7 20       		.byte	0x20
 2580 06e8 B1000000 		.4byte	0xb1
 2581 06ec 01       		.byte	0x1
 2582 06ed 50       		.byte	0x50
 2583 06ee 17       		.uleb128 0x17
 2584 06ef CD020000 		.4byte	.LASF76
 2585 06f3 01       		.byte	0x1
 2586 06f4 0003     		.2byte	0x300
 2587 06f6 0C       		.byte	0xc
 2588 06f7 B1000000 		.4byte	0xb1
 2589 06fb 51030000 		.4byte	.LLST9
 2590 06ff 4D030000 		.4byte	.LVUS9
 2591 0703 00       		.byte	0
 2592 0704 13       		.uleb128 0x13
 2593 0705 01       		.byte	0x1
 2594 0706 57020000 		.4byte	.LASF77
 2595 070a 01       		.byte	0x1
 2596 070b D802     		.2byte	0x2d8
 2597 070d 06       		.byte	0x6
 2598 070e 01       		.byte	0x1
 2599 070f 4C010000 		.4byte	.LFB43
 2600 0713 58010000 		.4byte	.LFE43
 2601 0717 02       		.byte	0x2
 2602 0718 7D       		.byte	0x7d
 2603 0719 00       		.sleb128 0
 2604 071a 01       		.byte	0x1
 2605 071b 2F070000 		.4byte	0x72f
 2606 071f 14       		.uleb128 0x14
 2607 0720 D2030000 		.4byte	.LASF78
 2608 0724 01       		.byte	0x1
 2609 0725 D802     		.2byte	0x2d8
 2610 0727 20       		.byte	0x20
 2611 0728 B1000000 		.4byte	0xb1
 2612 072c 01       		.byte	0x1
 2613 072d 50       		.byte	0x50
 2614 072e 00       		.byte	0
 2615 072f 13       		.uleb128 0x13
 2616 0730 01       		.byte	0x1
 2617 0731 8B040000 		.4byte	.LASF79
 2618 0735 01       		.byte	0x1
 2619 0736 BC02     		.2byte	0x2bc
 2620 0738 06       		.byte	0x6
 2621 0739 01       		.byte	0x1
 2622 073a 34010000 		.4byte	.LFB42
 2623 073e 4C010000 		.4byte	.LFE42
 2624 0742 02       		.byte	0x2
 2625 0743 7D       		.byte	0x7d
 2626 0744 00       		.sleb128 0
ARM GAS  /tmp/cc3GD86t.s 			page 74


 2627 0745 01       		.byte	0x1
 2628 0746 69070000 		.4byte	0x769
 2629 074a 14       		.uleb128 0x14
 2630 074b 33060000 		.4byte	.LASF44
 2631 074f 01       		.byte	0x1
 2632 0750 BC02     		.2byte	0x2bc
 2633 0752 1B       		.byte	0x1b
 2634 0753 8F000000 		.4byte	0x8f
 2635 0757 01       		.byte	0x1
 2636 0758 50       		.byte	0x50
 2637 0759 14       		.uleb128 0x14
 2638 075a 51010000 		.4byte	.LASF52
 2639 075e 01       		.byte	0x1
 2640 075f BC02     		.2byte	0x2bc
 2641 0761 33       		.byte	0x33
 2642 0762 14010000 		.4byte	0x114
 2643 0766 01       		.byte	0x1
 2644 0767 51       		.byte	0x51
 2645 0768 00       		.byte	0
 2646 0769 13       		.uleb128 0x13
 2647 076a 01       		.byte	0x1
 2648 076b 53060000 		.4byte	.LASF80
 2649 076f 01       		.byte	0x1
 2650 0770 9402     		.2byte	0x294
 2651 0772 06       		.byte	0x6
 2652 0773 01       		.byte	0x1
 2653 0774 20010000 		.4byte	.LFB41
 2654 0778 34010000 		.4byte	.LFE41
 2655 077c 02       		.byte	0x2
 2656 077d 7D       		.byte	0x7d
 2657 077e 00       		.sleb128 0
 2658 077f 01       		.byte	0x1
 2659 0780 A9070000 		.4byte	0x7a9
 2660 0784 14       		.uleb128 0x14
 2661 0785 24000000 		.4byte	.LASF81
 2662 0789 01       		.byte	0x1
 2663 078a 9402     		.2byte	0x294
 2664 078c 1F       		.byte	0x1f
 2665 078d B1000000 		.4byte	0xb1
 2666 0791 01       		.byte	0x1
 2667 0792 50       		.byte	0x50
 2668 0793 17       		.uleb128 0x17
 2669 0794 CD020000 		.4byte	.LASF76
 2670 0798 01       		.byte	0x1
 2671 0799 9602     		.2byte	0x296
 2672 079b 0C       		.byte	0xc
 2673 079c B1000000 		.4byte	0xb1
 2674 07a0 74030000 		.4byte	.LLST8
 2675 07a4 70030000 		.4byte	.LVUS8
 2676 07a8 00       		.byte	0
 2677 07a9 13       		.uleb128 0x13
 2678 07aa 01       		.byte	0x1
 2679 07ab BD020000 		.4byte	.LASF82
 2680 07af 01       		.byte	0x1
 2681 07b0 7A02     		.2byte	0x27a
 2682 07b2 06       		.byte	0x6
 2683 07b3 01       		.byte	0x1
ARM GAS  /tmp/cc3GD86t.s 			page 75


 2684 07b4 0C010000 		.4byte	.LFB40
 2685 07b8 20010000 		.4byte	.LFE40
 2686 07bc 02       		.byte	0x2
 2687 07bd 7D       		.byte	0x7d
 2688 07be 00       		.sleb128 0
 2689 07bf 01       		.byte	0x1
 2690 07c0 E9070000 		.4byte	0x7e9
 2691 07c4 14       		.uleb128 0x14
 2692 07c5 24000000 		.4byte	.LASF81
 2693 07c9 01       		.byte	0x1
 2694 07ca 7A02     		.2byte	0x27a
 2695 07cc 1F       		.byte	0x1f
 2696 07cd B1000000 		.4byte	0xb1
 2697 07d1 01       		.byte	0x1
 2698 07d2 50       		.byte	0x50
 2699 07d3 17       		.uleb128 0x17
 2700 07d4 CD020000 		.4byte	.LASF76
 2701 07d8 01       		.byte	0x1
 2702 07d9 7C02     		.2byte	0x27c
 2703 07db 0C       		.byte	0xc
 2704 07dc B1000000 		.4byte	0xb1
 2705 07e0 97030000 		.4byte	.LLST7
 2706 07e4 93030000 		.4byte	.LVUS7
 2707 07e8 00       		.byte	0
 2708 07e9 13       		.uleb128 0x13
 2709 07ea 01       		.byte	0x1
 2710 07eb A4050000 		.4byte	.LASF83
 2711 07ef 01       		.byte	0x1
 2712 07f0 6002     		.2byte	0x260
 2713 07f2 06       		.byte	0x6
 2714 07f3 01       		.byte	0x1
 2715 07f4 F8000000 		.4byte	.LFB39
 2716 07f8 0C010000 		.4byte	.LFE39
 2717 07fc 02       		.byte	0x2
 2718 07fd 7D       		.byte	0x7d
 2719 07fe 00       		.sleb128 0
 2720 07ff 01       		.byte	0x1
 2721 0800 29080000 		.4byte	0x829
 2722 0804 14       		.uleb128 0x14
 2723 0805 25040000 		.4byte	.LASF84
 2724 0809 01       		.byte	0x1
 2725 080a 6002     		.2byte	0x260
 2726 080c 1E       		.byte	0x1e
 2727 080d B1000000 		.4byte	0xb1
 2728 0811 01       		.byte	0x1
 2729 0812 50       		.byte	0x50
 2730 0813 17       		.uleb128 0x17
 2731 0814 CD020000 		.4byte	.LASF76
 2732 0818 01       		.byte	0x1
 2733 0819 6202     		.2byte	0x262
 2734 081b 0C       		.byte	0xc
 2735 081c B1000000 		.4byte	0xb1
 2736 0820 BA030000 		.4byte	.LLST6
 2737 0824 B6030000 		.4byte	.LVUS6
 2738 0828 00       		.byte	0
 2739 0829 1C       		.uleb128 0x1c
 2740 082a 01       		.byte	0x1
ARM GAS  /tmp/cc3GD86t.s 			page 76


 2741 082b 73020000 		.4byte	.LASF108
 2742 082f 01       		.byte	0x1
 2743 0830 4B02     		.2byte	0x24b
 2744 0832 09       		.byte	0x9
 2745 0833 01       		.byte	0x1
 2746 0834 8F000000 		.4byte	0x8f
 2747 0838 E8000000 		.4byte	.LFB38
 2748 083c F8000000 		.4byte	.LFE38
 2749 0840 02       		.byte	0x2
 2750 0841 7D       		.byte	0x7d
 2751 0842 00       		.sleb128 0
 2752 0843 01       		.byte	0x1
 2753 0844 13       		.uleb128 0x13
 2754 0845 01       		.byte	0x1
 2755 0846 93050000 		.4byte	.LASF85
 2756 084a 01       		.byte	0x1
 2757 084b 3402     		.2byte	0x234
 2758 084d 06       		.byte	0x6
 2759 084e 01       		.byte	0x1
 2760 084f D4000000 		.4byte	.LFB37
 2761 0853 E8000000 		.4byte	.LFE37
 2762 0857 02       		.byte	0x2
 2763 0858 7D       		.byte	0x7d
 2764 0859 00       		.sleb128 0
 2765 085a 01       		.byte	0x1
 2766 085b 84080000 		.4byte	0x884
 2767 085f 14       		.uleb128 0x14
 2768 0860 ED040000 		.4byte	.LASF86
 2769 0864 01       		.byte	0x1
 2770 0865 3402     		.2byte	0x234
 2771 0867 20       		.byte	0x20
 2772 0868 B1000000 		.4byte	0xb1
 2773 086c 01       		.byte	0x1
 2774 086d 50       		.byte	0x50
 2775 086e 17       		.uleb128 0x17
 2776 086f CD020000 		.4byte	.LASF76
 2777 0873 01       		.byte	0x1
 2778 0874 3602     		.2byte	0x236
 2779 0876 0C       		.byte	0xc
 2780 0877 B1000000 		.4byte	0xb1
 2781 087b DD030000 		.4byte	.LLST5
 2782 087f D9030000 		.4byte	.LVUS5
 2783 0883 00       		.byte	0
 2784 0884 13       		.uleb128 0x13
 2785 0885 01       		.byte	0x1
 2786 0886 C0030000 		.4byte	.LASF87
 2787 088a 01       		.byte	0x1
 2788 088b AA01     		.2byte	0x1aa
 2789 088d 06       		.byte	0x6
 2790 088e 01       		.byte	0x1
 2791 088f BC000000 		.4byte	.LFB36
 2792 0893 D4000000 		.4byte	.LFE36
 2793 0897 02       		.byte	0x2
 2794 0898 7D       		.byte	0x7d
 2795 0899 00       		.sleb128 0
 2796 089a 01       		.byte	0x1
 2797 089b D9080000 		.4byte	0x8d9
ARM GAS  /tmp/cc3GD86t.s 			page 77


 2798 089f 16       		.uleb128 0x16
 2799 08a0 08000000 		.4byte	.LASF88
 2800 08a4 01       		.byte	0x1
 2801 08a5 AA01     		.2byte	0x1aa
 2802 08a7 21       		.byte	0x21
 2803 08a8 B1000000 		.4byte	0xb1
 2804 08ac 00040000 		.4byte	.LLST3
 2805 08b0 FC030000 		.4byte	.LVUS3
 2806 08b4 14       		.uleb128 0x14
 2807 08b5 3E000000 		.4byte	.LASF89
 2808 08b9 01       		.byte	0x1
 2809 08ba AA01     		.2byte	0x1aa
 2810 08bc 3E       		.byte	0x3e
 2811 08bd B1000000 		.4byte	0xb1
 2812 08c1 01       		.byte	0x1
 2813 08c2 51       		.byte	0x51
 2814 08c3 17       		.uleb128 0x17
 2815 08c4 CD020000 		.4byte	.LASF76
 2816 08c8 01       		.byte	0x1
 2817 08c9 AC01     		.2byte	0x1ac
 2818 08cb 0C       		.byte	0xc
 2819 08cc B1000000 		.4byte	0xb1
 2820 08d0 2F040000 		.4byte	.LLST4
 2821 08d4 27040000 		.4byte	.LVUS4
 2822 08d8 00       		.byte	0
 2823 08d9 13       		.uleb128 0x13
 2824 08da 01       		.byte	0x1
 2825 08db EF000000 		.4byte	.LASF90
 2826 08df 01       		.byte	0x1
 2827 08e0 9101     		.2byte	0x191
 2828 08e2 06       		.byte	0x6
 2829 08e3 01       		.byte	0x1
 2830 08e4 B0000000 		.4byte	.LFB35
 2831 08e8 BC000000 		.4byte	.LFE35
 2832 08ec 02       		.byte	0x2
 2833 08ed 7D       		.byte	0x7d
 2834 08ee 00       		.sleb128 0
 2835 08ef 01       		.byte	0x1
 2836 08f0 04090000 		.4byte	0x904
 2837 08f4 14       		.uleb128 0x14
 2838 08f5 51010000 		.4byte	.LASF52
 2839 08f9 01       		.byte	0x1
 2840 08fa 9101     		.2byte	0x191
 2841 08fc 21       		.byte	0x21
 2842 08fd 14010000 		.4byte	0x114
 2843 0901 01       		.byte	0x1
 2844 0902 50       		.byte	0x50
 2845 0903 00       		.byte	0
 2846 0904 13       		.uleb128 0x13
 2847 0905 01       		.byte	0x1
 2848 0906 21020000 		.4byte	.LASF91
 2849 090a 01       		.byte	0x1
 2850 090b 7A01     		.2byte	0x17a
 2851 090d 06       		.byte	0x6
 2852 090e 01       		.byte	0x1
 2853 090f 9C000000 		.4byte	.LFB34
 2854 0913 B0000000 		.4byte	.LFE34
ARM GAS  /tmp/cc3GD86t.s 			page 78


 2855 0917 02       		.byte	0x2
 2856 0918 7D       		.byte	0x7d
 2857 0919 00       		.sleb128 0
 2858 091a 01       		.byte	0x1
 2859 091b 59090000 		.4byte	0x959
 2860 091f 16       		.uleb128 0x16
 2861 0920 97030000 		.4byte	.LASF92
 2862 0924 01       		.byte	0x1
 2863 0925 7A01     		.2byte	0x17a
 2864 0927 1D       		.byte	0x1d
 2865 0928 B1000000 		.4byte	0xb1
 2866 092c 6F040000 		.4byte	.LLST1
 2867 0930 6B040000 		.4byte	.LVUS1
 2868 0934 14       		.uleb128 0x14
 2869 0935 4B040000 		.4byte	.LASF93
 2870 0939 01       		.byte	0x1
 2871 093a 7A01     		.2byte	0x17a
 2872 093c 35       		.byte	0x35
 2873 093d B1000000 		.4byte	0xb1
 2874 0941 01       		.byte	0x1
 2875 0942 51       		.byte	0x51
 2876 0943 17       		.uleb128 0x17
 2877 0944 CD020000 		.4byte	.LASF76
 2878 0948 01       		.byte	0x1
 2879 0949 7C01     		.2byte	0x17c
 2880 094b 0C       		.byte	0xc
 2881 094c B1000000 		.4byte	0xb1
 2882 0950 A0040000 		.4byte	.LLST2
 2883 0954 96040000 		.4byte	.LVUS2
 2884 0958 00       		.byte	0
 2885 0959 13       		.uleb128 0x13
 2886 095a 01       		.byte	0x1
 2887 095b B3050000 		.4byte	.LASF94
 2888 095f 01       		.byte	0x1
 2889 0960 6201     		.2byte	0x162
 2890 0962 06       		.byte	0x6
 2891 0963 01       		.byte	0x1
 2892 0964 90000000 		.4byte	.LFB33
 2893 0968 9C000000 		.4byte	.LFE33
 2894 096c 02       		.byte	0x2
 2895 096d 7D       		.byte	0x7d
 2896 096e 00       		.sleb128 0
 2897 096f 01       		.byte	0x1
 2898 0970 84090000 		.4byte	0x984
 2899 0974 14       		.uleb128 0x14
 2900 0975 51010000 		.4byte	.LASF52
 2901 0979 01       		.byte	0x1
 2902 097a 6201     		.2byte	0x162
 2903 097c 21       		.byte	0x21
 2904 097d 14010000 		.4byte	0x114
 2905 0981 01       		.byte	0x1
 2906 0982 50       		.byte	0x50
 2907 0983 00       		.byte	0
 2908 0984 13       		.uleb128 0x13
 2909 0985 01       		.byte	0x1
 2910 0986 52030000 		.4byte	.LASF95
 2911 098a 01       		.byte	0x1
ARM GAS  /tmp/cc3GD86t.s 			page 79


 2912 098b 4E01     		.2byte	0x14e
 2913 098d 06       		.byte	0x6
 2914 098e 01       		.byte	0x1
 2915 098f 7C000000 		.4byte	.LFB32
 2916 0993 90000000 		.4byte	.LFE32
 2917 0997 02       		.byte	0x2
 2918 0998 7D       		.byte	0x7d
 2919 0999 00       		.sleb128 0
 2920 099a 01       		.byte	0x1
 2921 099b C4090000 		.4byte	0x9c4
 2922 099f 14       		.uleb128 0x14
 2923 09a0 3D050000 		.4byte	.LASF96
 2924 09a4 01       		.byte	0x1
 2925 09a5 4E01     		.2byte	0x14e
 2926 09a7 2C       		.byte	0x2c
 2927 09a8 8F000000 		.4byte	0x8f
 2928 09ac 01       		.byte	0x1
 2929 09ad 50       		.byte	0x50
 2930 09ae 17       		.uleb128 0x17
 2931 09af CD020000 		.4byte	.LASF76
 2932 09b3 01       		.byte	0x1
 2933 09b4 5001     		.2byte	0x150
 2934 09b6 0C       		.byte	0xc
 2935 09b7 B1000000 		.4byte	0xb1
 2936 09bb EC040000 		.4byte	.LLST0
 2937 09bf E8040000 		.4byte	.LVUS0
 2938 09c3 00       		.byte	0
 2939 09c4 1D       		.uleb128 0x1d
 2940 09c5 01       		.byte	0x1
 2941 09c6 73010000 		.4byte	.LASF97
 2942 09ca 01       		.byte	0x1
 2943 09cb 3001     		.2byte	0x130
 2944 09cd 0D       		.byte	0xd
 2945 09ce 01       		.byte	0x1
 2946 09cf 3D010000 		.4byte	0x13d
 2947 09d3 00030000 		.4byte	.LFB31
 2948 09d7 2A030000 		.4byte	.LFE31
 2949 09db 0B050000 		.4byte	.LLST20
 2950 09df 01       		.byte	0x1
 2951 09e0 3D0A0000 		.4byte	0xa3d
 2952 09e4 1E       		.uleb128 0x1e
 2953 09e5 24030000 		.4byte	.LASF98
 2954 09e9 01       		.byte	0x1
 2955 09ea 3201     		.2byte	0x132
 2956 09ec 11       		.byte	0x11
 2957 09ed BD000000 		.4byte	0xbd
 2958 09f1 02       		.byte	0x2
 2959 09f2 91       		.byte	0x91
 2960 09f3 74       		.sleb128 -12
 2961 09f4 1F       		.uleb128 0x1f
 2962 09f5 1E040000 		.4byte	.LASF99
 2963 09f9 01       		.byte	0x1
 2964 09fa 3301     		.2byte	0x133
 2965 09fc 0F       		.byte	0xf
 2966 09fd 3D010000 		.4byte	0x13d
 2967 0a01 00       		.byte	0
 2968 0a02 17       		.uleb128 0x17
ARM GAS  /tmp/cc3GD86t.s 			page 80


 2969 0a03 FA000000 		.4byte	.LASF100
 2970 0a07 01       		.byte	0x1
 2971 0a08 3401     		.2byte	0x134
 2972 0a0a 0E       		.byte	0xe
 2973 0a0b DE000000 		.4byte	0xde
 2974 0a0f 45050000 		.4byte	.LLST21
 2975 0a13 43050000 		.4byte	.LVUS21
 2976 0a17 20       		.uleb128 0x20
 2977 0a18 0C030000 		.4byte	.LVL83
 2978 0a1c 66030000 		.4byte	0x366
 2979 0a20 2B0A0000 		.4byte	0xa2b
 2980 0a24 21       		.uleb128 0x21
 2981 0a25 01       		.byte	0x1
 2982 0a26 50       		.byte	0x50
 2983 0a27 02       		.byte	0x2
 2984 0a28 08       		.byte	0x8
 2985 0a29 31       		.byte	0x31
 2986 0a2a 00       		.byte	0
 2987 0a2b 22       		.uleb128 0x22
 2988 0a2c 2A030000 		.4byte	.LVL85
 2989 0a30 01       		.byte	0x1
 2990 0a31 66030000 		.4byte	0x366
 2991 0a35 21       		.uleb128 0x21
 2992 0a36 01       		.byte	0x1
 2993 0a37 50       		.byte	0x50
 2994 0a38 02       		.byte	0x2
 2995 0a39 08       		.byte	0x8
 2996 0a3a 31       		.byte	0x31
 2997 0a3b 00       		.byte	0
 2998 0a3c 00       		.byte	0
 2999 0a3d 13       		.uleb128 0x13
 3000 0a3e 01       		.byte	0x1
 3001 0a3f 56040000 		.4byte	.LASF101
 3002 0a43 01       		.byte	0x1
 3003 0a44 0E01     		.2byte	0x10e
 3004 0a46 06       		.byte	0x6
 3005 0a47 01       		.byte	0x1
 3006 0a48 44000000 		.4byte	.LFB30
 3007 0a4c 7C000000 		.4byte	.LFE30
 3008 0a50 02       		.byte	0x2
 3009 0a51 7D       		.byte	0x7d
 3010 0a52 00       		.sleb128 0
 3011 0a53 01       		.byte	0x1
 3012 0a54 680A0000 		.4byte	0xa68
 3013 0a58 14       		.uleb128 0x14
 3014 0a59 E5040000 		.4byte	.LASF102
 3015 0a5d 01       		.byte	0x1
 3016 0a5e 0E01     		.2byte	0x10e
 3017 0a60 1D       		.byte	0x1d
 3018 0a61 B1000000 		.4byte	0xb1
 3019 0a65 01       		.byte	0x1
 3020 0a66 50       		.byte	0x50
 3021 0a67 00       		.byte	0
 3022 0a68 23       		.uleb128 0x23
 3023 0a69 01       		.byte	0x1
 3024 0a6a 68010000 		.4byte	.LASF104
 3025 0a6e 01       		.byte	0x1
ARM GAS  /tmp/cc3GD86t.s 			page 81


 3026 0a6f D9       		.byte	0xd9
 3027 0a70 06       		.byte	0x6
 3028 0a71 01       		.byte	0x1
 3029 0a72 00000000 		.4byte	.LFB29
 3030 0a76 44000000 		.4byte	.LFE29
 3031 0a7a 02       		.byte	0x2
 3032 0a7b 7D       		.byte	0x7d
 3033 0a7c 00       		.sleb128 0
 3034 0a7d 01       		.byte	0x1
 3035 0a7e 00       		.byte	0
 3036              		.section	.debug_abbrev,"",%progbits
 3037              	.Ldebug_abbrev0:
 3038 0000 01       		.uleb128 0x1
 3039 0001 11       		.uleb128 0x11
 3040 0002 01       		.byte	0x1
 3041 0003 25       		.uleb128 0x25
 3042 0004 0E       		.uleb128 0xe
 3043 0005 13       		.uleb128 0x13
 3044 0006 0B       		.uleb128 0xb
 3045 0007 03       		.uleb128 0x3
 3046 0008 0E       		.uleb128 0xe
 3047 0009 1B       		.uleb128 0x1b
 3048 000a 0E       		.uleb128 0xe
 3049 000b 11       		.uleb128 0x11
 3050 000c 01       		.uleb128 0x1
 3051 000d 12       		.uleb128 0x12
 3052 000e 01       		.uleb128 0x1
 3053 000f 10       		.uleb128 0x10
 3054 0010 06       		.uleb128 0x6
 3055 0011 00       		.byte	0
 3056 0012 00       		.byte	0
 3057 0013 02       		.uleb128 0x2
 3058 0014 24       		.uleb128 0x24
 3059 0015 00       		.byte	0
 3060 0016 0B       		.uleb128 0xb
 3061 0017 0B       		.uleb128 0xb
 3062 0018 3E       		.uleb128 0x3e
 3063 0019 0B       		.uleb128 0xb
 3064 001a 03       		.uleb128 0x3
 3065 001b 0E       		.uleb128 0xe
 3066 001c 00       		.byte	0
 3067 001d 00       		.byte	0
 3068 001e 03       		.uleb128 0x3
 3069 001f 16       		.uleb128 0x16
 3070 0020 00       		.byte	0
 3071 0021 03       		.uleb128 0x3
 3072 0022 0E       		.uleb128 0xe
 3073 0023 3A       		.uleb128 0x3a
 3074 0024 0B       		.uleb128 0xb
 3075 0025 3B       		.uleb128 0x3b
 3076 0026 0B       		.uleb128 0xb
 3077 0027 39       		.uleb128 0x39
 3078 0028 0B       		.uleb128 0xb
 3079 0029 49       		.uleb128 0x49
 3080 002a 13       		.uleb128 0x13
 3081 002b 00       		.byte	0
 3082 002c 00       		.byte	0
ARM GAS  /tmp/cc3GD86t.s 			page 82


 3083 002d 04       		.uleb128 0x4
 3084 002e 24       		.uleb128 0x24
 3085 002f 00       		.byte	0
 3086 0030 0B       		.uleb128 0xb
 3087 0031 0B       		.uleb128 0xb
 3088 0032 3E       		.uleb128 0x3e
 3089 0033 0B       		.uleb128 0xb
 3090 0034 03       		.uleb128 0x3
 3091 0035 08       		.uleb128 0x8
 3092 0036 00       		.byte	0
 3093 0037 00       		.byte	0
 3094 0038 05       		.uleb128 0x5
 3095 0039 35       		.uleb128 0x35
 3096 003a 00       		.byte	0
 3097 003b 49       		.uleb128 0x49
 3098 003c 13       		.uleb128 0x13
 3099 003d 00       		.byte	0
 3100 003e 00       		.byte	0
 3101 003f 06       		.uleb128 0x6
 3102 0040 26       		.uleb128 0x26
 3103 0041 00       		.byte	0
 3104 0042 49       		.uleb128 0x49
 3105 0043 13       		.uleb128 0x13
 3106 0044 00       		.byte	0
 3107 0045 00       		.byte	0
 3108 0046 07       		.uleb128 0x7
 3109 0047 04       		.uleb128 0x4
 3110 0048 01       		.byte	0x1
 3111 0049 3E       		.uleb128 0x3e
 3112 004a 0B       		.uleb128 0xb
 3113 004b 0B       		.uleb128 0xb
 3114 004c 0B       		.uleb128 0xb
 3115 004d 49       		.uleb128 0x49
 3116 004e 13       		.uleb128 0x13
 3117 004f 3A       		.uleb128 0x3a
 3118 0050 0B       		.uleb128 0xb
 3119 0051 3B       		.uleb128 0x3b
 3120 0052 05       		.uleb128 0x5
 3121 0053 39       		.uleb128 0x39
 3122 0054 0B       		.uleb128 0xb
 3123 0055 01       		.uleb128 0x1
 3124 0056 13       		.uleb128 0x13
 3125 0057 00       		.byte	0
 3126 0058 00       		.byte	0
 3127 0059 08       		.uleb128 0x8
 3128 005a 28       		.uleb128 0x28
 3129 005b 00       		.byte	0
 3130 005c 03       		.uleb128 0x3
 3131 005d 0E       		.uleb128 0xe
 3132 005e 1C       		.uleb128 0x1c
 3133 005f 0B       		.uleb128 0xb
 3134 0060 00       		.byte	0
 3135 0061 00       		.byte	0
 3136 0062 09       		.uleb128 0x9
 3137 0063 28       		.uleb128 0x28
 3138 0064 00       		.byte	0
 3139 0065 03       		.uleb128 0x3
ARM GAS  /tmp/cc3GD86t.s 			page 83


 3140 0066 08       		.uleb128 0x8
 3141 0067 1C       		.uleb128 0x1c
 3142 0068 0B       		.uleb128 0xb
 3143 0069 00       		.byte	0
 3144 006a 00       		.byte	0
 3145 006b 0A       		.uleb128 0xa
 3146 006c 16       		.uleb128 0x16
 3147 006d 00       		.byte	0
 3148 006e 03       		.uleb128 0x3
 3149 006f 0E       		.uleb128 0xe
 3150 0070 3A       		.uleb128 0x3a
 3151 0071 0B       		.uleb128 0xb
 3152 0072 3B       		.uleb128 0x3b
 3153 0073 05       		.uleb128 0x5
 3154 0074 39       		.uleb128 0x39
 3155 0075 0B       		.uleb128 0xb
 3156 0076 49       		.uleb128 0x49
 3157 0077 13       		.uleb128 0x13
 3158 0078 00       		.byte	0
 3159 0079 00       		.byte	0
 3160 007a 0B       		.uleb128 0xb
 3161 007b 13       		.uleb128 0x13
 3162 007c 01       		.byte	0x1
 3163 007d 0B       		.uleb128 0xb
 3164 007e 0B       		.uleb128 0xb
 3165 007f 3A       		.uleb128 0x3a
 3166 0080 0B       		.uleb128 0xb
 3167 0081 3B       		.uleb128 0x3b
 3168 0082 05       		.uleb128 0x5
 3169 0083 39       		.uleb128 0x39
 3170 0084 0B       		.uleb128 0xb
 3171 0085 01       		.uleb128 0x1
 3172 0086 13       		.uleb128 0x13
 3173 0087 00       		.byte	0
 3174 0088 00       		.byte	0
 3175 0089 0C       		.uleb128 0xc
 3176 008a 0D       		.uleb128 0xd
 3177 008b 00       		.byte	0
 3178 008c 03       		.uleb128 0x3
 3179 008d 08       		.uleb128 0x8
 3180 008e 3A       		.uleb128 0x3a
 3181 008f 0B       		.uleb128 0xb
 3182 0090 3B       		.uleb128 0x3b
 3183 0091 05       		.uleb128 0x5
 3184 0092 39       		.uleb128 0x39
 3185 0093 0B       		.uleb128 0xb
 3186 0094 49       		.uleb128 0x49
 3187 0095 13       		.uleb128 0x13
 3188 0096 38       		.uleb128 0x38
 3189 0097 0A       		.uleb128 0xa
 3190 0098 00       		.byte	0
 3191 0099 00       		.byte	0
 3192 009a 0D       		.uleb128 0xd
 3193 009b 0D       		.uleb128 0xd
 3194 009c 00       		.byte	0
 3195 009d 03       		.uleb128 0x3
 3196 009e 0E       		.uleb128 0xe
ARM GAS  /tmp/cc3GD86t.s 			page 84


 3197 009f 3A       		.uleb128 0x3a
 3198 00a0 0B       		.uleb128 0xb
 3199 00a1 3B       		.uleb128 0x3b
 3200 00a2 05       		.uleb128 0x5
 3201 00a3 39       		.uleb128 0x39
 3202 00a4 0B       		.uleb128 0xb
 3203 00a5 49       		.uleb128 0x49
 3204 00a6 13       		.uleb128 0x13
 3205 00a7 38       		.uleb128 0x38
 3206 00a8 0A       		.uleb128 0xa
 3207 00a9 00       		.byte	0
 3208 00aa 00       		.byte	0
 3209 00ab 0E       		.uleb128 0xe
 3210 00ac 13       		.uleb128 0x13
 3211 00ad 01       		.byte	0x1
 3212 00ae 0B       		.uleb128 0xb
 3213 00af 0B       		.uleb128 0xb
 3214 00b0 3A       		.uleb128 0x3a
 3215 00b1 0B       		.uleb128 0xb
 3216 00b2 3B       		.uleb128 0x3b
 3217 00b3 0B       		.uleb128 0xb
 3218 00b4 39       		.uleb128 0x39
 3219 00b5 0B       		.uleb128 0xb
 3220 00b6 01       		.uleb128 0x1
 3221 00b7 13       		.uleb128 0x13
 3222 00b8 00       		.byte	0
 3223 00b9 00       		.byte	0
 3224 00ba 0F       		.uleb128 0xf
 3225 00bb 0D       		.uleb128 0xd
 3226 00bc 00       		.byte	0
 3227 00bd 03       		.uleb128 0x3
 3228 00be 0E       		.uleb128 0xe
 3229 00bf 3A       		.uleb128 0x3a
 3230 00c0 0B       		.uleb128 0xb
 3231 00c1 3B       		.uleb128 0x3b
 3232 00c2 0B       		.uleb128 0xb
 3233 00c3 39       		.uleb128 0x39
 3234 00c4 0B       		.uleb128 0xb
 3235 00c5 49       		.uleb128 0x49
 3236 00c6 13       		.uleb128 0x13
 3237 00c7 38       		.uleb128 0x38
 3238 00c8 0A       		.uleb128 0xa
 3239 00c9 00       		.byte	0
 3240 00ca 00       		.byte	0
 3241 00cb 10       		.uleb128 0x10
 3242 00cc 01       		.uleb128 0x1
 3243 00cd 01       		.byte	0x1
 3244 00ce 49       		.uleb128 0x49
 3245 00cf 13       		.uleb128 0x13
 3246 00d0 01       		.uleb128 0x1
 3247 00d1 13       		.uleb128 0x13
 3248 00d2 00       		.byte	0
 3249 00d3 00       		.byte	0
 3250 00d4 11       		.uleb128 0x11
 3251 00d5 21       		.uleb128 0x21
 3252 00d6 00       		.byte	0
 3253 00d7 49       		.uleb128 0x49
ARM GAS  /tmp/cc3GD86t.s 			page 85


 3254 00d8 13       		.uleb128 0x13
 3255 00d9 2F       		.uleb128 0x2f
 3256 00da 0B       		.uleb128 0xb
 3257 00db 00       		.byte	0
 3258 00dc 00       		.byte	0
 3259 00dd 12       		.uleb128 0x12
 3260 00de 34       		.uleb128 0x34
 3261 00df 00       		.byte	0
 3262 00e0 03       		.uleb128 0x3
 3263 00e1 0E       		.uleb128 0xe
 3264 00e2 3A       		.uleb128 0x3a
 3265 00e3 0B       		.uleb128 0xb
 3266 00e4 3B       		.uleb128 0x3b
 3267 00e5 0B       		.uleb128 0xb
 3268 00e6 39       		.uleb128 0x39
 3269 00e7 0B       		.uleb128 0xb
 3270 00e8 49       		.uleb128 0x49
 3271 00e9 13       		.uleb128 0x13
 3272 00ea 02       		.uleb128 0x2
 3273 00eb 0A       		.uleb128 0xa
 3274 00ec 00       		.byte	0
 3275 00ed 00       		.byte	0
 3276 00ee 13       		.uleb128 0x13
 3277 00ef 2E       		.uleb128 0x2e
 3278 00f0 01       		.byte	0x1
 3279 00f1 3F       		.uleb128 0x3f
 3280 00f2 0C       		.uleb128 0xc
 3281 00f3 03       		.uleb128 0x3
 3282 00f4 0E       		.uleb128 0xe
 3283 00f5 3A       		.uleb128 0x3a
 3284 00f6 0B       		.uleb128 0xb
 3285 00f7 3B       		.uleb128 0x3b
 3286 00f8 05       		.uleb128 0x5
 3287 00f9 39       		.uleb128 0x39
 3288 00fa 0B       		.uleb128 0xb
 3289 00fb 27       		.uleb128 0x27
 3290 00fc 0C       		.uleb128 0xc
 3291 00fd 11       		.uleb128 0x11
 3292 00fe 01       		.uleb128 0x1
 3293 00ff 12       		.uleb128 0x12
 3294 0100 01       		.uleb128 0x1
 3295 0101 40       		.uleb128 0x40
 3296 0102 0A       		.uleb128 0xa
 3297 0103 9742     		.uleb128 0x2117
 3298 0105 0C       		.uleb128 0xc
 3299 0106 01       		.uleb128 0x1
 3300 0107 13       		.uleb128 0x13
 3301 0108 00       		.byte	0
 3302 0109 00       		.byte	0
 3303 010a 14       		.uleb128 0x14
 3304 010b 05       		.uleb128 0x5
 3305 010c 00       		.byte	0
 3306 010d 03       		.uleb128 0x3
 3307 010e 0E       		.uleb128 0xe
 3308 010f 3A       		.uleb128 0x3a
 3309 0110 0B       		.uleb128 0xb
 3310 0111 3B       		.uleb128 0x3b
ARM GAS  /tmp/cc3GD86t.s 			page 86


 3311 0112 05       		.uleb128 0x5
 3312 0113 39       		.uleb128 0x39
 3313 0114 0B       		.uleb128 0xb
 3314 0115 49       		.uleb128 0x49
 3315 0116 13       		.uleb128 0x13
 3316 0117 02       		.uleb128 0x2
 3317 0118 0A       		.uleb128 0xa
 3318 0119 00       		.byte	0
 3319 011a 00       		.byte	0
 3320 011b 15       		.uleb128 0x15
 3321 011c 2E       		.uleb128 0x2e
 3322 011d 01       		.byte	0x1
 3323 011e 3F       		.uleb128 0x3f
 3324 011f 0C       		.uleb128 0xc
 3325 0120 03       		.uleb128 0x3
 3326 0121 0E       		.uleb128 0xe
 3327 0122 3A       		.uleb128 0x3a
 3328 0123 0B       		.uleb128 0xb
 3329 0124 3B       		.uleb128 0x3b
 3330 0125 05       		.uleb128 0x5
 3331 0126 39       		.uleb128 0x39
 3332 0127 0B       		.uleb128 0xb
 3333 0128 27       		.uleb128 0x27
 3334 0129 0C       		.uleb128 0xc
 3335 012a 49       		.uleb128 0x49
 3336 012b 13       		.uleb128 0x13
 3337 012c 11       		.uleb128 0x11
 3338 012d 01       		.uleb128 0x1
 3339 012e 12       		.uleb128 0x12
 3340 012f 01       		.uleb128 0x1
 3341 0130 40       		.uleb128 0x40
 3342 0131 0A       		.uleb128 0xa
 3343 0132 9742     		.uleb128 0x2117
 3344 0134 0C       		.uleb128 0xc
 3345 0135 01       		.uleb128 0x1
 3346 0136 13       		.uleb128 0x13
 3347 0137 00       		.byte	0
 3348 0138 00       		.byte	0
 3349 0139 16       		.uleb128 0x16
 3350 013a 05       		.uleb128 0x5
 3351 013b 00       		.byte	0
 3352 013c 03       		.uleb128 0x3
 3353 013d 0E       		.uleb128 0xe
 3354 013e 3A       		.uleb128 0x3a
 3355 013f 0B       		.uleb128 0xb
 3356 0140 3B       		.uleb128 0x3b
 3357 0141 05       		.uleb128 0x5
 3358 0142 39       		.uleb128 0x39
 3359 0143 0B       		.uleb128 0xb
 3360 0144 49       		.uleb128 0x49
 3361 0145 13       		.uleb128 0x13
 3362 0146 02       		.uleb128 0x2
 3363 0147 06       		.uleb128 0x6
 3364 0148 B742     		.uleb128 0x2137
 3365 014a 06       		.uleb128 0x6
 3366 014b 00       		.byte	0
 3367 014c 00       		.byte	0
ARM GAS  /tmp/cc3GD86t.s 			page 87


 3368 014d 17       		.uleb128 0x17
 3369 014e 34       		.uleb128 0x34
 3370 014f 00       		.byte	0
 3371 0150 03       		.uleb128 0x3
 3372 0151 0E       		.uleb128 0xe
 3373 0152 3A       		.uleb128 0x3a
 3374 0153 0B       		.uleb128 0xb
 3375 0154 3B       		.uleb128 0x3b
 3376 0155 05       		.uleb128 0x5
 3377 0156 39       		.uleb128 0x39
 3378 0157 0B       		.uleb128 0xb
 3379 0158 49       		.uleb128 0x49
 3380 0159 13       		.uleb128 0x13
 3381 015a 02       		.uleb128 0x2
 3382 015b 06       		.uleb128 0x6
 3383 015c B742     		.uleb128 0x2137
 3384 015e 06       		.uleb128 0x6
 3385 015f 00       		.byte	0
 3386 0160 00       		.byte	0
 3387 0161 18       		.uleb128 0x18
 3388 0162 2E       		.uleb128 0x2e
 3389 0163 00       		.byte	0
 3390 0164 3F       		.uleb128 0x3f
 3391 0165 0C       		.uleb128 0xc
 3392 0166 03       		.uleb128 0x3
 3393 0167 0E       		.uleb128 0xe
 3394 0168 3A       		.uleb128 0x3a
 3395 0169 0B       		.uleb128 0xb
 3396 016a 3B       		.uleb128 0x3b
 3397 016b 05       		.uleb128 0x5
 3398 016c 39       		.uleb128 0x39
 3399 016d 0B       		.uleb128 0xb
 3400 016e 27       		.uleb128 0x27
 3401 016f 0C       		.uleb128 0xc
 3402 0170 11       		.uleb128 0x11
 3403 0171 01       		.uleb128 0x1
 3404 0172 12       		.uleb128 0x12
 3405 0173 01       		.uleb128 0x1
 3406 0174 40       		.uleb128 0x40
 3407 0175 0A       		.uleb128 0xa
 3408 0176 9742     		.uleb128 0x2117
 3409 0178 0C       		.uleb128 0xc
 3410 0179 00       		.byte	0
 3411 017a 00       		.byte	0
 3412 017b 19       		.uleb128 0x19
 3413 017c 34       		.uleb128 0x34
 3414 017d 00       		.byte	0
 3415 017e 03       		.uleb128 0x3
 3416 017f 08       		.uleb128 0x8
 3417 0180 3A       		.uleb128 0x3a
 3418 0181 0B       		.uleb128 0xb
 3419 0182 3B       		.uleb128 0x3b
 3420 0183 05       		.uleb128 0x5
 3421 0184 39       		.uleb128 0x39
 3422 0185 0B       		.uleb128 0xb
 3423 0186 49       		.uleb128 0x49
 3424 0187 13       		.uleb128 0x13
ARM GAS  /tmp/cc3GD86t.s 			page 88


 3425 0188 02       		.uleb128 0x2
 3426 0189 06       		.uleb128 0x6
 3427 018a B742     		.uleb128 0x2137
 3428 018c 06       		.uleb128 0x6
 3429 018d 00       		.byte	0
 3430 018e 00       		.byte	0
 3431 018f 1A       		.uleb128 0x1a
 3432 0190 2E       		.uleb128 0x2e
 3433 0191 01       		.byte	0x1
 3434 0192 3F       		.uleb128 0x3f
 3435 0193 0C       		.uleb128 0xc
 3436 0194 03       		.uleb128 0x3
 3437 0195 0E       		.uleb128 0xe
 3438 0196 3A       		.uleb128 0x3a
 3439 0197 0B       		.uleb128 0xb
 3440 0198 3B       		.uleb128 0x3b
 3441 0199 05       		.uleb128 0x5
 3442 019a 39       		.uleb128 0x39
 3443 019b 0B       		.uleb128 0xb
 3444 019c 27       		.uleb128 0x27
 3445 019d 0C       		.uleb128 0xc
 3446 019e 11       		.uleb128 0x11
 3447 019f 01       		.uleb128 0x1
 3448 01a0 12       		.uleb128 0x12
 3449 01a1 01       		.uleb128 0x1
 3450 01a2 40       		.uleb128 0x40
 3451 01a3 06       		.uleb128 0x6
 3452 01a4 9742     		.uleb128 0x2117
 3453 01a6 0C       		.uleb128 0xc
 3454 01a7 01       		.uleb128 0x1
 3455 01a8 13       		.uleb128 0x13
 3456 01a9 00       		.byte	0
 3457 01aa 00       		.byte	0
 3458 01ab 1B       		.uleb128 0x1b
 3459 01ac 0F       		.uleb128 0xf
 3460 01ad 00       		.byte	0
 3461 01ae 0B       		.uleb128 0xb
 3462 01af 0B       		.uleb128 0xb
 3463 01b0 49       		.uleb128 0x49
 3464 01b1 13       		.uleb128 0x13
 3465 01b2 00       		.byte	0
 3466 01b3 00       		.byte	0
 3467 01b4 1C       		.uleb128 0x1c
 3468 01b5 2E       		.uleb128 0x2e
 3469 01b6 00       		.byte	0
 3470 01b7 3F       		.uleb128 0x3f
 3471 01b8 0C       		.uleb128 0xc
 3472 01b9 03       		.uleb128 0x3
 3473 01ba 0E       		.uleb128 0xe
 3474 01bb 3A       		.uleb128 0x3a
 3475 01bc 0B       		.uleb128 0xb
 3476 01bd 3B       		.uleb128 0x3b
 3477 01be 05       		.uleb128 0x5
 3478 01bf 39       		.uleb128 0x39
 3479 01c0 0B       		.uleb128 0xb
 3480 01c1 27       		.uleb128 0x27
 3481 01c2 0C       		.uleb128 0xc
ARM GAS  /tmp/cc3GD86t.s 			page 89


 3482 01c3 49       		.uleb128 0x49
 3483 01c4 13       		.uleb128 0x13
 3484 01c5 11       		.uleb128 0x11
 3485 01c6 01       		.uleb128 0x1
 3486 01c7 12       		.uleb128 0x12
 3487 01c8 01       		.uleb128 0x1
 3488 01c9 40       		.uleb128 0x40
 3489 01ca 0A       		.uleb128 0xa
 3490 01cb 9742     		.uleb128 0x2117
 3491 01cd 0C       		.uleb128 0xc
 3492 01ce 00       		.byte	0
 3493 01cf 00       		.byte	0
 3494 01d0 1D       		.uleb128 0x1d
 3495 01d1 2E       		.uleb128 0x2e
 3496 01d2 01       		.byte	0x1
 3497 01d3 3F       		.uleb128 0x3f
 3498 01d4 0C       		.uleb128 0xc
 3499 01d5 03       		.uleb128 0x3
 3500 01d6 0E       		.uleb128 0xe
 3501 01d7 3A       		.uleb128 0x3a
 3502 01d8 0B       		.uleb128 0xb
 3503 01d9 3B       		.uleb128 0x3b
 3504 01da 05       		.uleb128 0x5
 3505 01db 39       		.uleb128 0x39
 3506 01dc 0B       		.uleb128 0xb
 3507 01dd 27       		.uleb128 0x27
 3508 01de 0C       		.uleb128 0xc
 3509 01df 49       		.uleb128 0x49
 3510 01e0 13       		.uleb128 0x13
 3511 01e1 11       		.uleb128 0x11
 3512 01e2 01       		.uleb128 0x1
 3513 01e3 12       		.uleb128 0x12
 3514 01e4 01       		.uleb128 0x1
 3515 01e5 40       		.uleb128 0x40
 3516 01e6 06       		.uleb128 0x6
 3517 01e7 9742     		.uleb128 0x2117
 3518 01e9 0C       		.uleb128 0xc
 3519 01ea 01       		.uleb128 0x1
 3520 01eb 13       		.uleb128 0x13
 3521 01ec 00       		.byte	0
 3522 01ed 00       		.byte	0
 3523 01ee 1E       		.uleb128 0x1e
 3524 01ef 34       		.uleb128 0x34
 3525 01f0 00       		.byte	0
 3526 01f1 03       		.uleb128 0x3
 3527 01f2 0E       		.uleb128 0xe
 3528 01f3 3A       		.uleb128 0x3a
 3529 01f4 0B       		.uleb128 0xb
 3530 01f5 3B       		.uleb128 0x3b
 3531 01f6 05       		.uleb128 0x5
 3532 01f7 39       		.uleb128 0x39
 3533 01f8 0B       		.uleb128 0xb
 3534 01f9 49       		.uleb128 0x49
 3535 01fa 13       		.uleb128 0x13
 3536 01fb 02       		.uleb128 0x2
 3537 01fc 0A       		.uleb128 0xa
 3538 01fd 00       		.byte	0
ARM GAS  /tmp/cc3GD86t.s 			page 90


 3539 01fe 00       		.byte	0
 3540 01ff 1F       		.uleb128 0x1f
 3541 0200 34       		.uleb128 0x34
 3542 0201 00       		.byte	0
 3543 0202 03       		.uleb128 0x3
 3544 0203 0E       		.uleb128 0xe
 3545 0204 3A       		.uleb128 0x3a
 3546 0205 0B       		.uleb128 0xb
 3547 0206 3B       		.uleb128 0x3b
 3548 0207 05       		.uleb128 0x5
 3549 0208 39       		.uleb128 0x39
 3550 0209 0B       		.uleb128 0xb
 3551 020a 49       		.uleb128 0x49
 3552 020b 13       		.uleb128 0x13
 3553 020c 1C       		.uleb128 0x1c
 3554 020d 0B       		.uleb128 0xb
 3555 020e 00       		.byte	0
 3556 020f 00       		.byte	0
 3557 0210 20       		.uleb128 0x20
 3558 0211 898201   		.uleb128 0x4109
 3559 0214 01       		.byte	0x1
 3560 0215 11       		.uleb128 0x11
 3561 0216 01       		.uleb128 0x1
 3562 0217 31       		.uleb128 0x31
 3563 0218 13       		.uleb128 0x13
 3564 0219 01       		.uleb128 0x1
 3565 021a 13       		.uleb128 0x13
 3566 021b 00       		.byte	0
 3567 021c 00       		.byte	0
 3568 021d 21       		.uleb128 0x21
 3569 021e 8A8201   		.uleb128 0x410a
 3570 0221 00       		.byte	0
 3571 0222 02       		.uleb128 0x2
 3572 0223 0A       		.uleb128 0xa
 3573 0224 9142     		.uleb128 0x2111
 3574 0226 0A       		.uleb128 0xa
 3575 0227 00       		.byte	0
 3576 0228 00       		.byte	0
 3577 0229 22       		.uleb128 0x22
 3578 022a 898201   		.uleb128 0x4109
 3579 022d 01       		.byte	0x1
 3580 022e 11       		.uleb128 0x11
 3581 022f 01       		.uleb128 0x1
 3582 0230 9542     		.uleb128 0x2115
 3583 0232 0C       		.uleb128 0xc
 3584 0233 31       		.uleb128 0x31
 3585 0234 13       		.uleb128 0x13
 3586 0235 00       		.byte	0
 3587 0236 00       		.byte	0
 3588 0237 23       		.uleb128 0x23
 3589 0238 2E       		.uleb128 0x2e
 3590 0239 00       		.byte	0
 3591 023a 3F       		.uleb128 0x3f
 3592 023b 0C       		.uleb128 0xc
 3593 023c 03       		.uleb128 0x3
 3594 023d 0E       		.uleb128 0xe
 3595 023e 3A       		.uleb128 0x3a
ARM GAS  /tmp/cc3GD86t.s 			page 91


 3596 023f 0B       		.uleb128 0xb
 3597 0240 3B       		.uleb128 0x3b
 3598 0241 0B       		.uleb128 0xb
 3599 0242 39       		.uleb128 0x39
 3600 0243 0B       		.uleb128 0xb
 3601 0244 27       		.uleb128 0x27
 3602 0245 0C       		.uleb128 0xc
 3603 0246 11       		.uleb128 0x11
 3604 0247 01       		.uleb128 0x1
 3605 0248 12       		.uleb128 0x12
 3606 0249 01       		.uleb128 0x1
 3607 024a 40       		.uleb128 0x40
 3608 024b 0A       		.uleb128 0xa
 3609 024c 9742     		.uleb128 0x2117
 3610 024e 0C       		.uleb128 0xc
 3611 024f 00       		.byte	0
 3612 0250 00       		.byte	0
 3613 0251 00       		.byte	0
 3614              		.section	.debug_loc,"",%progbits
 3615              	.Ldebug_loc0:
 3616              	.LVUS22:
 3617 0000 00       		.uleb128 0
 3618 0001 00       		.uleb128 .LVU406
 3619 0002 00       		.uleb128 .LVU406
 3620 0003 00       		.uleb128 0
 3621              	.LLST22:
 3622 0004 3C030000 		.4byte	.LVL86-.Ltext0
 3623 0008 46030000 		.4byte	.LVL88-.Ltext0
 3624 000c 0100     		.2byte	0x1
 3625 000e 50       		.byte	0x50
 3626 000f 46030000 		.4byte	.LVL88-.Ltext0
 3627 0013 50030000 		.4byte	.LFE60-.Ltext0
 3628 0017 0A00     		.2byte	0xa
 3629 0019 F3       		.byte	0xf3
 3630 001a 03       		.uleb128 0x3
 3631 001b F5       		.byte	0xf5
 3632 001c 00       		.uleb128 0
 3633 001d 25       		.uleb128 0x25
 3634 001e F7       		.byte	0xf7
 3635 001f 33       		.uleb128 0x33
 3636 0020 F7       		.byte	0xf7
 3637 0021 00       		.uleb128 0
 3638 0022 9F       		.byte	0x9f
 3639 0023 00000000 		.4byte	0
 3640 0027 00000000 		.4byte	0
 3641              	.LVUS23:
 3642 002b 02       		.uleb128 .LVU400
 3643 002c 00       		.uleb128 .LVU403
 3644 002d 00       		.uleb128 .LVU403
 3645 002e 00       		.uleb128 0
 3646              	.LLST23:
 3647 002f 3C030000 		.4byte	.LVL86-.Ltext0
 3648 0033 40030000 		.4byte	.LVL87-.Ltext0
 3649 0037 0200     		.2byte	0x2
 3650 0039 30       		.byte	0x30
 3651 003a 9F       		.byte	0x9f
 3652 003b 40030000 		.4byte	.LVL87-.Ltext0
ARM GAS  /tmp/cc3GD86t.s 			page 92


 3653 003f 50030000 		.4byte	.LFE60-.Ltext0
 3654 0043 0F00     		.2byte	0xf
 3655 0045 73       		.byte	0x73
 3656 0046 00       		.sleb128 0
 3657 0047 F3       		.byte	0xf3
 3658 0048 03       		.uleb128 0x3
 3659 0049 F5       		.byte	0xf5
 3660 004a 00       		.uleb128 0
 3661 004b 25       		.uleb128 0x25
 3662 004c F7       		.byte	0xf7
 3663 004d 2C       		.uleb128 0x2c
 3664 004e F7       		.byte	0xf7
 3665 004f 00       		.uleb128 0
 3666 0050 1A       		.byte	0x1a
 3667 0051 30       		.byte	0x30
 3668 0052 2E       		.byte	0x2e
 3669 0053 9F       		.byte	0x9f
 3670 0054 00000000 		.4byte	0
 3671 0058 00000000 		.4byte	0
 3672              	.LVUS16:
 3673 005c 00       		.uleb128 0
 3674 005d 00       		.uleb128 .LVU364
 3675 005e 00       		.uleb128 .LVU364
 3676 005f 00       		.uleb128 .LVU366
 3677 0060 00       		.uleb128 .LVU366
 3678 0061 00       		.uleb128 0
 3679              	.LLST16:
 3680 0062 D8020000 		.4byte	.LVL74-.Ltext0
 3681 0066 E6020000 		.4byte	.LVL77-.Ltext0
 3682 006a 0100     		.2byte	0x1
 3683 006c 50       		.byte	0x50
 3684 006d E6020000 		.4byte	.LVL77-.Ltext0
 3685 0071 F0020000 		.4byte	.LVL79-.Ltext0
 3686 0075 0A00     		.2byte	0xa
 3687 0077 F3       		.byte	0xf3
 3688 0078 03       		.uleb128 0x3
 3689 0079 F5       		.byte	0xf5
 3690 007a 00       		.uleb128 0
 3691 007b 25       		.uleb128 0x25
 3692 007c F7       		.byte	0xf7
 3693 007d 33       		.uleb128 0x33
 3694 007e F7       		.byte	0xf7
 3695 007f 00       		.uleb128 0
 3696 0080 9F       		.byte	0x9f
 3697 0081 F0020000 		.4byte	.LVL79-.Ltext0
 3698 0085 00030000 		.4byte	.LFE58-.Ltext0
 3699 0089 0100     		.2byte	0x1
 3700 008b 50       		.byte	0x50
 3701 008c 00000000 		.4byte	0
 3702 0090 00000000 		.4byte	0
 3703              	.LVUS17:
 3704 0094 02       		.uleb128 .LVU351
 3705 0095 00       		.uleb128 .LVU356
 3706 0096 00       		.uleb128 .LVU356
 3707 0097 01       		.uleb128 .LVU361
 3708 0098 01       		.uleb128 .LVU361
 3709 0099 00       		.uleb128 .LVU364
ARM GAS  /tmp/cc3GD86t.s 			page 93


 3710 009a 00       		.uleb128 .LVU364
 3711 009b 00       		.uleb128 .LVU365
 3712 009c 00       		.uleb128 .LVU366
 3713 009d 00       		.uleb128 0
 3714              	.LLST17:
 3715 009e D8020000 		.4byte	.LVL74-.Ltext0
 3716 00a2 DA020000 		.4byte	.LVL75-.Ltext0
 3717 00a6 0200     		.2byte	0x2
 3718 00a8 30       		.byte	0x30
 3719 00a9 9F       		.byte	0x9f
 3720 00aa DA020000 		.4byte	.LVL75-.Ltext0
 3721 00ae E2020000 		.4byte	.LVL76-.Ltext0
 3722 00b2 0600     		.2byte	0x6
 3723 00b4 72       		.byte	0x72
 3724 00b5 00       		.sleb128 0
 3725 00b6 08       		.byte	0x8
 3726 00b7 FF       		.byte	0xff
 3727 00b8 1A       		.byte	0x1a
 3728 00b9 9F       		.byte	0x9f
 3729 00ba E2020000 		.4byte	.LVL76-.Ltext0
 3730 00be E6020000 		.4byte	.LVL77-.Ltext0
 3731 00c2 0500     		.2byte	0x5
 3732 00c4 70       		.byte	0x70
 3733 00c5 00       		.sleb128 0
 3734 00c6 4F       		.byte	0x4f
 3735 00c7 1A       		.byte	0x1a
 3736 00c8 9F       		.byte	0x9f
 3737 00c9 E6020000 		.4byte	.LVL77-.Ltext0
 3738 00cd EA020000 		.4byte	.LVL78-.Ltext0
 3739 00d1 0100     		.2byte	0x1
 3740 00d3 50       		.byte	0x50
 3741 00d4 F0020000 		.4byte	.LVL79-.Ltext0
 3742 00d8 00030000 		.4byte	.LFE58-.Ltext0
 3743 00dc 0600     		.2byte	0x6
 3744 00de 72       		.byte	0x72
 3745 00df 00       		.sleb128 0
 3746 00e0 08       		.byte	0x8
 3747 00e1 FF       		.byte	0xff
 3748 00e2 1A       		.byte	0x1a
 3749 00e3 9F       		.byte	0x9f
 3750 00e4 00000000 		.4byte	0
 3751 00e8 00000000 		.4byte	0
 3752              	.LVUS18:
 3753 00ec 03       		.uleb128 .LVU352
 3754 00ed 00       		.uleb128 .LVU360
 3755 00ee 00       		.uleb128 .LVU360
 3756 00ef 00       		.uleb128 .LVU366
 3757 00f0 00       		.uleb128 .LVU366
 3758 00f1 00       		.uleb128 .LVU370
 3759 00f2 00       		.uleb128 .LVU370
 3760 00f3 00       		.uleb128 .LVU372
 3761              	.LLST18:
 3762 00f4 D8020000 		.4byte	.LVL74-.Ltext0
 3763 00f8 E2020000 		.4byte	.LVL76-.Ltext0
 3764 00fc 0200     		.2byte	0x2
 3765 00fe 30       		.byte	0x30
 3766 00ff 9F       		.byte	0x9f
ARM GAS  /tmp/cc3GD86t.s 			page 94


 3767 0100 E2020000 		.4byte	.LVL76-.Ltext0
 3768 0104 F0020000 		.4byte	.LVL79-.Ltext0
 3769 0108 0100     		.2byte	0x1
 3770 010a 53       		.byte	0x53
 3771 010b F0020000 		.4byte	.LVL79-.Ltext0
 3772 010f F6020000 		.4byte	.LVL80-.Ltext0
 3773 0113 0200     		.2byte	0x2
 3774 0115 30       		.byte	0x30
 3775 0116 9F       		.byte	0x9f
 3776 0117 F6020000 		.4byte	.LVL80-.Ltext0
 3777 011b F8020000 		.4byte	.LVL81-.Ltext0
 3778 011f 0100     		.2byte	0x1
 3779 0121 53       		.byte	0x53
 3780 0122 00000000 		.4byte	0
 3781 0126 00000000 		.4byte	0
 3782              	.LVUS19:
 3783 012a 04       		.uleb128 .LVU353
 3784 012b 02       		.uleb128 .LVU362
 3785 012c 02       		.uleb128 .LVU362
 3786 012d 00       		.uleb128 .LVU364
 3787 012e 00       		.uleb128 .LVU366
 3788 012f 00       		.uleb128 0
 3789              	.LLST19:
 3790 0130 D8020000 		.4byte	.LVL74-.Ltext0
 3791 0134 E2020000 		.4byte	.LVL76-.Ltext0
 3792 0138 0200     		.2byte	0x2
 3793 013a 30       		.byte	0x30
 3794 013b 9F       		.byte	0x9f
 3795 013c E2020000 		.4byte	.LVL76-.Ltext0
 3796 0140 E6020000 		.4byte	.LVL77-.Ltext0
 3797 0144 0800     		.2byte	0x8
 3798 0146 73       		.byte	0x73
 3799 0147 00       		.sleb128 0
 3800 0148 70       		.byte	0x70
 3801 0149 00       		.sleb128 0
 3802 014a 4F       		.byte	0x4f
 3803 014b 1A       		.byte	0x1a
 3804 014c 25       		.byte	0x25
 3805 014d 9F       		.byte	0x9f
 3806 014e F0020000 		.4byte	.LVL79-.Ltext0
 3807 0152 00030000 		.4byte	.LFE58-.Ltext0
 3808 0156 0200     		.2byte	0x2
 3809 0158 30       		.byte	0x30
 3810 0159 9F       		.byte	0x9f
 3811 015a 00000000 		.4byte	0
 3812 015e 00000000 		.4byte	0
 3813              	.LLST10:
 3814 0162 BC010000 		.4byte	.LFB49-.Ltext0
 3815 0166 C0010000 		.4byte	.LCFI0-.Ltext0
 3816 016a 0200     		.2byte	0x2
 3817 016c 7D       		.byte	0x7d
 3818 016d 00       		.sleb128 0
 3819 016e C0010000 		.4byte	.LCFI0-.Ltext0
 3820 0172 3C020000 		.4byte	.LFE49-.Ltext0
 3821 0176 0200     		.2byte	0x2
 3822 0178 7D       		.byte	0x7d
 3823 0179 08       		.sleb128 8
ARM GAS  /tmp/cc3GD86t.s 			page 95


 3824 017a 00000000 		.4byte	0
 3825 017e 00000000 		.4byte	0
 3826              	.LVUS11:
 3827 0182 02       		.uleb128 .LVU206
 3828 0183 00       		.uleb128 .LVU211
 3829 0184 00       		.uleb128 .LVU211
 3830 0185 00       		.uleb128 .LVU213
 3831 0186 00       		.uleb128 .LVU213
 3832 0187 00       		.uleb128 .LVU216
 3833 0188 00       		.uleb128 .LVU236
 3834 0189 00       		.uleb128 .LVU239
 3835 018a 00       		.uleb128 .LVU239
 3836 018b 00       		.uleb128 .LVU241
 3837 018c 00       		.uleb128 .LVU246
 3838 018d 00       		.uleb128 .LVU248
 3839 018e 00       		.uleb128 .LVU248
 3840 018f 00       		.uleb128 .LVU250
 3841 0190 00       		.uleb128 .LVU255
 3842 0191 00       		.uleb128 .LVU257
 3843 0192 00       		.uleb128 .LVU257
 3844 0193 00       		.uleb128 .LVU259
 3845 0194 00       		.uleb128 .LVU264
 3846 0195 00       		.uleb128 .LVU266
 3847 0196 00       		.uleb128 .LVU266
 3848 0197 00       		.uleb128 .LVU268
 3849 0198 00       		.uleb128 .LVU272
 3850 0199 00       		.uleb128 .LVU273
 3851              	.LLST11:
 3852 019a BC010000 		.4byte	.LVL42-.Ltext0
 3853 019e C2010000 		.4byte	.LVL43-.Ltext0
 3854 01a2 0200     		.2byte	0x2
 3855 01a4 30       		.byte	0x30
 3856 01a5 9F       		.byte	0x9f
 3857 01a6 C2010000 		.4byte	.LVL43-.Ltext0
 3858 01aa C6010000 		.4byte	.LVL44-.Ltext0
 3859 01ae 0500     		.2byte	0x5
 3860 01b0 73       		.byte	0x73
 3861 01b1 00       		.sleb128 0
 3862 01b2 3C       		.byte	0x3c
 3863 01b3 1A       		.byte	0x1a
 3864 01b4 9F       		.byte	0x9f
 3865 01b5 C6010000 		.4byte	.LVL44-.Ltext0
 3866 01b9 CC010000 		.4byte	.LVL45-.Ltext0
 3867 01bd 0100     		.2byte	0x1
 3868 01bf 53       		.byte	0x53
 3869 01c0 F0010000 		.4byte	.LVL51-.Ltext0
 3870 01c4 F6010000 		.4byte	.LVL52-.Ltext0
 3871 01c8 0600     		.2byte	0x6
 3872 01ca 74       		.byte	0x74
 3873 01cb 00       		.sleb128 0
 3874 01cc 08       		.byte	0x8
 3875 01cd F0       		.byte	0xf0
 3876 01ce 1A       		.byte	0x1a
 3877 01cf 9F       		.byte	0x9f
 3878 01d0 F6010000 		.4byte	.LVL52-.Ltext0
 3879 01d4 F8010000 		.4byte	.LVL53-.Ltext0
 3880 01d8 0100     		.2byte	0x1
ARM GAS  /tmp/cc3GD86t.s 			page 96


 3881 01da 54       		.byte	0x54
 3882 01db FE010000 		.4byte	.LVL54-.Ltext0
 3883 01df 02020000 		.4byte	.LVL55-.Ltext0
 3884 01e3 0700     		.2byte	0x7
 3885 01e5 74       		.byte	0x74
 3886 01e6 00       		.sleb128 0
 3887 01e7 0A       		.byte	0xa
 3888 01e8 0007     		.2byte	0x700
 3889 01ea 1A       		.byte	0x1a
 3890 01eb 9F       		.byte	0x9f
 3891 01ec 02020000 		.4byte	.LVL55-.Ltext0
 3892 01f0 04020000 		.4byte	.LVL56-.Ltext0
 3893 01f4 0100     		.2byte	0x1
 3894 01f6 54       		.byte	0x54
 3895 01f7 0C020000 		.4byte	.LVL58-.Ltext0
 3896 01fb 10020000 		.4byte	.LVL59-.Ltext0
 3897 01ff 0700     		.2byte	0x7
 3898 0201 74       		.byte	0x74
 3899 0202 00       		.sleb128 0
 3900 0203 0A       		.byte	0xa
 3901 0204 0038     		.2byte	0x3800
 3902 0206 1A       		.byte	0x1a
 3903 0207 9F       		.byte	0x9f
 3904 0208 10020000 		.4byte	.LVL59-.Ltext0
 3905 020c 12020000 		.4byte	.LVL60-.Ltext0
 3906 0210 0100     		.2byte	0x1
 3907 0212 54       		.byte	0x54
 3908 0213 18020000 		.4byte	.LVL61-.Ltext0
 3909 0217 1C020000 		.4byte	.LVL62-.Ltext0
 3910 021b 0700     		.2byte	0x7
 3911 021d 72       		.byte	0x72
 3912 021e 00       		.sleb128 0
 3913 021f 0A       		.byte	0xa
 3914 0220 00C0     		.2byte	0xc000
 3915 0222 1A       		.byte	0x1a
 3916 0223 9F       		.byte	0x9f
 3917 0224 1C020000 		.4byte	.LVL62-.Ltext0
 3918 0228 20020000 		.4byte	.LVL63-.Ltext0
 3919 022c 0100     		.2byte	0x1
 3920 022e 52       		.byte	0x52
 3921 022f 28020000 		.4byte	.LVL64-.Ltext0
 3922 0233 2A020000 		.4byte	.LVL65-.Ltext0
 3923 0237 0100     		.2byte	0x1
 3924 0239 53       		.byte	0x53
 3925 023a 00000000 		.4byte	0
 3926 023e 00000000 		.4byte	0
 3927              	.LVUS12:
 3928 0242 02       		.uleb128 .LVU206
 3929 0243 00       		.uleb128 .LVU216
 3930 0244 00       		.uleb128 .LVU216
 3931 0245 00       		.uleb128 .LVU220
 3932 0246 00       		.uleb128 .LVU228
 3933 0247 00       		.uleb128 .LVU233
 3934 0248 00       		.uleb128 .LVU272
 3935 0249 00       		.uleb128 0
 3936              	.LLST12:
 3937 024a BC010000 		.4byte	.LVL42-.Ltext0
ARM GAS  /tmp/cc3GD86t.s 			page 97


 3938 024e CC010000 		.4byte	.LVL45-.Ltext0
 3939 0252 0200     		.2byte	0x2
 3940 0254 30       		.byte	0x30
 3941 0255 9F       		.byte	0x9f
 3942 0256 CC010000 		.4byte	.LVL45-.Ltext0
 3943 025a D2010000 		.4byte	.LVL47-.Ltext0
 3944 025e 0700     		.2byte	0x7
 3945 0260 73       		.byte	0x73
 3946 0261 00       		.sleb128 0
 3947 0262 4E       		.byte	0x4e
 3948 0263 41       		.byte	0x41
 3949 0264 24       		.byte	0x24
 3950 0265 1A       		.byte	0x1a
 3951 0266 9F       		.byte	0x9f
 3952 0267 EA010000 		.4byte	.LVL49-.Ltext0
 3953 026b EC010000 		.4byte	.LVL50-.Ltext0
 3954 026f 0100     		.2byte	0x1
 3955 0271 53       		.byte	0x53
 3956 0272 28020000 		.4byte	.LVL64-.Ltext0
 3957 0276 3C020000 		.4byte	.LFE49-.Ltext0
 3958 027a 0200     		.2byte	0x2
 3959 027c 30       		.byte	0x30
 3960 027d 9F       		.byte	0x9f
 3961 027e 00000000 		.4byte	0
 3962 0282 00000000 		.4byte	0
 3963              	.LVUS13:
 3964 0286 02       		.uleb128 .LVU206
 3965 0287 00       		.uleb128 .LVU218
 3966 0288 00       		.uleb128 .LVU218
 3967 0289 00       		.uleb128 .LVU221
 3968 028a 00       		.uleb128 .LVU272
 3969 028b 00       		.uleb128 0
 3970              	.LLST13:
 3971 028c BC010000 		.4byte	.LVL42-.Ltext0
 3972 0290 CE010000 		.4byte	.LVL46-.Ltext0
 3973 0294 0200     		.2byte	0x2
 3974 0296 30       		.byte	0x30
 3975 0297 9F       		.byte	0x9f
 3976 0298 CE010000 		.4byte	.LVL46-.Ltext0
 3977 029c D4010000 		.4byte	.LVL48-.Ltext0
 3978 02a0 0700     		.2byte	0x7
 3979 02a2 71       		.byte	0x71
 3980 02a3 00       		.sleb128 0
 3981 02a4 40       		.byte	0x40
 3982 02a5 3C       		.byte	0x3c
 3983 02a6 24       		.byte	0x24
 3984 02a7 1A       		.byte	0x1a
 3985 02a8 9F       		.byte	0x9f
 3986 02a9 28020000 		.4byte	.LVL64-.Ltext0
 3987 02ad 3C020000 		.4byte	.LFE49-.Ltext0
 3988 02b1 0200     		.2byte	0x2
 3989 02b3 30       		.byte	0x30
 3990 02b4 9F       		.byte	0x9f
 3991 02b5 00000000 		.4byte	0
 3992 02b9 00000000 		.4byte	0
 3993              	.LVUS14:
 3994 02bd 02       		.uleb128 .LVU206
ARM GAS  /tmp/cc3GD86t.s 			page 98


 3995 02be 00       		.uleb128 .LVU241
 3996 02bf 00       		.uleb128 .LVU241
 3997 02c0 00       		.uleb128 .LVU246
 3998 02c1 00       		.uleb128 .LVU250
 3999 02c2 00       		.uleb128 .LVU252
 4000 02c3 00       		.uleb128 .LVU259
 4001 02c4 00       		.uleb128 .LVU268
 4002 02c5 00       		.uleb128 .LVU268
 4003 02c6 00       		.uleb128 .LVU272
 4004 02c7 00       		.uleb128 .LVU272
 4005 02c8 00       		.uleb128 0
 4006              	.LLST14:
 4007 02c9 BC010000 		.4byte	.LVL42-.Ltext0
 4008 02cd F8010000 		.4byte	.LVL53-.Ltext0
 4009 02d1 0200     		.2byte	0x2
 4010 02d3 30       		.byte	0x30
 4011 02d4 9F       		.byte	0x9f
 4012 02d5 F8010000 		.4byte	.LVL53-.Ltext0
 4013 02d9 FE010000 		.4byte	.LVL54-.Ltext0
 4014 02dd 0600     		.2byte	0x6
 4015 02df 74       		.byte	0x74
 4016 02e0 00       		.sleb128 0
 4017 02e1 08       		.byte	0x8
 4018 02e2 FF       		.byte	0xff
 4019 02e3 1A       		.byte	0x1a
 4020 02e4 9F       		.byte	0x9f
 4021 02e5 04020000 		.4byte	.LVL56-.Ltext0
 4022 02e9 08020000 		.4byte	.LVL57-.Ltext0
 4023 02ed 0600     		.2byte	0x6
 4024 02ef 74       		.byte	0x74
 4025 02f0 00       		.sleb128 0
 4026 02f1 08       		.byte	0x8
 4027 02f2 FF       		.byte	0xff
 4028 02f3 1A       		.byte	0x1a
 4029 02f4 9F       		.byte	0x9f
 4030 02f5 12020000 		.4byte	.LVL60-.Ltext0
 4031 02f9 20020000 		.4byte	.LVL63-.Ltext0
 4032 02fd 0600     		.2byte	0x6
 4033 02ff 74       		.byte	0x74
 4034 0300 00       		.sleb128 0
 4035 0301 08       		.byte	0x8
 4036 0302 FF       		.byte	0xff
 4037 0303 1A       		.byte	0x1a
 4038 0304 9F       		.byte	0x9f
 4039 0305 20020000 		.4byte	.LVL63-.Ltext0
 4040 0309 28020000 		.4byte	.LVL64-.Ltext0
 4041 030d 0600     		.2byte	0x6
 4042 030f 72       		.byte	0x72
 4043 0310 00       		.sleb128 0
 4044 0311 08       		.byte	0x8
 4045 0312 FF       		.byte	0xff
 4046 0313 1A       		.byte	0x1a
 4047 0314 9F       		.byte	0x9f
 4048 0315 28020000 		.4byte	.LVL64-.Ltext0
 4049 0319 3C020000 		.4byte	.LFE49-.Ltext0
 4050 031d 0200     		.2byte	0x2
 4051 031f 30       		.byte	0x30
ARM GAS  /tmp/cc3GD86t.s 			page 99


 4052 0320 9F       		.byte	0x9f
 4053 0321 00000000 		.4byte	0
 4054 0325 00000000 		.4byte	0
 4055              	.LVUS15:
 4056 0329 03       		.uleb128 .LVU207
 4057 032a 03       		.uleb128 .LVU231
 4058 032b 00       		.uleb128 .LVU272
 4059 032c 00       		.uleb128 0
 4060              	.LLST15:
 4061 032d BC010000 		.4byte	.LVL42-.Ltext0
 4062 0331 EA010000 		.4byte	.LVL49-.Ltext0
 4063 0335 0200     		.2byte	0x2
 4064 0337 30       		.byte	0x30
 4065 0338 9F       		.byte	0x9f
 4066 0339 28020000 		.4byte	.LVL64-.Ltext0
 4067 033d 3C020000 		.4byte	.LFE49-.Ltext0
 4068 0341 0200     		.2byte	0x2
 4069 0343 30       		.byte	0x30
 4070 0344 9F       		.byte	0x9f
 4071 0345 00000000 		.4byte	0
 4072 0349 00000000 		.4byte	0
 4073              	.LVUS9:
 4074 034d 02       		.uleb128 .LVU162
 4075 034e 00       		.uleb128 .LVU165
 4076 034f 00       		.uleb128 .LVU165
 4077 0350 00       		.uleb128 0
 4078              	.LLST9:
 4079 0351 58010000 		.4byte	.LVL34-.Ltext0
 4080 0355 5C010000 		.4byte	.LVL35-.Ltext0
 4081 0359 0200     		.2byte	0x2
 4082 035b 30       		.byte	0x30
 4083 035c 9F       		.byte	0x9f
 4084 035d 5C010000 		.4byte	.LVL35-.Ltext0
 4085 0361 6C010000 		.4byte	.LFE44-.Ltext0
 4086 0365 0100     		.2byte	0x1
 4087 0367 53       		.byte	0x53
 4088 0368 00000000 		.4byte	0
 4089 036c 00000000 		.4byte	0
 4090              	.LVUS8:
 4091 0370 02       		.uleb128 .LVU133
 4092 0371 00       		.uleb128 .LVU136
 4093 0372 00       		.uleb128 .LVU136
 4094 0373 00       		.uleb128 0
 4095              	.LLST8:
 4096 0374 20010000 		.4byte	.LVL28-.Ltext0
 4097 0378 24010000 		.4byte	.LVL29-.Ltext0
 4098 037c 0200     		.2byte	0x2
 4099 037e 30       		.byte	0x30
 4100 037f 9F       		.byte	0x9f
 4101 0380 24010000 		.4byte	.LVL29-.Ltext0
 4102 0384 34010000 		.4byte	.LFE41-.Ltext0
 4103 0388 0100     		.2byte	0x1
 4104 038a 53       		.byte	0x53
 4105 038b 00000000 		.4byte	0
 4106 038f 00000000 		.4byte	0
 4107              	.LVUS7:
 4108 0393 02       		.uleb128 .LVU121
ARM GAS  /tmp/cc3GD86t.s 			page 100


 4109 0394 00       		.uleb128 .LVU124
 4110 0395 00       		.uleb128 .LVU124
 4111 0396 00       		.uleb128 0
 4112              	.LLST7:
 4113 0397 0C010000 		.4byte	.LVL24-.Ltext0
 4114 039b 10010000 		.4byte	.LVL25-.Ltext0
 4115 039f 0200     		.2byte	0x2
 4116 03a1 30       		.byte	0x30
 4117 03a2 9F       		.byte	0x9f
 4118 03a3 10010000 		.4byte	.LVL25-.Ltext0
 4119 03a7 20010000 		.4byte	.LFE40-.Ltext0
 4120 03ab 0100     		.2byte	0x1
 4121 03ad 53       		.byte	0x53
 4122 03ae 00000000 		.4byte	0
 4123 03b2 00000000 		.4byte	0
 4124              	.LVUS6:
 4125 03b6 02       		.uleb128 .LVU109
 4126 03b7 00       		.uleb128 .LVU112
 4127 03b8 00       		.uleb128 .LVU112
 4128 03b9 00       		.uleb128 0
 4129              	.LLST6:
 4130 03ba F8000000 		.4byte	.LVL20-.Ltext0
 4131 03be FC000000 		.4byte	.LVL21-.Ltext0
 4132 03c2 0200     		.2byte	0x2
 4133 03c4 30       		.byte	0x30
 4134 03c5 9F       		.byte	0x9f
 4135 03c6 FC000000 		.4byte	.LVL21-.Ltext0
 4136 03ca 0C010000 		.4byte	.LFE39-.Ltext0
 4137 03ce 0100     		.2byte	0x1
 4138 03d0 53       		.byte	0x53
 4139 03d1 00000000 		.4byte	0
 4140 03d5 00000000 		.4byte	0
 4141              	.LVUS5:
 4142 03d9 02       		.uleb128 .LVU93
 4143 03da 00       		.uleb128 .LVU96
 4144 03db 00       		.uleb128 .LVU96
 4145 03dc 00       		.uleb128 0
 4146              	.LLST5:
 4147 03dd D4000000 		.4byte	.LVL16-.Ltext0
 4148 03e1 D8000000 		.4byte	.LVL17-.Ltext0
 4149 03e5 0200     		.2byte	0x2
 4150 03e7 30       		.byte	0x30
 4151 03e8 9F       		.byte	0x9f
 4152 03e9 D8000000 		.4byte	.LVL17-.Ltext0
 4153 03ed E8000000 		.4byte	.LFE37-.Ltext0
 4154 03f1 0100     		.2byte	0x1
 4155 03f3 53       		.byte	0x53
 4156 03f4 00000000 		.4byte	0
 4157 03f8 00000000 		.4byte	0
 4158              	.LVUS3:
 4159 03fc 00       		.uleb128 0
 4160 03fd 00       		.uleb128 .LVU88
 4161 03fe 00       		.uleb128 .LVU88
 4162 03ff 00       		.uleb128 0
 4163              	.LLST3:
 4164 0400 BC000000 		.4byte	.LVL12-.Ltext0
 4165 0404 CC000000 		.4byte	.LVL15-.Ltext0
ARM GAS  /tmp/cc3GD86t.s 			page 101


 4166 0408 0100     		.2byte	0x1
 4167 040a 50       		.byte	0x50
 4168 040b CC000000 		.4byte	.LVL15-.Ltext0
 4169 040f D4000000 		.4byte	.LFE36-.Ltext0
 4170 0413 0A00     		.2byte	0xa
 4171 0415 F3       		.byte	0xf3
 4172 0416 03       		.uleb128 0x3
 4173 0417 F5       		.byte	0xf5
 4174 0418 00       		.uleb128 0
 4175 0419 25       		.uleb128 0x25
 4176 041a F7       		.byte	0xf7
 4177 041b 2C       		.uleb128 0x2c
 4178 041c F7       		.byte	0xf7
 4179 041d 00       		.uleb128 0
 4180 041e 9F       		.byte	0x9f
 4181 041f 00000000 		.4byte	0
 4182 0423 00000000 		.4byte	0
 4183              	.LVUS4:
 4184 0427 02       		.uleb128 .LVU79
 4185 0428 00       		.uleb128 .LVU83
 4186 0429 00       		.uleb128 .LVU83
 4187 042a 01       		.uleb128 .LVU84
 4188 042b 01       		.uleb128 .LVU84
 4189 042c 00       		.uleb128 .LVU86
 4190 042d 00       		.uleb128 .LVU88
 4191 042e 00       		.uleb128 0
 4192              	.LLST4:
 4193 042f BC000000 		.4byte	.LVL12-.Ltext0
 4194 0433 C0000000 		.4byte	.LVL13-.Ltext0
 4195 0437 0200     		.2byte	0x2
 4196 0439 30       		.byte	0x30
 4197 043a 9F       		.byte	0x9f
 4198 043b C0000000 		.4byte	.LVL13-.Ltext0
 4199 043f C0000000 		.4byte	.LVL13-.Ltext0
 4200 0443 0100     		.2byte	0x1
 4201 0445 53       		.byte	0x53
 4202 0446 C0000000 		.4byte	.LVL13-.Ltext0
 4203 044a C4000000 		.4byte	.LVL14-.Ltext0
 4204 044e 0800     		.2byte	0x8
 4205 0450 73       		.byte	0x73
 4206 0451 00       		.sleb128 0
 4207 0452 11       		.byte	0x11
 4208 0453 F0FF7B   		.sleb128 -65552
 4209 0456 1A       		.byte	0x1a
 4210 0457 9F       		.byte	0x9f
 4211 0458 CC000000 		.4byte	.LVL15-.Ltext0
 4212 045c D4000000 		.4byte	.LFE36-.Ltext0
 4213 0460 0100     		.2byte	0x1
 4214 0462 50       		.byte	0x50
 4215 0463 00000000 		.4byte	0
 4216 0467 00000000 		.4byte	0
 4217              	.LVUS1:
 4218 046b 00       		.uleb128 0
 4219 046c 00       		.uleb128 .LVU69
 4220 046d 00       		.uleb128 .LVU69
 4221 046e 00       		.uleb128 0
 4222              	.LLST1:
ARM GAS  /tmp/cc3GD86t.s 			page 102


 4223 046f 9C000000 		.4byte	.LVL6-.Ltext0
 4224 0473 A8000000 		.4byte	.LVL10-.Ltext0
 4225 0477 0100     		.2byte	0x1
 4226 0479 50       		.byte	0x50
 4227 047a A8000000 		.4byte	.LVL10-.Ltext0
 4228 047e B0000000 		.4byte	.LFE34-.Ltext0
 4229 0482 0A00     		.2byte	0xa
 4230 0484 F3       		.byte	0xf3
 4231 0485 03       		.uleb128 0x3
 4232 0486 F5       		.byte	0xf5
 4233 0487 00       		.uleb128 0
 4234 0488 25       		.uleb128 0x25
 4235 0489 F7       		.byte	0xf7
 4236 048a 2C       		.uleb128 0x2c
 4237 048b F7       		.byte	0xf7
 4238 048c 00       		.uleb128 0
 4239 048d 9F       		.byte	0x9f
 4240 048e 00000000 		.4byte	0
 4241 0492 00000000 		.4byte	0
 4242              	.LVUS2:
 4243 0496 02       		.uleb128 .LVU60
 4244 0497 00       		.uleb128 .LVU64
 4245 0498 00       		.uleb128 .LVU64
 4246 0499 01       		.uleb128 .LVU65
 4247 049a 01       		.uleb128 .LVU65
 4248 049b 00       		.uleb128 .LVU67
 4249 049c 00       		.uleb128 .LVU67
 4250 049d 00       		.uleb128 .LVU68
 4251 049e 00       		.uleb128 .LVU69
 4252 049f 00       		.uleb128 0
 4253              	.LLST2:
 4254 04a0 9C000000 		.4byte	.LVL6-.Ltext0
 4255 04a4 A0000000 		.4byte	.LVL7-.Ltext0
 4256 04a8 0200     		.2byte	0x2
 4257 04aa 30       		.byte	0x30
 4258 04ab 9F       		.byte	0x9f
 4259 04ac A0000000 		.4byte	.LVL7-.Ltext0
 4260 04b0 A0000000 		.4byte	.LVL7-.Ltext0
 4261 04b4 0100     		.2byte	0x1
 4262 04b6 53       		.byte	0x53
 4263 04b7 A0000000 		.4byte	.LVL7-.Ltext0
 4264 04bb A4000000 		.4byte	.LVL8-.Ltext0
 4265 04bf 0900     		.2byte	0x9
 4266 04c1 73       		.byte	0x73
 4267 04c2 00       		.sleb128 0
 4268 04c3 11       		.byte	0x11
 4269 04c4 FFFF8B7E 		.sleb128 -3997697
 4270 04c8 1A       		.byte	0x1a
 4271 04c9 9F       		.byte	0x9f
 4272 04ca A4000000 		.4byte	.LVL8-.Ltext0
 4273 04ce A6000000 		.4byte	.LVL9-.Ltext0
 4274 04d2 0100     		.2byte	0x1
 4275 04d4 53       		.byte	0x53
 4276 04d5 A8000000 		.4byte	.LVL10-.Ltext0
 4277 04d9 B0000000 		.4byte	.LFE34-.Ltext0
 4278 04dd 0100     		.2byte	0x1
 4279 04df 50       		.byte	0x50
ARM GAS  /tmp/cc3GD86t.s 			page 103


 4280 04e0 00000000 		.4byte	0
 4281 04e4 00000000 		.4byte	0
 4282              	.LVUS0:
 4283 04e8 02       		.uleb128 .LVU43
 4284 04e9 00       		.uleb128 .LVU46
 4285 04ea 00       		.uleb128 .LVU46
 4286 04eb 00       		.uleb128 0
 4287              	.LLST0:
 4288 04ec 7C000000 		.4byte	.LVL1-.Ltext0
 4289 04f0 80000000 		.4byte	.LVL2-.Ltext0
 4290 04f4 0200     		.2byte	0x2
 4291 04f6 30       		.byte	0x30
 4292 04f7 9F       		.byte	0x9f
 4293 04f8 80000000 		.4byte	.LVL2-.Ltext0
 4294 04fc 90000000 		.4byte	.LFE32-.Ltext0
 4295 0500 0100     		.2byte	0x1
 4296 0502 53       		.byte	0x53
 4297 0503 00000000 		.4byte	0
 4298 0507 00000000 		.4byte	0
 4299              	.LLST20:
 4300 050b 00030000 		.4byte	.LFB31-.Ltext0
 4301 050f 04030000 		.4byte	.LCFI1-.Ltext0
 4302 0513 0200     		.2byte	0x2
 4303 0515 7D       		.byte	0x7d
 4304 0516 00       		.sleb128 0
 4305 0517 04030000 		.4byte	.LCFI1-.Ltext0
 4306 051b 22030000 		.4byte	.LCFI2-.Ltext0
 4307 051f 0200     		.2byte	0x2
 4308 0521 7D       		.byte	0x7d
 4309 0522 10       		.sleb128 16
 4310 0523 22030000 		.4byte	.LCFI2-.Ltext0
 4311 0527 26030000 		.4byte	.LCFI3-.Ltext0
 4312 052b 0200     		.2byte	0x2
 4313 052d 7D       		.byte	0x7d
 4314 052e 04       		.sleb128 4
 4315 052f 26030000 		.4byte	.LCFI3-.Ltext0
 4316 0533 2A030000 		.4byte	.LFE31-.Ltext0
 4317 0537 0200     		.2byte	0x2
 4318 0539 7D       		.byte	0x7d
 4319 053a 00       		.sleb128 0
 4320 053b 00000000 		.4byte	0
 4321 053f 00000000 		.4byte	0
 4322              	.LVUS21:
 4323 0543 00       		.uleb128 .LVU383
 4324 0544 00       		.uleb128 .LVU391
 4325              	.LLST21:
 4326 0545 0C030000 		.4byte	.LVL83-.Ltext0
 4327 0549 20030000 		.4byte	.LVL84-.Ltext0
 4328 054d 0100     		.2byte	0x1
 4329 054f 50       		.byte	0x50
 4330 0550 00000000 		.4byte	0
 4331 0554 00000000 		.4byte	0
 4332              		.section	.debug_aranges,"",%progbits
 4333 0000 1C000000 		.4byte	0x1c
 4334 0004 0200     		.2byte	0x2
 4335 0006 00000000 		.4byte	.Ldebug_info0
 4336 000a 04       		.byte	0x4
ARM GAS  /tmp/cc3GD86t.s 			page 104


 4337 000b 00       		.byte	0
 4338 000c 0000     		.2byte	0
 4339 000e 0000     		.2byte	0
 4340 0010 00000000 		.4byte	.Ltext0
 4341 0014 5C030000 		.4byte	.Letext0-.Ltext0
 4342 0018 00000000 		.4byte	0
 4343 001c 00000000 		.4byte	0
 4344              		.section	.debug_line,"",%progbits
 4345              	.Ldebug_line0:
 4346 0000 98070000 		.section	.debug_str,"MS",%progbits,1
 4346      03003C01 
 4346      00000201 
 4346      FB0E0D00 
 4346      01010101 
 4347              	.LASF18:
 4348 0000 44495341 		.ascii	"DISABLE\000"
 4348      424C4500 
 4349              	.LASF88:
 4350 0008 5243435F 		.ascii	"RCC_PREDIV1_Source\000"
 4350      50524544 
 4350      4956315F 
 4350      536F7572 
 4350      636500
 4351              	.LASF26:
 4352 001b 41504231 		.ascii	"APB1RSTR\000"
 4352      52535452 
 4352      00
 4353              	.LASF81:
 4354 0024 5243435F 		.ascii	"RCC_HCLK\000"
 4354      48434C4B 
 4354      00
 4355              	.LASF74:
 4356 002d 5243435F 		.ascii	"RCC_ADCCLKConfig\000"
 4356      41444343 
 4356      4C4B436F 
 4356      6E666967 
 4356      00
 4357              	.LASF89:
 4358 003e 5243435F 		.ascii	"RCC_PREDIV1_Div\000"
 4358      50524544 
 4358      4956315F 
 4358      44697600 
 4359              	.LASF48:
 4360 004e 5243435F 		.ascii	"RCC_ClearITPendingBit\000"
 4360      436C6561 
 4360      72495450 
 4360      656E6469 
 4360      6E674269 
 4361              	.LASF42:
 4362 0064 5243435F 		.ascii	"RCC_GetITStatus\000"
 4362      47657449 
 4362      54537461 
 4362      74757300 
 4363              	.LASF106:
 4364 0074 73746D33 		.ascii	"stm32f10x_lib/STM32F10x_StdPeriph_Driver/src/stm32f"
 4364      32663130 
 4364      785F6C69 
ARM GAS  /tmp/cc3GD86t.s 			page 105


 4364      622F5354 
 4364      4D333246 
 4365 00a7 3130785F 		.ascii	"10x_rcc.c\000"
 4365      7263632E 
 4365      6300
 4366              	.LASF35:
 4367 00b1 48434C4B 		.ascii	"HCLK_Frequency\000"
 4367      5F467265 
 4367      7175656E 
 4367      637900
 4368              	.LASF57:
 4369 00c0 5243435F 		.ascii	"RCC_APB2Periph\000"
 4369      41504232 
 4369      50657269 
 4369      706800
 4370              	.LASF75:
 4371 00cf 5243435F 		.ascii	"RCC_PCLK2\000"
 4371      50434C4B 
 4371      3200
 4372              	.LASF9:
 4373 00d9 5F5F7569 		.ascii	"__uint32_t\000"
 4373      6E743332 
 4373      5F7400
 4374              	.LASF6:
 4375 00e4 5F5F7569 		.ascii	"__uint16_t\000"
 4375      6E743136 
 4375      5F7400
 4376              	.LASF90:
 4377 00ef 5243435F 		.ascii	"RCC_PLLCmd\000"
 4377      504C4C43 
 4377      6D6400
 4378              	.LASF100:
 4379 00fa 48534553 		.ascii	"HSEStatus\000"
 4379      74617475 
 4379      7300
 4380              	.LASF32:
 4381 0104 43464752 		.ascii	"CFGR2\000"
 4381      3200
 4382              	.LASF60:
 4383 010a 5243435F 		.ascii	"RCC_AHBPeriphClockCmd\000"
 4383      41484250 
 4383      65726970 
 4383      68436C6F 
 4383      636B436D 
 4384              	.LASF24:
 4385 0120 43464752 		.ascii	"CFGR\000"
 4385      00
 4386              	.LASF19:
 4387 0125 454E4142 		.ascii	"ENABLE\000"
 4387      4C4500
 4388              	.LASF55:
 4389 012c 5243435F 		.ascii	"RCC_APB1Periph\000"
 4389      41504231 
 4389      50657269 
 4389      706800
 4390              	.LASF12:
 4391 013b 75696E74 		.ascii	"uint8_t\000"
ARM GAS  /tmp/cc3GD86t.s 			page 106


 4391      385F7400 
 4392              	.LASF29:
 4393 0143 41504231 		.ascii	"APB1ENR\000"
 4393      454E5200 
 4394              	.LASF66:
 4395 014b 70726573 		.ascii	"presc\000"
 4395      6300
 4396              	.LASF52:
 4397 0151 4E657753 		.ascii	"NewState\000"
 4397      74617465 
 4397      00
 4398              	.LASF49:
 4399 015a 5243435F 		.ascii	"RCC_MCOConfig\000"
 4399      4D434F43 
 4399      6F6E6669 
 4399      6700
 4400              	.LASF104:
 4401 0168 5243435F 		.ascii	"RCC_DeInit\000"
 4401      4465496E 
 4401      697400
 4402              	.LASF97:
 4403 0173 5243435F 		.ascii	"RCC_WaitForHSEStartUp\000"
 4403      57616974 
 4403      466F7248 
 4403      53455374 
 4403      61727455 
 4404              	.LASF107:
 4405 0189 2F686F6D 		.ascii	"/home/yaolin/project/stm32/stm32f10x_makefile_templ"
 4405      652F7961 
 4405      6F6C696E 
 4405      2F70726F 
 4405      6A656374 
 4406 01bc 61746500 		.ascii	"ate\000"
 4407              	.LASF73:
 4408 01c0 5243435F 		.ascii	"RCC_LSE\000"
 4408      4C534500 
 4409              	.LASF70:
 4410 01c8 5243435F 		.ascii	"RCC_RTCCLKSource\000"
 4410      52544343 
 4410      4C4B536F 
 4410      75726365 
 4410      00
 4411              	.LASF33:
 4412 01d9 5243435F 		.ascii	"RCC_TypeDef\000"
 4412      54797065 
 4412      44656600 
 4413              	.LASF11:
 4414 01e5 6C6F6E67 		.ascii	"long long int\000"
 4414      206C6F6E 
 4414      6720696E 
 4414      7400
 4415              	.LASF0:
 4416 01f3 6C6F6E67 		.ascii	"long long unsigned int\000"
 4416      206C6F6E 
 4416      6720756E 
 4416      7369676E 
 4416      65642069 
ARM GAS  /tmp/cc3GD86t.s 			page 107


 4417              	.LASF54:
 4418 020a 5243435F 		.ascii	"RCC_APB1PeriphResetCmd\000"
 4418      41504231 
 4418      50657269 
 4418      70685265 
 4418      73657443 
 4419              	.LASF91:
 4420 0221 5243435F 		.ascii	"RCC_PLLConfig\000"
 4420      504C4C43 
 4420      6F6E6669 
 4420      6700
 4421              	.LASF17:
 4422 022f 49545374 		.ascii	"ITStatus\000"
 4422      61747573 
 4422      00
 4423              	.LASF8:
 4424 0238 6C6F6E67 		.ascii	"long int\000"
 4424      20696E74 
 4424      00
 4425              	.LASF67:
 4426 0241 70726564 		.ascii	"prediv1factor\000"
 4426      69763166 
 4426      6163746F 
 4426      7200
 4427              	.LASF64:
 4428 024f 706C6C6D 		.ascii	"pllmull\000"
 4428      756C6C00 
 4429              	.LASF77:
 4430 0257 5243435F 		.ascii	"RCC_USBCLKConfig\000"
 4430      55534243 
 4430      4C4B436F 
 4430      6E666967 
 4430      00
 4431              	.LASF71:
 4432 0268 5243435F 		.ascii	"RCC_LSICmd\000"
 4432      4C534943 
 4432      6D6400
 4433              	.LASF108:
 4434 0273 5243435F 		.ascii	"RCC_GetSYSCLKSource\000"
 4434      47657453 
 4434      5953434C 
 4434      4B536F75 
 4434      72636500 
 4435              	.LASF25:
 4436 0287 41504232 		.ascii	"APB2RSTR\000"
 4436      52535452 
 4436      00
 4437              	.LASF5:
 4438 0290 5F5F7569 		.ascii	"__uint8_t\000"
 4438      6E74385F 
 4438      7400
 4439              	.LASF23:
 4440 029a 4572726F 		.ascii	"ErrorStatus\000"
 4440      72537461 
 4440      74757300 
 4441              	.LASF21:
 4442 02a6 4552524F 		.ascii	"ERROR\000"
ARM GAS  /tmp/cc3GD86t.s 			page 108


 4442      5200
 4443              	.LASF65:
 4444 02ac 706C6C73 		.ascii	"pllsource\000"
 4444      6F757263 
 4444      6500
 4445              	.LASF27:
 4446 02b6 41484245 		.ascii	"AHBENR\000"
 4446      4E5200
 4447              	.LASF82:
 4448 02bd 5243435F 		.ascii	"RCC_PCLK1Config\000"
 4448      50434C4B 
 4448      31436F6E 
 4448      66696700 
 4449              	.LASF76:
 4450 02cd 746D7072 		.ascii	"tmpreg\000"
 4450      656700
 4451              	.LASF46:
 4452 02d4 62697473 		.ascii	"bitstatus\000"
 4452      74617475 
 4452      7300
 4453              	.LASF47:
 4454 02de 73746174 		.ascii	"statusreg\000"
 4454      75737265 
 4454      6700
 4455              	.LASF30:
 4456 02e8 42444352 		.ascii	"BDCR\000"
 4456      00
 4457              	.LASF58:
 4458 02ed 5243435F 		.ascii	"RCC_APB1PeriphClockCmd\000"
 4458      41504231 
 4458      50657269 
 4458      7068436C 
 4458      6F636B43 
 4459              	.LASF2:
 4460 0304 756E7369 		.ascii	"unsigned char\000"
 4460      676E6564 
 4460      20636861 
 4460      7200
 4461              	.LASF4:
 4462 0312 73686F72 		.ascii	"short int\000"
 4462      7420696E 
 4462      7400
 4463              	.LASF28:
 4464 031c 41504232 		.ascii	"APB2ENR\000"
 4464      454E5200 
 4465              	.LASF98:
 4466 0324 53746172 		.ascii	"StartUpCounter\000"
 4466      74557043 
 4466      6F756E74 
 4466      657200
 4467              	.LASF3:
 4468 0333 7369676E 		.ascii	"signed char\000"
 4468      65642063 
 4468      68617200 
 4469              	.LASF53:
 4470 033f 5243435F 		.ascii	"RCC_BackupResetCmd\000"
 4470      4261636B 
ARM GAS  /tmp/cc3GD86t.s 			page 109


 4470      75705265 
 4470      73657443 
 4470      6D6400
 4471              	.LASF95:
 4472 0352 5243435F 		.ascii	"RCC_AdjustHSICalibrationValue\000"
 4472      41646A75 
 4472      73744853 
 4472      4943616C 
 4472      69627261 
 4473              	.LASF38:
 4474 0370 41444343 		.ascii	"ADCCLK_Frequency\000"
 4474      4C4B5F46 
 4474      72657175 
 4474      656E6379 
 4474      00
 4475              	.LASF45:
 4476 0381 5243435F 		.ascii	"RCC_FLAG\000"
 4476      464C4147 
 4476      00
 4477              	.LASF1:
 4478 038a 756E7369 		.ascii	"unsigned int\000"
 4478      676E6564 
 4478      20696E74 
 4478      00
 4479              	.LASF92:
 4480 0397 5243435F 		.ascii	"RCC_PLLSource\000"
 4480      504C4C53 
 4480      6F757263 
 4480      6500
 4481              	.LASF13:
 4482 03a5 75696E74 		.ascii	"uint16_t\000"
 4482      31365F74 
 4482      00
 4483              	.LASF43:
 4484 03ae 5243435F 		.ascii	"RCC_GetFlagStatus\000"
 4484      47657446 
 4484      6C616753 
 4484      74617475 
 4484      7300
 4485              	.LASF87:
 4486 03c0 5243435F 		.ascii	"RCC_PREDIV1Config\000"
 4486      50524544 
 4486      49563143 
 4486      6F6E6669 
 4486      6700
 4487              	.LASF78:
 4488 03d2 5243435F 		.ascii	"RCC_USBCLKSource\000"
 4488      55534243 
 4488      4C4B536F 
 4488      75726365 
 4488      00
 4489              	.LASF22:
 4490 03e3 53554343 		.ascii	"SUCCESS\000"
 4490      45535300 
 4491              	.LASF39:
 4492 03eb 5243435F 		.ascii	"RCC_ClocksTypeDef\000"
 4492      436C6F63 
ARM GAS  /tmp/cc3GD86t.s 			page 110


 4492      6B735479 
 4492      70654465 
 4492      6600
 4493              	.LASF103:
 4494 03fd 5243435F 		.ascii	"RCC_ClearFlag\000"
 4494      436C6561 
 4494      72466C61 
 4494      6700
 4495              	.LASF7:
 4496 040b 73686F72 		.ascii	"short unsigned int\000"
 4496      7420756E 
 4496      7369676E 
 4496      65642069 
 4496      6E7400
 4497              	.LASF99:
 4498 041e 73746174 		.ascii	"status\000"
 4498      757300
 4499              	.LASF84:
 4500 0425 5243435F 		.ascii	"RCC_SYSCLK\000"
 4500      53595343 
 4500      4C4B00
 4501              	.LASF51:
 4502 0430 5243435F 		.ascii	"RCC_ClockSecuritySystemCmd\000"
 4502      436C6F63 
 4502      6B536563 
 4502      75726974 
 4502      79537973 
 4503              	.LASF93:
 4504 044b 5243435F 		.ascii	"RCC_PLLMul\000"
 4504      504C4C4D 
 4504      756C00
 4505              	.LASF101:
 4506 0456 5243435F 		.ascii	"RCC_HSEConfig\000"
 4506      48534543 
 4506      6F6E6669 
 4506      6700
 4507              	.LASF34:
 4508 0464 53595343 		.ascii	"SYSCLK_Frequency\000"
 4508      4C4B5F46 
 4508      72657175 
 4508      656E6379 
 4508      00
 4509              	.LASF15:
 4510 0475 52455345 		.ascii	"RESET\000"
 4510      5400
 4511              	.LASF37:
 4512 047b 50434C4B 		.ascii	"PCLK2_Frequency\000"
 4512      325F4672 
 4512      65717565 
 4512      6E637900 
 4513              	.LASF79:
 4514 048b 5243435F 		.ascii	"RCC_ITConfig\000"
 4514      4954436F 
 4514      6E666967 
 4514      00
 4515              	.LASF59:
 4516 0498 5243435F 		.ascii	"RCC_APB2PeriphClockCmd\000"
ARM GAS  /tmp/cc3GD86t.s 			page 111


 4516      41504232 
 4516      50657269 
 4516      7068436C 
 4516      6F636B43 
 4517              	.LASF31:
 4518 04af 52455345 		.ascii	"RESERVED0\000"
 4518      52564544 
 4518      3000
 4519              	.LASF14:
 4520 04b9 75696E74 		.ascii	"uint32_t\000"
 4520      33325F74 
 4520      00
 4521              	.LASF69:
 4522 04c2 5243435F 		.ascii	"RCC_RTCCLKConfig\000"
 4522      52544343 
 4522      4C4B436F 
 4522      6E666967 
 4522      00
 4523              	.LASF10:
 4524 04d3 6C6F6E67 		.ascii	"long unsigned int\000"
 4524      20756E73 
 4524      69676E65 
 4524      6420696E 
 4524      7400
 4525              	.LASF102:
 4526 04e5 5243435F 		.ascii	"RCC_HSE\000"
 4526      48534500 
 4527              	.LASF86:
 4528 04ed 5243435F 		.ascii	"RCC_SYSCLKSource\000"
 4528      53595343 
 4528      4C4B536F 
 4528      75726365 
 4528      00
 4529              	.LASF20:
 4530 04fe 46756E63 		.ascii	"FunctionalState\000"
 4530      74696F6E 
 4530      616C5374 
 4530      61746500 
 4531              	.LASF36:
 4532 050e 50434C4B 		.ascii	"PCLK1_Frequency\000"
 4532      315F4672 
 4532      65717565 
 4532      6E637900 
 4533              	.LASF72:
 4534 051e 5243435F 		.ascii	"RCC_LSEConfig\000"
 4534      4C534543 
 4534      6F6E6669 
 4534      6700
 4535              	.LASF40:
 4536 052c 41504241 		.ascii	"APBAHBPrescTable\000"
 4536      48425072 
 4536      65736354 
 4536      61626C65 
 4536      00
 4537              	.LASF96:
 4538 053d 48534943 		.ascii	"HSICalibrationValue\000"
 4538      616C6962 
ARM GAS  /tmp/cc3GD86t.s 			page 112


 4538      72617469 
 4538      6F6E5661 
 4538      6C756500 
 4539              	.LASF62:
 4540 0551 5243435F 		.ascii	"RCC_GetClocksFreq\000"
 4540      47657443 
 4540      6C6F636B 
 4540      73467265 
 4540      7100
 4541              	.LASF56:
 4542 0563 5243435F 		.ascii	"RCC_APB2PeriphResetCmd\000"
 4542      41504232 
 4542      50657269 
 4542      70685265 
 4542      73657443 
 4543              	.LASF68:
 4544 057a 5243435F 		.ascii	"RCC_RTCCLKCmd\000"
 4544      52544343 
 4544      4C4B436D 
 4544      6400
 4545              	.LASF63:
 4546 0588 5243435F 		.ascii	"RCC_Clocks\000"
 4546      436C6F63 
 4546      6B7300
 4547              	.LASF85:
 4548 0593 5243435F 		.ascii	"RCC_SYSCLKConfig\000"
 4548      53595343 
 4548      4C4B436F 
 4548      6E666967 
 4548      00
 4549              	.LASF83:
 4550 05a4 5243435F 		.ascii	"RCC_HCLKConfig\000"
 4550      48434C4B 
 4550      436F6E66 
 4550      696700
 4551              	.LASF94:
 4552 05b3 5243435F 		.ascii	"RCC_HSICmd\000"
 4552      48534943 
 4552      6D6400
 4553              	.LASF105:
 4554 05be 474E5520 		.ascii	"GNU C23 16.2.0 -mcpu=cortex-m3 -mthumb -mfloat-abi="
 4554      43323320 
 4554      31362E32 
 4554      2E30202D 
 4554      6D637075 
 4555 05f1 736F6674 		.ascii	"soft -march=armv7-m -g -gdwarf-2 -Os -fomit-frame-p"
 4555      202D6D61 
 4555      7263683D 
 4555      61726D76 
 4555      372D6D20 
 4556 0624 6F696E74 		.ascii	"ointer\000"
 4556      657200
 4557              	.LASF50:
 4558 062b 5243435F 		.ascii	"RCC_MCO\000"
 4558      4D434F00 
 4559              	.LASF44:
 4560 0633 5243435F 		.ascii	"RCC_IT\000"
ARM GAS  /tmp/cc3GD86t.s 			page 113


 4560      495400
 4561              	.LASF16:
 4562 063a 466C6167 		.ascii	"FlagStatus\000"
 4562      53746174 
 4562      757300
 4563              	.LASF61:
 4564 0645 5243435F 		.ascii	"RCC_AHBPeriph\000"
 4564      41484250 
 4564      65726970 
 4564      6800
 4565              	.LASF80:
 4566 0653 5243435F 		.ascii	"RCC_PCLK2Config\000"
 4566      50434C4B 
 4566      32436F6E 
 4566      66696700 
 4567              	.LASF41:
 4568 0663 41444350 		.ascii	"ADCPrescTable\000"
 4568      72657363 
 4568      5461626C 
 4568      6500
 4569              		.ident	"GCC: (Arch Repository) 16.2.0"
ARM GAS  /tmp/cc3GD86t.s 			page 114


DEFINED SYMBOLS
                            *ABS*:00000000 stm32f10x_rcc.c
     /tmp/cc3GD86t.s:23     .text:00000000 $t
     /tmp/cc3GD86t.s:29     .text:00000000 RCC_DeInit
     /tmp/cc3GD86t.s:95     .text:0000003c $d
     /tmp/cc3GD86t.s:100    .text:00000044 $t
     /tmp/cc3GD86t.s:106    .text:00000044 RCC_HSEConfig
     /tmp/cc3GD86t.s:170    .text:00000078 $d
     /tmp/cc3GD86t.s:174    .text:0000007c $t
     /tmp/cc3GD86t.s:180    .text:0000007c RCC_AdjustHSICalibrationValue
     /tmp/cc3GD86t.s:216    .text:0000008c $d
     /tmp/cc3GD86t.s:220    .text:00000090 $t
     /tmp/cc3GD86t.s:226    .text:00000090 RCC_HSICmd
     /tmp/cc3GD86t.s:246    .text:00000098 $d
     /tmp/cc3GD86t.s:250    .text:0000009c $t
     /tmp/cc3GD86t.s:256    .text:0000009c RCC_PLLConfig
     /tmp/cc3GD86t.s:296    .text:000000ac $d
     /tmp/cc3GD86t.s:300    .text:000000b0 $t
     /tmp/cc3GD86t.s:306    .text:000000b0 RCC_PLLCmd
     /tmp/cc3GD86t.s:326    .text:000000b8 $d
     /tmp/cc3GD86t.s:330    .text:000000bc $t
     /tmp/cc3GD86t.s:336    .text:000000bc RCC_PREDIV1Config
     /tmp/cc3GD86t.s:376    .text:000000d0 $d
     /tmp/cc3GD86t.s:380    .text:000000d4 $t
     /tmp/cc3GD86t.s:386    .text:000000d4 RCC_SYSCLKConfig
     /tmp/cc3GD86t.s:422    .text:000000e4 $d
     /tmp/cc3GD86t.s:426    .text:000000e8 $t
     /tmp/cc3GD86t.s:432    .text:000000e8 RCC_GetSYSCLKSource
     /tmp/cc3GD86t.s:451    .text:000000f4 $d
     /tmp/cc3GD86t.s:455    .text:000000f8 $t
     /tmp/cc3GD86t.s:461    .text:000000f8 RCC_HCLKConfig
     /tmp/cc3GD86t.s:497    .text:00000108 $d
     /tmp/cc3GD86t.s:501    .text:0000010c $t
     /tmp/cc3GD86t.s:507    .text:0000010c RCC_PCLK1Config
     /tmp/cc3GD86t.s:543    .text:0000011c $d
     /tmp/cc3GD86t.s:547    .text:00000120 $t
     /tmp/cc3GD86t.s:553    .text:00000120 RCC_PCLK2Config
     /tmp/cc3GD86t.s:589    .text:00000130 $d
     /tmp/cc3GD86t.s:593    .text:00000134 $t
     /tmp/cc3GD86t.s:599    .text:00000134 RCC_ITConfig
     /tmp/cc3GD86t.s:637    .text:00000148 $d
     /tmp/cc3GD86t.s:641    .text:0000014c $t
     /tmp/cc3GD86t.s:647    .text:0000014c RCC_USBCLKConfig
     /tmp/cc3GD86t.s:667    .text:00000154 $d
     /tmp/cc3GD86t.s:671    .text:00000158 $t
     /tmp/cc3GD86t.s:677    .text:00000158 RCC_ADCCLKConfig
     /tmp/cc3GD86t.s:713    .text:00000168 $d
     /tmp/cc3GD86t.s:717    .text:0000016c $t
     /tmp/cc3GD86t.s:723    .text:0000016c RCC_LSEConfig
     /tmp/cc3GD86t.s:772    .text:00000190 $d
     /tmp/cc3GD86t.s:776    .text:00000194 $t
     /tmp/cc3GD86t.s:782    .text:00000194 RCC_LSICmd
     /tmp/cc3GD86t.s:802    .text:0000019c $d
     /tmp/cc3GD86t.s:806    .text:000001a0 $t
     /tmp/cc3GD86t.s:812    .text:000001a0 RCC_RTCCLKConfig
     /tmp/cc3GD86t.s:836    .text:000001ac $d
     /tmp/cc3GD86t.s:840    .text:000001b0 $t
ARM GAS  /tmp/cc3GD86t.s 			page 115


     /tmp/cc3GD86t.s:846    .text:000001b0 RCC_RTCCLKCmd
     /tmp/cc3GD86t.s:866    .text:000001b8 $d
     /tmp/cc3GD86t.s:870    .text:000001bc $t
     /tmp/cc3GD86t.s:876    .text:000001bc RCC_GetClocksFreq
     /tmp/cc3GD86t.s:1071   .text:0000022c $d
     /tmp/cc3GD86t.s:1078   .text:0000023c $t
     /tmp/cc3GD86t.s:1084   .text:0000023c RCC_AHBPeriphClockCmd
     /tmp/cc3GD86t.s:1122   .text:00000250 $d
     /tmp/cc3GD86t.s:1126   .text:00000254 $t
     /tmp/cc3GD86t.s:1132   .text:00000254 RCC_APB2PeriphClockCmd
     /tmp/cc3GD86t.s:1170   .text:00000268 $d
     /tmp/cc3GD86t.s:1174   .text:0000026c $t
     /tmp/cc3GD86t.s:1180   .text:0000026c RCC_APB1PeriphClockCmd
     /tmp/cc3GD86t.s:1218   .text:00000280 $d
     /tmp/cc3GD86t.s:1222   .text:00000284 $t
     /tmp/cc3GD86t.s:1228   .text:00000284 RCC_APB2PeriphResetCmd
     /tmp/cc3GD86t.s:1266   .text:00000298 $d
     /tmp/cc3GD86t.s:1270   .text:0000029c $t
     /tmp/cc3GD86t.s:1276   .text:0000029c RCC_APB1PeriphResetCmd
     /tmp/cc3GD86t.s:1314   .text:000002b0 $d
     /tmp/cc3GD86t.s:1318   .text:000002b4 $t
     /tmp/cc3GD86t.s:1324   .text:000002b4 RCC_BackupResetCmd
     /tmp/cc3GD86t.s:1344   .text:000002bc $d
     /tmp/cc3GD86t.s:1348   .text:000002c0 $t
     /tmp/cc3GD86t.s:1354   .text:000002c0 RCC_ClockSecuritySystemCmd
     /tmp/cc3GD86t.s:1374   .text:000002c8 $d
     /tmp/cc3GD86t.s:1378   .text:000002cc $t
     /tmp/cc3GD86t.s:1384   .text:000002cc RCC_MCOConfig
     /tmp/cc3GD86t.s:1404   .text:000002d4 $d
     /tmp/cc3GD86t.s:1408   .text:000002d8 $t
     /tmp/cc3GD86t.s:1414   .text:000002d8 RCC_GetFlagStatus
     /tmp/cc3GD86t.s:1480   .text:000002fc $d
     /tmp/cc3GD86t.s:1484   .text:00000300 $t
     /tmp/cc3GD86t.s:1490   .text:00000300 RCC_WaitForHSEStartUp
     /tmp/cc3GD86t.s:1567   .text:0000032a RCC_ClearFlag
     /tmp/cc3GD86t.s:1589   .text:00000338 $d
     /tmp/cc3GD86t.s:1593   .text:0000033c $t
     /tmp/cc3GD86t.s:1599   .text:0000033c RCC_GetITStatus
     /tmp/cc3GD86t.s:1630   .text:0000034c $d
     /tmp/cc3GD86t.s:1634   .text:00000350 $t
     /tmp/cc3GD86t.s:1640   .text:00000350 RCC_ClearITPendingBit
     /tmp/cc3GD86t.s:1660   .text:00000358 $d
     /tmp/cc3GD86t.s:1668   .rodata:00000000 APBAHBPrescTable
     /tmp/cc3GD86t.s:1673   .rodata:00000010 ADCPrescTable

NO UNDEFINED SYMBOLS
