ARM GAS  /tmp/ccuVcYKc.s 			page 1


   1              		.cpu cortex-m3
   2              		.arch armv7-m
   3              		.fpu softvfp
   4              		.eabi_attribute 20, 1	@ Tag_ABI_FP_denormal
   5              		.eabi_attribute 21, 1	@ Tag_ABI_FP_exceptions
   6              		.eabi_attribute 23, 3	@ Tag_ABI_FP_number_model
   7              		.eabi_attribute 24, 1	@ Tag_ABI_align8_needed
   8              		.eabi_attribute 25, 1	@ Tag_ABI_align8_preserved
   9              		.eabi_attribute 26, 1	@ Tag_ABI_enum_size
  10              		.eabi_attribute 30, 4	@ Tag_ABI_optimization_goals
  11              		.eabi_attribute 34, 1	@ Tag_CPU_unaligned_access
  12              		.eabi_attribute 18, 4	@ Tag_ABI_PCS_wchar_t
  13              		.file	"stm32f10x_exti.c"
  14              	@ GNU C23 (Arch Repository) version 16.2.0 (arm-none-eabi)
  15              	@	compiled by GNU C version 16.2.1 20260810, GMP version 6.3.0, MPFR version 4.2.2, MPC version 1.4
  16              	
  17              	@ GGC heuristics: --param ggc-min-expand=100 --param ggc-min-heapsize=131072
  18              	@ options passed: -mcpu=cortex-m3 -mthumb -mfloat-abi=soft -march=armv7-m -g -gdwarf-2 -Os -fomit-f
  19              		.text
  20              	.Ltext0:
  21              		.cfi_sections	.debug_frame
  22              		.file 1 "stm32f10x_lib/STM32F10x_StdPeriph_Driver/src/stm32f10x_exti.c"
  23              		.align	1
  24              		.global	EXTI_DeInit
  25              		.syntax unified
  26              		.thumb
  27              		.thumb_func
  28              		.type	EXTI_DeInit, %function
  29              	EXTI_DeInit:
  30              	.LFB29:
   1:stm32f10x_lib/STM32F10x_StdPeriph_Driver/src/stm32f10x_exti.c **** /**
   2:stm32f10x_lib/STM32F10x_StdPeriph_Driver/src/stm32f10x_exti.c ****   ******************************************************************************
   3:stm32f10x_lib/STM32F10x_StdPeriph_Driver/src/stm32f10x_exti.c ****   * @file    stm32f10x_exti.c
   4:stm32f10x_lib/STM32F10x_StdPeriph_Driver/src/stm32f10x_exti.c ****   * @author  MCD Application Team
   5:stm32f10x_lib/STM32F10x_StdPeriph_Driver/src/stm32f10x_exti.c ****   * @version V3.5.0
   6:stm32f10x_lib/STM32F10x_StdPeriph_Driver/src/stm32f10x_exti.c ****   * @date    11-March-2011
   7:stm32f10x_lib/STM32F10x_StdPeriph_Driver/src/stm32f10x_exti.c ****   * @brief   This file provides all the EXTI firmware functions.
   8:stm32f10x_lib/STM32F10x_StdPeriph_Driver/src/stm32f10x_exti.c ****   ******************************************************************************
   9:stm32f10x_lib/STM32F10x_StdPeriph_Driver/src/stm32f10x_exti.c ****   * @attention
  10:stm32f10x_lib/STM32F10x_StdPeriph_Driver/src/stm32f10x_exti.c ****   *
  11:stm32f10x_lib/STM32F10x_StdPeriph_Driver/src/stm32f10x_exti.c ****   * THE PRESENT FIRMWARE WHICH IS FOR GUIDANCE ONLY AIMS AT PROVIDING CUSTOMERS
  12:stm32f10x_lib/STM32F10x_StdPeriph_Driver/src/stm32f10x_exti.c ****   * WITH CODING INFORMATION REGARDING THEIR PRODUCTS IN ORDER FOR THEM TO SAVE
  13:stm32f10x_lib/STM32F10x_StdPeriph_Driver/src/stm32f10x_exti.c ****   * TIME. AS A RESULT, STMICROELECTRONICS SHALL NOT BE HELD LIABLE FOR ANY
  14:stm32f10x_lib/STM32F10x_StdPeriph_Driver/src/stm32f10x_exti.c ****   * DIRECT, INDIRECT OR CONSEQUENTIAL DAMAGES WITH RESPECT TO ANY CLAIMS ARISING
  15:stm32f10x_lib/STM32F10x_StdPeriph_Driver/src/stm32f10x_exti.c ****   * FROM THE CONTENT OF SUCH FIRMWARE AND/OR THE USE MADE BY CUSTOMERS OF THE
  16:stm32f10x_lib/STM32F10x_StdPeriph_Driver/src/stm32f10x_exti.c ****   * CODING INFORMATION CONTAINED HEREIN IN CONNECTION WITH THEIR PRODUCTS.
  17:stm32f10x_lib/STM32F10x_StdPeriph_Driver/src/stm32f10x_exti.c ****   *
  18:stm32f10x_lib/STM32F10x_StdPeriph_Driver/src/stm32f10x_exti.c ****   * <h2><center>&copy; COPYRIGHT 2011 STMicroelectronics</center></h2>
  19:stm32f10x_lib/STM32F10x_StdPeriph_Driver/src/stm32f10x_exti.c ****   ******************************************************************************
  20:stm32f10x_lib/STM32F10x_StdPeriph_Driver/src/stm32f10x_exti.c ****   */
  21:stm32f10x_lib/STM32F10x_StdPeriph_Driver/src/stm32f10x_exti.c **** 
  22:stm32f10x_lib/STM32F10x_StdPeriph_Driver/src/stm32f10x_exti.c **** /* Includes ------------------------------------------------------------------*/
  23:stm32f10x_lib/STM32F10x_StdPeriph_Driver/src/stm32f10x_exti.c **** #include "stm32f10x_exti.h"
  24:stm32f10x_lib/STM32F10x_StdPeriph_Driver/src/stm32f10x_exti.c **** 
  25:stm32f10x_lib/STM32F10x_StdPeriph_Driver/src/stm32f10x_exti.c **** /** @addtogroup STM32F10x_StdPeriph_Driver
  26:stm32f10x_lib/STM32F10x_StdPeriph_Driver/src/stm32f10x_exti.c ****   * @{
  27:stm32f10x_lib/STM32F10x_StdPeriph_Driver/src/stm32f10x_exti.c ****   */
ARM GAS  /tmp/ccuVcYKc.s 			page 2


  28:stm32f10x_lib/STM32F10x_StdPeriph_Driver/src/stm32f10x_exti.c **** 
  29:stm32f10x_lib/STM32F10x_StdPeriph_Driver/src/stm32f10x_exti.c **** /** @defgroup EXTI 
  30:stm32f10x_lib/STM32F10x_StdPeriph_Driver/src/stm32f10x_exti.c ****   * @brief EXTI driver modules
  31:stm32f10x_lib/STM32F10x_StdPeriph_Driver/src/stm32f10x_exti.c ****   * @{
  32:stm32f10x_lib/STM32F10x_StdPeriph_Driver/src/stm32f10x_exti.c ****   */
  33:stm32f10x_lib/STM32F10x_StdPeriph_Driver/src/stm32f10x_exti.c **** 
  34:stm32f10x_lib/STM32F10x_StdPeriph_Driver/src/stm32f10x_exti.c **** /** @defgroup EXTI_Private_TypesDefinitions
  35:stm32f10x_lib/STM32F10x_StdPeriph_Driver/src/stm32f10x_exti.c ****   * @{
  36:stm32f10x_lib/STM32F10x_StdPeriph_Driver/src/stm32f10x_exti.c ****   */
  37:stm32f10x_lib/STM32F10x_StdPeriph_Driver/src/stm32f10x_exti.c **** 
  38:stm32f10x_lib/STM32F10x_StdPeriph_Driver/src/stm32f10x_exti.c **** /**
  39:stm32f10x_lib/STM32F10x_StdPeriph_Driver/src/stm32f10x_exti.c ****   * @}
  40:stm32f10x_lib/STM32F10x_StdPeriph_Driver/src/stm32f10x_exti.c ****   */
  41:stm32f10x_lib/STM32F10x_StdPeriph_Driver/src/stm32f10x_exti.c **** 
  42:stm32f10x_lib/STM32F10x_StdPeriph_Driver/src/stm32f10x_exti.c **** /** @defgroup EXTI_Private_Defines
  43:stm32f10x_lib/STM32F10x_StdPeriph_Driver/src/stm32f10x_exti.c ****   * @{
  44:stm32f10x_lib/STM32F10x_StdPeriph_Driver/src/stm32f10x_exti.c ****   */
  45:stm32f10x_lib/STM32F10x_StdPeriph_Driver/src/stm32f10x_exti.c **** 
  46:stm32f10x_lib/STM32F10x_StdPeriph_Driver/src/stm32f10x_exti.c **** #define EXTI_LINENONE    ((uint32_t)0x00000)  /* No interrupt selected */
  47:stm32f10x_lib/STM32F10x_StdPeriph_Driver/src/stm32f10x_exti.c **** 
  48:stm32f10x_lib/STM32F10x_StdPeriph_Driver/src/stm32f10x_exti.c **** /**
  49:stm32f10x_lib/STM32F10x_StdPeriph_Driver/src/stm32f10x_exti.c ****   * @}
  50:stm32f10x_lib/STM32F10x_StdPeriph_Driver/src/stm32f10x_exti.c ****   */
  51:stm32f10x_lib/STM32F10x_StdPeriph_Driver/src/stm32f10x_exti.c **** 
  52:stm32f10x_lib/STM32F10x_StdPeriph_Driver/src/stm32f10x_exti.c **** /** @defgroup EXTI_Private_Macros
  53:stm32f10x_lib/STM32F10x_StdPeriph_Driver/src/stm32f10x_exti.c ****   * @{
  54:stm32f10x_lib/STM32F10x_StdPeriph_Driver/src/stm32f10x_exti.c ****   */
  55:stm32f10x_lib/STM32F10x_StdPeriph_Driver/src/stm32f10x_exti.c **** 
  56:stm32f10x_lib/STM32F10x_StdPeriph_Driver/src/stm32f10x_exti.c **** /**
  57:stm32f10x_lib/STM32F10x_StdPeriph_Driver/src/stm32f10x_exti.c ****   * @}
  58:stm32f10x_lib/STM32F10x_StdPeriph_Driver/src/stm32f10x_exti.c ****   */
  59:stm32f10x_lib/STM32F10x_StdPeriph_Driver/src/stm32f10x_exti.c **** 
  60:stm32f10x_lib/STM32F10x_StdPeriph_Driver/src/stm32f10x_exti.c **** /** @defgroup EXTI_Private_Variables
  61:stm32f10x_lib/STM32F10x_StdPeriph_Driver/src/stm32f10x_exti.c ****   * @{
  62:stm32f10x_lib/STM32F10x_StdPeriph_Driver/src/stm32f10x_exti.c ****   */
  63:stm32f10x_lib/STM32F10x_StdPeriph_Driver/src/stm32f10x_exti.c **** 
  64:stm32f10x_lib/STM32F10x_StdPeriph_Driver/src/stm32f10x_exti.c **** /**
  65:stm32f10x_lib/STM32F10x_StdPeriph_Driver/src/stm32f10x_exti.c ****   * @}
  66:stm32f10x_lib/STM32F10x_StdPeriph_Driver/src/stm32f10x_exti.c ****   */
  67:stm32f10x_lib/STM32F10x_StdPeriph_Driver/src/stm32f10x_exti.c **** 
  68:stm32f10x_lib/STM32F10x_StdPeriph_Driver/src/stm32f10x_exti.c **** /** @defgroup EXTI_Private_FunctionPrototypes
  69:stm32f10x_lib/STM32F10x_StdPeriph_Driver/src/stm32f10x_exti.c ****   * @{
  70:stm32f10x_lib/STM32F10x_StdPeriph_Driver/src/stm32f10x_exti.c ****   */
  71:stm32f10x_lib/STM32F10x_StdPeriph_Driver/src/stm32f10x_exti.c **** 
  72:stm32f10x_lib/STM32F10x_StdPeriph_Driver/src/stm32f10x_exti.c **** /**
  73:stm32f10x_lib/STM32F10x_StdPeriph_Driver/src/stm32f10x_exti.c ****   * @}
  74:stm32f10x_lib/STM32F10x_StdPeriph_Driver/src/stm32f10x_exti.c ****   */
  75:stm32f10x_lib/STM32F10x_StdPeriph_Driver/src/stm32f10x_exti.c **** 
  76:stm32f10x_lib/STM32F10x_StdPeriph_Driver/src/stm32f10x_exti.c **** /** @defgroup EXTI_Private_Functions
  77:stm32f10x_lib/STM32F10x_StdPeriph_Driver/src/stm32f10x_exti.c ****   * @{
  78:stm32f10x_lib/STM32F10x_StdPeriph_Driver/src/stm32f10x_exti.c ****   */
  79:stm32f10x_lib/STM32F10x_StdPeriph_Driver/src/stm32f10x_exti.c **** 
  80:stm32f10x_lib/STM32F10x_StdPeriph_Driver/src/stm32f10x_exti.c **** /**
  81:stm32f10x_lib/STM32F10x_StdPeriph_Driver/src/stm32f10x_exti.c ****   * @brief  Deinitializes the EXTI peripheral registers to their default reset values.
  82:stm32f10x_lib/STM32F10x_StdPeriph_Driver/src/stm32f10x_exti.c ****   * @param  None
  83:stm32f10x_lib/STM32F10x_StdPeriph_Driver/src/stm32f10x_exti.c ****   * @retval None
  84:stm32f10x_lib/STM32F10x_StdPeriph_Driver/src/stm32f10x_exti.c ****   */
ARM GAS  /tmp/ccuVcYKc.s 			page 3


  85:stm32f10x_lib/STM32F10x_StdPeriph_Driver/src/stm32f10x_exti.c **** void EXTI_DeInit(void)
  86:stm32f10x_lib/STM32F10x_StdPeriph_Driver/src/stm32f10x_exti.c **** {
  31              		.loc 1 86 1 view -0
  32              		.cfi_startproc
  33              		@ args = 0, pretend = 0, frame = 0
  34              		@ frame_needed = 0, uses_anonymous_args = 0
  35              		@ link register save eliminated.
  87:stm32f10x_lib/STM32F10x_StdPeriph_Driver/src/stm32f10x_exti.c ****   EXTI->IMR = 0x00000000;
  36              		.loc 1 87 3 view .LVU1
  37              	@ stm32f10x_lib/STM32F10x_StdPeriph_Driver/src/stm32f10x_exti.c:87:   EXTI->IMR = 0x00000000;
  38              		.loc 1 87 13 is_stmt 0 view .LVU2
  39 0000 0022     		movs	r2, #0	@ tmp95,
  40 0002 044B     		ldr	r3, .L2	@ tmp94,
  41 0004 1A60     		str	r2, [r3]	@ tmp95, MEM[(struct EXTI_TypeDef *)1073808384B].IMR
  88:stm32f10x_lib/STM32F10x_StdPeriph_Driver/src/stm32f10x_exti.c ****   EXTI->EMR = 0x00000000;
  42              		.loc 1 88 3 is_stmt 1 view .LVU3
  43              	@ stm32f10x_lib/STM32F10x_StdPeriph_Driver/src/stm32f10x_exti.c:88:   EXTI->EMR = 0x00000000;
  44              		.loc 1 88 13 is_stmt 0 view .LVU4
  45 0006 5A60     		str	r2, [r3, #4]	@ tmp95, MEM[(struct EXTI_TypeDef *)1073808384B].EMR
  89:stm32f10x_lib/STM32F10x_StdPeriph_Driver/src/stm32f10x_exti.c ****   EXTI->RTSR = 0x00000000; 
  46              		.loc 1 89 3 is_stmt 1 view .LVU5
  47              	@ stm32f10x_lib/STM32F10x_StdPeriph_Driver/src/stm32f10x_exti.c:89:   EXTI->RTSR = 0x00000000; 
  48              		.loc 1 89 14 is_stmt 0 view .LVU6
  49 0008 9A60     		str	r2, [r3, #8]	@ tmp95, MEM[(struct EXTI_TypeDef *)1073808384B].RTSR
  90:stm32f10x_lib/STM32F10x_StdPeriph_Driver/src/stm32f10x_exti.c ****   EXTI->FTSR = 0x00000000; 
  50              		.loc 1 90 3 is_stmt 1 view .LVU7
  51              	@ stm32f10x_lib/STM32F10x_StdPeriph_Driver/src/stm32f10x_exti.c:90:   EXTI->FTSR = 0x00000000; 
  52              		.loc 1 90 14 is_stmt 0 view .LVU8
  53 000a DA60     		str	r2, [r3, #12]	@ tmp95, MEM[(struct EXTI_TypeDef *)1073808384B].FTSR
  91:stm32f10x_lib/STM32F10x_StdPeriph_Driver/src/stm32f10x_exti.c ****   EXTI->PR = 0x000FFFFF;
  54              		.loc 1 91 3 is_stmt 1 view .LVU9
  55              	@ stm32f10x_lib/STM32F10x_StdPeriph_Driver/src/stm32f10x_exti.c:91:   EXTI->PR = 0x000FFFFF;
  56              		.loc 1 91 12 is_stmt 0 view .LVU10
  57 000c 024A     		ldr	r2, .L2+4	@ tmp103,
  58 000e 5A61     		str	r2, [r3, #20]	@ tmp103, MEM[(struct EXTI_TypeDef *)1073808384B].PR
  59              	@ stm32f10x_lib/STM32F10x_StdPeriph_Driver/src/stm32f10x_exti.c:92: }
  92:stm32f10x_lib/STM32F10x_StdPeriph_Driver/src/stm32f10x_exti.c **** }
  60              		.loc 1 92 1 view .LVU11
  61 0010 7047     		bx	lr	@
  62              	.L3:
  63 0012 00BF     		.align	2
  64              	.L2:
  65 0014 00040140 		.word	1073808384
  66 0018 FFFF0F00 		.word	1048575
  67              		.cfi_endproc
  68              	.LFE29:
  69              		.size	EXTI_DeInit, .-EXTI_DeInit
  70              		.align	1
  71              		.global	EXTI_Init
  72              		.syntax unified
  73              		.thumb
  74              		.thumb_func
  75              		.type	EXTI_Init, %function
  76              	EXTI_Init:
  77              	.LVL0:
  78              	.LFB30:
  93:stm32f10x_lib/STM32F10x_StdPeriph_Driver/src/stm32f10x_exti.c **** 
ARM GAS  /tmp/ccuVcYKc.s 			page 4


  94:stm32f10x_lib/STM32F10x_StdPeriph_Driver/src/stm32f10x_exti.c **** /**
  95:stm32f10x_lib/STM32F10x_StdPeriph_Driver/src/stm32f10x_exti.c ****   * @brief  Initializes the EXTI peripheral according to the specified
  96:stm32f10x_lib/STM32F10x_StdPeriph_Driver/src/stm32f10x_exti.c ****   *         parameters in the EXTI_InitStruct.
  97:stm32f10x_lib/STM32F10x_StdPeriph_Driver/src/stm32f10x_exti.c ****   * @param  EXTI_InitStruct: pointer to a EXTI_InitTypeDef structure
  98:stm32f10x_lib/STM32F10x_StdPeriph_Driver/src/stm32f10x_exti.c ****   *         that contains the configuration information for the EXTI peripheral.
  99:stm32f10x_lib/STM32F10x_StdPeriph_Driver/src/stm32f10x_exti.c ****   * @retval None
 100:stm32f10x_lib/STM32F10x_StdPeriph_Driver/src/stm32f10x_exti.c ****   */
 101:stm32f10x_lib/STM32F10x_StdPeriph_Driver/src/stm32f10x_exti.c **** void EXTI_Init(EXTI_InitTypeDef* EXTI_InitStruct)
 102:stm32f10x_lib/STM32F10x_StdPeriph_Driver/src/stm32f10x_exti.c **** {
  79              		.loc 1 102 1 is_stmt 1 view -0
  80              		.cfi_startproc
  81              		@ args = 0, pretend = 0, frame = 0
  82              		@ frame_needed = 0, uses_anonymous_args = 0
 103:stm32f10x_lib/STM32F10x_StdPeriph_Driver/src/stm32f10x_exti.c ****   uint32_t tmp = 0;
  83              		.loc 1 103 3 view .LVU13
 104:stm32f10x_lib/STM32F10x_StdPeriph_Driver/src/stm32f10x_exti.c **** 
 105:stm32f10x_lib/STM32F10x_StdPeriph_Driver/src/stm32f10x_exti.c ****   /* Check the parameters */
 106:stm32f10x_lib/STM32F10x_StdPeriph_Driver/src/stm32f10x_exti.c ****   assert_param(IS_EXTI_MODE(EXTI_InitStruct->EXTI_Mode));
  84              		.loc 1 106 3 view .LVU14
 107:stm32f10x_lib/STM32F10x_StdPeriph_Driver/src/stm32f10x_exti.c ****   assert_param(IS_EXTI_TRIGGER(EXTI_InitStruct->EXTI_Trigger));
  85              		.loc 1 107 3 view .LVU15
 108:stm32f10x_lib/STM32F10x_StdPeriph_Driver/src/stm32f10x_exti.c ****   assert_param(IS_EXTI_LINE(EXTI_InitStruct->EXTI_Line));  
  86              		.loc 1 108 3 view .LVU16
 109:stm32f10x_lib/STM32F10x_StdPeriph_Driver/src/stm32f10x_exti.c ****   assert_param(IS_FUNCTIONAL_STATE(EXTI_InitStruct->EXTI_LineCmd));
  87              		.loc 1 109 3 view .LVU17
 110:stm32f10x_lib/STM32F10x_StdPeriph_Driver/src/stm32f10x_exti.c **** 
 111:stm32f10x_lib/STM32F10x_StdPeriph_Driver/src/stm32f10x_exti.c ****   tmp = (uint32_t)EXTI_BASE;
  88              		.loc 1 111 3 view .LVU18
 112:stm32f10x_lib/STM32F10x_StdPeriph_Driver/src/stm32f10x_exti.c ****      
 113:stm32f10x_lib/STM32F10x_StdPeriph_Driver/src/stm32f10x_exti.c ****   if (EXTI_InitStruct->EXTI_LineCmd != DISABLE)
  89              		.loc 1 113 3 view .LVU19
  90              	@ stm32f10x_lib/STM32F10x_StdPeriph_Driver/src/stm32f10x_exti.c:144:     tmp += EXTI_InitStruct->EX
 114:stm32f10x_lib/STM32F10x_StdPeriph_Driver/src/stm32f10x_exti.c ****   {
 115:stm32f10x_lib/STM32F10x_StdPeriph_Driver/src/stm32f10x_exti.c ****     /* Clear EXTI line configuration */
 116:stm32f10x_lib/STM32F10x_StdPeriph_Driver/src/stm32f10x_exti.c ****     EXTI->IMR &= ~EXTI_InitStruct->EXTI_Line;
 117:stm32f10x_lib/STM32F10x_StdPeriph_Driver/src/stm32f10x_exti.c ****     EXTI->EMR &= ~EXTI_InitStruct->EXTI_Line;
 118:stm32f10x_lib/STM32F10x_StdPeriph_Driver/src/stm32f10x_exti.c ****     
 119:stm32f10x_lib/STM32F10x_StdPeriph_Driver/src/stm32f10x_exti.c ****     tmp += EXTI_InitStruct->EXTI_Mode;
 120:stm32f10x_lib/STM32F10x_StdPeriph_Driver/src/stm32f10x_exti.c **** 
 121:stm32f10x_lib/STM32F10x_StdPeriph_Driver/src/stm32f10x_exti.c ****     *(__IO uint32_t *) tmp |= EXTI_InitStruct->EXTI_Line;
 122:stm32f10x_lib/STM32F10x_StdPeriph_Driver/src/stm32f10x_exti.c **** 
 123:stm32f10x_lib/STM32F10x_StdPeriph_Driver/src/stm32f10x_exti.c ****     /* Clear Rising Falling edge configuration */
 124:stm32f10x_lib/STM32F10x_StdPeriph_Driver/src/stm32f10x_exti.c ****     EXTI->RTSR &= ~EXTI_InitStruct->EXTI_Line;
 125:stm32f10x_lib/STM32F10x_StdPeriph_Driver/src/stm32f10x_exti.c ****     EXTI->FTSR &= ~EXTI_InitStruct->EXTI_Line;
 126:stm32f10x_lib/STM32F10x_StdPeriph_Driver/src/stm32f10x_exti.c ****     
 127:stm32f10x_lib/STM32F10x_StdPeriph_Driver/src/stm32f10x_exti.c ****     /* Select the trigger for the selected external interrupts */
 128:stm32f10x_lib/STM32F10x_StdPeriph_Driver/src/stm32f10x_exti.c ****     if (EXTI_InitStruct->EXTI_Trigger == EXTI_Trigger_Rising_Falling)
 129:stm32f10x_lib/STM32F10x_StdPeriph_Driver/src/stm32f10x_exti.c ****     {
 130:stm32f10x_lib/STM32F10x_StdPeriph_Driver/src/stm32f10x_exti.c ****       /* Rising Falling edge */
 131:stm32f10x_lib/STM32F10x_StdPeriph_Driver/src/stm32f10x_exti.c ****       EXTI->RTSR |= EXTI_InitStruct->EXTI_Line;
 132:stm32f10x_lib/STM32F10x_StdPeriph_Driver/src/stm32f10x_exti.c ****       EXTI->FTSR |= EXTI_InitStruct->EXTI_Line;
 133:stm32f10x_lib/STM32F10x_StdPeriph_Driver/src/stm32f10x_exti.c ****     }
 134:stm32f10x_lib/STM32F10x_StdPeriph_Driver/src/stm32f10x_exti.c ****     else
 135:stm32f10x_lib/STM32F10x_StdPeriph_Driver/src/stm32f10x_exti.c ****     {
 136:stm32f10x_lib/STM32F10x_StdPeriph_Driver/src/stm32f10x_exti.c ****       tmp = (uint32_t)EXTI_BASE;
 137:stm32f10x_lib/STM32F10x_StdPeriph_Driver/src/stm32f10x_exti.c ****       tmp += EXTI_InitStruct->EXTI_Trigger;
 138:stm32f10x_lib/STM32F10x_StdPeriph_Driver/src/stm32f10x_exti.c **** 
ARM GAS  /tmp/ccuVcYKc.s 			page 5


 139:stm32f10x_lib/STM32F10x_StdPeriph_Driver/src/stm32f10x_exti.c ****       *(__IO uint32_t *) tmp |= EXTI_InitStruct->EXTI_Line;
 140:stm32f10x_lib/STM32F10x_StdPeriph_Driver/src/stm32f10x_exti.c ****     }
 141:stm32f10x_lib/STM32F10x_StdPeriph_Driver/src/stm32f10x_exti.c ****   }
 142:stm32f10x_lib/STM32F10x_StdPeriph_Driver/src/stm32f10x_exti.c ****   else
 143:stm32f10x_lib/STM32F10x_StdPeriph_Driver/src/stm32f10x_exti.c ****   {
 144:stm32f10x_lib/STM32F10x_StdPeriph_Driver/src/stm32f10x_exti.c ****     tmp += EXTI_InitStruct->EXTI_Mode;
  91              		.loc 1 144 27 is_stmt 0 view .LVU20
  92 001c 0279     		ldrb	r2, [r0, #4]	@ zero_extendqisi2	@ _51, EXTI_InitStruct_37(D)->EXTI_Mode
  93              	@ stm32f10x_lib/STM32F10x_StdPeriph_Driver/src/stm32f10x_exti.c:113:   if (EXTI_InitStruct->EXTI_Li
 113:stm32f10x_lib/STM32F10x_StdPeriph_Driver/src/stm32f10x_exti.c ****   {
  94              		.loc 1 113 6 view .LVU21
  95 001e 8379     		ldrb	r3, [r0, #6]	@ zero_extendqisi2	@ EXTI_InitStruct_37(D)->EXTI_LineCmd, EXTI_InitStruct_37(D)-
  96              	@ stm32f10x_lib/STM32F10x_StdPeriph_Driver/src/stm32f10x_exti.c:144:     tmp += EXTI_InitStruct->EX
  97              		.loc 1 144 9 view .LVU22
  98 0020 02F18042 		add	r2, r2, #1073741824	@ _53, _51,
  99              	@ stm32f10x_lib/STM32F10x_StdPeriph_Driver/src/stm32f10x_exti.c:102: {
 102:stm32f10x_lib/STM32F10x_StdPeriph_Driver/src/stm32f10x_exti.c ****   uint32_t tmp = 0;
 100              		.loc 1 102 1 view .LVU23
 101 0024 10B5     		push	{r4, lr}	@
 102              	.LCFI0:
 103              		.cfi_def_cfa_offset 8
 104              		.cfi_offset 4, -8
 105              		.cfi_offset 14, -4
 106              	@ stm32f10x_lib/STM32F10x_StdPeriph_Driver/src/stm32f10x_exti.c:116:     EXTI->IMR &= ~EXTI_InitStr
 116:stm32f10x_lib/STM32F10x_StdPeriph_Driver/src/stm32f10x_exti.c ****     EXTI->EMR &= ~EXTI_InitStruct->EXTI_Line;
 107              		.loc 1 116 34 view .LVU24
 108 0026 0168     		ldr	r1, [r0]	@ pretmp_54, EXTI_InitStruct_37(D)->EXTI_Line
 109              	@ stm32f10x_lib/STM32F10x_StdPeriph_Driver/src/stm32f10x_exti.c:144:     tmp += EXTI_InitStruct->EX
 110              		.loc 1 144 9 view .LVU25
 111 0028 02F58232 		add	r2, r2, #66560	@ _53, _53,
 112              	@ stm32f10x_lib/STM32F10x_StdPeriph_Driver/src/stm32f10x_exti.c:113:   if (EXTI_InitStruct->EXTI_Li
 113:stm32f10x_lib/STM32F10x_StdPeriph_Driver/src/stm32f10x_exti.c ****   {
 113              		.loc 1 113 6 view .LVU26
 114 002c 33B3     		cbz	r3, .L5	@ EXTI_InitStruct_37(D)->EXTI_LineCmd,
 116:stm32f10x_lib/STM32F10x_StdPeriph_Driver/src/stm32f10x_exti.c ****     EXTI->EMR &= ~EXTI_InitStruct->EXTI_Line;
 115              		.loc 1 116 5 is_stmt 1 view .LVU27
 116              	@ stm32f10x_lib/STM32F10x_StdPeriph_Driver/src/stm32f10x_exti.c:116:     EXTI->IMR &= ~EXTI_InitStr
 116:stm32f10x_lib/STM32F10x_StdPeriph_Driver/src/stm32f10x_exti.c ****     EXTI->EMR &= ~EXTI_InitStruct->EXTI_Line;
 117              		.loc 1 116 9 is_stmt 0 view .LVU28
 118 002e 164B     		ldr	r3, .L8	@ tmp129,
 119 0030 1C68     		ldr	r4, [r3]	@ _2, MEM[(struct EXTI_TypeDef *)1073808384B].IMR
 120              	@ stm32f10x_lib/STM32F10x_StdPeriph_Driver/src/stm32f10x_exti.c:116:     EXTI->IMR &= ~EXTI_InitStr
 116:stm32f10x_lib/STM32F10x_StdPeriph_Driver/src/stm32f10x_exti.c ****     EXTI->EMR &= ~EXTI_InitStruct->EXTI_Line;
 121              		.loc 1 116 15 view .LVU29
 122 0032 24EA0104 		bic	r4, r4, r1	@ _5, _2, pretmp_54
 123 0036 1C60     		str	r4, [r3]	@ _5, MEM[(struct EXTI_TypeDef *)1073808384B].IMR
 117:stm32f10x_lib/STM32F10x_StdPeriph_Driver/src/stm32f10x_exti.c ****     
 124              		.loc 1 117 5 is_stmt 1 view .LVU30
 125              	@ stm32f10x_lib/STM32F10x_StdPeriph_Driver/src/stm32f10x_exti.c:117:     EXTI->EMR &= ~EXTI_InitStr
 117:stm32f10x_lib/STM32F10x_StdPeriph_Driver/src/stm32f10x_exti.c ****     
 126              		.loc 1 117 9 is_stmt 0 view .LVU31
 127 0038 5C68     		ldr	r4, [r3, #4]	@ _6, MEM[(struct EXTI_TypeDef *)1073808384B].EMR
 128              	@ stm32f10x_lib/STM32F10x_StdPeriph_Driver/src/stm32f10x_exti.c:117:     EXTI->EMR &= ~EXTI_InitStr
 117:stm32f10x_lib/STM32F10x_StdPeriph_Driver/src/stm32f10x_exti.c ****     
 129              		.loc 1 117 15 view .LVU32
 130 003a 24EA0104 		bic	r4, r4, r1	@ _7, _6, pretmp_54
 131 003e 5C60     		str	r4, [r3, #4]	@ _7, MEM[(struct EXTI_TypeDef *)1073808384B].EMR
ARM GAS  /tmp/ccuVcYKc.s 			page 6


 119:stm32f10x_lib/STM32F10x_StdPeriph_Driver/src/stm32f10x_exti.c **** 
 132              		.loc 1 119 5 is_stmt 1 view .LVU33
 133              	.LVL1:
 121:stm32f10x_lib/STM32F10x_StdPeriph_Driver/src/stm32f10x_exti.c **** 
 134              		.loc 1 121 5 view .LVU34
 135 0040 1468     		ldr	r4, [r2]	@ _11, *_53
 136              	@ stm32f10x_lib/STM32F10x_StdPeriph_Driver/src/stm32f10x_exti.c:121:     *(__IO uint32_t *) tmp |= 
 121:stm32f10x_lib/STM32F10x_StdPeriph_Driver/src/stm32f10x_exti.c **** 
 137              		.loc 1 121 28 is_stmt 0 view .LVU35
 138 0042 2143     		orrs	r1, r1, r4	@, _12, pretmp_54, _11
 139 0044 1160     		str	r1, [r2]	@ _12, *_53
 140              	.LVL2:
 124:stm32f10x_lib/STM32F10x_StdPeriph_Driver/src/stm32f10x_exti.c ****     EXTI->FTSR &= ~EXTI_InitStruct->EXTI_Line;
 141              		.loc 1 124 5 is_stmt 1 view .LVU36
 142              	@ stm32f10x_lib/STM32F10x_StdPeriph_Driver/src/stm32f10x_exti.c:124:     EXTI->RTSR &= ~EXTI_InitSt
 124:stm32f10x_lib/STM32F10x_StdPeriph_Driver/src/stm32f10x_exti.c ****     EXTI->FTSR &= ~EXTI_InitStruct->EXTI_Line;
 143              		.loc 1 124 9 is_stmt 0 view .LVU37
 144 0046 9968     		ldr	r1, [r3, #8]	@ _13, MEM[(struct EXTI_TypeDef *)1073808384B].RTSR
 145              	@ stm32f10x_lib/STM32F10x_StdPeriph_Driver/src/stm32f10x_exti.c:124:     EXTI->RTSR &= ~EXTI_InitSt
 124:stm32f10x_lib/STM32F10x_StdPeriph_Driver/src/stm32f10x_exti.c ****     EXTI->FTSR &= ~EXTI_InitStruct->EXTI_Line;
 146              		.loc 1 124 35 view .LVU38
 147 0048 0268     		ldr	r2, [r0]	@ _14, EXTI_InitStruct_37(D)->EXTI_Line
 148              	@ stm32f10x_lib/STM32F10x_StdPeriph_Driver/src/stm32f10x_exti.c:124:     EXTI->RTSR &= ~EXTI_InitSt
 124:stm32f10x_lib/STM32F10x_StdPeriph_Driver/src/stm32f10x_exti.c ****     EXTI->FTSR &= ~EXTI_InitStruct->EXTI_Line;
 149              		.loc 1 124 16 view .LVU39
 150 004a 21EA0201 		bic	r1, r1, r2	@ _16, _13, _14
 151 004e 9960     		str	r1, [r3, #8]	@ _16, MEM[(struct EXTI_TypeDef *)1073808384B].RTSR
 125:stm32f10x_lib/STM32F10x_StdPeriph_Driver/src/stm32f10x_exti.c ****     
 152              		.loc 1 125 5 is_stmt 1 view .LVU40
 153              	@ stm32f10x_lib/STM32F10x_StdPeriph_Driver/src/stm32f10x_exti.c:125:     EXTI->FTSR &= ~EXTI_InitSt
 125:stm32f10x_lib/STM32F10x_StdPeriph_Driver/src/stm32f10x_exti.c ****     
 154              		.loc 1 125 9 is_stmt 0 view .LVU41
 155 0050 D968     		ldr	r1, [r3, #12]	@ _17, MEM[(struct EXTI_TypeDef *)1073808384B].FTSR
 156              	@ stm32f10x_lib/STM32F10x_StdPeriph_Driver/src/stm32f10x_exti.c:125:     EXTI->FTSR &= ~EXTI_InitSt
 125:stm32f10x_lib/STM32F10x_StdPeriph_Driver/src/stm32f10x_exti.c ****     
 157              		.loc 1 125 16 view .LVU42
 158 0052 21EA0201 		bic	r1, r1, r2	@ _18, _17, _14
 159 0056 D960     		str	r1, [r3, #12]	@ _18, MEM[(struct EXTI_TypeDef *)1073808384B].FTSR
 128:stm32f10x_lib/STM32F10x_StdPeriph_Driver/src/stm32f10x_exti.c ****     {
 160              		.loc 1 128 5 is_stmt 1 view .LVU43
 161              	@ stm32f10x_lib/STM32F10x_StdPeriph_Driver/src/stm32f10x_exti.c:128:     if (EXTI_InitStruct->EXTI_
 128:stm32f10x_lib/STM32F10x_StdPeriph_Driver/src/stm32f10x_exti.c ****     {
 162              		.loc 1 128 24 is_stmt 0 view .LVU44
 163 0058 4179     		ldrb	r1, [r0, #5]	@ zero_extendqisi2	@ _19, EXTI_InitStruct_37(D)->EXTI_Trigger
 164              	@ stm32f10x_lib/STM32F10x_StdPeriph_Driver/src/stm32f10x_exti.c:128:     if (EXTI_InitStruct->EXTI_
 128:stm32f10x_lib/STM32F10x_StdPeriph_Driver/src/stm32f10x_exti.c ****     {
 165              		.loc 1 128 8 view .LVU45
 166 005a 1029     		cmp	r1, #16	@ _19,
 167 005c 06D1     		bne	.L6		@,
 131:stm32f10x_lib/STM32F10x_StdPeriph_Driver/src/stm32f10x_exti.c ****       EXTI->FTSR |= EXTI_InitStruct->EXTI_Line;
 168              		.loc 1 131 7 is_stmt 1 view .LVU46
 169              	@ stm32f10x_lib/STM32F10x_StdPeriph_Driver/src/stm32f10x_exti.c:131:       EXTI->RTSR |= EXTI_InitS
 131:stm32f10x_lib/STM32F10x_StdPeriph_Driver/src/stm32f10x_exti.c ****       EXTI->FTSR |= EXTI_InitStruct->EXTI_Line;
 170              		.loc 1 131 11 is_stmt 0 view .LVU47
 171 005e 9968     		ldr	r1, [r3, #8]	@ _20, MEM[(struct EXTI_TypeDef *)1073808384B].RTSR
 172              	@ stm32f10x_lib/STM32F10x_StdPeriph_Driver/src/stm32f10x_exti.c:131:       EXTI->RTSR |= EXTI_InitS
 131:stm32f10x_lib/STM32F10x_StdPeriph_Driver/src/stm32f10x_exti.c ****       EXTI->FTSR |= EXTI_InitStruct->EXTI_Line;
ARM GAS  /tmp/ccuVcYKc.s 			page 7


 173              		.loc 1 131 18 view .LVU48
 174 0060 1143     		orrs	r1, r1, r2	@, _21, _20, _14
 175 0062 9960     		str	r1, [r3, #8]	@ _21, MEM[(struct EXTI_TypeDef *)1073808384B].RTSR
 132:stm32f10x_lib/STM32F10x_StdPeriph_Driver/src/stm32f10x_exti.c ****     }
 176              		.loc 1 132 7 is_stmt 1 view .LVU49
 177              	@ stm32f10x_lib/STM32F10x_StdPeriph_Driver/src/stm32f10x_exti.c:132:       EXTI->FTSR |= EXTI_InitS
 132:stm32f10x_lib/STM32F10x_StdPeriph_Driver/src/stm32f10x_exti.c ****     }
 178              		.loc 1 132 11 is_stmt 0 view .LVU50
 179 0064 D968     		ldr	r1, [r3, #12]	@ _22, MEM[(struct EXTI_TypeDef *)1073808384B].FTSR
 180              	@ stm32f10x_lib/STM32F10x_StdPeriph_Driver/src/stm32f10x_exti.c:132:       EXTI->FTSR |= EXTI_InitS
 132:stm32f10x_lib/STM32F10x_StdPeriph_Driver/src/stm32f10x_exti.c ****     }
 181              		.loc 1 132 18 view .LVU51
 182 0066 0A43     		orrs	r2, r2, r1	@, _23, _14, _22
 183 0068 DA60     		str	r2, [r3, #12]	@ _23, MEM[(struct EXTI_TypeDef *)1073808384B].FTSR
 184              	.LVL3:
 185              	.L4:
 186              	@ stm32f10x_lib/STM32F10x_StdPeriph_Driver/src/stm32f10x_exti.c:149: }
 145:stm32f10x_lib/STM32F10x_StdPeriph_Driver/src/stm32f10x_exti.c **** 
 146:stm32f10x_lib/STM32F10x_StdPeriph_Driver/src/stm32f10x_exti.c ****     /* Disable the selected external lines */
 147:stm32f10x_lib/STM32F10x_StdPeriph_Driver/src/stm32f10x_exti.c ****     *(__IO uint32_t *) tmp &= ~EXTI_InitStruct->EXTI_Line;
 148:stm32f10x_lib/STM32F10x_StdPeriph_Driver/src/stm32f10x_exti.c ****   }
 149:stm32f10x_lib/STM32F10x_StdPeriph_Driver/src/stm32f10x_exti.c **** }
 187              		.loc 1 149 1 view .LVU52
 188 006a 10BD     		pop	{r4, pc}	@
 189              	.LVL4:
 190              	.L6:
 136:stm32f10x_lib/STM32F10x_StdPeriph_Driver/src/stm32f10x_exti.c ****       tmp += EXTI_InitStruct->EXTI_Trigger;
 191              		.loc 1 136 7 is_stmt 1 view .LVU53
 137:stm32f10x_lib/STM32F10x_StdPeriph_Driver/src/stm32f10x_exti.c **** 
 192              		.loc 1 137 7 view .LVU54
 139:stm32f10x_lib/STM32F10x_StdPeriph_Driver/src/stm32f10x_exti.c ****     }
 193              		.loc 1 139 7 view .LVU55
 194              	@ stm32f10x_lib/STM32F10x_StdPeriph_Driver/src/stm32f10x_exti.c:137:       tmp += EXTI_InitStruct->
 137:stm32f10x_lib/STM32F10x_StdPeriph_Driver/src/stm32f10x_exti.c **** 
 195              		.loc 1 137 11 is_stmt 0 view .LVU56
 196 006c 01F18043 		add	r3, r1, #1073741824	@ tmp.2_25, _19,
 197 0070 03F58233 		add	r3, r3, #66560	@ tmp.2_25, tmp.2_25,
 198              	@ stm32f10x_lib/STM32F10x_StdPeriph_Driver/src/stm32f10x_exti.c:139:       *(__IO uint32_t *) tmp |
 139:stm32f10x_lib/STM32F10x_StdPeriph_Driver/src/stm32f10x_exti.c ****     }
 199              		.loc 1 139 7 view .LVU57
 200 0074 1968     		ldr	r1, [r3]	@ _26, *tmp.2_25
 201              	.LVL5:
 202              	@ stm32f10x_lib/STM32F10x_StdPeriph_Driver/src/stm32f10x_exti.c:139:       *(__IO uint32_t *) tmp |
 139:stm32f10x_lib/STM32F10x_StdPeriph_Driver/src/stm32f10x_exti.c ****     }
 203              		.loc 1 139 30 view .LVU58
 204 0076 0A43     		orrs	r2, r2, r1	@, _27, _14, _26
 205 0078 1A60     		str	r2, [r3]	@ _27, *tmp.2_25
 206              	.LVL6:
 139:stm32f10x_lib/STM32F10x_StdPeriph_Driver/src/stm32f10x_exti.c ****     }
 207              		.loc 1 139 30 view .LVU59
 208 007a F6E7     		b	.L4		@
 209              	.LVL7:
 210              	.L5:
 144:stm32f10x_lib/STM32F10x_StdPeriph_Driver/src/stm32f10x_exti.c **** 
 211              		.loc 1 144 5 is_stmt 1 view .LVU60
 147:stm32f10x_lib/STM32F10x_StdPeriph_Driver/src/stm32f10x_exti.c ****   }
 212              		.loc 1 147 5 view .LVU61
ARM GAS  /tmp/ccuVcYKc.s 			page 8


 213 007c 1368     		ldr	r3, [r2]	@ _31, *_53
 214              	@ stm32f10x_lib/STM32F10x_StdPeriph_Driver/src/stm32f10x_exti.c:147:     *(__IO uint32_t *) tmp &= 
 147:stm32f10x_lib/STM32F10x_StdPeriph_Driver/src/stm32f10x_exti.c ****   }
 215              		.loc 1 147 28 is_stmt 0 view .LVU62
 216 007e 23EA0103 		bic	r3, r3, r1	@ _34, _31, pretmp_54
 217 0082 1360     		str	r3, [r2]	@ _34, *_53
 218              	.LVL8:
 219              	@ stm32f10x_lib/STM32F10x_StdPeriph_Driver/src/stm32f10x_exti.c:149: }
 220              		.loc 1 149 1 view .LVU63
 221 0084 F1E7     		b	.L4		@
 222              	.L9:
 223 0086 00BF     		.align	2
 224              	.L8:
 225 0088 00040140 		.word	1073808384
 226              		.cfi_endproc
 227              	.LFE30:
 228              		.size	EXTI_Init, .-EXTI_Init
 229              		.align	1
 230              		.global	EXTI_StructInit
 231              		.syntax unified
 232              		.thumb
 233              		.thumb_func
 234              		.type	EXTI_StructInit, %function
 235              	EXTI_StructInit:
 236              	.LVL9:
 237              	.LFB31:
 150:stm32f10x_lib/STM32F10x_StdPeriph_Driver/src/stm32f10x_exti.c **** 
 151:stm32f10x_lib/STM32F10x_StdPeriph_Driver/src/stm32f10x_exti.c **** /**
 152:stm32f10x_lib/STM32F10x_StdPeriph_Driver/src/stm32f10x_exti.c ****   * @brief  Fills each EXTI_InitStruct member with its reset value.
 153:stm32f10x_lib/STM32F10x_StdPeriph_Driver/src/stm32f10x_exti.c ****   * @param  EXTI_InitStruct: pointer to a EXTI_InitTypeDef structure which will
 154:stm32f10x_lib/STM32F10x_StdPeriph_Driver/src/stm32f10x_exti.c ****   *         be initialized.
 155:stm32f10x_lib/STM32F10x_StdPeriph_Driver/src/stm32f10x_exti.c ****   * @retval None
 156:stm32f10x_lib/STM32F10x_StdPeriph_Driver/src/stm32f10x_exti.c ****   */
 157:stm32f10x_lib/STM32F10x_StdPeriph_Driver/src/stm32f10x_exti.c **** void EXTI_StructInit(EXTI_InitTypeDef* EXTI_InitStruct)
 158:stm32f10x_lib/STM32F10x_StdPeriph_Driver/src/stm32f10x_exti.c **** {
 238              		.loc 1 158 1 is_stmt 1 view -0
 239              		.cfi_startproc
 240              		@ args = 0, pretend = 0, frame = 0
 241              		@ frame_needed = 0, uses_anonymous_args = 0
 242              		@ link register save eliminated.
 159:stm32f10x_lib/STM32F10x_StdPeriph_Driver/src/stm32f10x_exti.c ****   EXTI_InitStruct->EXTI_Line = EXTI_LINENONE;
 243              		.loc 1 159 3 view .LVU65
 160:stm32f10x_lib/STM32F10x_StdPeriph_Driver/src/stm32f10x_exti.c ****   EXTI_InitStruct->EXTI_Mode = EXTI_Mode_Interrupt;
 244              		.loc 1 160 3 view .LVU66
 161:stm32f10x_lib/STM32F10x_StdPeriph_Driver/src/stm32f10x_exti.c ****   EXTI_InitStruct->EXTI_Trigger = EXTI_Trigger_Falling;
 245              		.loc 1 161 3 view .LVU67
 162:stm32f10x_lib/STM32F10x_StdPeriph_Driver/src/stm32f10x_exti.c ****   EXTI_InitStruct->EXTI_LineCmd = DISABLE;
 246              		.loc 1 162 3 view .LVU68
 247              	@ stm32f10x_lib/STM32F10x_StdPeriph_Driver/src/stm32f10x_exti.c:159:   EXTI_InitStruct->EXTI_Line =
 159:stm32f10x_lib/STM32F10x_StdPeriph_Driver/src/stm32f10x_exti.c ****   EXTI_InitStruct->EXTI_Mode = EXTI_Mode_Interrupt;
 248              		.loc 1 159 30 is_stmt 0 view .LVU69
 249 008c 0023     		movs	r3, #0	@ tmp95,
 250              	@ stm32f10x_lib/STM32F10x_StdPeriph_Driver/src/stm32f10x_exti.c:160:   EXTI_InitStruct->EXTI_Mode =
 160:stm32f10x_lib/STM32F10x_StdPeriph_Driver/src/stm32f10x_exti.c ****   EXTI_InitStruct->EXTI_Trigger = EXTI_Trigger_Falling;
 251              		.loc 1 160 30 view .LVU70
 252 008e 4FF44062 		mov	r2, #3072	@ tmp97,
 253              	@ stm32f10x_lib/STM32F10x_StdPeriph_Driver/src/stm32f10x_exti.c:159:   EXTI_InitStruct->EXTI_Line =
ARM GAS  /tmp/ccuVcYKc.s 			page 9


 159:stm32f10x_lib/STM32F10x_StdPeriph_Driver/src/stm32f10x_exti.c ****   EXTI_InitStruct->EXTI_Mode = EXTI_Mode_Interrupt;
 254              		.loc 1 159 30 view .LVU71
 255 0092 0360     		str	r3, [r0]	@ tmp95, EXTI_InitStruct_2(D)->EXTI_Line
 256              	@ stm32f10x_lib/STM32F10x_StdPeriph_Driver/src/stm32f10x_exti.c:160:   EXTI_InitStruct->EXTI_Mode =
 160:stm32f10x_lib/STM32F10x_StdPeriph_Driver/src/stm32f10x_exti.c ****   EXTI_InitStruct->EXTI_Trigger = EXTI_Trigger_Falling;
 257              		.loc 1 160 30 view .LVU72
 258 0094 8280     		strh	r2, [r0, #4]	@ movhi	@ tmp97, MEM <unsigned short> [(void *)EXTI_InitStruct_2(D) + 4B]
 259              	@ stm32f10x_lib/STM32F10x_StdPeriph_Driver/src/stm32f10x_exti.c:162:   EXTI_InitStruct->EXTI_LineCm
 260              		.loc 1 162 33 view .LVU73
 261 0096 8371     		strb	r3, [r0, #6]	@ tmp95, EXTI_InitStruct_2(D)->EXTI_LineCmd
 262              	@ stm32f10x_lib/STM32F10x_StdPeriph_Driver/src/stm32f10x_exti.c:163: }
 163:stm32f10x_lib/STM32F10x_StdPeriph_Driver/src/stm32f10x_exti.c **** }
 263              		.loc 1 163 1 view .LVU74
 264 0098 7047     		bx	lr	@
 265              		.cfi_endproc
 266              	.LFE31:
 267              		.size	EXTI_StructInit, .-EXTI_StructInit
 268              		.align	1
 269              		.global	EXTI_GenerateSWInterrupt
 270              		.syntax unified
 271              		.thumb
 272              		.thumb_func
 273              		.type	EXTI_GenerateSWInterrupt, %function
 274              	EXTI_GenerateSWInterrupt:
 275              	.LVL10:
 276              	.LFB32:
 164:stm32f10x_lib/STM32F10x_StdPeriph_Driver/src/stm32f10x_exti.c **** 
 165:stm32f10x_lib/STM32F10x_StdPeriph_Driver/src/stm32f10x_exti.c **** /**
 166:stm32f10x_lib/STM32F10x_StdPeriph_Driver/src/stm32f10x_exti.c ****   * @brief  Generates a Software interrupt.
 167:stm32f10x_lib/STM32F10x_StdPeriph_Driver/src/stm32f10x_exti.c ****   * @param  EXTI_Line: specifies the EXTI lines to be enabled or disabled.
 168:stm32f10x_lib/STM32F10x_StdPeriph_Driver/src/stm32f10x_exti.c ****   *   This parameter can be any combination of EXTI_Linex where x can be (0..19).
 169:stm32f10x_lib/STM32F10x_StdPeriph_Driver/src/stm32f10x_exti.c ****   * @retval None
 170:stm32f10x_lib/STM32F10x_StdPeriph_Driver/src/stm32f10x_exti.c ****   */
 171:stm32f10x_lib/STM32F10x_StdPeriph_Driver/src/stm32f10x_exti.c **** void EXTI_GenerateSWInterrupt(uint32_t EXTI_Line)
 172:stm32f10x_lib/STM32F10x_StdPeriph_Driver/src/stm32f10x_exti.c **** {
 277              		.loc 1 172 1 is_stmt 1 view -0
 278              		.cfi_startproc
 279              		@ args = 0, pretend = 0, frame = 0
 280              		@ frame_needed = 0, uses_anonymous_args = 0
 281              		@ link register save eliminated.
 173:stm32f10x_lib/STM32F10x_StdPeriph_Driver/src/stm32f10x_exti.c ****   /* Check the parameters */
 174:stm32f10x_lib/STM32F10x_StdPeriph_Driver/src/stm32f10x_exti.c ****   assert_param(IS_EXTI_LINE(EXTI_Line));
 282              		.loc 1 174 3 view .LVU76
 175:stm32f10x_lib/STM32F10x_StdPeriph_Driver/src/stm32f10x_exti.c ****   
 176:stm32f10x_lib/STM32F10x_StdPeriph_Driver/src/stm32f10x_exti.c ****   EXTI->SWIER |= EXTI_Line;
 283              		.loc 1 176 3 view .LVU77
 284              	@ stm32f10x_lib/STM32F10x_StdPeriph_Driver/src/stm32f10x_exti.c:176:   EXTI->SWIER |= EXTI_Line;
 285              		.loc 1 176 7 is_stmt 0 view .LVU78
 286 009a 024A     		ldr	r2, .L12	@ tmp97,
 287 009c 1369     		ldr	r3, [r2, #16]	@ _1, MEM[(struct EXTI_TypeDef *)1073808384B].SWIER
 288              	@ stm32f10x_lib/STM32F10x_StdPeriph_Driver/src/stm32f10x_exti.c:176:   EXTI->SWIER |= EXTI_Line;
 289              		.loc 1 176 15 view .LVU79
 290 009e 0343     		orrs	r3, r3, r0	@, _2, _1, EXTI_Line
 291 00a0 1361     		str	r3, [r2, #16]	@ _2, MEM[(struct EXTI_TypeDef *)1073808384B].SWIER
 292              	@ stm32f10x_lib/STM32F10x_StdPeriph_Driver/src/stm32f10x_exti.c:177: }
 177:stm32f10x_lib/STM32F10x_StdPeriph_Driver/src/stm32f10x_exti.c **** }
 293              		.loc 1 177 1 view .LVU80
ARM GAS  /tmp/ccuVcYKc.s 			page 10


 294 00a2 7047     		bx	lr	@
 295              	.L13:
 296              		.align	2
 297              	.L12:
 298 00a4 00040140 		.word	1073808384
 299              		.cfi_endproc
 300              	.LFE32:
 301              		.size	EXTI_GenerateSWInterrupt, .-EXTI_GenerateSWInterrupt
 302              		.align	1
 303              		.global	EXTI_GetFlagStatus
 304              		.syntax unified
 305              		.thumb
 306              		.thumb_func
 307              		.type	EXTI_GetFlagStatus, %function
 308              	EXTI_GetFlagStatus:
 309              	.LVL11:
 310              	.LFB33:
 178:stm32f10x_lib/STM32F10x_StdPeriph_Driver/src/stm32f10x_exti.c **** 
 179:stm32f10x_lib/STM32F10x_StdPeriph_Driver/src/stm32f10x_exti.c **** /**
 180:stm32f10x_lib/STM32F10x_StdPeriph_Driver/src/stm32f10x_exti.c ****   * @brief  Checks whether the specified EXTI line flag is set or not.
 181:stm32f10x_lib/STM32F10x_StdPeriph_Driver/src/stm32f10x_exti.c ****   * @param  EXTI_Line: specifies the EXTI line flag to check.
 182:stm32f10x_lib/STM32F10x_StdPeriph_Driver/src/stm32f10x_exti.c ****   *   This parameter can be:
 183:stm32f10x_lib/STM32F10x_StdPeriph_Driver/src/stm32f10x_exti.c ****   *     @arg EXTI_Linex: External interrupt line x where x(0..19)
 184:stm32f10x_lib/STM32F10x_StdPeriph_Driver/src/stm32f10x_exti.c ****   * @retval The new state of EXTI_Line (SET or RESET).
 185:stm32f10x_lib/STM32F10x_StdPeriph_Driver/src/stm32f10x_exti.c ****   */
 186:stm32f10x_lib/STM32F10x_StdPeriph_Driver/src/stm32f10x_exti.c **** FlagStatus EXTI_GetFlagStatus(uint32_t EXTI_Line)
 187:stm32f10x_lib/STM32F10x_StdPeriph_Driver/src/stm32f10x_exti.c **** {
 311              		.loc 1 187 1 is_stmt 1 view -0
 312              		.cfi_startproc
 313              		@ args = 0, pretend = 0, frame = 0
 314              		@ frame_needed = 0, uses_anonymous_args = 0
 315              		@ link register save eliminated.
 188:stm32f10x_lib/STM32F10x_StdPeriph_Driver/src/stm32f10x_exti.c ****   FlagStatus bitstatus = RESET;
 316              		.loc 1 188 3 view .LVU82
 189:stm32f10x_lib/STM32F10x_StdPeriph_Driver/src/stm32f10x_exti.c ****   /* Check the parameters */
 190:stm32f10x_lib/STM32F10x_StdPeriph_Driver/src/stm32f10x_exti.c ****   assert_param(IS_GET_EXTI_LINE(EXTI_Line));
 317              		.loc 1 190 3 view .LVU83
 191:stm32f10x_lib/STM32F10x_StdPeriph_Driver/src/stm32f10x_exti.c ****   
 192:stm32f10x_lib/STM32F10x_StdPeriph_Driver/src/stm32f10x_exti.c ****   if ((EXTI->PR & EXTI_Line) != (uint32_t)RESET)
 318              		.loc 1 192 3 view .LVU84
 319              	@ stm32f10x_lib/STM32F10x_StdPeriph_Driver/src/stm32f10x_exti.c:192:   if ((EXTI->PR & EXTI_Line) !
 320              		.loc 1 192 12 is_stmt 0 view .LVU85
 321 00a8 034B     		ldr	r3, .L15	@ tmp99,
 322 00aa 5B69     		ldr	r3, [r3, #20]	@ _1, MEM[(struct EXTI_TypeDef *)1073808384B].PR
 323              	.LVL12:
 193:stm32f10x_lib/STM32F10x_StdPeriph_Driver/src/stm32f10x_exti.c ****   {
 194:stm32f10x_lib/STM32F10x_StdPeriph_Driver/src/stm32f10x_exti.c ****     bitstatus = SET;
 195:stm32f10x_lib/STM32F10x_StdPeriph_Driver/src/stm32f10x_exti.c ****   }
 196:stm32f10x_lib/STM32F10x_StdPeriph_Driver/src/stm32f10x_exti.c ****   else
 197:stm32f10x_lib/STM32F10x_StdPeriph_Driver/src/stm32f10x_exti.c ****   {
 198:stm32f10x_lib/STM32F10x_StdPeriph_Driver/src/stm32f10x_exti.c ****     bitstatus = RESET;
 199:stm32f10x_lib/STM32F10x_StdPeriph_Driver/src/stm32f10x_exti.c ****   }
 200:stm32f10x_lib/STM32F10x_StdPeriph_Driver/src/stm32f10x_exti.c ****   return bitstatus;
 324              		.loc 1 200 3 is_stmt 1 view .LVU86
 325              	@ stm32f10x_lib/STM32F10x_StdPeriph_Driver/src/stm32f10x_exti.c:192:   if ((EXTI->PR & EXTI_Line) !
 192:stm32f10x_lib/STM32F10x_StdPeriph_Driver/src/stm32f10x_exti.c ****   {
 326              		.loc 1 192 6 is_stmt 0 view .LVU87
ARM GAS  /tmp/ccuVcYKc.s 			page 11


 327 00ac 0342     		tst	r3, r0	@ _1, EXTI_Line
 328              	@ stm32f10x_lib/STM32F10x_StdPeriph_Driver/src/stm32f10x_exti.c:201: }
 201:stm32f10x_lib/STM32F10x_StdPeriph_Driver/src/stm32f10x_exti.c **** }
 329              		.loc 1 201 1 view .LVU88
 330 00ae 14BF     		ite	ne
 331 00b0 0120     		movne	r0, #1	@,
 332              	.LVL13:
 333              		.loc 1 201 1 view .LVU89
 334 00b2 0020     		moveq	r0, #0	@,
 335 00b4 7047     		bx	lr	@
 336              	.L16:
 337 00b6 00BF     		.align	2
 338              	.L15:
 339 00b8 00040140 		.word	1073808384
 340              		.cfi_endproc
 341              	.LFE33:
 342              		.size	EXTI_GetFlagStatus, .-EXTI_GetFlagStatus
 343              		.align	1
 344              		.global	EXTI_ClearFlag
 345              		.syntax unified
 346              		.thumb
 347              		.thumb_func
 348              		.type	EXTI_ClearFlag, %function
 349              	EXTI_ClearFlag:
 350              	.LVL14:
 351              	.LFB34:
 202:stm32f10x_lib/STM32F10x_StdPeriph_Driver/src/stm32f10x_exti.c **** 
 203:stm32f10x_lib/STM32F10x_StdPeriph_Driver/src/stm32f10x_exti.c **** /**
 204:stm32f10x_lib/STM32F10x_StdPeriph_Driver/src/stm32f10x_exti.c ****   * @brief  Clears the EXTI's line pending flags.
 205:stm32f10x_lib/STM32F10x_StdPeriph_Driver/src/stm32f10x_exti.c ****   * @param  EXTI_Line: specifies the EXTI lines flags to clear.
 206:stm32f10x_lib/STM32F10x_StdPeriph_Driver/src/stm32f10x_exti.c ****   *   This parameter can be any combination of EXTI_Linex where x can be (0..19).
 207:stm32f10x_lib/STM32F10x_StdPeriph_Driver/src/stm32f10x_exti.c ****   * @retval None
 208:stm32f10x_lib/STM32F10x_StdPeriph_Driver/src/stm32f10x_exti.c ****   */
 209:stm32f10x_lib/STM32F10x_StdPeriph_Driver/src/stm32f10x_exti.c **** void EXTI_ClearFlag(uint32_t EXTI_Line)
 210:stm32f10x_lib/STM32F10x_StdPeriph_Driver/src/stm32f10x_exti.c **** {
 352              		.loc 1 210 1 is_stmt 1 view -0
 353              		.cfi_startproc
 354              		@ args = 0, pretend = 0, frame = 0
 355              		@ frame_needed = 0, uses_anonymous_args = 0
 356              		@ link register save eliminated.
 211:stm32f10x_lib/STM32F10x_StdPeriph_Driver/src/stm32f10x_exti.c ****   /* Check the parameters */
 212:stm32f10x_lib/STM32F10x_StdPeriph_Driver/src/stm32f10x_exti.c ****   assert_param(IS_EXTI_LINE(EXTI_Line));
 357              		.loc 1 212 3 view .LVU91
 213:stm32f10x_lib/STM32F10x_StdPeriph_Driver/src/stm32f10x_exti.c ****   
 214:stm32f10x_lib/STM32F10x_StdPeriph_Driver/src/stm32f10x_exti.c ****   EXTI->PR = EXTI_Line;
 358              		.loc 1 214 3 view .LVU92
 359              	@ stm32f10x_lib/STM32F10x_StdPeriph_Driver/src/stm32f10x_exti.c:214:   EXTI->PR = EXTI_Line;
 360              		.loc 1 214 12 is_stmt 0 view .LVU93
 361 00bc 014B     		ldr	r3, .L18	@ tmp95,
 362 00be 5861     		str	r0, [r3, #20]	@ EXTI_Line, MEM[(struct EXTI_TypeDef *)1073808384B].PR
 363              	@ stm32f10x_lib/STM32F10x_StdPeriph_Driver/src/stm32f10x_exti.c:215: }
 215:stm32f10x_lib/STM32F10x_StdPeriph_Driver/src/stm32f10x_exti.c **** }
 364              		.loc 1 215 1 view .LVU94
 365 00c0 7047     		bx	lr	@
 366              	.L19:
 367 00c2 00BF     		.align	2
 368              	.L18:
ARM GAS  /tmp/ccuVcYKc.s 			page 12


 369 00c4 00040140 		.word	1073808384
 370              		.cfi_endproc
 371              	.LFE34:
 372              		.size	EXTI_ClearFlag, .-EXTI_ClearFlag
 373              		.align	1
 374              		.global	EXTI_GetITStatus
 375              		.syntax unified
 376              		.thumb
 377              		.thumb_func
 378              		.type	EXTI_GetITStatus, %function
 379              	EXTI_GetITStatus:
 380              	.LVL15:
 381              	.LFB35:
 216:stm32f10x_lib/STM32F10x_StdPeriph_Driver/src/stm32f10x_exti.c **** 
 217:stm32f10x_lib/STM32F10x_StdPeriph_Driver/src/stm32f10x_exti.c **** /**
 218:stm32f10x_lib/STM32F10x_StdPeriph_Driver/src/stm32f10x_exti.c ****   * @brief  Checks whether the specified EXTI line is asserted or not.
 219:stm32f10x_lib/STM32F10x_StdPeriph_Driver/src/stm32f10x_exti.c ****   * @param  EXTI_Line: specifies the EXTI line to check.
 220:stm32f10x_lib/STM32F10x_StdPeriph_Driver/src/stm32f10x_exti.c ****   *   This parameter can be:
 221:stm32f10x_lib/STM32F10x_StdPeriph_Driver/src/stm32f10x_exti.c ****   *     @arg EXTI_Linex: External interrupt line x where x(0..19)
 222:stm32f10x_lib/STM32F10x_StdPeriph_Driver/src/stm32f10x_exti.c ****   * @retval The new state of EXTI_Line (SET or RESET).
 223:stm32f10x_lib/STM32F10x_StdPeriph_Driver/src/stm32f10x_exti.c ****   */
 224:stm32f10x_lib/STM32F10x_StdPeriph_Driver/src/stm32f10x_exti.c **** ITStatus EXTI_GetITStatus(uint32_t EXTI_Line)
 225:stm32f10x_lib/STM32F10x_StdPeriph_Driver/src/stm32f10x_exti.c **** {
 382              		.loc 1 225 1 is_stmt 1 view -0
 383              		.cfi_startproc
 384              		@ args = 0, pretend = 0, frame = 0
 385              		@ frame_needed = 0, uses_anonymous_args = 0
 386              		@ link register save eliminated.
 226:stm32f10x_lib/STM32F10x_StdPeriph_Driver/src/stm32f10x_exti.c ****   ITStatus bitstatus = RESET;
 387              		.loc 1 226 3 view .LVU96
 227:stm32f10x_lib/STM32F10x_StdPeriph_Driver/src/stm32f10x_exti.c ****   uint32_t enablestatus = 0;
 388              		.loc 1 227 3 view .LVU97
 228:stm32f10x_lib/STM32F10x_StdPeriph_Driver/src/stm32f10x_exti.c ****   /* Check the parameters */
 229:stm32f10x_lib/STM32F10x_StdPeriph_Driver/src/stm32f10x_exti.c ****   assert_param(IS_GET_EXTI_LINE(EXTI_Line));
 389              		.loc 1 229 3 view .LVU98
 230:stm32f10x_lib/STM32F10x_StdPeriph_Driver/src/stm32f10x_exti.c ****   
 231:stm32f10x_lib/STM32F10x_StdPeriph_Driver/src/stm32f10x_exti.c ****   enablestatus =  EXTI->IMR & EXTI_Line;
 390              		.loc 1 231 3 view .LVU99
 391              	@ stm32f10x_lib/STM32F10x_StdPeriph_Driver/src/stm32f10x_exti.c:231:   enablestatus =  EXTI->IMR & 
 392              		.loc 1 231 23 is_stmt 0 view .LVU100
 393 00c8 064B     		ldr	r3, .L21	@ tmp103,
 394 00ca 1968     		ldr	r1, [r3]	@ _1, MEM[(struct EXTI_TypeDef *)1073808384B].IMR
 395              	.LVL16:
 232:stm32f10x_lib/STM32F10x_StdPeriph_Driver/src/stm32f10x_exti.c ****   if (((EXTI->PR & EXTI_Line) != (uint32_t)RESET) && (enablestatus != (uint32_t)RESET))
 396              		.loc 1 232 3 is_stmt 1 view .LVU101
 397              	@ stm32f10x_lib/STM32F10x_StdPeriph_Driver/src/stm32f10x_exti.c:232:   if (((EXTI->PR & EXTI_Line) 
 398              		.loc 1 232 13 is_stmt 0 view .LVU102
 399 00cc 5A69     		ldr	r2, [r3, #20]	@ _2, MEM[(struct EXTI_TypeDef *)1073808384B].PR
 400              	.LVL17:
 233:stm32f10x_lib/STM32F10x_StdPeriph_Driver/src/stm32f10x_exti.c ****   {
 234:stm32f10x_lib/STM32F10x_StdPeriph_Driver/src/stm32f10x_exti.c ****     bitstatus = SET;
 235:stm32f10x_lib/STM32F10x_StdPeriph_Driver/src/stm32f10x_exti.c ****   }
 236:stm32f10x_lib/STM32F10x_StdPeriph_Driver/src/stm32f10x_exti.c ****   else
 237:stm32f10x_lib/STM32F10x_StdPeriph_Driver/src/stm32f10x_exti.c ****   {
 238:stm32f10x_lib/STM32F10x_StdPeriph_Driver/src/stm32f10x_exti.c ****     bitstatus = RESET;
 239:stm32f10x_lib/STM32F10x_StdPeriph_Driver/src/stm32f10x_exti.c ****   }
 240:stm32f10x_lib/STM32F10x_StdPeriph_Driver/src/stm32f10x_exti.c ****   return bitstatus;
ARM GAS  /tmp/ccuVcYKc.s 			page 13


 401              		.loc 1 240 3 is_stmt 1 view .LVU103
 402              	@ stm32f10x_lib/STM32F10x_StdPeriph_Driver/src/stm32f10x_exti.c:232:   if (((EXTI->PR & EXTI_Line) 
 232:stm32f10x_lib/STM32F10x_StdPeriph_Driver/src/stm32f10x_exti.c ****   if (((EXTI->PR & EXTI_Line) != (uint32_t)RESET) && (enablestatus != (uint32_t)RESET))
 403              		.loc 1 232 51 is_stmt 0 discriminator 1 view .LVU104
 404 00ce 0142     		tst	r1, r0	@ _1, EXTI_Line
 405 00d0 14BF     		ite	ne
 406 00d2 0123     		movne	r3, #1	@ tmp108,
 407 00d4 0023     		moveq	r3, #0	@ tmp108,
 408              	@ stm32f10x_lib/STM32F10x_StdPeriph_Driver/src/stm32f10x_exti.c:232:   if (((EXTI->PR & EXTI_Line) 
 232:stm32f10x_lib/STM32F10x_StdPeriph_Driver/src/stm32f10x_exti.c ****   if (((EXTI->PR & EXTI_Line) != (uint32_t)RESET) && (enablestatus != (uint32_t)RESET))
 409              		.loc 1 232 6 view .LVU105
 410 00d6 0242     		tst	r2, r0	@ _2, EXTI_Line
 411              	@ stm32f10x_lib/STM32F10x_StdPeriph_Driver/src/stm32f10x_exti.c:241: }
 241:stm32f10x_lib/STM32F10x_StdPeriph_Driver/src/stm32f10x_exti.c **** }
 412              		.loc 1 241 1 view .LVU106
 413 00d8 03F00100 		and	r0, r3, #1	@, tmp108,
 414              	.LVL18:
 415              		.loc 1 241 1 view .LVU107
 416 00dc 08BF     		it	eq
 417 00de 0020     		moveq	r0, #0	@,
 418 00e0 7047     		bx	lr	@
 419              	.L22:
 420 00e2 00BF     		.align	2
 421              	.L21:
 422 00e4 00040140 		.word	1073808384
 423              		.cfi_endproc
 424              	.LFE35:
 425              		.size	EXTI_GetITStatus, .-EXTI_GetITStatus
 426              		.align	1
 427              		.global	EXTI_ClearITPendingBit
 428              		.syntax unified
 429              		.thumb
 430              		.thumb_func
 431              		.type	EXTI_ClearITPendingBit, %function
 432              	EXTI_ClearITPendingBit:
 433              	.LFB38:
 434              		.cfi_startproc
 242:stm32f10x_lib/STM32F10x_StdPeriph_Driver/src/stm32f10x_exti.c **** 
 243:stm32f10x_lib/STM32F10x_StdPeriph_Driver/src/stm32f10x_exti.c **** /**
 244:stm32f10x_lib/STM32F10x_StdPeriph_Driver/src/stm32f10x_exti.c ****   * @brief  Clears the EXTI's line pending bits.
 245:stm32f10x_lib/STM32F10x_StdPeriph_Driver/src/stm32f10x_exti.c ****   * @param  EXTI_Line: specifies the EXTI lines to clear.
 246:stm32f10x_lib/STM32F10x_StdPeriph_Driver/src/stm32f10x_exti.c ****   *   This parameter can be any combination of EXTI_Linex where x can be (0..19).
 247:stm32f10x_lib/STM32F10x_StdPeriph_Driver/src/stm32f10x_exti.c ****   * @retval None
 248:stm32f10x_lib/STM32F10x_StdPeriph_Driver/src/stm32f10x_exti.c ****   */
 249:stm32f10x_lib/STM32F10x_StdPeriph_Driver/src/stm32f10x_exti.c **** void EXTI_ClearITPendingBit(uint32_t EXTI_Line)
 435              		.loc 1 249 6 is_stmt 1 view .LVU108
 436              		@ args = 0, pretend = 0, frame = 0
 437              		@ frame_needed = 0, uses_anonymous_args = 0
 438              		@ link register save eliminated.
 439 00e8 014B     		ldr	r3, .L24	@ tmp95,
 440 00ea 5861     		str	r0, [r3, #20]	@ EXTI_Line, MEM[(struct EXTI_TypeDef *)1073808384B].PR
 441 00ec 7047     		bx	lr	@
 442              	.L25:
 443 00ee 00BF     		.align	2
 444              	.L24:
 445 00f0 00040140 		.word	1073808384
 446              		.cfi_endproc
ARM GAS  /tmp/ccuVcYKc.s 			page 14


 447              	.LFE38:
 448              		.size	EXTI_ClearITPendingBit, .-EXTI_ClearITPendingBit
 449              	.Letext0:
 450              		.file 2 "/usr/arm-none-eabi/include/machine/_default_types.h"
 451              		.file 3 "/usr/arm-none-eabi/include/sys/_stdint.h"
 452              		.file 4 "./stm32f10x_lib/CMSIS/CM3/DeviceSupport/ST/STM32F10x/stm32f10x.h"
 453              		.file 5 "./stm32f10x_lib/STM32F10x_StdPeriph_Driver/inc/stm32f10x_exti.h"
 454              		.section	.debug_info,"",%progbits
 455              	.Ldebug_info0:
 456 0000 9F030000 		.4byte	0x39f
 457 0004 0200     		.2byte	0x2
 458 0006 00000000 		.4byte	.Ldebug_abbrev0
 459 000a 04       		.byte	0x4
 460 000b 01       		.uleb128 0x1
 461 000c A0020000 		.4byte	.LASF41
 462 0010 0C       		.byte	0xc
 463 0011 30010000 		.4byte	.LASF42
 464 0015 D0000000 		.4byte	.LASF43
 465 0019 00000000 		.4byte	.Ltext0
 466 001d F4000000 		.4byte	.Letext0
 467 0021 00000000 		.4byte	.Ldebug_line0
 468 0025 02       		.uleb128 0x2
 469 0026 08       		.byte	0x8
 470 0027 07       		.byte	0x7
 471 0028 39020000 		.4byte	.LASF0
 472 002c 02       		.uleb128 0x2
 473 002d 04       		.byte	0x4
 474 002e 07       		.byte	0x7
 475 002f 0F020000 		.4byte	.LASF1
 476 0033 02       		.uleb128 0x2
 477 0034 01       		.byte	0x1
 478 0035 06       		.byte	0x6
 479 0036 1B030000 		.4byte	.LASF2
 480 003a 02       		.uleb128 0x2
 481 003b 01       		.byte	0x1
 482 003c 08       		.byte	0x8
 483 003d 22010000 		.4byte	.LASF3
 484 0041 02       		.uleb128 0x2
 485 0042 02       		.byte	0x2
 486 0043 05       		.byte	0x5
 487 0044 96020000 		.4byte	.LASF4
 488 0048 02       		.uleb128 0x2
 489 0049 02       		.byte	0x2
 490 004a 07       		.byte	0x7
 491 004b 69000000 		.4byte	.LASF5
 492 004f 02       		.uleb128 0x2
 493 0050 04       		.byte	0x4
 494 0051 05       		.byte	0x5
 495 0052 12030000 		.4byte	.LASF6
 496 0056 03       		.uleb128 0x3
 497 0057 D4010000 		.4byte	.LASF9
 498 005b 02       		.byte	0x2
 499 005c 4F       		.byte	0x4f
 500 005d 19       		.byte	0x19
 501 005e 62000000 		.4byte	0x62
 502 0062 02       		.uleb128 0x2
 503 0063 04       		.byte	0x4
ARM GAS  /tmp/ccuVcYKc.s 			page 15


 504 0064 07       		.byte	0x7
 505 0065 88010000 		.4byte	.LASF7
 506 0069 02       		.uleb128 0x2
 507 006a 08       		.byte	0x8
 508 006b 05       		.byte	0x5
 509 006c 60020000 		.4byte	.LASF8
 510 0070 04       		.uleb128 0x4
 511 0071 04       		.byte	0x4
 512 0072 05       		.byte	0x5
 513 0073 696E7400 		.ascii	"int\000"
 514 0077 03       		.uleb128 0x3
 515 0078 CB010000 		.4byte	.LASF10
 516 007c 03       		.byte	0x3
 517 007d 30       		.byte	0x30
 518 007e 14       		.byte	0x14
 519 007f 56000000 		.4byte	0x56
 520 0083 05       		.uleb128 0x5
 521 0084 77000000 		.4byte	0x77
 522 0088 06       		.uleb128 0x6
 523 0089 07       		.byte	0x7
 524 008a 01       		.byte	0x1
 525 008b 3A000000 		.4byte	0x3a
 526 008f 04       		.byte	0x4
 527 0090 0702     		.2byte	0x207
 528 0092 0E       		.byte	0xe
 529 0093 A4000000 		.4byte	0xa4
 530 0097 07       		.uleb128 0x7
 531 0098 9A010000 		.4byte	.LASF11
 532 009c 00       		.byte	0
 533 009d 08       		.uleb128 0x8
 534 009e 53455400 		.ascii	"SET\000"
 535 00a2 01       		.byte	0x1
 536 00a3 00       		.byte	0
 537 00a4 09       		.uleb128 0x9
 538 00a5 6E010000 		.4byte	.LASF12
 539 00a9 04       		.byte	0x4
 540 00aa 0702     		.2byte	0x207
 541 00ac 28       		.byte	0x28
 542 00ad 88000000 		.4byte	0x88
 543 00b1 09       		.uleb128 0x9
 544 00b2 14000000 		.4byte	.LASF13
 545 00b6 04       		.byte	0x4
 546 00b7 0702     		.2byte	0x207
 547 00b9 34       		.byte	0x34
 548 00ba 88000000 		.4byte	0x88
 549 00be 06       		.uleb128 0x6
 550 00bf 07       		.byte	0x7
 551 00c0 01       		.byte	0x1
 552 00c1 3A000000 		.4byte	0x3a
 553 00c5 04       		.byte	0x4
 554 00c6 0902     		.2byte	0x209
 555 00c8 0E       		.byte	0xe
 556 00c9 DA000000 		.4byte	0xda
 557 00cd 07       		.uleb128 0x7
 558 00ce BE010000 		.4byte	.LASF14
 559 00d2 00       		.byte	0
 560 00d3 07       		.uleb128 0x7
ARM GAS  /tmp/ccuVcYKc.s 			page 16


 561 00d4 07010000 		.4byte	.LASF15
 562 00d8 01       		.byte	0x1
 563 00d9 00       		.byte	0
 564 00da 09       		.uleb128 0x9
 565 00db 7C000000 		.4byte	.LASF16
 566 00df 04       		.byte	0x4
 567 00e0 0902     		.2byte	0x209
 568 00e2 2F       		.byte	0x2f
 569 00e3 BE000000 		.4byte	0xbe
 570 00e7 0A       		.uleb128 0xa
 571 00e8 18       		.byte	0x18
 572 00e9 04       		.byte	0x4
 573 00ea 7703     		.2byte	0x377
 574 00ec 09       		.byte	0x9
 575 00ed 51010000 		.4byte	0x151
 576 00f1 0B       		.uleb128 0xb
 577 00f2 494D5200 		.ascii	"IMR\000"
 578 00f6 04       		.byte	0x4
 579 00f7 7903     		.2byte	0x379
 580 00f9 11       		.byte	0x11
 581 00fa 83000000 		.4byte	0x83
 582 00fe 02       		.byte	0x2
 583 00ff 23       		.byte	0x23
 584 0100 00       		.uleb128 0
 585 0101 0B       		.uleb128 0xb
 586 0102 454D5200 		.ascii	"EMR\000"
 587 0106 04       		.byte	0x4
 588 0107 7A03     		.2byte	0x37a
 589 0109 11       		.byte	0x11
 590 010a 83000000 		.4byte	0x83
 591 010e 02       		.byte	0x2
 592 010f 23       		.byte	0x23
 593 0110 04       		.uleb128 0x4
 594 0111 0C       		.uleb128 0xc
 595 0112 C6010000 		.4byte	.LASF17
 596 0116 04       		.byte	0x4
 597 0117 7B03     		.2byte	0x37b
 598 0119 11       		.byte	0x11
 599 011a 83000000 		.4byte	0x83
 600 011e 02       		.byte	0x2
 601 011f 23       		.byte	0x23
 602 0120 08       		.uleb128 0x8
 603 0121 0C       		.uleb128 0xc
 604 0122 0D030000 		.4byte	.LASF18
 605 0126 04       		.byte	0x4
 606 0127 7C03     		.2byte	0x37c
 607 0129 11       		.byte	0x11
 608 012a 83000000 		.4byte	0x83
 609 012e 02       		.byte	0x2
 610 012f 23       		.byte	0x23
 611 0130 0C       		.uleb128 0xc
 612 0131 0C       		.uleb128 0xc
 613 0132 3B030000 		.4byte	.LASF19
 614 0136 04       		.byte	0x4
 615 0137 7D03     		.2byte	0x37d
 616 0139 11       		.byte	0x11
 617 013a 83000000 		.4byte	0x83
ARM GAS  /tmp/ccuVcYKc.s 			page 17


 618 013e 02       		.byte	0x2
 619 013f 23       		.byte	0x23
 620 0140 10       		.uleb128 0x10
 621 0141 0B       		.uleb128 0xb
 622 0142 505200   		.ascii	"PR\000"
 623 0145 04       		.byte	0x4
 624 0146 7E03     		.2byte	0x37e
 625 0148 11       		.byte	0x11
 626 0149 83000000 		.4byte	0x83
 627 014d 02       		.byte	0x2
 628 014e 23       		.byte	0x23
 629 014f 14       		.uleb128 0x14
 630 0150 00       		.byte	0
 631 0151 09       		.uleb128 0x9
 632 0152 B1010000 		.4byte	.LASF20
 633 0156 04       		.byte	0x4
 634 0157 7F03     		.2byte	0x37f
 635 0159 03       		.byte	0x3
 636 015a E7000000 		.4byte	0xe7
 637 015e 0D       		.uleb128 0xd
 638 015f 07       		.byte	0x7
 639 0160 01       		.byte	0x1
 640 0161 3A000000 		.4byte	0x3a
 641 0165 05       		.byte	0x5
 642 0166 33       		.byte	0x33
 643 0167 01       		.byte	0x1
 644 0168 79010000 		.4byte	0x179
 645 016c 07       		.uleb128 0x7
 646 016d 0E010000 		.4byte	.LASF21
 647 0171 00       		.byte	0
 648 0172 07       		.uleb128 0x7
 649 0173 59000000 		.4byte	.LASF22
 650 0177 04       		.byte	0x4
 651 0178 00       		.byte	0
 652 0179 03       		.uleb128 0x3
 653 017a A0010000 		.4byte	.LASF23
 654 017e 05       		.byte	0x5
 655 017f 36       		.byte	0x36
 656 0180 02       		.byte	0x2
 657 0181 5E010000 		.4byte	0x15e
 658 0185 0D       		.uleb128 0xd
 659 0186 07       		.byte	0x7
 660 0187 01       		.byte	0x1
 661 0188 3A000000 		.4byte	0x3a
 662 018c 05       		.byte	0x5
 663 018d 3F       		.byte	0x3f
 664 018e 01       		.byte	0x1
 665 018f A6010000 		.4byte	0x1a6
 666 0193 07       		.uleb128 0x7
 667 0194 DF010000 		.4byte	.LASF24
 668 0198 08       		.byte	0x8
 669 0199 07       		.uleb128 0x7
 670 019a 44000000 		.4byte	.LASF25
 671 019e 0C       		.byte	0xc
 672 019f 07       		.uleb128 0x7
 673 01a0 F3010000 		.4byte	.LASF26
 674 01a4 10       		.byte	0x10
ARM GAS  /tmp/ccuVcYKc.s 			page 18


 675 01a5 00       		.byte	0
 676 01a6 03       		.uleb128 0x3
 677 01a7 27030000 		.4byte	.LASF27
 678 01ab 05       		.byte	0x5
 679 01ac 43       		.byte	0x43
 680 01ad 02       		.byte	0x2
 681 01ae 85010000 		.4byte	0x185
 682 01b2 0E       		.uleb128 0xe
 683 01b3 08       		.byte	0x8
 684 01b4 05       		.byte	0x5
 685 01b5 4C       		.byte	0x4c
 686 01b6 09       		.byte	0x9
 687 01b7 F8010000 		.4byte	0x1f8
 688 01bb 0F       		.uleb128 0xf
 689 01bc 00000000 		.4byte	.LASF28
 690 01c0 05       		.byte	0x5
 691 01c1 4E       		.byte	0x4e
 692 01c2 0C       		.byte	0xc
 693 01c3 77000000 		.4byte	0x77
 694 01c7 02       		.byte	0x2
 695 01c8 23       		.byte	0x23
 696 01c9 00       		.uleb128 0
 697 01ca 0F       		.uleb128 0xf
 698 01cb 0A000000 		.4byte	.LASF29
 699 01cf 05       		.byte	0x5
 700 01d0 51       		.byte	0x51
 701 01d1 14       		.byte	0x14
 702 01d2 79010000 		.4byte	0x179
 703 01d6 02       		.byte	0x2
 704 01d7 23       		.byte	0x23
 705 01d8 04       		.uleb128 0x4
 706 01d9 0F       		.uleb128 0xf
 707 01da 37000000 		.4byte	.LASF30
 708 01de 05       		.byte	0x5
 709 01df 54       		.byte	0x54
 710 01e0 17       		.byte	0x17
 711 01e1 A6010000 		.4byte	0x1a6
 712 01e5 02       		.byte	0x2
 713 01e6 23       		.byte	0x23
 714 01e7 05       		.uleb128 0x5
 715 01e8 0F       		.uleb128 0xf
 716 01e9 2A000000 		.4byte	.LASF31
 717 01ed 05       		.byte	0x5
 718 01ee 57       		.byte	0x57
 719 01ef 13       		.byte	0x13
 720 01f0 DA000000 		.4byte	0xda
 721 01f4 02       		.byte	0x2
 722 01f5 23       		.byte	0x23
 723 01f6 06       		.uleb128 0x6
 724 01f7 00       		.byte	0
 725 01f8 03       		.uleb128 0x3
 726 01f9 AF000000 		.4byte	.LASF32
 727 01fd 05       		.byte	0x5
 728 01fe 59       		.byte	0x59
 729 01ff 02       		.byte	0x2
 730 0200 B2010000 		.4byte	0x1b2
 731 0204 10       		.uleb128 0x10
ARM GAS  /tmp/ccuVcYKc.s 			page 19


 732 0205 01       		.byte	0x1
 733 0206 7F020000 		.4byte	.LASF44
 734 020a 01       		.byte	0x1
 735 020b F9       		.byte	0xf9
 736 020c 06       		.byte	0x6
 737 020d 01       		.byte	0x1
 738 020e 1F020000 		.4byte	0x21f
 739 0212 11       		.uleb128 0x11
 740 0213 00000000 		.4byte	.LASF28
 741 0217 01       		.byte	0x1
 742 0218 F9       		.byte	0xf9
 743 0219 26       		.byte	0x26
 744 021a 77000000 		.4byte	0x77
 745 021e 00       		.byte	0
 746 021f 12       		.uleb128 0x12
 747 0220 01       		.byte	0x1
 748 0221 6E020000 		.4byte	.LASF35
 749 0225 01       		.byte	0x1
 750 0226 E0       		.byte	0xe0
 751 0227 0A       		.byte	0xa
 752 0228 01       		.byte	0x1
 753 0229 B1000000 		.4byte	0xb1
 754 022d C8000000 		.4byte	.LFB35
 755 0231 E8000000 		.4byte	.LFE35
 756 0235 02       		.byte	0x2
 757 0236 7D       		.byte	0x7d
 758 0237 00       		.sleb128 0
 759 0238 01       		.byte	0x1
 760 0239 7A020000 		.4byte	0x27a
 761 023d 13       		.uleb128 0x13
 762 023e 00000000 		.4byte	.LASF28
 763 0242 01       		.byte	0x1
 764 0243 E0       		.byte	0xe0
 765 0244 24       		.byte	0x24
 766 0245 77000000 		.4byte	0x77
 767 0249 04000000 		.4byte	.LLST4
 768 024d 00000000 		.4byte	.LVUS4
 769 0251 14       		.uleb128 0x14
 770 0252 8C000000 		.4byte	.LASF33
 771 0256 01       		.byte	0x1
 772 0257 E2       		.byte	0xe2
 773 0258 0C       		.byte	0xc
 774 0259 B1000000 		.4byte	0xb1
 775 025d 31000000 		.4byte	.LLST5
 776 0261 2B000000 		.4byte	.LVUS5
 777 0265 14       		.uleb128 0x14
 778 0266 1D000000 		.4byte	.LASF34
 779 026a 01       		.byte	0x1
 780 026b E3       		.byte	0xe3
 781 026c 0C       		.byte	0xc
 782 026d 77000000 		.4byte	0x77
 783 0271 8D000000 		.4byte	.LLST6
 784 0275 87000000 		.4byte	.LVUS6
 785 0279 00       		.byte	0
 786 027a 15       		.uleb128 0x15
 787 027b 01       		.byte	0x1
 788 027c 79010000 		.4byte	.LASF45
ARM GAS  /tmp/ccuVcYKc.s 			page 20


 789 0280 01       		.byte	0x1
 790 0281 D1       		.byte	0xd1
 791 0282 06       		.byte	0x6
 792 0283 01       		.byte	0x1
 793 0284 01       		.byte	0x1
 794 0285 96020000 		.4byte	0x296
 795 0289 11       		.uleb128 0x11
 796 028a 00000000 		.4byte	.LASF28
 797 028e 01       		.byte	0x1
 798 028f D1       		.byte	0xd1
 799 0290 1E       		.byte	0x1e
 800 0291 77000000 		.4byte	0x77
 801 0295 00       		.byte	0
 802 0296 12       		.uleb128 0x12
 803 0297 01       		.byte	0x1
 804 0298 26020000 		.4byte	.LASF36
 805 029c 01       		.byte	0x1
 806 029d BA       		.byte	0xba
 807 029e 0C       		.byte	0xc
 808 029f 01       		.byte	0x1
 809 02a0 A4000000 		.4byte	0xa4
 810 02a4 A8000000 		.4byte	.LFB33
 811 02a8 BC000000 		.4byte	.LFE33
 812 02ac 02       		.byte	0x2
 813 02ad 7D       		.byte	0x7d
 814 02ae 00       		.sleb128 0
 815 02af 01       		.byte	0x1
 816 02b0 DD020000 		.4byte	0x2dd
 817 02b4 13       		.uleb128 0x13
 818 02b5 00000000 		.4byte	.LASF28
 819 02b9 01       		.byte	0x1
 820 02ba BA       		.byte	0xba
 821 02bb 28       		.byte	0x28
 822 02bc 77000000 		.4byte	0x77
 823 02c0 CC000000 		.4byte	.LLST2
 824 02c4 C8000000 		.4byte	.LVUS2
 825 02c8 14       		.uleb128 0x14
 826 02c9 8C000000 		.4byte	.LASF33
 827 02cd 01       		.byte	0x1
 828 02ce BC       		.byte	0xbc
 829 02cf 0E       		.byte	0xe
 830 02d0 A4000000 		.4byte	0xa4
 831 02d4 F9000000 		.4byte	.LLST3
 832 02d8 F3000000 		.4byte	.LVUS3
 833 02dc 00       		.byte	0
 834 02dd 16       		.uleb128 0x16
 835 02de 01       		.byte	0x1
 836 02df 96000000 		.4byte	.LASF37
 837 02e3 01       		.byte	0x1
 838 02e4 AB       		.byte	0xab
 839 02e5 06       		.byte	0x6
 840 02e6 01       		.byte	0x1
 841 02e7 9A000000 		.4byte	.LFB32
 842 02eb A8000000 		.4byte	.LFE32
 843 02ef 02       		.byte	0x2
 844 02f0 7D       		.byte	0x7d
 845 02f1 00       		.sleb128 0
ARM GAS  /tmp/ccuVcYKc.s 			page 21


 846 02f2 01       		.byte	0x1
 847 02f3 06030000 		.4byte	0x306
 848 02f7 17       		.uleb128 0x17
 849 02f8 00000000 		.4byte	.LASF28
 850 02fc 01       		.byte	0x1
 851 02fd AB       		.byte	0xab
 852 02fe 28       		.byte	0x28
 853 02ff 77000000 		.4byte	0x77
 854 0303 01       		.byte	0x1
 855 0304 50       		.byte	0x50
 856 0305 00       		.byte	0
 857 0306 16       		.uleb128 0x16
 858 0307 01       		.byte	0x1
 859 0308 50020000 		.4byte	.LASF38
 860 030c 01       		.byte	0x1
 861 030d 9D       		.byte	0x9d
 862 030e 06       		.byte	0x6
 863 030f 01       		.byte	0x1
 864 0310 8C000000 		.4byte	.LFB31
 865 0314 9A000000 		.4byte	.LFE31
 866 0318 02       		.byte	0x2
 867 0319 7D       		.byte	0x7d
 868 031a 00       		.sleb128 0
 869 031b 01       		.byte	0x1
 870 031c 2F030000 		.4byte	0x32f
 871 0320 17       		.uleb128 0x17
 872 0321 C0000000 		.4byte	.LASF39
 873 0325 01       		.byte	0x1
 874 0326 9D       		.byte	0x9d
 875 0327 28       		.byte	0x28
 876 0328 2F030000 		.4byte	0x32f
 877 032c 01       		.byte	0x1
 878 032d 50       		.byte	0x50
 879 032e 00       		.byte	0
 880 032f 18       		.uleb128 0x18
 881 0330 04       		.byte	0x4
 882 0331 F8010000 		.4byte	0x1f8
 883 0335 19       		.uleb128 0x19
 884 0336 01       		.byte	0x1
 885 0337 1C020000 		.4byte	.LASF40
 886 033b 01       		.byte	0x1
 887 033c 65       		.byte	0x65
 888 033d 06       		.byte	0x6
 889 033e 01       		.byte	0x1
 890 033f 1C000000 		.4byte	.LFB30
 891 0343 8C000000 		.4byte	.LFE30
 892 0347 38010000 		.4byte	.LLST0
 893 034b 01       		.byte	0x1
 894 034c 73030000 		.4byte	0x373
 895 0350 17       		.uleb128 0x17
 896 0351 C0000000 		.4byte	.LASF39
 897 0355 01       		.byte	0x1
 898 0356 65       		.byte	0x65
 899 0357 22       		.byte	0x22
 900 0358 2F030000 		.4byte	0x32f
 901 035c 01       		.byte	0x1
 902 035d 50       		.byte	0x50
ARM GAS  /tmp/ccuVcYKc.s 			page 22


 903 035e 1A       		.uleb128 0x1a
 904 035f 746D7000 		.ascii	"tmp\000"
 905 0363 01       		.byte	0x1
 906 0364 67       		.byte	0x67
 907 0365 0C       		.byte	0xc
 908 0366 77000000 		.4byte	0x77
 909 036a 68010000 		.4byte	.LLST1
 910 036e 58010000 		.4byte	.LVUS1
 911 0372 00       		.byte	0
 912 0373 1B       		.uleb128 0x1b
 913 0374 01       		.byte	0x1
 914 0375 41030000 		.4byte	.LASF46
 915 0379 01       		.byte	0x1
 916 037a 55       		.byte	0x55
 917 037b 06       		.byte	0x6
 918 037c 01       		.byte	0x1
 919 037d 00000000 		.4byte	.LFB29
 920 0381 1C000000 		.4byte	.LFE29
 921 0385 02       		.byte	0x2
 922 0386 7D       		.byte	0x7d
 923 0387 00       		.sleb128 0
 924 0388 01       		.byte	0x1
 925 0389 1C       		.uleb128 0x1c
 926 038a 7A020000 		.4byte	0x27a
 927 038e BC000000 		.4byte	.LFB34
 928 0392 C8000000 		.4byte	.LFE34
 929 0396 02       		.byte	0x2
 930 0397 7D       		.byte	0x7d
 931 0398 00       		.sleb128 0
 932 0399 01       		.byte	0x1
 933 039a 1D       		.uleb128 0x1d
 934 039b 89020000 		.4byte	0x289
 935 039f 01       		.byte	0x1
 936 03a0 50       		.byte	0x50
 937 03a1 00       		.byte	0
 938 03a2 00       		.byte	0
 939              		.section	.debug_abbrev,"",%progbits
 940              	.Ldebug_abbrev0:
 941 0000 01       		.uleb128 0x1
 942 0001 11       		.uleb128 0x11
 943 0002 01       		.byte	0x1
 944 0003 25       		.uleb128 0x25
 945 0004 0E       		.uleb128 0xe
 946 0005 13       		.uleb128 0x13
 947 0006 0B       		.uleb128 0xb
 948 0007 03       		.uleb128 0x3
 949 0008 0E       		.uleb128 0xe
 950 0009 1B       		.uleb128 0x1b
 951 000a 0E       		.uleb128 0xe
 952 000b 11       		.uleb128 0x11
 953 000c 01       		.uleb128 0x1
 954 000d 12       		.uleb128 0x12
 955 000e 01       		.uleb128 0x1
 956 000f 10       		.uleb128 0x10
 957 0010 06       		.uleb128 0x6
 958 0011 00       		.byte	0
 959 0012 00       		.byte	0
ARM GAS  /tmp/ccuVcYKc.s 			page 23


 960 0013 02       		.uleb128 0x2
 961 0014 24       		.uleb128 0x24
 962 0015 00       		.byte	0
 963 0016 0B       		.uleb128 0xb
 964 0017 0B       		.uleb128 0xb
 965 0018 3E       		.uleb128 0x3e
 966 0019 0B       		.uleb128 0xb
 967 001a 03       		.uleb128 0x3
 968 001b 0E       		.uleb128 0xe
 969 001c 00       		.byte	0
 970 001d 00       		.byte	0
 971 001e 03       		.uleb128 0x3
 972 001f 16       		.uleb128 0x16
 973 0020 00       		.byte	0
 974 0021 03       		.uleb128 0x3
 975 0022 0E       		.uleb128 0xe
 976 0023 3A       		.uleb128 0x3a
 977 0024 0B       		.uleb128 0xb
 978 0025 3B       		.uleb128 0x3b
 979 0026 0B       		.uleb128 0xb
 980 0027 39       		.uleb128 0x39
 981 0028 0B       		.uleb128 0xb
 982 0029 49       		.uleb128 0x49
 983 002a 13       		.uleb128 0x13
 984 002b 00       		.byte	0
 985 002c 00       		.byte	0
 986 002d 04       		.uleb128 0x4
 987 002e 24       		.uleb128 0x24
 988 002f 00       		.byte	0
 989 0030 0B       		.uleb128 0xb
 990 0031 0B       		.uleb128 0xb
 991 0032 3E       		.uleb128 0x3e
 992 0033 0B       		.uleb128 0xb
 993 0034 03       		.uleb128 0x3
 994 0035 08       		.uleb128 0x8
 995 0036 00       		.byte	0
 996 0037 00       		.byte	0
 997 0038 05       		.uleb128 0x5
 998 0039 35       		.uleb128 0x35
 999 003a 00       		.byte	0
 1000 003b 49       		.uleb128 0x49
 1001 003c 13       		.uleb128 0x13
 1002 003d 00       		.byte	0
 1003 003e 00       		.byte	0
 1004 003f 06       		.uleb128 0x6
 1005 0040 04       		.uleb128 0x4
 1006 0041 01       		.byte	0x1
 1007 0042 3E       		.uleb128 0x3e
 1008 0043 0B       		.uleb128 0xb
 1009 0044 0B       		.uleb128 0xb
 1010 0045 0B       		.uleb128 0xb
 1011 0046 49       		.uleb128 0x49
 1012 0047 13       		.uleb128 0x13
 1013 0048 3A       		.uleb128 0x3a
 1014 0049 0B       		.uleb128 0xb
 1015 004a 3B       		.uleb128 0x3b
 1016 004b 05       		.uleb128 0x5
ARM GAS  /tmp/ccuVcYKc.s 			page 24


 1017 004c 39       		.uleb128 0x39
 1018 004d 0B       		.uleb128 0xb
 1019 004e 01       		.uleb128 0x1
 1020 004f 13       		.uleb128 0x13
 1021 0050 00       		.byte	0
 1022 0051 00       		.byte	0
 1023 0052 07       		.uleb128 0x7
 1024 0053 28       		.uleb128 0x28
 1025 0054 00       		.byte	0
 1026 0055 03       		.uleb128 0x3
 1027 0056 0E       		.uleb128 0xe
 1028 0057 1C       		.uleb128 0x1c
 1029 0058 0B       		.uleb128 0xb
 1030 0059 00       		.byte	0
 1031 005a 00       		.byte	0
 1032 005b 08       		.uleb128 0x8
 1033 005c 28       		.uleb128 0x28
 1034 005d 00       		.byte	0
 1035 005e 03       		.uleb128 0x3
 1036 005f 08       		.uleb128 0x8
 1037 0060 1C       		.uleb128 0x1c
 1038 0061 0B       		.uleb128 0xb
 1039 0062 00       		.byte	0
 1040 0063 00       		.byte	0
 1041 0064 09       		.uleb128 0x9
 1042 0065 16       		.uleb128 0x16
 1043 0066 00       		.byte	0
 1044 0067 03       		.uleb128 0x3
 1045 0068 0E       		.uleb128 0xe
 1046 0069 3A       		.uleb128 0x3a
 1047 006a 0B       		.uleb128 0xb
 1048 006b 3B       		.uleb128 0x3b
 1049 006c 05       		.uleb128 0x5
 1050 006d 39       		.uleb128 0x39
 1051 006e 0B       		.uleb128 0xb
 1052 006f 49       		.uleb128 0x49
 1053 0070 13       		.uleb128 0x13
 1054 0071 00       		.byte	0
 1055 0072 00       		.byte	0
 1056 0073 0A       		.uleb128 0xa
 1057 0074 13       		.uleb128 0x13
 1058 0075 01       		.byte	0x1
 1059 0076 0B       		.uleb128 0xb
 1060 0077 0B       		.uleb128 0xb
 1061 0078 3A       		.uleb128 0x3a
 1062 0079 0B       		.uleb128 0xb
 1063 007a 3B       		.uleb128 0x3b
 1064 007b 05       		.uleb128 0x5
 1065 007c 39       		.uleb128 0x39
 1066 007d 0B       		.uleb128 0xb
 1067 007e 01       		.uleb128 0x1
 1068 007f 13       		.uleb128 0x13
 1069 0080 00       		.byte	0
 1070 0081 00       		.byte	0
 1071 0082 0B       		.uleb128 0xb
 1072 0083 0D       		.uleb128 0xd
 1073 0084 00       		.byte	0
ARM GAS  /tmp/ccuVcYKc.s 			page 25


 1074 0085 03       		.uleb128 0x3
 1075 0086 08       		.uleb128 0x8
 1076 0087 3A       		.uleb128 0x3a
 1077 0088 0B       		.uleb128 0xb
 1078 0089 3B       		.uleb128 0x3b
 1079 008a 05       		.uleb128 0x5
 1080 008b 39       		.uleb128 0x39
 1081 008c 0B       		.uleb128 0xb
 1082 008d 49       		.uleb128 0x49
 1083 008e 13       		.uleb128 0x13
 1084 008f 38       		.uleb128 0x38
 1085 0090 0A       		.uleb128 0xa
 1086 0091 00       		.byte	0
 1087 0092 00       		.byte	0
 1088 0093 0C       		.uleb128 0xc
 1089 0094 0D       		.uleb128 0xd
 1090 0095 00       		.byte	0
 1091 0096 03       		.uleb128 0x3
 1092 0097 0E       		.uleb128 0xe
 1093 0098 3A       		.uleb128 0x3a
 1094 0099 0B       		.uleb128 0xb
 1095 009a 3B       		.uleb128 0x3b
 1096 009b 05       		.uleb128 0x5
 1097 009c 39       		.uleb128 0x39
 1098 009d 0B       		.uleb128 0xb
 1099 009e 49       		.uleb128 0x49
 1100 009f 13       		.uleb128 0x13
 1101 00a0 38       		.uleb128 0x38
 1102 00a1 0A       		.uleb128 0xa
 1103 00a2 00       		.byte	0
 1104 00a3 00       		.byte	0
 1105 00a4 0D       		.uleb128 0xd
 1106 00a5 04       		.uleb128 0x4
 1107 00a6 01       		.byte	0x1
 1108 00a7 3E       		.uleb128 0x3e
 1109 00a8 0B       		.uleb128 0xb
 1110 00a9 0B       		.uleb128 0xb
 1111 00aa 0B       		.uleb128 0xb
 1112 00ab 49       		.uleb128 0x49
 1113 00ac 13       		.uleb128 0x13
 1114 00ad 3A       		.uleb128 0x3a
 1115 00ae 0B       		.uleb128 0xb
 1116 00af 3B       		.uleb128 0x3b
 1117 00b0 0B       		.uleb128 0xb
 1118 00b1 39       		.uleb128 0x39
 1119 00b2 0B       		.uleb128 0xb
 1120 00b3 01       		.uleb128 0x1
 1121 00b4 13       		.uleb128 0x13
 1122 00b5 00       		.byte	0
 1123 00b6 00       		.byte	0
 1124 00b7 0E       		.uleb128 0xe
 1125 00b8 13       		.uleb128 0x13
 1126 00b9 01       		.byte	0x1
 1127 00ba 0B       		.uleb128 0xb
 1128 00bb 0B       		.uleb128 0xb
 1129 00bc 3A       		.uleb128 0x3a
 1130 00bd 0B       		.uleb128 0xb
ARM GAS  /tmp/ccuVcYKc.s 			page 26


 1131 00be 3B       		.uleb128 0x3b
 1132 00bf 0B       		.uleb128 0xb
 1133 00c0 39       		.uleb128 0x39
 1134 00c1 0B       		.uleb128 0xb
 1135 00c2 01       		.uleb128 0x1
 1136 00c3 13       		.uleb128 0x13
 1137 00c4 00       		.byte	0
 1138 00c5 00       		.byte	0
 1139 00c6 0F       		.uleb128 0xf
 1140 00c7 0D       		.uleb128 0xd
 1141 00c8 00       		.byte	0
 1142 00c9 03       		.uleb128 0x3
 1143 00ca 0E       		.uleb128 0xe
 1144 00cb 3A       		.uleb128 0x3a
 1145 00cc 0B       		.uleb128 0xb
 1146 00cd 3B       		.uleb128 0x3b
 1147 00ce 0B       		.uleb128 0xb
 1148 00cf 39       		.uleb128 0x39
 1149 00d0 0B       		.uleb128 0xb
 1150 00d1 49       		.uleb128 0x49
 1151 00d2 13       		.uleb128 0x13
 1152 00d3 38       		.uleb128 0x38
 1153 00d4 0A       		.uleb128 0xa
 1154 00d5 00       		.byte	0
 1155 00d6 00       		.byte	0
 1156 00d7 10       		.uleb128 0x10
 1157 00d8 2E       		.uleb128 0x2e
 1158 00d9 01       		.byte	0x1
 1159 00da 3F       		.uleb128 0x3f
 1160 00db 0C       		.uleb128 0xc
 1161 00dc 03       		.uleb128 0x3
 1162 00dd 0E       		.uleb128 0xe
 1163 00de 3A       		.uleb128 0x3a
 1164 00df 0B       		.uleb128 0xb
 1165 00e0 3B       		.uleb128 0x3b
 1166 00e1 0B       		.uleb128 0xb
 1167 00e2 39       		.uleb128 0x39
 1168 00e3 0B       		.uleb128 0xb
 1169 00e4 27       		.uleb128 0x27
 1170 00e5 0C       		.uleb128 0xc
 1171 00e6 01       		.uleb128 0x1
 1172 00e7 13       		.uleb128 0x13
 1173 00e8 00       		.byte	0
 1174 00e9 00       		.byte	0
 1175 00ea 11       		.uleb128 0x11
 1176 00eb 05       		.uleb128 0x5
 1177 00ec 00       		.byte	0
 1178 00ed 03       		.uleb128 0x3
 1179 00ee 0E       		.uleb128 0xe
 1180 00ef 3A       		.uleb128 0x3a
 1181 00f0 0B       		.uleb128 0xb
 1182 00f1 3B       		.uleb128 0x3b
 1183 00f2 0B       		.uleb128 0xb
 1184 00f3 39       		.uleb128 0x39
 1185 00f4 0B       		.uleb128 0xb
 1186 00f5 49       		.uleb128 0x49
 1187 00f6 13       		.uleb128 0x13
ARM GAS  /tmp/ccuVcYKc.s 			page 27


 1188 00f7 00       		.byte	0
 1189 00f8 00       		.byte	0
 1190 00f9 12       		.uleb128 0x12
 1191 00fa 2E       		.uleb128 0x2e
 1192 00fb 01       		.byte	0x1
 1193 00fc 3F       		.uleb128 0x3f
 1194 00fd 0C       		.uleb128 0xc
 1195 00fe 03       		.uleb128 0x3
 1196 00ff 0E       		.uleb128 0xe
 1197 0100 3A       		.uleb128 0x3a
 1198 0101 0B       		.uleb128 0xb
 1199 0102 3B       		.uleb128 0x3b
 1200 0103 0B       		.uleb128 0xb
 1201 0104 39       		.uleb128 0x39
 1202 0105 0B       		.uleb128 0xb
 1203 0106 27       		.uleb128 0x27
 1204 0107 0C       		.uleb128 0xc
 1205 0108 49       		.uleb128 0x49
 1206 0109 13       		.uleb128 0x13
 1207 010a 11       		.uleb128 0x11
 1208 010b 01       		.uleb128 0x1
 1209 010c 12       		.uleb128 0x12
 1210 010d 01       		.uleb128 0x1
 1211 010e 40       		.uleb128 0x40
 1212 010f 0A       		.uleb128 0xa
 1213 0110 9742     		.uleb128 0x2117
 1214 0112 0C       		.uleb128 0xc
 1215 0113 01       		.uleb128 0x1
 1216 0114 13       		.uleb128 0x13
 1217 0115 00       		.byte	0
 1218 0116 00       		.byte	0
 1219 0117 13       		.uleb128 0x13
 1220 0118 05       		.uleb128 0x5
 1221 0119 00       		.byte	0
 1222 011a 03       		.uleb128 0x3
 1223 011b 0E       		.uleb128 0xe
 1224 011c 3A       		.uleb128 0x3a
 1225 011d 0B       		.uleb128 0xb
 1226 011e 3B       		.uleb128 0x3b
 1227 011f 0B       		.uleb128 0xb
 1228 0120 39       		.uleb128 0x39
 1229 0121 0B       		.uleb128 0xb
 1230 0122 49       		.uleb128 0x49
 1231 0123 13       		.uleb128 0x13
 1232 0124 02       		.uleb128 0x2
 1233 0125 06       		.uleb128 0x6
 1234 0126 B742     		.uleb128 0x2137
 1235 0128 06       		.uleb128 0x6
 1236 0129 00       		.byte	0
 1237 012a 00       		.byte	0
 1238 012b 14       		.uleb128 0x14
 1239 012c 34       		.uleb128 0x34
 1240 012d 00       		.byte	0
 1241 012e 03       		.uleb128 0x3
 1242 012f 0E       		.uleb128 0xe
 1243 0130 3A       		.uleb128 0x3a
 1244 0131 0B       		.uleb128 0xb
ARM GAS  /tmp/ccuVcYKc.s 			page 28


 1245 0132 3B       		.uleb128 0x3b
 1246 0133 0B       		.uleb128 0xb
 1247 0134 39       		.uleb128 0x39
 1248 0135 0B       		.uleb128 0xb
 1249 0136 49       		.uleb128 0x49
 1250 0137 13       		.uleb128 0x13
 1251 0138 02       		.uleb128 0x2
 1252 0139 06       		.uleb128 0x6
 1253 013a B742     		.uleb128 0x2137
 1254 013c 06       		.uleb128 0x6
 1255 013d 00       		.byte	0
 1256 013e 00       		.byte	0
 1257 013f 15       		.uleb128 0x15
 1258 0140 2E       		.uleb128 0x2e
 1259 0141 01       		.byte	0x1
 1260 0142 3F       		.uleb128 0x3f
 1261 0143 0C       		.uleb128 0xc
 1262 0144 03       		.uleb128 0x3
 1263 0145 0E       		.uleb128 0xe
 1264 0146 3A       		.uleb128 0x3a
 1265 0147 0B       		.uleb128 0xb
 1266 0148 3B       		.uleb128 0x3b
 1267 0149 0B       		.uleb128 0xb
 1268 014a 39       		.uleb128 0x39
 1269 014b 0B       		.uleb128 0xb
 1270 014c 27       		.uleb128 0x27
 1271 014d 0C       		.uleb128 0xc
 1272 014e 20       		.uleb128 0x20
 1273 014f 0B       		.uleb128 0xb
 1274 0150 01       		.uleb128 0x1
 1275 0151 13       		.uleb128 0x13
 1276 0152 00       		.byte	0
 1277 0153 00       		.byte	0
 1278 0154 16       		.uleb128 0x16
 1279 0155 2E       		.uleb128 0x2e
 1280 0156 01       		.byte	0x1
 1281 0157 3F       		.uleb128 0x3f
 1282 0158 0C       		.uleb128 0xc
 1283 0159 03       		.uleb128 0x3
 1284 015a 0E       		.uleb128 0xe
 1285 015b 3A       		.uleb128 0x3a
 1286 015c 0B       		.uleb128 0xb
 1287 015d 3B       		.uleb128 0x3b
 1288 015e 0B       		.uleb128 0xb
 1289 015f 39       		.uleb128 0x39
 1290 0160 0B       		.uleb128 0xb
 1291 0161 27       		.uleb128 0x27
 1292 0162 0C       		.uleb128 0xc
 1293 0163 11       		.uleb128 0x11
 1294 0164 01       		.uleb128 0x1
 1295 0165 12       		.uleb128 0x12
 1296 0166 01       		.uleb128 0x1
 1297 0167 40       		.uleb128 0x40
 1298 0168 0A       		.uleb128 0xa
 1299 0169 9742     		.uleb128 0x2117
 1300 016b 0C       		.uleb128 0xc
 1301 016c 01       		.uleb128 0x1
ARM GAS  /tmp/ccuVcYKc.s 			page 29


 1302 016d 13       		.uleb128 0x13
 1303 016e 00       		.byte	0
 1304 016f 00       		.byte	0
 1305 0170 17       		.uleb128 0x17
 1306 0171 05       		.uleb128 0x5
 1307 0172 00       		.byte	0
 1308 0173 03       		.uleb128 0x3
 1309 0174 0E       		.uleb128 0xe
 1310 0175 3A       		.uleb128 0x3a
 1311 0176 0B       		.uleb128 0xb
 1312 0177 3B       		.uleb128 0x3b
 1313 0178 0B       		.uleb128 0xb
 1314 0179 39       		.uleb128 0x39
 1315 017a 0B       		.uleb128 0xb
 1316 017b 49       		.uleb128 0x49
 1317 017c 13       		.uleb128 0x13
 1318 017d 02       		.uleb128 0x2
 1319 017e 0A       		.uleb128 0xa
 1320 017f 00       		.byte	0
 1321 0180 00       		.byte	0
 1322 0181 18       		.uleb128 0x18
 1323 0182 0F       		.uleb128 0xf
 1324 0183 00       		.byte	0
 1325 0184 0B       		.uleb128 0xb
 1326 0185 0B       		.uleb128 0xb
 1327 0186 49       		.uleb128 0x49
 1328 0187 13       		.uleb128 0x13
 1329 0188 00       		.byte	0
 1330 0189 00       		.byte	0
 1331 018a 19       		.uleb128 0x19
 1332 018b 2E       		.uleb128 0x2e
 1333 018c 01       		.byte	0x1
 1334 018d 3F       		.uleb128 0x3f
 1335 018e 0C       		.uleb128 0xc
 1336 018f 03       		.uleb128 0x3
 1337 0190 0E       		.uleb128 0xe
 1338 0191 3A       		.uleb128 0x3a
 1339 0192 0B       		.uleb128 0xb
 1340 0193 3B       		.uleb128 0x3b
 1341 0194 0B       		.uleb128 0xb
 1342 0195 39       		.uleb128 0x39
 1343 0196 0B       		.uleb128 0xb
 1344 0197 27       		.uleb128 0x27
 1345 0198 0C       		.uleb128 0xc
 1346 0199 11       		.uleb128 0x11
 1347 019a 01       		.uleb128 0x1
 1348 019b 12       		.uleb128 0x12
 1349 019c 01       		.uleb128 0x1
 1350 019d 40       		.uleb128 0x40
 1351 019e 06       		.uleb128 0x6
 1352 019f 9742     		.uleb128 0x2117
 1353 01a1 0C       		.uleb128 0xc
 1354 01a2 01       		.uleb128 0x1
 1355 01a3 13       		.uleb128 0x13
 1356 01a4 00       		.byte	0
 1357 01a5 00       		.byte	0
 1358 01a6 1A       		.uleb128 0x1a
ARM GAS  /tmp/ccuVcYKc.s 			page 30


 1359 01a7 34       		.uleb128 0x34
 1360 01a8 00       		.byte	0
 1361 01a9 03       		.uleb128 0x3
 1362 01aa 08       		.uleb128 0x8
 1363 01ab 3A       		.uleb128 0x3a
 1364 01ac 0B       		.uleb128 0xb
 1365 01ad 3B       		.uleb128 0x3b
 1366 01ae 0B       		.uleb128 0xb
 1367 01af 39       		.uleb128 0x39
 1368 01b0 0B       		.uleb128 0xb
 1369 01b1 49       		.uleb128 0x49
 1370 01b2 13       		.uleb128 0x13
 1371 01b3 02       		.uleb128 0x2
 1372 01b4 06       		.uleb128 0x6
 1373 01b5 B742     		.uleb128 0x2137
 1374 01b7 06       		.uleb128 0x6
 1375 01b8 00       		.byte	0
 1376 01b9 00       		.byte	0
 1377 01ba 1B       		.uleb128 0x1b
 1378 01bb 2E       		.uleb128 0x2e
 1379 01bc 00       		.byte	0
 1380 01bd 3F       		.uleb128 0x3f
 1381 01be 0C       		.uleb128 0xc
 1382 01bf 03       		.uleb128 0x3
 1383 01c0 0E       		.uleb128 0xe
 1384 01c1 3A       		.uleb128 0x3a
 1385 01c2 0B       		.uleb128 0xb
 1386 01c3 3B       		.uleb128 0x3b
 1387 01c4 0B       		.uleb128 0xb
 1388 01c5 39       		.uleb128 0x39
 1389 01c6 0B       		.uleb128 0xb
 1390 01c7 27       		.uleb128 0x27
 1391 01c8 0C       		.uleb128 0xc
 1392 01c9 11       		.uleb128 0x11
 1393 01ca 01       		.uleb128 0x1
 1394 01cb 12       		.uleb128 0x12
 1395 01cc 01       		.uleb128 0x1
 1396 01cd 40       		.uleb128 0x40
 1397 01ce 0A       		.uleb128 0xa
 1398 01cf 9742     		.uleb128 0x2117
 1399 01d1 0C       		.uleb128 0xc
 1400 01d2 00       		.byte	0
 1401 01d3 00       		.byte	0
 1402 01d4 1C       		.uleb128 0x1c
 1403 01d5 2E       		.uleb128 0x2e
 1404 01d6 01       		.byte	0x1
 1405 01d7 31       		.uleb128 0x31
 1406 01d8 13       		.uleb128 0x13
 1407 01d9 11       		.uleb128 0x11
 1408 01da 01       		.uleb128 0x1
 1409 01db 12       		.uleb128 0x12
 1410 01dc 01       		.uleb128 0x1
 1411 01dd 40       		.uleb128 0x40
 1412 01de 0A       		.uleb128 0xa
 1413 01df 9742     		.uleb128 0x2117
 1414 01e1 0C       		.uleb128 0xc
 1415 01e2 00       		.byte	0
ARM GAS  /tmp/ccuVcYKc.s 			page 31


 1416 01e3 00       		.byte	0
 1417 01e4 1D       		.uleb128 0x1d
 1418 01e5 05       		.uleb128 0x5
 1419 01e6 00       		.byte	0
 1420 01e7 31       		.uleb128 0x31
 1421 01e8 13       		.uleb128 0x13
 1422 01e9 02       		.uleb128 0x2
 1423 01ea 0A       		.uleb128 0xa
 1424 01eb 00       		.byte	0
 1425 01ec 00       		.byte	0
 1426 01ed 00       		.byte	0
 1427              		.section	.debug_loc,"",%progbits
 1428              	.Ldebug_loc0:
 1429              	.LVUS4:
 1430 0000 00       		.uleb128 0
 1431 0001 00       		.uleb128 .LVU107
 1432 0002 00       		.uleb128 .LVU107
 1433 0003 00       		.uleb128 0
 1434              	.LLST4:
 1435 0004 C8000000 		.4byte	.LVL15-.Ltext0
 1436 0008 DC000000 		.4byte	.LVL18-.Ltext0
 1437 000c 0100     		.2byte	0x1
 1438 000e 50       		.byte	0x50
 1439 000f DC000000 		.4byte	.LVL18-.Ltext0
 1440 0013 E8000000 		.4byte	.LFE35-.Ltext0
 1441 0017 0A00     		.2byte	0xa
 1442 0019 F3       		.byte	0xf3
 1443 001a 03       		.uleb128 0x3
 1444 001b F5       		.byte	0xf5
 1445 001c 00       		.uleb128 0
 1446 001d 25       		.uleb128 0x25
 1447 001e F7       		.byte	0xf7
 1448 001f 2C       		.uleb128 0x2c
 1449 0020 F7       		.byte	0xf7
 1450 0021 00       		.uleb128 0
 1451 0022 9F       		.byte	0x9f
 1452 0023 00000000 		.4byte	0
 1453 0027 00000000 		.4byte	0
 1454              	.LVUS5:
 1455 002b 02       		.uleb128 .LVU97
 1456 002c 00       		.uleb128 .LVU103
 1457 002d 00       		.uleb128 .LVU103
 1458 002e 00       		.uleb128 .LVU107
 1459 002f 00       		.uleb128 .LVU107
 1460 0030 00       		.uleb128 0
 1461              	.LLST5:
 1462 0031 C8000000 		.4byte	.LVL15-.Ltext0
 1463 0035 CE000000 		.4byte	.LVL17-.Ltext0
 1464 0039 0200     		.2byte	0x2
 1465 003b 30       		.byte	0x30
 1466 003c 9F       		.byte	0x9f
 1467 003d CE000000 		.4byte	.LVL17-.Ltext0
 1468 0041 DC000000 		.4byte	.LVL18-.Ltext0
 1469 0045 1000     		.2byte	0x10
 1470 0047 71       		.byte	0x71
 1471 0048 00       		.sleb128 0
 1472 0049 70       		.byte	0x70
ARM GAS  /tmp/ccuVcYKc.s 			page 32


 1473 004a 00       		.sleb128 0
 1474 004b 1A       		.byte	0x1a
 1475 004c 30       		.byte	0x30
 1476 004d 2E       		.byte	0x2e
 1477 004e 72       		.byte	0x72
 1478 004f 00       		.sleb128 0
 1479 0050 70       		.byte	0x70
 1480 0051 00       		.sleb128 0
 1481 0052 1A       		.byte	0x1a
 1482 0053 30       		.byte	0x30
 1483 0054 2E       		.byte	0x2e
 1484 0055 1A       		.byte	0x1a
 1485 0056 9F       		.byte	0x9f
 1486 0057 DC000000 		.4byte	.LVL18-.Ltext0
 1487 005b E8000000 		.4byte	.LFE35-.Ltext0
 1488 005f 1E00     		.2byte	0x1e
 1489 0061 71       		.byte	0x71
 1490 0062 00       		.sleb128 0
 1491 0063 F3       		.byte	0xf3
 1492 0064 03       		.uleb128 0x3
 1493 0065 F5       		.byte	0xf5
 1494 0066 00       		.uleb128 0
 1495 0067 25       		.uleb128 0x25
 1496 0068 F7       		.byte	0xf7
 1497 0069 2C       		.uleb128 0x2c
 1498 006a F7       		.byte	0xf7
 1499 006b 00       		.uleb128 0
 1500 006c 1A       		.byte	0x1a
 1501 006d 30       		.byte	0x30
 1502 006e 2E       		.byte	0x2e
 1503 006f 72       		.byte	0x72
 1504 0070 00       		.sleb128 0
 1505 0071 F3       		.byte	0xf3
 1506 0072 03       		.uleb128 0x3
 1507 0073 F5       		.byte	0xf5
 1508 0074 00       		.uleb128 0
 1509 0075 25       		.uleb128 0x25
 1510 0076 F7       		.byte	0xf7
 1511 0077 2C       		.uleb128 0x2c
 1512 0078 F7       		.byte	0xf7
 1513 0079 00       		.uleb128 0
 1514 007a 1A       		.byte	0x1a
 1515 007b 30       		.byte	0x30
 1516 007c 2E       		.byte	0x2e
 1517 007d 1A       		.byte	0x1a
 1518 007e 9F       		.byte	0x9f
 1519 007f 00000000 		.4byte	0
 1520 0083 00000000 		.4byte	0
 1521              	.LVUS6:
 1522 0087 03       		.uleb128 .LVU98
 1523 0088 00       		.uleb128 .LVU101
 1524 0089 00       		.uleb128 .LVU101
 1525 008a 00       		.uleb128 .LVU107
 1526 008b 00       		.uleb128 .LVU107
 1527 008c 00       		.uleb128 0
 1528              	.LLST6:
 1529 008d C8000000 		.4byte	.LVL15-.Ltext0
ARM GAS  /tmp/ccuVcYKc.s 			page 33


 1530 0091 CC000000 		.4byte	.LVL16-.Ltext0
 1531 0095 0200     		.2byte	0x2
 1532 0097 30       		.byte	0x30
 1533 0098 9F       		.byte	0x9f
 1534 0099 CC000000 		.4byte	.LVL16-.Ltext0
 1535 009d DC000000 		.4byte	.LVL18-.Ltext0
 1536 00a1 0600     		.2byte	0x6
 1537 00a3 71       		.byte	0x71
 1538 00a4 00       		.sleb128 0
 1539 00a5 70       		.byte	0x70
 1540 00a6 00       		.sleb128 0
 1541 00a7 1A       		.byte	0x1a
 1542 00a8 9F       		.byte	0x9f
 1543 00a9 DC000000 		.4byte	.LVL18-.Ltext0
 1544 00ad E8000000 		.4byte	.LFE35-.Ltext0
 1545 00b1 0D00     		.2byte	0xd
 1546 00b3 71       		.byte	0x71
 1547 00b4 00       		.sleb128 0
 1548 00b5 F3       		.byte	0xf3
 1549 00b6 03       		.uleb128 0x3
 1550 00b7 F5       		.byte	0xf5
 1551 00b8 00       		.uleb128 0
 1552 00b9 25       		.uleb128 0x25
 1553 00ba F7       		.byte	0xf7
 1554 00bb 2C       		.uleb128 0x2c
 1555 00bc F7       		.byte	0xf7
 1556 00bd 00       		.uleb128 0
 1557 00be 1A       		.byte	0x1a
 1558 00bf 9F       		.byte	0x9f
 1559 00c0 00000000 		.4byte	0
 1560 00c4 00000000 		.4byte	0
 1561              	.LVUS2:
 1562 00c8 00       		.uleb128 0
 1563 00c9 00       		.uleb128 .LVU89
 1564 00ca 00       		.uleb128 .LVU89
 1565 00cb 00       		.uleb128 0
 1566              	.LLST2:
 1567 00cc A8000000 		.4byte	.LVL11-.Ltext0
 1568 00d0 B2000000 		.4byte	.LVL13-.Ltext0
 1569 00d4 0100     		.2byte	0x1
 1570 00d6 50       		.byte	0x50
 1571 00d7 B2000000 		.4byte	.LVL13-.Ltext0
 1572 00db BC000000 		.4byte	.LFE33-.Ltext0
 1573 00df 0A00     		.2byte	0xa
 1574 00e1 F3       		.byte	0xf3
 1575 00e2 03       		.uleb128 0x3
 1576 00e3 F5       		.byte	0xf5
 1577 00e4 00       		.uleb128 0
 1578 00e5 25       		.uleb128 0x25
 1579 00e6 F7       		.byte	0xf7
 1580 00e7 2C       		.uleb128 0x2c
 1581 00e8 F7       		.byte	0xf7
 1582 00e9 00       		.uleb128 0
 1583 00ea 9F       		.byte	0x9f
 1584 00eb 00000000 		.4byte	0
 1585 00ef 00000000 		.4byte	0
 1586              	.LVUS3:
ARM GAS  /tmp/ccuVcYKc.s 			page 34


 1587 00f3 02       		.uleb128 .LVU83
 1588 00f4 00       		.uleb128 .LVU86
 1589 00f5 00       		.uleb128 .LVU86
 1590 00f6 00       		.uleb128 .LVU89
 1591 00f7 00       		.uleb128 .LVU89
 1592 00f8 00       		.uleb128 0
 1593              	.LLST3:
 1594 00f9 A8000000 		.4byte	.LVL11-.Ltext0
 1595 00fd AC000000 		.4byte	.LVL12-.Ltext0
 1596 0101 0200     		.2byte	0x2
 1597 0103 30       		.byte	0x30
 1598 0104 9F       		.byte	0x9f
 1599 0105 AC000000 		.4byte	.LVL12-.Ltext0
 1600 0109 B2000000 		.4byte	.LVL13-.Ltext0
 1601 010d 0800     		.2byte	0x8
 1602 010f 73       		.byte	0x73
 1603 0110 00       		.sleb128 0
 1604 0111 70       		.byte	0x70
 1605 0112 00       		.sleb128 0
 1606 0113 1A       		.byte	0x1a
 1607 0114 30       		.byte	0x30
 1608 0115 2E       		.byte	0x2e
 1609 0116 9F       		.byte	0x9f
 1610 0117 B2000000 		.4byte	.LVL13-.Ltext0
 1611 011b BC000000 		.4byte	.LFE33-.Ltext0
 1612 011f 0F00     		.2byte	0xf
 1613 0121 73       		.byte	0x73
 1614 0122 00       		.sleb128 0
 1615 0123 F3       		.byte	0xf3
 1616 0124 03       		.uleb128 0x3
 1617 0125 F5       		.byte	0xf5
 1618 0126 00       		.uleb128 0
 1619 0127 25       		.uleb128 0x25
 1620 0128 F7       		.byte	0xf7
 1621 0129 2C       		.uleb128 0x2c
 1622 012a F7       		.byte	0xf7
 1623 012b 00       		.uleb128 0
 1624 012c 1A       		.byte	0x1a
 1625 012d 30       		.byte	0x30
 1626 012e 2E       		.byte	0x2e
 1627 012f 9F       		.byte	0x9f
 1628 0130 00000000 		.4byte	0
 1629 0134 00000000 		.4byte	0
 1630              	.LLST0:
 1631 0138 1C000000 		.4byte	.LFB30-.Ltext0
 1632 013c 26000000 		.4byte	.LCFI0-.Ltext0
 1633 0140 0200     		.2byte	0x2
 1634 0142 7D       		.byte	0x7d
 1635 0143 00       		.sleb128 0
 1636 0144 26000000 		.4byte	.LCFI0-.Ltext0
 1637 0148 8C000000 		.4byte	.LFE30-.Ltext0
 1638 014c 0200     		.2byte	0x2
 1639 014e 7D       		.byte	0x7d
 1640 014f 08       		.sleb128 8
 1641 0150 00000000 		.4byte	0
 1642 0154 00000000 		.4byte	0
 1643              	.LVUS1:
ARM GAS  /tmp/ccuVcYKc.s 			page 35


 1644 0158 07       		.uleb128 .LVU19
 1645 0159 01       		.uleb128 .LVU34
 1646 015a 01       		.uleb128 .LVU34
 1647 015b 00       		.uleb128 .LVU36
 1648 015c 01       		.uleb128 .LVU54
 1649 015d 02       		.uleb128 .LVU55
 1650 015e 02       		.uleb128 .LVU55
 1651 015f 00       		.uleb128 .LVU58
 1652 0160 00       		.uleb128 .LVU58
 1653 0161 00       		.uleb128 .LVU59
 1654 0162 00       		.uleb128 .LVU59
 1655 0163 00       		.uleb128 .LVU60
 1656 0164 00       		.uleb128 .LVU60
 1657 0165 01       		.uleb128 .LVU61
 1658 0166 01       		.uleb128 .LVU61
 1659 0167 00       		.uleb128 .LVU63
 1660              	.LLST1:
 1661 0168 1C000000 		.4byte	.LVL0-.Ltext0
 1662 016c 40000000 		.4byte	.LVL1-.Ltext0
 1663 0170 0600     		.2byte	0x6
 1664 0172 0C       		.byte	0xc
 1665 0173 00040140 		.4byte	0x40010400
 1666 0177 9F       		.byte	0x9f
 1667 0178 40000000 		.4byte	.LVL1-.Ltext0
 1668 017c 46000000 		.4byte	.LVL2-.Ltext0
 1669 0180 0E00     		.2byte	0xe
 1670 0182 70       		.byte	0x70
 1671 0183 04       		.sleb128 4
 1672 0184 94       		.byte	0x94
 1673 0185 01       		.byte	0x1
 1674 0186 08       		.byte	0x8
 1675 0187 FF       		.byte	0xff
 1676 0188 1A       		.byte	0x1a
 1677 0189 23       		.byte	0x23
 1678 018a 80888480 		.uleb128 0x40010400
 1678      04
 1679 018f 9F       		.byte	0x9f
 1680 0190 6C000000 		.4byte	.LVL4-.Ltext0
 1681 0194 6C000000 		.4byte	.LVL4-.Ltext0
 1682 0198 0600     		.2byte	0x6
 1683 019a 0C       		.byte	0xc
 1684 019b 00040140 		.4byte	0x40010400
 1685 019f 9F       		.byte	0x9f
 1686 01a0 6C000000 		.4byte	.LVL4-.Ltext0
 1687 01a4 76000000 		.4byte	.LVL5-.Ltext0
 1688 01a8 0C00     		.2byte	0xc
 1689 01aa 71       		.byte	0x71
 1690 01ab 00       		.sleb128 0
 1691 01ac 08       		.byte	0x8
 1692 01ad FF       		.byte	0xff
 1693 01ae 1A       		.byte	0x1a
 1694 01af 23       		.byte	0x23
 1695 01b0 80888480 		.uleb128 0x40010400
 1695      04
 1696 01b5 9F       		.byte	0x9f
 1697 01b6 76000000 		.4byte	.LVL5-.Ltext0
 1698 01ba 7A000000 		.4byte	.LVL6-.Ltext0
ARM GAS  /tmp/ccuVcYKc.s 			page 36


 1699 01be 0E00     		.2byte	0xe
 1700 01c0 70       		.byte	0x70
 1701 01c1 05       		.sleb128 5
 1702 01c2 94       		.byte	0x94
 1703 01c3 01       		.byte	0x1
 1704 01c4 08       		.byte	0x8
 1705 01c5 FF       		.byte	0xff
 1706 01c6 1A       		.byte	0x1a
 1707 01c7 23       		.byte	0x23
 1708 01c8 80888480 		.uleb128 0x40010400
 1708      04
 1709 01cd 9F       		.byte	0x9f
 1710 01ce 7A000000 		.4byte	.LVL6-.Ltext0
 1711 01d2 7C000000 		.4byte	.LVL7-.Ltext0
 1712 01d6 1000     		.2byte	0x10
 1713 01d8 73       		.byte	0x73
 1714 01d9 80F8FBFF 		.sleb128 -1073808384
 1714      7B
 1715 01de 08       		.byte	0x8
 1716 01df FF       		.byte	0xff
 1717 01e0 1A       		.byte	0x1a
 1718 01e1 23       		.byte	0x23
 1719 01e2 80888480 		.uleb128 0x40010400
 1719      04
 1720 01e7 9F       		.byte	0x9f
 1721 01e8 7C000000 		.4byte	.LVL7-.Ltext0
 1722 01ec 7C000000 		.4byte	.LVL7-.Ltext0
 1723 01f0 0600     		.2byte	0x6
 1724 01f2 0C       		.byte	0xc
 1725 01f3 00040140 		.4byte	0x40010400
 1726 01f7 9F       		.byte	0x9f
 1727 01f8 7C000000 		.4byte	.LVL7-.Ltext0
 1728 01fc 84000000 		.4byte	.LVL8-.Ltext0
 1729 0200 0E00     		.2byte	0xe
 1730 0202 70       		.byte	0x70
 1731 0203 04       		.sleb128 4
 1732 0204 94       		.byte	0x94
 1733 0205 01       		.byte	0x1
 1734 0206 08       		.byte	0x8
 1735 0207 FF       		.byte	0xff
 1736 0208 1A       		.byte	0x1a
 1737 0209 23       		.byte	0x23
 1738 020a 80888480 		.uleb128 0x40010400
 1738      04
 1739 020f 9F       		.byte	0x9f
 1740 0210 00000000 		.4byte	0
 1741 0214 00000000 		.4byte	0
 1742              		.section	.debug_aranges,"",%progbits
 1743 0000 1C000000 		.4byte	0x1c
 1744 0004 0200     		.2byte	0x2
 1745 0006 00000000 		.4byte	.Ldebug_info0
 1746 000a 04       		.byte	0x4
 1747 000b 00       		.byte	0
 1748 000c 0000     		.2byte	0
 1749 000e 0000     		.2byte	0
 1750 0010 00000000 		.4byte	.Ltext0
 1751 0014 F4000000 		.4byte	.Letext0-.Ltext0
ARM GAS  /tmp/ccuVcYKc.s 			page 37


 1752 0018 00000000 		.4byte	0
 1753 001c 00000000 		.4byte	0
 1754              		.section	.debug_line,"",%progbits
 1755              	.Ldebug_line0:
 1756 0000 DE020000 		.section	.debug_str,"MS",%progbits,1
 1756      03003E01 
 1756      00000201 
 1756      FB0E0D00 
 1756      01010101 
 1757              	.LASF28:
 1758 0000 45585449 		.ascii	"EXTI_Line\000"
 1758      5F4C696E 
 1758      6500
 1759              	.LASF29:
 1760 000a 45585449 		.ascii	"EXTI_Mode\000"
 1760      5F4D6F64 
 1760      6500
 1761              	.LASF13:
 1762 0014 49545374 		.ascii	"ITStatus\000"
 1762      61747573 
 1762      00
 1763              	.LASF34:
 1764 001d 656E6162 		.ascii	"enablestatus\000"
 1764      6C657374 
 1764      61747573 
 1764      00
 1765              	.LASF31:
 1766 002a 45585449 		.ascii	"EXTI_LineCmd\000"
 1766      5F4C696E 
 1766      65436D64 
 1766      00
 1767              	.LASF30:
 1768 0037 45585449 		.ascii	"EXTI_Trigger\000"
 1768      5F547269 
 1768      67676572 
 1768      00
 1769              	.LASF25:
 1770 0044 45585449 		.ascii	"EXTI_Trigger_Falling\000"
 1770      5F547269 
 1770      67676572 
 1770      5F46616C 
 1770      6C696E67 
 1771              	.LASF22:
 1772 0059 45585449 		.ascii	"EXTI_Mode_Event\000"
 1772      5F4D6F64 
 1772      655F4576 
 1772      656E7400 
 1773              	.LASF5:
 1774 0069 73686F72 		.ascii	"short unsigned int\000"
 1774      7420756E 
 1774      7369676E 
 1774      65642069 
 1774      6E7400
 1775              	.LASF16:
 1776 007c 46756E63 		.ascii	"FunctionalState\000"
 1776      74696F6E 
 1776      616C5374 
ARM GAS  /tmp/ccuVcYKc.s 			page 38


 1776      61746500 
 1777              	.LASF33:
 1778 008c 62697473 		.ascii	"bitstatus\000"
 1778      74617475 
 1778      7300
 1779              	.LASF37:
 1780 0096 45585449 		.ascii	"EXTI_GenerateSWInterrupt\000"
 1780      5F47656E 
 1780      65726174 
 1780      65535749 
 1780      6E746572 
 1781              	.LASF32:
 1782 00af 45585449 		.ascii	"EXTI_InitTypeDef\000"
 1782      5F496E69 
 1782      74547970 
 1782      65446566 
 1782      00
 1783              	.LASF39:
 1784 00c0 45585449 		.ascii	"EXTI_InitStruct\000"
 1784      5F496E69 
 1784      74537472 
 1784      75637400 
 1785              	.LASF43:
 1786 00d0 2F686F6D 		.ascii	"/home/yaolin/project/stm32/stm32f10x_makefile_templ"
 1786      652F7961 
 1786      6F6C696E 
 1786      2F70726F 
 1786      6A656374 
 1787 0103 61746500 		.ascii	"ate\000"
 1788              	.LASF15:
 1789 0107 454E4142 		.ascii	"ENABLE\000"
 1789      4C4500
 1790              	.LASF21:
 1791 010e 45585449 		.ascii	"EXTI_Mode_Interrupt\000"
 1791      5F4D6F64 
 1791      655F496E 
 1791      74657272 
 1791      75707400 
 1792              	.LASF3:
 1793 0122 756E7369 		.ascii	"unsigned char\000"
 1793      676E6564 
 1793      20636861 
 1793      7200
 1794              	.LASF42:
 1795 0130 73746D33 		.ascii	"stm32f10x_lib/STM32F10x_StdPeriph_Driver/src/stm32f"
 1795      32663130 
 1795      785F6C69 
 1795      622F5354 
 1795      4D333246 
 1796 0163 3130785F 		.ascii	"10x_exti.c\000"
 1796      65787469 
 1796      2E6300
 1797              	.LASF12:
 1798 016e 466C6167 		.ascii	"FlagStatus\000"
 1798      53746174 
 1798      757300
 1799              	.LASF45:
ARM GAS  /tmp/ccuVcYKc.s 			page 39


 1800 0179 45585449 		.ascii	"EXTI_ClearFlag\000"
 1800      5F436C65 
 1800      6172466C 
 1800      616700
 1801              	.LASF7:
 1802 0188 6C6F6E67 		.ascii	"long unsigned int\000"
 1802      20756E73 
 1802      69676E65 
 1802      6420696E 
 1802      7400
 1803              	.LASF11:
 1804 019a 52455345 		.ascii	"RESET\000"
 1804      5400
 1805              	.LASF23:
 1806 01a0 45585449 		.ascii	"EXTIMode_TypeDef\000"
 1806      4D6F6465 
 1806      5F547970 
 1806      65446566 
 1806      00
 1807              	.LASF20:
 1808 01b1 45585449 		.ascii	"EXTI_TypeDef\000"
 1808      5F547970 
 1808      65446566 
 1808      00
 1809              	.LASF14:
 1810 01be 44495341 		.ascii	"DISABLE\000"
 1810      424C4500 
 1811              	.LASF17:
 1812 01c6 52545352 		.ascii	"RTSR\000"
 1812      00
 1813              	.LASF10:
 1814 01cb 75696E74 		.ascii	"uint32_t\000"
 1814      33325F74 
 1814      00
 1815              	.LASF9:
 1816 01d4 5F5F7569 		.ascii	"__uint32_t\000"
 1816      6E743332 
 1816      5F7400
 1817              	.LASF24:
 1818 01df 45585449 		.ascii	"EXTI_Trigger_Rising\000"
 1818      5F547269 
 1818      67676572 
 1818      5F526973 
 1818      696E6700 
 1819              	.LASF26:
 1820 01f3 45585449 		.ascii	"EXTI_Trigger_Rising_Falling\000"
 1820      5F547269 
 1820      67676572 
 1820      5F526973 
 1820      696E675F 
 1821              	.LASF1:
 1822 020f 756E7369 		.ascii	"unsigned int\000"
 1822      676E6564 
 1822      20696E74 
 1822      00
 1823              	.LASF40:
 1824 021c 45585449 		.ascii	"EXTI_Init\000"
ARM GAS  /tmp/ccuVcYKc.s 			page 40


 1824      5F496E69 
 1824      7400
 1825              	.LASF36:
 1826 0226 45585449 		.ascii	"EXTI_GetFlagStatus\000"
 1826      5F476574 
 1826      466C6167 
 1826      53746174 
 1826      757300
 1827              	.LASF0:
 1828 0239 6C6F6E67 		.ascii	"long long unsigned int\000"
 1828      206C6F6E 
 1828      6720756E 
 1828      7369676E 
 1828      65642069 
 1829              	.LASF38:
 1830 0250 45585449 		.ascii	"EXTI_StructInit\000"
 1830      5F537472 
 1830      75637449 
 1830      6E697400 
 1831              	.LASF8:
 1832 0260 6C6F6E67 		.ascii	"long long int\000"
 1832      206C6F6E 
 1832      6720696E 
 1832      7400
 1833              	.LASF35:
 1834 026e 45585449 		.ascii	"EXTI_GetITStatus\000"
 1834      5F476574 
 1834      49545374 
 1834      61747573 
 1834      00
 1835              	.LASF44:
 1836 027f 45585449 		.ascii	"EXTI_ClearITPendingBit\000"
 1836      5F436C65 
 1836      61724954 
 1836      50656E64 
 1836      696E6742 
 1837              	.LASF4:
 1838 0296 73686F72 		.ascii	"short int\000"
 1838      7420696E 
 1838      7400
 1839              	.LASF41:
 1840 02a0 474E5520 		.ascii	"GNU C23 16.2.0 -mcpu=cortex-m3 -mthumb -mfloat-abi="
 1840      43323320 
 1840      31362E32 
 1840      2E30202D 
 1840      6D637075 
 1841 02d3 736F6674 		.ascii	"soft -march=armv7-m -g -gdwarf-2 -Os -fomit-frame-p"
 1841      202D6D61 
 1841      7263683D 
 1841      61726D76 
 1841      372D6D20 
 1842 0306 6F696E74 		.ascii	"ointer\000"
 1842      657200
 1843              	.LASF18:
 1844 030d 46545352 		.ascii	"FTSR\000"
 1844      00
 1845              	.LASF6:
ARM GAS  /tmp/ccuVcYKc.s 			page 41


 1846 0312 6C6F6E67 		.ascii	"long int\000"
 1846      20696E74 
 1846      00
 1847              	.LASF2:
 1848 031b 7369676E 		.ascii	"signed char\000"
 1848      65642063 
 1848      68617200 
 1849              	.LASF27:
 1850 0327 45585449 		.ascii	"EXTITrigger_TypeDef\000"
 1850      54726967 
 1850      6765725F 
 1850      54797065 
 1850      44656600 
 1851              	.LASF19:
 1852 033b 53574945 		.ascii	"SWIER\000"
 1852      5200
 1853              	.LASF46:
 1854 0341 45585449 		.ascii	"EXTI_DeInit\000"
 1854      5F446549 
 1854      6E697400 
 1855              		.ident	"GCC: (Arch Repository) 16.2.0"
ARM GAS  /tmp/ccuVcYKc.s 			page 42


DEFINED SYMBOLS
                            *ABS*:00000000 stm32f10x_exti.c
     /tmp/ccuVcYKc.s:23     .text:00000000 $t
     /tmp/ccuVcYKc.s:29     .text:00000000 EXTI_DeInit
     /tmp/ccuVcYKc.s:65     .text:00000014 $d
     /tmp/ccuVcYKc.s:70     .text:0000001c $t
     /tmp/ccuVcYKc.s:76     .text:0000001c EXTI_Init
     /tmp/ccuVcYKc.s:225    .text:00000088 $d
     /tmp/ccuVcYKc.s:229    .text:0000008c $t
     /tmp/ccuVcYKc.s:235    .text:0000008c EXTI_StructInit
     /tmp/ccuVcYKc.s:274    .text:0000009a EXTI_GenerateSWInterrupt
     /tmp/ccuVcYKc.s:298    .text:000000a4 $d
     /tmp/ccuVcYKc.s:302    .text:000000a8 $t
     /tmp/ccuVcYKc.s:308    .text:000000a8 EXTI_GetFlagStatus
     /tmp/ccuVcYKc.s:339    .text:000000b8 $d
     /tmp/ccuVcYKc.s:343    .text:000000bc $t
     /tmp/ccuVcYKc.s:349    .text:000000bc EXTI_ClearFlag
     /tmp/ccuVcYKc.s:369    .text:000000c4 $d
     /tmp/ccuVcYKc.s:373    .text:000000c8 $t
     /tmp/ccuVcYKc.s:379    .text:000000c8 EXTI_GetITStatus
     /tmp/ccuVcYKc.s:422    .text:000000e4 $d
     /tmp/ccuVcYKc.s:426    .text:000000e8 $t
     /tmp/ccuVcYKc.s:432    .text:000000e8 EXTI_ClearITPendingBit
     /tmp/ccuVcYKc.s:445    .text:000000f0 $d

NO UNDEFINED SYMBOLS
