ARM GAS  /tmp/cc7usaPi.s 			page 1


   1              		.cpu cortex-m3
   2              		.arch armv7-m
   3              		.fpu softvfp
   4              		.eabi_attribute 20, 1	@ Tag_ABI_FP_denormal
   5              		.eabi_attribute 21, 1	@ Tag_ABI_FP_exceptions
   6              		.eabi_attribute 23, 3	@ Tag_ABI_FP_number_model
   7              		.eabi_attribute 24, 1	@ Tag_ABI_align8_needed
   8              		.eabi_attribute 25, 1	@ Tag_ABI_align8_preserved
   9              		.eabi_attribute 26, 1	@ Tag_ABI_enum_size
  10              		.eabi_attribute 30, 4	@ Tag_ABI_optimization_goals
  11              		.eabi_attribute 34, 1	@ Tag_CPU_unaligned_access
  12              		.eabi_attribute 18, 4	@ Tag_ABI_PCS_wchar_t
  13              		.file	"stm32f10x_usart.c"
  14              	@ GNU C23 (Arch Repository) version 16.2.0 (arm-none-eabi)
  15              	@	compiled by GNU C version 16.2.1 20260810, GMP version 6.3.0, MPFR version 4.2.2, MPC version 1.4
  16              	
  17              	@ GGC heuristics: --param ggc-min-expand=100 --param ggc-min-heapsize=131072
  18              	@ options passed: -mcpu=cortex-m3 -mthumb -mfloat-abi=soft -march=armv7-m -g -gdwarf-2 -Os -fomit-f
  19              		.text
  20              	.Ltext0:
  21              		.cfi_sections	.debug_frame
  22              		.file 1 "stm32f10x_lib/STM32F10x_StdPeriph_Driver/src/stm32f10x_usart.c"
  23              		.align	1
  24              		.global	USART_DeInit
  25              		.syntax unified
  26              		.thumb
  27              		.thumb_func
  28              		.type	USART_DeInit, %function
  29              	USART_DeInit:
  30              	.LVL0:
  31              	.LFB29:
   1:stm32f10x_lib/STM32F10x_StdPeriph_Driver/src/stm32f10x_usart.c **** /**
   2:stm32f10x_lib/STM32F10x_StdPeriph_Driver/src/stm32f10x_usart.c ****   ******************************************************************************
   3:stm32f10x_lib/STM32F10x_StdPeriph_Driver/src/stm32f10x_usart.c ****   * @file    stm32f10x_usart.c
   4:stm32f10x_lib/STM32F10x_StdPeriph_Driver/src/stm32f10x_usart.c ****   * @author  MCD Application Team
   5:stm32f10x_lib/STM32F10x_StdPeriph_Driver/src/stm32f10x_usart.c ****   * @version V3.5.0
   6:stm32f10x_lib/STM32F10x_StdPeriph_Driver/src/stm32f10x_usart.c ****   * @date    11-March-2011
   7:stm32f10x_lib/STM32F10x_StdPeriph_Driver/src/stm32f10x_usart.c ****   * @brief   This file provides all the USART firmware functions.
   8:stm32f10x_lib/STM32F10x_StdPeriph_Driver/src/stm32f10x_usart.c ****   ******************************************************************************
   9:stm32f10x_lib/STM32F10x_StdPeriph_Driver/src/stm32f10x_usart.c ****   * @attention
  10:stm32f10x_lib/STM32F10x_StdPeriph_Driver/src/stm32f10x_usart.c ****   *
  11:stm32f10x_lib/STM32F10x_StdPeriph_Driver/src/stm32f10x_usart.c ****   * THE PRESENT FIRMWARE WHICH IS FOR GUIDANCE ONLY AIMS AT PROVIDING CUSTOMERS
  12:stm32f10x_lib/STM32F10x_StdPeriph_Driver/src/stm32f10x_usart.c ****   * WITH CODING INFORMATION REGARDING THEIR PRODUCTS IN ORDER FOR THEM TO SAVE
  13:stm32f10x_lib/STM32F10x_StdPeriph_Driver/src/stm32f10x_usart.c ****   * TIME. AS A RESULT, STMICROELECTRONICS SHALL NOT BE HELD LIABLE FOR ANY
  14:stm32f10x_lib/STM32F10x_StdPeriph_Driver/src/stm32f10x_usart.c ****   * DIRECT, INDIRECT OR CONSEQUENTIAL DAMAGES WITH RESPECT TO ANY CLAIMS ARISING
  15:stm32f10x_lib/STM32F10x_StdPeriph_Driver/src/stm32f10x_usart.c ****   * FROM THE CONTENT OF SUCH FIRMWARE AND/OR THE USE MADE BY CUSTOMERS OF THE
  16:stm32f10x_lib/STM32F10x_StdPeriph_Driver/src/stm32f10x_usart.c ****   * CODING INFORMATION CONTAINED HEREIN IN CONNECTION WITH THEIR PRODUCTS.
  17:stm32f10x_lib/STM32F10x_StdPeriph_Driver/src/stm32f10x_usart.c ****   *
  18:stm32f10x_lib/STM32F10x_StdPeriph_Driver/src/stm32f10x_usart.c ****   * <h2><center>&copy; COPYRIGHT 2011 STMicroelectronics</center></h2>
  19:stm32f10x_lib/STM32F10x_StdPeriph_Driver/src/stm32f10x_usart.c ****   ******************************************************************************
  20:stm32f10x_lib/STM32F10x_StdPeriph_Driver/src/stm32f10x_usart.c ****   */
  21:stm32f10x_lib/STM32F10x_StdPeriph_Driver/src/stm32f10x_usart.c **** 
  22:stm32f10x_lib/STM32F10x_StdPeriph_Driver/src/stm32f10x_usart.c **** /* Includes ------------------------------------------------------------------*/
  23:stm32f10x_lib/STM32F10x_StdPeriph_Driver/src/stm32f10x_usart.c **** #include "stm32f10x_usart.h"
  24:stm32f10x_lib/STM32F10x_StdPeriph_Driver/src/stm32f10x_usart.c **** #include "stm32f10x_rcc.h"
  25:stm32f10x_lib/STM32F10x_StdPeriph_Driver/src/stm32f10x_usart.c **** 
  26:stm32f10x_lib/STM32F10x_StdPeriph_Driver/src/stm32f10x_usart.c **** /** @addtogroup STM32F10x_StdPeriph_Driver
ARM GAS  /tmp/cc7usaPi.s 			page 2


  27:stm32f10x_lib/STM32F10x_StdPeriph_Driver/src/stm32f10x_usart.c ****   * @{
  28:stm32f10x_lib/STM32F10x_StdPeriph_Driver/src/stm32f10x_usart.c ****   */
  29:stm32f10x_lib/STM32F10x_StdPeriph_Driver/src/stm32f10x_usart.c **** 
  30:stm32f10x_lib/STM32F10x_StdPeriph_Driver/src/stm32f10x_usart.c **** /** @defgroup USART 
  31:stm32f10x_lib/STM32F10x_StdPeriph_Driver/src/stm32f10x_usart.c ****   * @brief USART driver modules
  32:stm32f10x_lib/STM32F10x_StdPeriph_Driver/src/stm32f10x_usart.c ****   * @{
  33:stm32f10x_lib/STM32F10x_StdPeriph_Driver/src/stm32f10x_usart.c ****   */
  34:stm32f10x_lib/STM32F10x_StdPeriph_Driver/src/stm32f10x_usart.c **** 
  35:stm32f10x_lib/STM32F10x_StdPeriph_Driver/src/stm32f10x_usart.c **** /** @defgroup USART_Private_TypesDefinitions
  36:stm32f10x_lib/STM32F10x_StdPeriph_Driver/src/stm32f10x_usart.c ****   * @{
  37:stm32f10x_lib/STM32F10x_StdPeriph_Driver/src/stm32f10x_usart.c ****   */
  38:stm32f10x_lib/STM32F10x_StdPeriph_Driver/src/stm32f10x_usart.c **** 
  39:stm32f10x_lib/STM32F10x_StdPeriph_Driver/src/stm32f10x_usart.c **** /**
  40:stm32f10x_lib/STM32F10x_StdPeriph_Driver/src/stm32f10x_usart.c ****   * @}
  41:stm32f10x_lib/STM32F10x_StdPeriph_Driver/src/stm32f10x_usart.c ****   */
  42:stm32f10x_lib/STM32F10x_StdPeriph_Driver/src/stm32f10x_usart.c **** 
  43:stm32f10x_lib/STM32F10x_StdPeriph_Driver/src/stm32f10x_usart.c **** /** @defgroup USART_Private_Defines
  44:stm32f10x_lib/STM32F10x_StdPeriph_Driver/src/stm32f10x_usart.c ****   * @{
  45:stm32f10x_lib/STM32F10x_StdPeriph_Driver/src/stm32f10x_usart.c ****   */
  46:stm32f10x_lib/STM32F10x_StdPeriph_Driver/src/stm32f10x_usart.c **** 
  47:stm32f10x_lib/STM32F10x_StdPeriph_Driver/src/stm32f10x_usart.c **** #define CR1_UE_Set                ((uint16_t)0x2000)  /*!< USART Enable Mask */
  48:stm32f10x_lib/STM32F10x_StdPeriph_Driver/src/stm32f10x_usart.c **** #define CR1_UE_Reset              ((uint16_t)0xDFFF)  /*!< USART Disable Mask */
  49:stm32f10x_lib/STM32F10x_StdPeriph_Driver/src/stm32f10x_usart.c **** 
  50:stm32f10x_lib/STM32F10x_StdPeriph_Driver/src/stm32f10x_usart.c **** #define CR1_WAKE_Mask             ((uint16_t)0xF7FF)  /*!< USART WakeUp Method Mask */
  51:stm32f10x_lib/STM32F10x_StdPeriph_Driver/src/stm32f10x_usart.c **** 
  52:stm32f10x_lib/STM32F10x_StdPeriph_Driver/src/stm32f10x_usart.c **** #define CR1_RWU_Set               ((uint16_t)0x0002)  /*!< USART mute mode Enable Mask */
  53:stm32f10x_lib/STM32F10x_StdPeriph_Driver/src/stm32f10x_usart.c **** #define CR1_RWU_Reset             ((uint16_t)0xFFFD)  /*!< USART mute mode Enable Mask */
  54:stm32f10x_lib/STM32F10x_StdPeriph_Driver/src/stm32f10x_usart.c **** #define CR1_SBK_Set               ((uint16_t)0x0001)  /*!< USART Break Character send Mask */
  55:stm32f10x_lib/STM32F10x_StdPeriph_Driver/src/stm32f10x_usart.c **** #define CR1_CLEAR_Mask            ((uint16_t)0xE9F3)  /*!< USART CR1 Mask */
  56:stm32f10x_lib/STM32F10x_StdPeriph_Driver/src/stm32f10x_usart.c **** #define CR2_Address_Mask          ((uint16_t)0xFFF0)  /*!< USART address Mask */
  57:stm32f10x_lib/STM32F10x_StdPeriph_Driver/src/stm32f10x_usart.c **** 
  58:stm32f10x_lib/STM32F10x_StdPeriph_Driver/src/stm32f10x_usart.c **** #define CR2_LINEN_Set              ((uint16_t)0x4000)  /*!< USART LIN Enable Mask */
  59:stm32f10x_lib/STM32F10x_StdPeriph_Driver/src/stm32f10x_usart.c **** #define CR2_LINEN_Reset            ((uint16_t)0xBFFF)  /*!< USART LIN Disable Mask */
  60:stm32f10x_lib/STM32F10x_StdPeriph_Driver/src/stm32f10x_usart.c **** 
  61:stm32f10x_lib/STM32F10x_StdPeriph_Driver/src/stm32f10x_usart.c **** #define CR2_LBDL_Mask             ((uint16_t)0xFFDF)  /*!< USART LIN Break detection Mask */
  62:stm32f10x_lib/STM32F10x_StdPeriph_Driver/src/stm32f10x_usart.c **** #define CR2_STOP_CLEAR_Mask       ((uint16_t)0xCFFF)  /*!< USART CR2 STOP Bits Mask */
  63:stm32f10x_lib/STM32F10x_StdPeriph_Driver/src/stm32f10x_usart.c **** #define CR2_CLOCK_CLEAR_Mask      ((uint16_t)0xF0FF)  /*!< USART CR2 Clock Mask */
  64:stm32f10x_lib/STM32F10x_StdPeriph_Driver/src/stm32f10x_usart.c **** 
  65:stm32f10x_lib/STM32F10x_StdPeriph_Driver/src/stm32f10x_usart.c **** #define CR3_SCEN_Set              ((uint16_t)0x0020)  /*!< USART SC Enable Mask */
  66:stm32f10x_lib/STM32F10x_StdPeriph_Driver/src/stm32f10x_usart.c **** #define CR3_SCEN_Reset            ((uint16_t)0xFFDF)  /*!< USART SC Disable Mask */
  67:stm32f10x_lib/STM32F10x_StdPeriph_Driver/src/stm32f10x_usart.c **** 
  68:stm32f10x_lib/STM32F10x_StdPeriph_Driver/src/stm32f10x_usart.c **** #define CR3_NACK_Set              ((uint16_t)0x0010)  /*!< USART SC NACK Enable Mask */
  69:stm32f10x_lib/STM32F10x_StdPeriph_Driver/src/stm32f10x_usart.c **** #define CR3_NACK_Reset            ((uint16_t)0xFFEF)  /*!< USART SC NACK Disable Mask */
  70:stm32f10x_lib/STM32F10x_StdPeriph_Driver/src/stm32f10x_usart.c **** 
  71:stm32f10x_lib/STM32F10x_StdPeriph_Driver/src/stm32f10x_usart.c **** #define CR3_HDSEL_Set             ((uint16_t)0x0008)  /*!< USART Half-Duplex Enable Mask */
  72:stm32f10x_lib/STM32F10x_StdPeriph_Driver/src/stm32f10x_usart.c **** #define CR3_HDSEL_Reset           ((uint16_t)0xFFF7)  /*!< USART Half-Duplex Disable Mask */
  73:stm32f10x_lib/STM32F10x_StdPeriph_Driver/src/stm32f10x_usart.c **** 
  74:stm32f10x_lib/STM32F10x_StdPeriph_Driver/src/stm32f10x_usart.c **** #define CR3_IRLP_Mask             ((uint16_t)0xFFFB)  /*!< USART IrDA LowPower mode Mask */
  75:stm32f10x_lib/STM32F10x_StdPeriph_Driver/src/stm32f10x_usart.c **** #define CR3_CLEAR_Mask            ((uint16_t)0xFCFF)  /*!< USART CR3 Mask */
  76:stm32f10x_lib/STM32F10x_StdPeriph_Driver/src/stm32f10x_usart.c **** 
  77:stm32f10x_lib/STM32F10x_StdPeriph_Driver/src/stm32f10x_usart.c **** #define CR3_IREN_Set              ((uint16_t)0x0002)  /*!< USART IrDA Enable Mask */
  78:stm32f10x_lib/STM32F10x_StdPeriph_Driver/src/stm32f10x_usart.c **** #define CR3_IREN_Reset            ((uint16_t)0xFFFD)  /*!< USART IrDA Disable Mask */
  79:stm32f10x_lib/STM32F10x_StdPeriph_Driver/src/stm32f10x_usart.c **** #define GTPR_LSB_Mask             ((uint16_t)0x00FF)  /*!< Guard Time Register LSB Mask */
  80:stm32f10x_lib/STM32F10x_StdPeriph_Driver/src/stm32f10x_usart.c **** #define GTPR_MSB_Mask             ((uint16_t)0xFF00)  /*!< Guard Time Register MSB Mask */
  81:stm32f10x_lib/STM32F10x_StdPeriph_Driver/src/stm32f10x_usart.c **** #define IT_Mask                   ((uint16_t)0x001F)  /*!< USART Interrupt Mask */
  82:stm32f10x_lib/STM32F10x_StdPeriph_Driver/src/stm32f10x_usart.c **** 
  83:stm32f10x_lib/STM32F10x_StdPeriph_Driver/src/stm32f10x_usart.c **** /* USART OverSampling-8 Mask */
ARM GAS  /tmp/cc7usaPi.s 			page 3


  84:stm32f10x_lib/STM32F10x_StdPeriph_Driver/src/stm32f10x_usart.c **** #define CR1_OVER8_Set             ((u16)0x8000)  /* USART OVER8 mode Enable Mask */
  85:stm32f10x_lib/STM32F10x_StdPeriph_Driver/src/stm32f10x_usart.c **** #define CR1_OVER8_Reset           ((u16)0x7FFF)  /* USART OVER8 mode Disable Mask */
  86:stm32f10x_lib/STM32F10x_StdPeriph_Driver/src/stm32f10x_usart.c **** 
  87:stm32f10x_lib/STM32F10x_StdPeriph_Driver/src/stm32f10x_usart.c **** /* USART One Bit Sampling Mask */
  88:stm32f10x_lib/STM32F10x_StdPeriph_Driver/src/stm32f10x_usart.c **** #define CR3_ONEBITE_Set           ((u16)0x0800)  /* USART ONEBITE mode Enable Mask */
  89:stm32f10x_lib/STM32F10x_StdPeriph_Driver/src/stm32f10x_usart.c **** #define CR3_ONEBITE_Reset         ((u16)0xF7FF)  /* USART ONEBITE mode Disable Mask */
  90:stm32f10x_lib/STM32F10x_StdPeriph_Driver/src/stm32f10x_usart.c **** 
  91:stm32f10x_lib/STM32F10x_StdPeriph_Driver/src/stm32f10x_usart.c **** /**
  92:stm32f10x_lib/STM32F10x_StdPeriph_Driver/src/stm32f10x_usart.c ****   * @}
  93:stm32f10x_lib/STM32F10x_StdPeriph_Driver/src/stm32f10x_usart.c ****   */
  94:stm32f10x_lib/STM32F10x_StdPeriph_Driver/src/stm32f10x_usart.c **** 
  95:stm32f10x_lib/STM32F10x_StdPeriph_Driver/src/stm32f10x_usart.c **** /** @defgroup USART_Private_Macros
  96:stm32f10x_lib/STM32F10x_StdPeriph_Driver/src/stm32f10x_usart.c ****   * @{
  97:stm32f10x_lib/STM32F10x_StdPeriph_Driver/src/stm32f10x_usart.c ****   */
  98:stm32f10x_lib/STM32F10x_StdPeriph_Driver/src/stm32f10x_usart.c **** 
  99:stm32f10x_lib/STM32F10x_StdPeriph_Driver/src/stm32f10x_usart.c **** /**
 100:stm32f10x_lib/STM32F10x_StdPeriph_Driver/src/stm32f10x_usart.c ****   * @}
 101:stm32f10x_lib/STM32F10x_StdPeriph_Driver/src/stm32f10x_usart.c ****   */
 102:stm32f10x_lib/STM32F10x_StdPeriph_Driver/src/stm32f10x_usart.c **** 
 103:stm32f10x_lib/STM32F10x_StdPeriph_Driver/src/stm32f10x_usart.c **** /** @defgroup USART_Private_Variables
 104:stm32f10x_lib/STM32F10x_StdPeriph_Driver/src/stm32f10x_usart.c ****   * @{
 105:stm32f10x_lib/STM32F10x_StdPeriph_Driver/src/stm32f10x_usart.c ****   */
 106:stm32f10x_lib/STM32F10x_StdPeriph_Driver/src/stm32f10x_usart.c **** 
 107:stm32f10x_lib/STM32F10x_StdPeriph_Driver/src/stm32f10x_usart.c **** /**
 108:stm32f10x_lib/STM32F10x_StdPeriph_Driver/src/stm32f10x_usart.c ****   * @}
 109:stm32f10x_lib/STM32F10x_StdPeriph_Driver/src/stm32f10x_usart.c ****   */
 110:stm32f10x_lib/STM32F10x_StdPeriph_Driver/src/stm32f10x_usart.c **** 
 111:stm32f10x_lib/STM32F10x_StdPeriph_Driver/src/stm32f10x_usart.c **** /** @defgroup USART_Private_FunctionPrototypes
 112:stm32f10x_lib/STM32F10x_StdPeriph_Driver/src/stm32f10x_usart.c ****   * @{
 113:stm32f10x_lib/STM32F10x_StdPeriph_Driver/src/stm32f10x_usart.c ****   */
 114:stm32f10x_lib/STM32F10x_StdPeriph_Driver/src/stm32f10x_usart.c **** 
 115:stm32f10x_lib/STM32F10x_StdPeriph_Driver/src/stm32f10x_usart.c **** /**
 116:stm32f10x_lib/STM32F10x_StdPeriph_Driver/src/stm32f10x_usart.c ****   * @}
 117:stm32f10x_lib/STM32F10x_StdPeriph_Driver/src/stm32f10x_usart.c ****   */
 118:stm32f10x_lib/STM32F10x_StdPeriph_Driver/src/stm32f10x_usart.c **** 
 119:stm32f10x_lib/STM32F10x_StdPeriph_Driver/src/stm32f10x_usart.c **** /** @defgroup USART_Private_Functions
 120:stm32f10x_lib/STM32F10x_StdPeriph_Driver/src/stm32f10x_usart.c ****   * @{
 121:stm32f10x_lib/STM32F10x_StdPeriph_Driver/src/stm32f10x_usart.c ****   */
 122:stm32f10x_lib/STM32F10x_StdPeriph_Driver/src/stm32f10x_usart.c **** 
 123:stm32f10x_lib/STM32F10x_StdPeriph_Driver/src/stm32f10x_usart.c **** /**
 124:stm32f10x_lib/STM32F10x_StdPeriph_Driver/src/stm32f10x_usart.c ****   * @brief  Deinitializes the USARTx peripheral registers to their default reset values.
 125:stm32f10x_lib/STM32F10x_StdPeriph_Driver/src/stm32f10x_usart.c ****   * @param  USARTx: Select the USART or the UART peripheral. 
 126:stm32f10x_lib/STM32F10x_StdPeriph_Driver/src/stm32f10x_usart.c ****   *   This parameter can be one of the following values: 
 127:stm32f10x_lib/STM32F10x_StdPeriph_Driver/src/stm32f10x_usart.c ****   *      USART1, USART2, USART3, UART4 or UART5.
 128:stm32f10x_lib/STM32F10x_StdPeriph_Driver/src/stm32f10x_usart.c ****   * @retval None
 129:stm32f10x_lib/STM32F10x_StdPeriph_Driver/src/stm32f10x_usart.c ****   */
 130:stm32f10x_lib/STM32F10x_StdPeriph_Driver/src/stm32f10x_usart.c **** void USART_DeInit(USART_TypeDef* USARTx)
 131:stm32f10x_lib/STM32F10x_StdPeriph_Driver/src/stm32f10x_usart.c **** {
  32              		.loc 1 131 1 view -0
  33              		.cfi_startproc
  34              		@ args = 0, pretend = 0, frame = 0
  35              		@ frame_needed = 0, uses_anonymous_args = 0
 132:stm32f10x_lib/STM32F10x_StdPeriph_Driver/src/stm32f10x_usart.c ****   /* Check the parameters */
 133:stm32f10x_lib/STM32F10x_StdPeriph_Driver/src/stm32f10x_usart.c ****   assert_param(IS_USART_ALL_PERIPH(USARTx));
  36              		.loc 1 133 3 view .LVU1
 134:stm32f10x_lib/STM32F10x_StdPeriph_Driver/src/stm32f10x_usart.c **** 
 135:stm32f10x_lib/STM32F10x_StdPeriph_Driver/src/stm32f10x_usart.c ****   if (USARTx == USART1)
ARM GAS  /tmp/cc7usaPi.s 			page 4


  37              		.loc 1 135 3 view .LVU2
  38              	@ stm32f10x_lib/STM32F10x_StdPeriph_Driver/src/stm32f10x_usart.c:131: {
 131:stm32f10x_lib/STM32F10x_StdPeriph_Driver/src/stm32f10x_usart.c ****   /* Check the parameters */
  39              		.loc 1 131 1 is_stmt 0 view .LVU3
  40 0000 08B5     		push	{r3, lr}	@
  41              	.LCFI0:
  42              		.cfi_def_cfa_offset 8
  43              		.cfi_offset 3, -8
  44              		.cfi_offset 14, -4
  45              	@ stm32f10x_lib/STM32F10x_StdPeriph_Driver/src/stm32f10x_usart.c:135:   if (USARTx == USART1)
  46              		.loc 1 135 6 view .LVU4
  47 0002 214B     		ldr	r3, .L8	@ tmp95,
  48 0004 9842     		cmp	r0, r3	@ USARTx, tmp95
  49 0006 0BD1     		bne	.L2		@,
 136:stm32f10x_lib/STM32F10x_StdPeriph_Driver/src/stm32f10x_usart.c ****   {
 137:stm32f10x_lib/STM32F10x_StdPeriph_Driver/src/stm32f10x_usart.c ****     RCC_APB2PeriphResetCmd(RCC_APB2Periph_USART1, ENABLE);
  50              		.loc 1 137 5 is_stmt 1 view .LVU5
  51 0008 0121     		movs	r1, #1	@,
  52 000a 4FF48040 		mov	r0, #16384	@,
  53              	.LVL1:
  54              		.loc 1 137 5 is_stmt 0 view .LVU6
  55 000e FFF7FEFF 		bl	RCC_APB2PeriphResetCmd		@
  56              	.LVL2:
 138:stm32f10x_lib/STM32F10x_StdPeriph_Driver/src/stm32f10x_usart.c ****     RCC_APB2PeriphResetCmd(RCC_APB2Periph_USART1, DISABLE);
  57              		.loc 1 138 5 is_stmt 1 view .LVU7
  58              	@ stm32f10x_lib/STM32F10x_StdPeriph_Driver/src/stm32f10x_usart.c:163: }
 139:stm32f10x_lib/STM32F10x_StdPeriph_Driver/src/stm32f10x_usart.c ****   }
 140:stm32f10x_lib/STM32F10x_StdPeriph_Driver/src/stm32f10x_usart.c ****   else if (USARTx == USART2)
 141:stm32f10x_lib/STM32F10x_StdPeriph_Driver/src/stm32f10x_usart.c ****   {
 142:stm32f10x_lib/STM32F10x_StdPeriph_Driver/src/stm32f10x_usart.c ****     RCC_APB1PeriphResetCmd(RCC_APB1Periph_USART2, ENABLE);
 143:stm32f10x_lib/STM32F10x_StdPeriph_Driver/src/stm32f10x_usart.c ****     RCC_APB1PeriphResetCmd(RCC_APB1Periph_USART2, DISABLE);
 144:stm32f10x_lib/STM32F10x_StdPeriph_Driver/src/stm32f10x_usart.c ****   }
 145:stm32f10x_lib/STM32F10x_StdPeriph_Driver/src/stm32f10x_usart.c ****   else if (USARTx == USART3)
 146:stm32f10x_lib/STM32F10x_StdPeriph_Driver/src/stm32f10x_usart.c ****   {
 147:stm32f10x_lib/STM32F10x_StdPeriph_Driver/src/stm32f10x_usart.c ****     RCC_APB1PeriphResetCmd(RCC_APB1Periph_USART3, ENABLE);
 148:stm32f10x_lib/STM32F10x_StdPeriph_Driver/src/stm32f10x_usart.c ****     RCC_APB1PeriphResetCmd(RCC_APB1Periph_USART3, DISABLE);
 149:stm32f10x_lib/STM32F10x_StdPeriph_Driver/src/stm32f10x_usart.c ****   }    
 150:stm32f10x_lib/STM32F10x_StdPeriph_Driver/src/stm32f10x_usart.c ****   else if (USARTx == UART4)
 151:stm32f10x_lib/STM32F10x_StdPeriph_Driver/src/stm32f10x_usart.c ****   {
 152:stm32f10x_lib/STM32F10x_StdPeriph_Driver/src/stm32f10x_usart.c ****     RCC_APB1PeriphResetCmd(RCC_APB1Periph_UART4, ENABLE);
 153:stm32f10x_lib/STM32F10x_StdPeriph_Driver/src/stm32f10x_usart.c ****     RCC_APB1PeriphResetCmd(RCC_APB1Periph_UART4, DISABLE);
 154:stm32f10x_lib/STM32F10x_StdPeriph_Driver/src/stm32f10x_usart.c ****   }    
 155:stm32f10x_lib/STM32F10x_StdPeriph_Driver/src/stm32f10x_usart.c ****   else
 156:stm32f10x_lib/STM32F10x_StdPeriph_Driver/src/stm32f10x_usart.c ****   {
 157:stm32f10x_lib/STM32F10x_StdPeriph_Driver/src/stm32f10x_usart.c ****     if (USARTx == UART5)
 158:stm32f10x_lib/STM32F10x_StdPeriph_Driver/src/stm32f10x_usart.c ****     { 
 159:stm32f10x_lib/STM32F10x_StdPeriph_Driver/src/stm32f10x_usart.c ****       RCC_APB1PeriphResetCmd(RCC_APB1Periph_UART5, ENABLE);
 160:stm32f10x_lib/STM32F10x_StdPeriph_Driver/src/stm32f10x_usart.c ****       RCC_APB1PeriphResetCmd(RCC_APB1Periph_UART5, DISABLE);
 161:stm32f10x_lib/STM32F10x_StdPeriph_Driver/src/stm32f10x_usart.c ****     }
 162:stm32f10x_lib/STM32F10x_StdPeriph_Driver/src/stm32f10x_usart.c ****   }
 163:stm32f10x_lib/STM32F10x_StdPeriph_Driver/src/stm32f10x_usart.c **** }
  59              		.loc 1 163 1 is_stmt 0 view .LVU8
  60 0012 BDE80840 		pop	{r3, lr}	@
  61              	.LCFI1:
  62              		.cfi_remember_state
  63              		.cfi_restore 14
  64              		.cfi_restore 3
ARM GAS  /tmp/cc7usaPi.s 			page 5


  65              		.cfi_def_cfa_offset 0
  66              	@ stm32f10x_lib/STM32F10x_StdPeriph_Driver/src/stm32f10x_usart.c:138:     RCC_APB2PeriphResetCmd(RC
 138:stm32f10x_lib/STM32F10x_StdPeriph_Driver/src/stm32f10x_usart.c ****     RCC_APB2PeriphResetCmd(RCC_APB2Periph_USART1, DISABLE);
  67              		.loc 1 138 5 view .LVU9
  68 0016 0021     		movs	r1, #0	@,
  69 0018 4FF48040 		mov	r0, #16384	@,
  70 001c FFF7FEBF 		b	RCC_APB2PeriphResetCmd		@
  71              	.LVL3:
  72              	.L2:
  73              	.LCFI2:
  74              		.cfi_restore_state
 140:stm32f10x_lib/STM32F10x_StdPeriph_Driver/src/stm32f10x_usart.c ****   {
  75              		.loc 1 140 8 is_stmt 1 view .LVU10
  76              	@ stm32f10x_lib/STM32F10x_StdPeriph_Driver/src/stm32f10x_usart.c:140:   else if (USARTx == USART2)
 140:stm32f10x_lib/STM32F10x_StdPeriph_Driver/src/stm32f10x_usart.c ****   {
  77              		.loc 1 140 11 is_stmt 0 view .LVU11
  78 0020 1A4B     		ldr	r3, .L8+4	@ tmp96,
  79 0022 9842     		cmp	r0, r3	@ USARTx, tmp96
  80 0024 0BD1     		bne	.L3		@,
 142:stm32f10x_lib/STM32F10x_StdPeriph_Driver/src/stm32f10x_usart.c ****     RCC_APB1PeriphResetCmd(RCC_APB1Periph_USART2, DISABLE);
  81              		.loc 1 142 5 is_stmt 1 view .LVU12
  82 0026 0121     		movs	r1, #1	@,
  83 0028 4FF40030 		mov	r0, #131072	@,
  84              	.LVL4:
 142:stm32f10x_lib/STM32F10x_StdPeriph_Driver/src/stm32f10x_usart.c ****     RCC_APB1PeriphResetCmd(RCC_APB1Periph_USART2, DISABLE);
  85              		.loc 1 142 5 is_stmt 0 view .LVU13
  86 002c FFF7FEFF 		bl	RCC_APB1PeriphResetCmd		@
  87              	.LVL5:
 143:stm32f10x_lib/STM32F10x_StdPeriph_Driver/src/stm32f10x_usart.c ****   }
  88              		.loc 1 143 5 is_stmt 1 view .LVU14
  89 0030 0021     		movs	r1, #0	@,
  90 0032 4FF40030 		mov	r0, #131072	@,
  91              	.L7:
  92              	@ stm32f10x_lib/STM32F10x_StdPeriph_Driver/src/stm32f10x_usart.c:163: }
  93              		.loc 1 163 1 is_stmt 0 view .LVU15
  94 0036 BDE80840 		pop	{r3, lr}	@
  95              	.LCFI3:
  96              		.cfi_remember_state
  97              		.cfi_restore 14
  98              		.cfi_restore 3
  99              		.cfi_def_cfa_offset 0
 100              	@ stm32f10x_lib/STM32F10x_StdPeriph_Driver/src/stm32f10x_usart.c:160:       RCC_APB1PeriphResetCmd(
 160:stm32f10x_lib/STM32F10x_StdPeriph_Driver/src/stm32f10x_usart.c ****     }
 101              		.loc 1 160 7 view .LVU16
 102 003a FFF7FEBF 		b	RCC_APB1PeriphResetCmd		@
 103              	.LVL6:
 104              	.L3:
 105              	.LCFI4:
 106              		.cfi_restore_state
 145:stm32f10x_lib/STM32F10x_StdPeriph_Driver/src/stm32f10x_usart.c ****   {
 107              		.loc 1 145 8 is_stmt 1 view .LVU17
 108              	@ stm32f10x_lib/STM32F10x_StdPeriph_Driver/src/stm32f10x_usart.c:145:   else if (USARTx == USART3)
 145:stm32f10x_lib/STM32F10x_StdPeriph_Driver/src/stm32f10x_usart.c ****   {
 109              		.loc 1 145 11 is_stmt 0 view .LVU18
 110 003e 144B     		ldr	r3, .L8+8	@ tmp97,
 111 0040 9842     		cmp	r0, r3	@ USARTx, tmp97
 112 0042 08D1     		bne	.L4		@,
ARM GAS  /tmp/cc7usaPi.s 			page 6


 147:stm32f10x_lib/STM32F10x_StdPeriph_Driver/src/stm32f10x_usart.c ****     RCC_APB1PeriphResetCmd(RCC_APB1Periph_USART3, DISABLE);
 113              		.loc 1 147 5 is_stmt 1 view .LVU19
 114 0044 0121     		movs	r1, #1	@,
 115 0046 4FF48020 		mov	r0, #262144	@,
 116              	.LVL7:
 147:stm32f10x_lib/STM32F10x_StdPeriph_Driver/src/stm32f10x_usart.c ****     RCC_APB1PeriphResetCmd(RCC_APB1Periph_USART3, DISABLE);
 117              		.loc 1 147 5 is_stmt 0 view .LVU20
 118 004a FFF7FEFF 		bl	RCC_APB1PeriphResetCmd		@
 119              	.LVL8:
 148:stm32f10x_lib/STM32F10x_StdPeriph_Driver/src/stm32f10x_usart.c ****   }    
 120              		.loc 1 148 5 is_stmt 1 view .LVU21
 121 004e 0021     		movs	r1, #0	@,
 122 0050 4FF48020 		mov	r0, #262144	@,
 123 0054 EFE7     		b	.L7		@
 124              	.LVL9:
 125              	.L4:
 150:stm32f10x_lib/STM32F10x_StdPeriph_Driver/src/stm32f10x_usart.c ****   {
 126              		.loc 1 150 8 view .LVU22
 127              	@ stm32f10x_lib/STM32F10x_StdPeriph_Driver/src/stm32f10x_usart.c:150:   else if (USARTx == UART4)
 150:stm32f10x_lib/STM32F10x_StdPeriph_Driver/src/stm32f10x_usart.c ****   {
 128              		.loc 1 150 11 is_stmt 0 view .LVU23
 129 0056 0F4B     		ldr	r3, .L8+12	@ tmp98,
 130 0058 9842     		cmp	r0, r3	@ USARTx, tmp98
 131 005a 08D1     		bne	.L5		@,
 152:stm32f10x_lib/STM32F10x_StdPeriph_Driver/src/stm32f10x_usart.c ****     RCC_APB1PeriphResetCmd(RCC_APB1Periph_UART4, DISABLE);
 132              		.loc 1 152 5 is_stmt 1 view .LVU24
 133 005c 0121     		movs	r1, #1	@,
 134 005e 4FF40020 		mov	r0, #524288	@,
 135              	.LVL10:
 152:stm32f10x_lib/STM32F10x_StdPeriph_Driver/src/stm32f10x_usart.c ****     RCC_APB1PeriphResetCmd(RCC_APB1Periph_UART4, DISABLE);
 136              		.loc 1 152 5 is_stmt 0 view .LVU25
 137 0062 FFF7FEFF 		bl	RCC_APB1PeriphResetCmd		@
 138              	.LVL11:
 153:stm32f10x_lib/STM32F10x_StdPeriph_Driver/src/stm32f10x_usart.c ****   }    
 139              		.loc 1 153 5 is_stmt 1 view .LVU26
 140 0066 0021     		movs	r1, #0	@,
 141 0068 4FF40020 		mov	r0, #524288	@,
 142 006c E3E7     		b	.L7		@
 143              	.LVL12:
 144              	.L5:
 157:stm32f10x_lib/STM32F10x_StdPeriph_Driver/src/stm32f10x_usart.c ****     { 
 145              		.loc 1 157 5 view .LVU27
 146              	@ stm32f10x_lib/STM32F10x_StdPeriph_Driver/src/stm32f10x_usart.c:157:     if (USARTx == UART5)
 157:stm32f10x_lib/STM32F10x_StdPeriph_Driver/src/stm32f10x_usart.c ****     { 
 147              		.loc 1 157 8 is_stmt 0 view .LVU28
 148 006e 0A4B     		ldr	r3, .L8+16	@ tmp99,
 149 0070 9842     		cmp	r0, r3	@ USARTx, tmp99
 150 0072 08D1     		bne	.L1		@,
 159:stm32f10x_lib/STM32F10x_StdPeriph_Driver/src/stm32f10x_usart.c ****       RCC_APB1PeriphResetCmd(RCC_APB1Periph_UART5, DISABLE);
 151              		.loc 1 159 7 is_stmt 1 view .LVU29
 152 0074 0121     		movs	r1, #1	@,
 153 0076 4FF48010 		mov	r0, #1048576	@,
 154              	.LVL13:
 159:stm32f10x_lib/STM32F10x_StdPeriph_Driver/src/stm32f10x_usart.c ****       RCC_APB1PeriphResetCmd(RCC_APB1Periph_UART5, DISABLE);
 155              		.loc 1 159 7 is_stmt 0 view .LVU30
 156 007a FFF7FEFF 		bl	RCC_APB1PeriphResetCmd		@
 157              	.LVL14:
ARM GAS  /tmp/cc7usaPi.s 			page 7


 160:stm32f10x_lib/STM32F10x_StdPeriph_Driver/src/stm32f10x_usart.c ****     }
 158              		.loc 1 160 7 is_stmt 1 view .LVU31
 159 007e 0021     		movs	r1, #0	@,
 160 0080 4FF48010 		mov	r0, #1048576	@,
 161 0084 D7E7     		b	.L7		@
 162              	.LVL15:
 163              	.L1:
 164              	@ stm32f10x_lib/STM32F10x_StdPeriph_Driver/src/stm32f10x_usart.c:163: }
 165              		.loc 1 163 1 is_stmt 0 view .LVU32
 166 0086 08BD     		pop	{r3, pc}	@
 167              	.L9:
 168              		.align	2
 169              	.L8:
 170 0088 00380140 		.word	1073821696
 171 008c 00440040 		.word	1073759232
 172 0090 00480040 		.word	1073760256
 173 0094 004C0040 		.word	1073761280
 174 0098 00500040 		.word	1073762304
 175              		.cfi_endproc
 176              	.LFE29:
 177              		.size	USART_DeInit, .-USART_DeInit
 178              		.align	1
 179              		.global	USART_Init
 180              		.syntax unified
 181              		.thumb
 182              		.thumb_func
 183              		.type	USART_Init, %function
 184              	USART_Init:
 185              	.LVL16:
 186              	.LFB30:
 164:stm32f10x_lib/STM32F10x_StdPeriph_Driver/src/stm32f10x_usart.c **** 
 165:stm32f10x_lib/STM32F10x_StdPeriph_Driver/src/stm32f10x_usart.c **** /**
 166:stm32f10x_lib/STM32F10x_StdPeriph_Driver/src/stm32f10x_usart.c ****   * @brief  Initializes the USARTx peripheral according to the specified
 167:stm32f10x_lib/STM32F10x_StdPeriph_Driver/src/stm32f10x_usart.c ****   *         parameters in the USART_InitStruct .
 168:stm32f10x_lib/STM32F10x_StdPeriph_Driver/src/stm32f10x_usart.c ****   * @param  USARTx: Select the USART or the UART peripheral. 
 169:stm32f10x_lib/STM32F10x_StdPeriph_Driver/src/stm32f10x_usart.c ****   *   This parameter can be one of the following values:
 170:stm32f10x_lib/STM32F10x_StdPeriph_Driver/src/stm32f10x_usart.c ****   *   USART1, USART2, USART3, UART4 or UART5.
 171:stm32f10x_lib/STM32F10x_StdPeriph_Driver/src/stm32f10x_usart.c ****   * @param  USART_InitStruct: pointer to a USART_InitTypeDef structure
 172:stm32f10x_lib/STM32F10x_StdPeriph_Driver/src/stm32f10x_usart.c ****   *         that contains the configuration information for the specified USART 
 173:stm32f10x_lib/STM32F10x_StdPeriph_Driver/src/stm32f10x_usart.c ****   *         peripheral.
 174:stm32f10x_lib/STM32F10x_StdPeriph_Driver/src/stm32f10x_usart.c ****   * @retval None
 175:stm32f10x_lib/STM32F10x_StdPeriph_Driver/src/stm32f10x_usart.c ****   */
 176:stm32f10x_lib/STM32F10x_StdPeriph_Driver/src/stm32f10x_usart.c **** void USART_Init(USART_TypeDef* USARTx, USART_InitTypeDef* USART_InitStruct)
 177:stm32f10x_lib/STM32F10x_StdPeriph_Driver/src/stm32f10x_usart.c **** {
 187              		.loc 1 177 1 is_stmt 1 view -0
 188              		.cfi_startproc
 189              		@ args = 0, pretend = 0, frame = 24
 190              		@ frame_needed = 0, uses_anonymous_args = 0
 178:stm32f10x_lib/STM32F10x_StdPeriph_Driver/src/stm32f10x_usart.c ****   uint32_t tmpreg = 0x00, apbclock = 0x00;
 191              		.loc 1 178 3 view .LVU34
 179:stm32f10x_lib/STM32F10x_StdPeriph_Driver/src/stm32f10x_usart.c ****   uint32_t integerdivider = 0x00;
 192              		.loc 1 179 3 view .LVU35
 180:stm32f10x_lib/STM32F10x_StdPeriph_Driver/src/stm32f10x_usart.c ****   uint32_t fractionaldivider = 0x00;
 193              		.loc 1 180 3 view .LVU36
 181:stm32f10x_lib/STM32F10x_StdPeriph_Driver/src/stm32f10x_usart.c ****   uint32_t usartxbase = 0;
 194              		.loc 1 181 3 view .LVU37
 182:stm32f10x_lib/STM32F10x_StdPeriph_Driver/src/stm32f10x_usart.c ****   RCC_ClocksTypeDef RCC_ClocksStatus;
ARM GAS  /tmp/cc7usaPi.s 			page 8


 195              		.loc 1 182 3 view .LVU38
 183:stm32f10x_lib/STM32F10x_StdPeriph_Driver/src/stm32f10x_usart.c ****   /* Check the parameters */
 184:stm32f10x_lib/STM32F10x_StdPeriph_Driver/src/stm32f10x_usart.c ****   assert_param(IS_USART_ALL_PERIPH(USARTx));
 196              		.loc 1 184 3 view .LVU39
 185:stm32f10x_lib/STM32F10x_StdPeriph_Driver/src/stm32f10x_usart.c ****   assert_param(IS_USART_BAUDRATE(USART_InitStruct->USART_BaudRate));  
 197              		.loc 1 185 3 view .LVU40
 186:stm32f10x_lib/STM32F10x_StdPeriph_Driver/src/stm32f10x_usart.c ****   assert_param(IS_USART_WORD_LENGTH(USART_InitStruct->USART_WordLength));
 198              		.loc 1 186 3 view .LVU41
 187:stm32f10x_lib/STM32F10x_StdPeriph_Driver/src/stm32f10x_usart.c ****   assert_param(IS_USART_STOPBITS(USART_InitStruct->USART_StopBits));
 199              		.loc 1 187 3 view .LVU42
 188:stm32f10x_lib/STM32F10x_StdPeriph_Driver/src/stm32f10x_usart.c ****   assert_param(IS_USART_PARITY(USART_InitStruct->USART_Parity));
 200              		.loc 1 188 3 view .LVU43
 189:stm32f10x_lib/STM32F10x_StdPeriph_Driver/src/stm32f10x_usart.c ****   assert_param(IS_USART_MODE(USART_InitStruct->USART_Mode));
 201              		.loc 1 189 3 view .LVU44
 190:stm32f10x_lib/STM32F10x_StdPeriph_Driver/src/stm32f10x_usart.c ****   assert_param(IS_USART_HARDWARE_FLOW_CONTROL(USART_InitStruct->USART_HardwareFlowControl));
 202              		.loc 1 190 3 view .LVU45
 191:stm32f10x_lib/STM32F10x_StdPeriph_Driver/src/stm32f10x_usart.c ****   /* The hardware flow control is available only for USART1, USART2 and USART3 */
 192:stm32f10x_lib/STM32F10x_StdPeriph_Driver/src/stm32f10x_usart.c ****   if (USART_InitStruct->USART_HardwareFlowControl != USART_HardwareFlowControl_None)
 203              		.loc 1 192 3 view .LVU46
 193:stm32f10x_lib/STM32F10x_StdPeriph_Driver/src/stm32f10x_usart.c ****   {
 194:stm32f10x_lib/STM32F10x_StdPeriph_Driver/src/stm32f10x_usart.c ****     assert_param(IS_USART_123_PERIPH(USARTx));
 204              		.loc 1 194 5 view .LVU47
 195:stm32f10x_lib/STM32F10x_StdPeriph_Driver/src/stm32f10x_usart.c ****   }
 196:stm32f10x_lib/STM32F10x_StdPeriph_Driver/src/stm32f10x_usart.c **** 
 197:stm32f10x_lib/STM32F10x_StdPeriph_Driver/src/stm32f10x_usart.c ****   usartxbase = (uint32_t)USARTx;
 205              		.loc 1 197 3 view .LVU48
 198:stm32f10x_lib/STM32F10x_StdPeriph_Driver/src/stm32f10x_usart.c **** 
 199:stm32f10x_lib/STM32F10x_StdPeriph_Driver/src/stm32f10x_usart.c **** /*---------------------------- USART CR2 Configuration -----------------------*/
 200:stm32f10x_lib/STM32F10x_StdPeriph_Driver/src/stm32f10x_usart.c ****   tmpreg = USARTx->CR2;
 206              		.loc 1 200 3 view .LVU49
 207              	@ stm32f10x_lib/STM32F10x_StdPeriph_Driver/src/stm32f10x_usart.c:177: {
 177:stm32f10x_lib/STM32F10x_StdPeriph_Driver/src/stm32f10x_usart.c ****   uint32_t tmpreg = 0x00, apbclock = 0x00;
 208              		.loc 1 177 1 is_stmt 0 view .LVU50
 209 009c 30B5     		push	{r4, r5, lr}	@
 210              	.LCFI5:
 211              		.cfi_def_cfa_offset 12
 212              		.cfi_offset 4, -12
 213              		.cfi_offset 5, -8
 214              		.cfi_offset 14, -4
 215 009e 0446     		mov	r4, r0	@ USARTx, USARTx
 216              	@ stm32f10x_lib/STM32F10x_StdPeriph_Driver/src/stm32f10x_usart.c:200:   tmpreg = USARTx->CR2;
 217              		.loc 1 200 18 view .LVU51
 218 00a0 038A     		ldrh	r3, [r0, #16]	@ _1, USARTx_41(D)->CR2
 219              	.LVL17:
 201:stm32f10x_lib/STM32F10x_StdPeriph_Driver/src/stm32f10x_usart.c ****   /* Clear STOP[13:12] bits */
 202:stm32f10x_lib/STM32F10x_StdPeriph_Driver/src/stm32f10x_usart.c ****   tmpreg &= CR2_STOP_CLEAR_Mask;
 220              		.loc 1 202 3 is_stmt 1 view .LVU52
 203:stm32f10x_lib/STM32F10x_StdPeriph_Driver/src/stm32f10x_usart.c ****   /* Configure the USART Stop Bits, Clock, CPOL, CPHA and LastBit ------------*/
 204:stm32f10x_lib/STM32F10x_StdPeriph_Driver/src/stm32f10x_usart.c ****   /* Set STOP[13:12] bits according to USART_StopBits value */
 205:stm32f10x_lib/STM32F10x_StdPeriph_Driver/src/stm32f10x_usart.c ****   tmpreg |= (uint32_t)USART_InitStruct->USART_StopBits;
 221              		.loc 1 205 3 view .LVU53
 222 00a2 CA88     		ldrh	r2, [r1, #6]	@, USART_InitStruct_40(D)->USART_StopBits
 223 00a4 23F44053 		bic	r3, r3, #12288	@ tmp136, _1,
 224              	.LVL18:
 225              		.loc 1 205 3 is_stmt 0 view .LVU54
 226 00a8 1343     		orrs	r3, r3, r2	@, _37, tmp136, USART_InitStruct_40(D)->USART_StopBits
 227              	.LVL19:
ARM GAS  /tmp/cc7usaPi.s 			page 9


 206:stm32f10x_lib/STM32F10x_StdPeriph_Driver/src/stm32f10x_usart.c ****   
 207:stm32f10x_lib/STM32F10x_StdPeriph_Driver/src/stm32f10x_usart.c ****   /* Write to USART CR2 */
 208:stm32f10x_lib/STM32F10x_StdPeriph_Driver/src/stm32f10x_usart.c ****   USARTx->CR2 = (uint16_t)tmpreg;
 228              		.loc 1 208 3 is_stmt 1 view .LVU55
 229              	@ stm32f10x_lib/STM32F10x_StdPeriph_Driver/src/stm32f10x_usart.c:177: {
 177:stm32f10x_lib/STM32F10x_StdPeriph_Driver/src/stm32f10x_usart.c ****   uint32_t tmpreg = 0x00, apbclock = 0x00;
 230              		.loc 1 177 1 is_stmt 0 view .LVU56
 231 00aa 87B0     		sub	sp, sp, #28	@,,
 232              	.LCFI6:
 233              		.cfi_def_cfa_offset 40
 234              	@ stm32f10x_lib/STM32F10x_StdPeriph_Driver/src/stm32f10x_usart.c:208:   USARTx->CR2 = (uint16_t)tmp
 235              		.loc 1 208 15 view .LVU57
 236 00ac 0382     		strh	r3, [r0, #16]	@ movhi	@ _37, USARTx_41(D)->CR2
 209:stm32f10x_lib/STM32F10x_StdPeriph_Driver/src/stm32f10x_usart.c **** 
 210:stm32f10x_lib/STM32F10x_StdPeriph_Driver/src/stm32f10x_usart.c **** /*---------------------------- USART CR1 Configuration -----------------------*/
 211:stm32f10x_lib/STM32F10x_StdPeriph_Driver/src/stm32f10x_usart.c ****   tmpreg = USARTx->CR1;
 237              		.loc 1 211 3 is_stmt 1 view .LVU58
 238              	@ stm32f10x_lib/STM32F10x_StdPeriph_Driver/src/stm32f10x_usart.c:211:   tmpreg = USARTx->CR1;
 239              		.loc 1 211 18 is_stmt 0 view .LVU59
 240 00ae 8389     		ldrh	r3, [r0, #12]	@ _3, USARTx_41(D)->CR1
 241              	.LVL20:
 212:stm32f10x_lib/STM32F10x_StdPeriph_Driver/src/stm32f10x_usart.c ****   /* Clear M, PCE, PS, TE and RE bits */
 213:stm32f10x_lib/STM32F10x_StdPeriph_Driver/src/stm32f10x_usart.c ****   tmpreg &= CR1_CLEAR_Mask;
 242              		.loc 1 213 3 is_stmt 1 view .LVU60
 214:stm32f10x_lib/STM32F10x_StdPeriph_Driver/src/stm32f10x_usart.c ****   /* Configure the USART Word Length, Parity and mode ----------------------- */
 215:stm32f10x_lib/STM32F10x_StdPeriph_Driver/src/stm32f10x_usart.c ****   /* Set the M bits according to USART_WordLength value */
 216:stm32f10x_lib/STM32F10x_StdPeriph_Driver/src/stm32f10x_usart.c ****   /* Set PCE and PS bits according to USART_Parity value */
 217:stm32f10x_lib/STM32F10x_StdPeriph_Driver/src/stm32f10x_usart.c ****   /* Set TE and RE bits according to USART_Mode value */
 218:stm32f10x_lib/STM32F10x_StdPeriph_Driver/src/stm32f10x_usart.c ****   tmpreg |= (uint32_t)USART_InitStruct->USART_WordLength | USART_InitStruct->USART_Parity |
 243              		.loc 1 218 3 view .LVU61
 244 00b0 8A88     		ldrh	r2, [r1, #4]	@, USART_InitStruct_40(D)->USART_WordLength
 245 00b2 23F4B053 		bic	r3, r3, #5632	@ tmp141, _3,
 246              	.LVL21:
 247              		.loc 1 218 3 is_stmt 0 view .LVU62
 248 00b6 23F00C03 		bic	r3, r3, #12	@ tmp141, tmp141,
 249 00ba 1343     		orrs	r3, r3, r2	@, tmp145, tmp141, USART_InitStruct_40(D)->USART_WordLength
 250 00bc 0A89     		ldrh	r2, [r1, #8]	@, USART_InitStruct_40(D)->USART_Parity
 251              	@ stm32f10x_lib/STM32F10x_StdPeriph_Driver/src/stm32f10x_usart.c:177: {
 177:stm32f10x_lib/STM32F10x_StdPeriph_Driver/src/stm32f10x_usart.c ****   uint32_t tmpreg = 0x00, apbclock = 0x00;
 252              		.loc 1 177 1 view .LVU63
 253 00be 0D46     		mov	r5, r1	@ USART_InitStruct, USART_InitStruct
 254 00c0 1343     		orrs	r3, r3, r2	@, tmp148, tmp145, USART_InitStruct_40(D)->USART_Parity
 255 00c2 4A89     		ldrh	r2, [r1, #10]	@, USART_InitStruct_40(D)->USART_Mode
 256 00c4 1343     		orrs	r3, r3, r2	@, _35, tmp148, USART_InitStruct_40(D)->USART_Mode
 257              	.LVL22:
 219:stm32f10x_lib/STM32F10x_StdPeriph_Driver/src/stm32f10x_usart.c ****             USART_InitStruct->USART_Mode;
 220:stm32f10x_lib/STM32F10x_StdPeriph_Driver/src/stm32f10x_usart.c ****   /* Write to USART CR1 */
 221:stm32f10x_lib/STM32F10x_StdPeriph_Driver/src/stm32f10x_usart.c ****   USARTx->CR1 = (uint16_t)tmpreg;
 258              		.loc 1 221 3 is_stmt 1 view .LVU64
 259              	@ stm32f10x_lib/STM32F10x_StdPeriph_Driver/src/stm32f10x_usart.c:221:   USARTx->CR1 = (uint16_t)tmp
 260              		.loc 1 221 15 is_stmt 0 view .LVU65
 261 00c6 8381     		strh	r3, [r0, #12]	@ movhi	@ _35, USARTx_41(D)->CR1
 222:stm32f10x_lib/STM32F10x_StdPeriph_Driver/src/stm32f10x_usart.c **** 
 223:stm32f10x_lib/STM32F10x_StdPeriph_Driver/src/stm32f10x_usart.c **** /*---------------------------- USART CR3 Configuration -----------------------*/  
 224:stm32f10x_lib/STM32F10x_StdPeriph_Driver/src/stm32f10x_usart.c ****   tmpreg = USARTx->CR3;
 262              		.loc 1 224 3 is_stmt 1 view .LVU66
 263              	@ stm32f10x_lib/STM32F10x_StdPeriph_Driver/src/stm32f10x_usart.c:224:   tmpreg = USARTx->CR3;
ARM GAS  /tmp/cc7usaPi.s 			page 10


 264              		.loc 1 224 18 is_stmt 0 view .LVU67
 265 00c8 838A     		ldrh	r3, [r0, #20]	@ _9, USARTx_41(D)->CR3
 266              	.LVL23:
 225:stm32f10x_lib/STM32F10x_StdPeriph_Driver/src/stm32f10x_usart.c ****   /* Clear CTSE and RTSE bits */
 226:stm32f10x_lib/STM32F10x_StdPeriph_Driver/src/stm32f10x_usart.c ****   tmpreg &= CR3_CLEAR_Mask;
 267              		.loc 1 226 3 is_stmt 1 view .LVU68
 227:stm32f10x_lib/STM32F10x_StdPeriph_Driver/src/stm32f10x_usart.c ****   /* Configure the USART HFC -------------------------------------------------*/
 228:stm32f10x_lib/STM32F10x_StdPeriph_Driver/src/stm32f10x_usart.c ****   /* Set CTSE and RTSE bits according to USART_HardwareFlowControl value */
 229:stm32f10x_lib/STM32F10x_StdPeriph_Driver/src/stm32f10x_usart.c ****   tmpreg |= USART_InitStruct->USART_HardwareFlowControl;
 268              		.loc 1 229 3 view .LVU69
 269 00ca 8A89     		ldrh	r2, [r1, #12]	@, USART_InitStruct_40(D)->USART_HardwareFlowControl
 270 00cc 23F44073 		bic	r3, r3, #768	@ tmp153, _9,
 271              	.LVL24:
 272              		.loc 1 229 3 is_stmt 0 view .LVU70
 273 00d0 1343     		orrs	r3, r3, r2	@, _56, tmp153, USART_InitStruct_40(D)->USART_HardwareFlowControl
 274              	.LVL25:
 230:stm32f10x_lib/STM32F10x_StdPeriph_Driver/src/stm32f10x_usart.c ****   /* Write to USART CR3 */
 231:stm32f10x_lib/STM32F10x_StdPeriph_Driver/src/stm32f10x_usart.c ****   USARTx->CR3 = (uint16_t)tmpreg;
 275              		.loc 1 231 3 is_stmt 1 view .LVU71
 276              	@ stm32f10x_lib/STM32F10x_StdPeriph_Driver/src/stm32f10x_usart.c:231:   USARTx->CR3 = (uint16_t)tmp
 277              		.loc 1 231 15 is_stmt 0 view .LVU72
 278 00d2 8382     		strh	r3, [r0, #20]	@ movhi	@ _56, USARTx_41(D)->CR3
 232:stm32f10x_lib/STM32F10x_StdPeriph_Driver/src/stm32f10x_usart.c **** 
 233:stm32f10x_lib/STM32F10x_StdPeriph_Driver/src/stm32f10x_usart.c **** /*---------------------------- USART BRR Configuration -----------------------*/
 234:stm32f10x_lib/STM32F10x_StdPeriph_Driver/src/stm32f10x_usart.c ****   /* Configure the USART Baud Rate -------------------------------------------*/
 235:stm32f10x_lib/STM32F10x_StdPeriph_Driver/src/stm32f10x_usart.c ****   RCC_GetClocksFreq(&RCC_ClocksStatus);
 279              		.loc 1 235 3 is_stmt 1 view .LVU73
 280 00d4 01A8     		add	r0, sp, #4	@,,
 281              	.LVL26:
 282              		.loc 1 235 3 is_stmt 0 view .LVU74
 283 00d6 FFF7FEFF 		bl	RCC_GetClocksFreq		@
 284              	.LVL27:
 236:stm32f10x_lib/STM32F10x_StdPeriph_Driver/src/stm32f10x_usart.c ****   if (usartxbase == USART1_BASE)
 285              		.loc 1 236 3 is_stmt 1 view .LVU75
 286              	@ stm32f10x_lib/STM32F10x_StdPeriph_Driver/src/stm32f10x_usart.c:242:     apbclock = RCC_ClocksStat
 237:stm32f10x_lib/STM32F10x_StdPeriph_Driver/src/stm32f10x_usart.c ****   {
 238:stm32f10x_lib/STM32F10x_StdPeriph_Driver/src/stm32f10x_usart.c ****     apbclock = RCC_ClocksStatus.PCLK2_Frequency;
 239:stm32f10x_lib/STM32F10x_StdPeriph_Driver/src/stm32f10x_usart.c ****   }
 240:stm32f10x_lib/STM32F10x_StdPeriph_Driver/src/stm32f10x_usart.c ****   else
 241:stm32f10x_lib/STM32F10x_StdPeriph_Driver/src/stm32f10x_usart.c ****   {
 242:stm32f10x_lib/STM32F10x_StdPeriph_Driver/src/stm32f10x_usart.c ****     apbclock = RCC_ClocksStatus.PCLK1_Frequency;
 287              		.loc 1 242 14 is_stmt 0 view .LVU76
 288 00da DDE90323 		ldrd	r2, r3, [sp, #12]	@ apbclock, apbclock,,
 289 00de 1549     		ldr	r1, .L18	@ tmp159,
 290 00e0 8C42     		cmp	r4, r1	@ USARTx, tmp159
 291 00e2 18BF     		it	ne		@
 292 00e4 1346     		movne	r3, r2	@, apbclock, apbclock
 293              	.LVL28:
 243:stm32f10x_lib/STM32F10x_StdPeriph_Driver/src/stm32f10x_usart.c ****   }
 244:stm32f10x_lib/STM32F10x_StdPeriph_Driver/src/stm32f10x_usart.c ****   
 245:stm32f10x_lib/STM32F10x_StdPeriph_Driver/src/stm32f10x_usart.c ****   /* Determine the integer part */
 246:stm32f10x_lib/STM32F10x_StdPeriph_Driver/src/stm32f10x_usart.c ****   if ((USARTx->CR1 & CR1_OVER8_Set) != 0)
 294              		.loc 1 246 3 is_stmt 1 view .LVU77
 295              	@ stm32f10x_lib/STM32F10x_StdPeriph_Driver/src/stm32f10x_usart.c:249:     integerdivider = ((25 * a
 247:stm32f10x_lib/STM32F10x_StdPeriph_Driver/src/stm32f10x_usart.c ****   {
 248:stm32f10x_lib/STM32F10x_StdPeriph_Driver/src/stm32f10x_usart.c ****     /* Integer part computing in case Oversampling mode is 8 Samples */
 249:stm32f10x_lib/STM32F10x_StdPeriph_Driver/src/stm32f10x_usart.c ****     integerdivider = ((25 * apbclock) / (2 * (USART_InitStruct->USART_BaudRate)));    
ARM GAS  /tmp/cc7usaPi.s 			page 11


 296              		.loc 1 249 27 is_stmt 0 view .LVU78
 297 00e6 1922     		movs	r2, #25	@ tmp160,
 298              	@ stm32f10x_lib/STM32F10x_StdPeriph_Driver/src/stm32f10x_usart.c:246:   if ((USARTx->CR1 & CR1_OVER
 246:stm32f10x_lib/STM32F10x_StdPeriph_Driver/src/stm32f10x_usart.c ****   {
 299              		.loc 1 246 6 view .LVU79
 300 00e8 B4F90C10 		ldrsh	r1, [r4, #12]	@ _11, USARTx_41(D)->CR1
 301              	@ stm32f10x_lib/STM32F10x_StdPeriph_Driver/src/stm32f10x_usart.c:249:     integerdivider = ((25 * a
 302              		.loc 1 249 27 view .LVU80
 303 00ec 5343     		muls	r3, r2, r3	@ _60, tmp160
 304              	.LVL29:
 305              	@ stm32f10x_lib/STM32F10x_StdPeriph_Driver/src/stm32f10x_usart.c:249:     integerdivider = ((25 * a
 306              		.loc 1 249 63 view .LVU81
 307 00ee 2A68     		ldr	r2, [r5]	@ pretmp_61, USART_InitStruct_40(D)->USART_BaudRate
 308              	@ stm32f10x_lib/STM32F10x_StdPeriph_Driver/src/stm32f10x_usart.c:246:   if ((USARTx->CR1 & CR1_OVER
 246:stm32f10x_lib/STM32F10x_StdPeriph_Driver/src/stm32f10x_usart.c ****   {
 309              		.loc 1 246 6 view .LVU82
 310 00f0 0029     		cmp	r1, #0	@ _11,
 311              		.loc 1 249 5 is_stmt 1 view .LVU83
 312              	@ stm32f10x_lib/STM32F10x_StdPeriph_Driver/src/stm32f10x_usart.c:249:     integerdivider = ((25 * a
 313              		.loc 1 249 44 is_stmt 0 view .LVU84
 314 00f2 B4BF     		ite	lt
 315 00f4 5200     		lsllt	r2, r2, #1	@ _15, pretmp_61,
 250:stm32f10x_lib/STM32F10x_StdPeriph_Driver/src/stm32f10x_usart.c ****   }
 251:stm32f10x_lib/STM32F10x_StdPeriph_Driver/src/stm32f10x_usart.c ****   else /* if ((USARTx->CR1 & CR1_OVER8_Set) == 0) */
 252:stm32f10x_lib/STM32F10x_StdPeriph_Driver/src/stm32f10x_usart.c ****   {
 253:stm32f10x_lib/STM32F10x_StdPeriph_Driver/src/stm32f10x_usart.c ****     /* Integer part computing in case Oversampling mode is 16 Samples */
 254:stm32f10x_lib/STM32F10x_StdPeriph_Driver/src/stm32f10x_usart.c ****     integerdivider = ((25 * apbclock) / (4 * (USART_InitStruct->USART_BaudRate)));    
 316              		.loc 1 254 5 is_stmt 1 view .LVU85
 317              	@ stm32f10x_lib/STM32F10x_StdPeriph_Driver/src/stm32f10x_usart.c:254:     integerdivider = ((25 * a
 318              		.loc 1 254 44 is_stmt 0 view .LVU86
 319 00f6 9200     		lslge	r2, r2, #2	@ _18, pretmp_61,
 320              	@ stm32f10x_lib/STM32F10x_StdPeriph_Driver/src/stm32f10x_usart.c:256:   tmpreg = (integerdivider / 
 255:stm32f10x_lib/STM32F10x_StdPeriph_Driver/src/stm32f10x_usart.c ****   }
 256:stm32f10x_lib/STM32F10x_StdPeriph_Driver/src/stm32f10x_usart.c ****   tmpreg = (integerdivider / 100) << 4;
 321              		.loc 1 256 28 view .LVU87
 322 00f8 6421     		movs	r1, #100	@ tmp166,
 323              	@ stm32f10x_lib/STM32F10x_StdPeriph_Driver/src/stm32f10x_usart.c:254:     integerdivider = ((25 * a
 254:stm32f10x_lib/STM32F10x_StdPeriph_Driver/src/stm32f10x_usart.c ****   }
 324              		.loc 1 254 20 view .LVU88
 325 00fa B3FBF2F3 		udiv	r3, r3, r2	@ integerdivider, _60, _18
 326              	.LVL30:
 327              		.loc 1 256 3 is_stmt 1 view .LVU89
 328              	@ stm32f10x_lib/STM32F10x_StdPeriph_Driver/src/stm32f10x_usart.c:256:   tmpreg = (integerdivider / 
 329              		.loc 1 256 28 is_stmt 0 view .LVU90
 330 00fe B3FBF1F2 		udiv	r2, r3, r1	@ _19, integerdivider, tmp166
 331              	.LVL31:
 257:stm32f10x_lib/STM32F10x_StdPeriph_Driver/src/stm32f10x_usart.c **** 
 258:stm32f10x_lib/STM32F10x_StdPeriph_Driver/src/stm32f10x_usart.c ****   /* Determine the fractional part */
 259:stm32f10x_lib/STM32F10x_StdPeriph_Driver/src/stm32f10x_usart.c ****   fractionaldivider = integerdivider - (100 * (tmpreg >> 4));
 332              		.loc 1 259 3 is_stmt 1 view .LVU91
 333              	@ stm32f10x_lib/STM32F10x_StdPeriph_Driver/src/stm32f10x_usart.c:259:   fractionaldivider = integer
 334              		.loc 1 259 21 is_stmt 0 view .LVU92
 335 0102 01FB1233 		mls	r3, r1, r2, r3	@ fractionaldivider, tmp166, _19, integerdivider
 336              	.LVL32:
 260:stm32f10x_lib/STM32F10x_StdPeriph_Driver/src/stm32f10x_usart.c **** 
 261:stm32f10x_lib/STM32F10x_StdPeriph_Driver/src/stm32f10x_usart.c ****   /* Implement the fractional part in the register */
 262:stm32f10x_lib/STM32F10x_StdPeriph_Driver/src/stm32f10x_usart.c ****   if ((USARTx->CR1 & CR1_OVER8_Set) != 0)
ARM GAS  /tmp/cc7usaPi.s 			page 12


 337              		.loc 1 262 3 is_stmt 1 view .LVU93
 338              	@ stm32f10x_lib/STM32F10x_StdPeriph_Driver/src/stm32f10x_usart.c:262:   if ((USARTx->CR1 & CR1_OVER
 339              		.loc 1 262 6 is_stmt 0 view .LVU94
 340 0106 B4F90C00 		ldrsh	r0, [r4, #12]	@ _20, USARTx_41(D)->CR1
 341 010a 0028     		cmp	r0, #0	@ _20,
 342              	.LVL33:
 263:stm32f10x_lib/STM32F10x_StdPeriph_Driver/src/stm32f10x_usart.c ****   {
 264:stm32f10x_lib/STM32F10x_StdPeriph_Driver/src/stm32f10x_usart.c ****     tmpreg |= ((((fractionaldivider * 8) + 50) / 100)) & ((uint8_t)0x07);
 343              		.loc 1 264 5 is_stmt 1 view .LVU95
 344              	@ stm32f10x_lib/STM32F10x_StdPeriph_Driver/src/stm32f10x_usart.c:264:     tmpreg |= ((((fractionald
 345              		.loc 1 264 37 is_stmt 0 view .LVU96
 346 010c B5BF     		itete	lt
 347 010e DB00     		lsllt	r3, r3, #3	@ _22, fractionaldivider,
 348              	.LVL34:
 349              	@ stm32f10x_lib/STM32F10x_StdPeriph_Driver/src/stm32f10x_usart.c:268:     tmpreg |= ((((fractionald
 265:stm32f10x_lib/STM32F10x_StdPeriph_Driver/src/stm32f10x_usart.c ****   }
 266:stm32f10x_lib/STM32F10x_StdPeriph_Driver/src/stm32f10x_usart.c ****   else /* if ((USARTx->CR1 & CR1_OVER8_Set) == 0) */
 267:stm32f10x_lib/STM32F10x_StdPeriph_Driver/src/stm32f10x_usart.c ****   {
 268:stm32f10x_lib/STM32F10x_StdPeriph_Driver/src/stm32f10x_usart.c ****     tmpreg |= ((((fractionaldivider * 16) + 50) / 100)) & ((uint8_t)0x0F);
 350              		.loc 1 268 37 view .LVU97
 351 0110 1B01     		lslge	r3, r3, #4	@ _26, fractionaldivider,
 352              	@ stm32f10x_lib/STM32F10x_StdPeriph_Driver/src/stm32f10x_usart.c:264:     tmpreg |= ((((fractionald
 264:stm32f10x_lib/STM32F10x_StdPeriph_Driver/src/stm32f10x_usart.c ****   }
 353              		.loc 1 264 42 view .LVU98
 354 0112 3233     		addlt	r3, r3, #50	@ _23, _22,
 355              	@ stm32f10x_lib/STM32F10x_StdPeriph_Driver/src/stm32f10x_usart.c:268:     tmpreg |= ((((fractionald
 356              		.loc 1 268 43 view .LVU99
 357 0114 3233     		addge	r3, r3, #50	@ _27, _26,
 358              	@ stm32f10x_lib/STM32F10x_StdPeriph_Driver/src/stm32f10x_usart.c:264:     tmpreg |= ((((fractionald
 264:stm32f10x_lib/STM32F10x_StdPeriph_Driver/src/stm32f10x_usart.c ****   }
 359              		.loc 1 264 48 view .LVU100
 360 0116 B5BF     		itete	lt
 361 0118 B3FBF1F3 		udivlt	r3, r3, r1	@ _24, _23, tmp166
 362              	@ stm32f10x_lib/STM32F10x_StdPeriph_Driver/src/stm32f10x_usart.c:268:     tmpreg |= ((((fractionald
 363              		.loc 1 268 49 view .LVU101
 364 011c B3FBF1F3 		udivge	r3, r3, r1	@ _28, _27, tmp166
 365              	@ stm32f10x_lib/STM32F10x_StdPeriph_Driver/src/stm32f10x_usart.c:264:     tmpreg |= ((((fractionald
 264:stm32f10x_lib/STM32F10x_StdPeriph_Driver/src/stm32f10x_usart.c ****   }
 366              		.loc 1 264 56 view .LVU102
 367 0120 03F00703 		andlt	r3, r3, #7	@ _25, _24,
 368              		.loc 1 268 5 is_stmt 1 view .LVU103
 369              	@ stm32f10x_lib/STM32F10x_StdPeriph_Driver/src/stm32f10x_usart.c:268:     tmpreg |= ((((fractionald
 370              		.loc 1 268 57 is_stmt 0 view .LVU104
 371 0124 03F00F03 		andge	r3, r3, #15	@ _29, _28,
 372              	@ stm32f10x_lib/STM32F10x_StdPeriph_Driver/src/stm32f10x_usart.c:268:     tmpreg |= ((((fractionald
 373              		.loc 1 268 12 view .LVU105
 374 0128 43EA0212 		orr	r2, r3, r2, lsl #4	@ tmpreg, _29, _19,
 375              	.LVL35:
 269:stm32f10x_lib/STM32F10x_StdPeriph_Driver/src/stm32f10x_usart.c ****   }
 270:stm32f10x_lib/STM32F10x_StdPeriph_Driver/src/stm32f10x_usart.c ****   
 271:stm32f10x_lib/STM32F10x_StdPeriph_Driver/src/stm32f10x_usart.c ****   /* Write to USART BRR */
 272:stm32f10x_lib/STM32F10x_StdPeriph_Driver/src/stm32f10x_usart.c ****   USARTx->BRR = (uint16_t)tmpreg;
 376              		.loc 1 272 3 is_stmt 1 view .LVU106
 377              	@ stm32f10x_lib/STM32F10x_StdPeriph_Driver/src/stm32f10x_usart.c:272:   USARTx->BRR = (uint16_t)tmp
 378              		.loc 1 272 15 is_stmt 0 view .LVU107
 379 012c 2281     		strh	r2, [r4, #8]	@ movhi	@ tmpreg, USARTx_41(D)->BRR
 380              	@ stm32f10x_lib/STM32F10x_StdPeriph_Driver/src/stm32f10x_usart.c:273: }
ARM GAS  /tmp/cc7usaPi.s 			page 13


 273:stm32f10x_lib/STM32F10x_StdPeriph_Driver/src/stm32f10x_usart.c **** }
 381              		.loc 1 273 1 view .LVU108
 382 012e 07B0     		add	sp, sp, #28	@,,
 383              	.LCFI7:
 384              		.cfi_def_cfa_offset 12
 385              		@ sp needed	@
 386 0130 30BD     		pop	{r4, r5, pc}	@
 387              	.LVL36:
 388              	.L19:
 389              		.loc 1 273 1 view .LVU109
 390 0132 00BF     		.align	2
 391              	.L18:
 392 0134 00380140 		.word	1073821696
 393              		.cfi_endproc
 394              	.LFE30:
 395              		.size	USART_Init, .-USART_Init
 396              		.align	1
 397              		.global	USART_StructInit
 398              		.syntax unified
 399              		.thumb
 400              		.thumb_func
 401              		.type	USART_StructInit, %function
 402              	USART_StructInit:
 403              	.LVL37:
 404              	.LFB31:
 274:stm32f10x_lib/STM32F10x_StdPeriph_Driver/src/stm32f10x_usart.c **** 
 275:stm32f10x_lib/STM32F10x_StdPeriph_Driver/src/stm32f10x_usart.c **** /**
 276:stm32f10x_lib/STM32F10x_StdPeriph_Driver/src/stm32f10x_usart.c ****   * @brief  Fills each USART_InitStruct member with its default value.
 277:stm32f10x_lib/STM32F10x_StdPeriph_Driver/src/stm32f10x_usart.c ****   * @param  USART_InitStruct: pointer to a USART_InitTypeDef structure
 278:stm32f10x_lib/STM32F10x_StdPeriph_Driver/src/stm32f10x_usart.c ****   *         which will be initialized.
 279:stm32f10x_lib/STM32F10x_StdPeriph_Driver/src/stm32f10x_usart.c ****   * @retval None
 280:stm32f10x_lib/STM32F10x_StdPeriph_Driver/src/stm32f10x_usart.c ****   */
 281:stm32f10x_lib/STM32F10x_StdPeriph_Driver/src/stm32f10x_usart.c **** void USART_StructInit(USART_InitTypeDef* USART_InitStruct)
 282:stm32f10x_lib/STM32F10x_StdPeriph_Driver/src/stm32f10x_usart.c **** {
 405              		.loc 1 282 1 is_stmt 1 view -0
 406              		.cfi_startproc
 407              		@ args = 0, pretend = 0, frame = 0
 408              		@ frame_needed = 0, uses_anonymous_args = 0
 409              		@ link register save eliminated.
 283:stm32f10x_lib/STM32F10x_StdPeriph_Driver/src/stm32f10x_usart.c ****   /* USART_InitStruct members default value */
 284:stm32f10x_lib/STM32F10x_StdPeriph_Driver/src/stm32f10x_usart.c ****   USART_InitStruct->USART_BaudRate = 9600;
 410              		.loc 1 284 3 view .LVU111
 285:stm32f10x_lib/STM32F10x_StdPeriph_Driver/src/stm32f10x_usart.c ****   USART_InitStruct->USART_WordLength = USART_WordLength_8b;
 411              		.loc 1 285 3 view .LVU112
 286:stm32f10x_lib/STM32F10x_StdPeriph_Driver/src/stm32f10x_usart.c ****   USART_InitStruct->USART_StopBits = USART_StopBits_1;
 412              		.loc 1 286 3 view .LVU113
 287:stm32f10x_lib/STM32F10x_StdPeriph_Driver/src/stm32f10x_usart.c ****   USART_InitStruct->USART_Parity = USART_Parity_No ;
 413              		.loc 1 287 3 view .LVU114
 288:stm32f10x_lib/STM32F10x_StdPeriph_Driver/src/stm32f10x_usart.c ****   USART_InitStruct->USART_Mode = USART_Mode_Rx | USART_Mode_Tx;
 414              		.loc 1 288 3 view .LVU115
 289:stm32f10x_lib/STM32F10x_StdPeriph_Driver/src/stm32f10x_usart.c ****   USART_InitStruct->USART_HardwareFlowControl = USART_HardwareFlowControl_None;  
 415              		.loc 1 289 3 view .LVU116
 416              	@ stm32f10x_lib/STM32F10x_StdPeriph_Driver/src/stm32f10x_usart.c:285:   USART_InitStruct->USART_Wor
 285:stm32f10x_lib/STM32F10x_StdPeriph_Driver/src/stm32f10x_usart.c ****   USART_InitStruct->USART_StopBits = USART_StopBits_1;
 417              		.loc 1 285 38 is_stmt 0 view .LVU117
 418 0138 4FF41652 		mov	r2, #9600	@,
 419 013c 0023     		movs	r3, #0	@ tmp96,
ARM GAS  /tmp/cc7usaPi.s 			page 14


 420 013e C0E90023 		strd	r2, r3, [r0]	@, tmp96, USART_InitStruct
 421              	@ stm32f10x_lib/STM32F10x_StdPeriph_Driver/src/stm32f10x_usart.c:287:   USART_InitStruct->USART_Par
 287:stm32f10x_lib/STM32F10x_StdPeriph_Driver/src/stm32f10x_usart.c ****   USART_InitStruct->USART_Mode = USART_Mode_Rx | USART_Mode_Tx;
 422              		.loc 1 287 34 view .LVU118
 423 0142 4FF44022 		mov	r2, #786432	@ tmp97,
 424              	@ stm32f10x_lib/STM32F10x_StdPeriph_Driver/src/stm32f10x_usart.c:289:   USART_InitStruct->USART_Har
 425              		.loc 1 289 47 view .LVU119
 426 0146 8381     		strh	r3, [r0, #12]	@ movhi	@ tmp96, USART_InitStruct_2(D)->USART_HardwareFlowControl
 427              	@ stm32f10x_lib/STM32F10x_StdPeriph_Driver/src/stm32f10x_usart.c:287:   USART_InitStruct->USART_Par
 287:stm32f10x_lib/STM32F10x_StdPeriph_Driver/src/stm32f10x_usart.c ****   USART_InitStruct->USART_Mode = USART_Mode_Rx | USART_Mode_Tx;
 428              		.loc 1 287 34 view .LVU120
 429 0148 8260     		str	r2, [r0, #8]	@ tmp97, MEM <unsigned int> [(short unsigned int *)USART_InitStruct_2(D) + 8B]
 430              	@ stm32f10x_lib/STM32F10x_StdPeriph_Driver/src/stm32f10x_usart.c:290: }
 290:stm32f10x_lib/STM32F10x_StdPeriph_Driver/src/stm32f10x_usart.c **** }
 431              		.loc 1 290 1 view .LVU121
 432 014a 7047     		bx	lr	@
 433              		.cfi_endproc
 434              	.LFE31:
 435              		.size	USART_StructInit, .-USART_StructInit
 436              		.align	1
 437              		.global	USART_ClockInit
 438              		.syntax unified
 439              		.thumb
 440              		.thumb_func
 441              		.type	USART_ClockInit, %function
 442              	USART_ClockInit:
 443              	.LVL38:
 444              	.LFB32:
 291:stm32f10x_lib/STM32F10x_StdPeriph_Driver/src/stm32f10x_usart.c **** 
 292:stm32f10x_lib/STM32F10x_StdPeriph_Driver/src/stm32f10x_usart.c **** /**
 293:stm32f10x_lib/STM32F10x_StdPeriph_Driver/src/stm32f10x_usart.c ****   * @brief  Initializes the USARTx peripheral Clock according to the 
 294:stm32f10x_lib/STM32F10x_StdPeriph_Driver/src/stm32f10x_usart.c ****   *          specified parameters in the USART_ClockInitStruct .
 295:stm32f10x_lib/STM32F10x_StdPeriph_Driver/src/stm32f10x_usart.c ****   * @param  USARTx: where x can be 1, 2, 3 to select the USART peripheral.
 296:stm32f10x_lib/STM32F10x_StdPeriph_Driver/src/stm32f10x_usart.c ****   * @param  USART_ClockInitStruct: pointer to a USART_ClockInitTypeDef
 297:stm32f10x_lib/STM32F10x_StdPeriph_Driver/src/stm32f10x_usart.c ****   *         structure that contains the configuration information for the specified 
 298:stm32f10x_lib/STM32F10x_StdPeriph_Driver/src/stm32f10x_usart.c ****   *         USART peripheral.  
 299:stm32f10x_lib/STM32F10x_StdPeriph_Driver/src/stm32f10x_usart.c ****   * @note The Smart Card and Synchronous modes are not available for UART4 and UART5.
 300:stm32f10x_lib/STM32F10x_StdPeriph_Driver/src/stm32f10x_usart.c ****   * @retval None
 301:stm32f10x_lib/STM32F10x_StdPeriph_Driver/src/stm32f10x_usart.c ****   */
 302:stm32f10x_lib/STM32F10x_StdPeriph_Driver/src/stm32f10x_usart.c **** void USART_ClockInit(USART_TypeDef* USARTx, USART_ClockInitTypeDef* USART_ClockInitStruct)
 303:stm32f10x_lib/STM32F10x_StdPeriph_Driver/src/stm32f10x_usart.c **** {
 445              		.loc 1 303 1 is_stmt 1 view -0
 446              		.cfi_startproc
 447              		@ args = 0, pretend = 0, frame = 0
 448              		@ frame_needed = 0, uses_anonymous_args = 0
 304:stm32f10x_lib/STM32F10x_StdPeriph_Driver/src/stm32f10x_usart.c ****   uint32_t tmpreg = 0x00;
 449              		.loc 1 304 3 view .LVU123
 305:stm32f10x_lib/STM32F10x_StdPeriph_Driver/src/stm32f10x_usart.c ****   /* Check the parameters */
 306:stm32f10x_lib/STM32F10x_StdPeriph_Driver/src/stm32f10x_usart.c ****   assert_param(IS_USART_123_PERIPH(USARTx));
 450              		.loc 1 306 3 view .LVU124
 307:stm32f10x_lib/STM32F10x_StdPeriph_Driver/src/stm32f10x_usart.c ****   assert_param(IS_USART_CLOCK(USART_ClockInitStruct->USART_Clock));
 451              		.loc 1 307 3 view .LVU125
 308:stm32f10x_lib/STM32F10x_StdPeriph_Driver/src/stm32f10x_usart.c ****   assert_param(IS_USART_CPOL(USART_ClockInitStruct->USART_CPOL));
 452              		.loc 1 308 3 view .LVU126
 309:stm32f10x_lib/STM32F10x_StdPeriph_Driver/src/stm32f10x_usart.c ****   assert_param(IS_USART_CPHA(USART_ClockInitStruct->USART_CPHA));
 453              		.loc 1 309 3 view .LVU127
 310:stm32f10x_lib/STM32F10x_StdPeriph_Driver/src/stm32f10x_usart.c ****   assert_param(IS_USART_LASTBIT(USART_ClockInitStruct->USART_LastBit));
ARM GAS  /tmp/cc7usaPi.s 			page 15


 454              		.loc 1 310 3 view .LVU128
 311:stm32f10x_lib/STM32F10x_StdPeriph_Driver/src/stm32f10x_usart.c ****   
 312:stm32f10x_lib/STM32F10x_StdPeriph_Driver/src/stm32f10x_usart.c **** /*---------------------------- USART CR2 Configuration -----------------------*/
 313:stm32f10x_lib/STM32F10x_StdPeriph_Driver/src/stm32f10x_usart.c ****   tmpreg = USARTx->CR2;
 455              		.loc 1 313 3 view .LVU129
 456              	@ stm32f10x_lib/STM32F10x_StdPeriph_Driver/src/stm32f10x_usart.c:322:                  USART_ClockI
 314:stm32f10x_lib/STM32F10x_StdPeriph_Driver/src/stm32f10x_usart.c ****   /* Clear CLKEN, CPOL, CPHA and LBCL bits */
 315:stm32f10x_lib/STM32F10x_StdPeriph_Driver/src/stm32f10x_usart.c ****   tmpreg &= CR2_CLOCK_CLEAR_Mask;
 316:stm32f10x_lib/STM32F10x_StdPeriph_Driver/src/stm32f10x_usart.c ****   /* Configure the USART Clock, CPOL, CPHA and LastBit ------------*/
 317:stm32f10x_lib/STM32F10x_StdPeriph_Driver/src/stm32f10x_usart.c ****   /* Set CLKEN bit according to USART_Clock value */
 318:stm32f10x_lib/STM32F10x_StdPeriph_Driver/src/stm32f10x_usart.c ****   /* Set CPOL bit according to USART_CPOL value */
 319:stm32f10x_lib/STM32F10x_StdPeriph_Driver/src/stm32f10x_usart.c ****   /* Set CPHA bit according to USART_CPHA value */
 320:stm32f10x_lib/STM32F10x_StdPeriph_Driver/src/stm32f10x_usart.c ****   /* Set LBCL bit according to USART_LastBit value */
 321:stm32f10x_lib/STM32F10x_StdPeriph_Driver/src/stm32f10x_usart.c ****   tmpreg |= (uint32_t)USART_ClockInitStruct->USART_Clock | USART_ClockInitStruct->USART_CPOL | 
 322:stm32f10x_lib/STM32F10x_StdPeriph_Driver/src/stm32f10x_usart.c ****                  USART_ClockInitStruct->USART_CPHA | USART_ClockInitStruct->USART_LastBit;
 457              		.loc 1 322 52 is_stmt 0 view .LVU130
 458 014c 0B88     		ldrh	r3, [r1]	@, USART_ClockInitStruct_12(D)->USART_Clock
 459              	@ stm32f10x_lib/STM32F10x_StdPeriph_Driver/src/stm32f10x_usart.c:303: {
 303:stm32f10x_lib/STM32F10x_StdPeriph_Driver/src/stm32f10x_usart.c ****   uint32_t tmpreg = 0x00;
 460              		.loc 1 303 1 view .LVU131
 461 014e 10B5     		push	{r4, lr}	@
 462              	.LCFI8:
 463              		.cfi_def_cfa_offset 8
 464              		.cfi_offset 4, -8
 465              		.cfi_offset 14, -4
 466              	@ stm32f10x_lib/STM32F10x_StdPeriph_Driver/src/stm32f10x_usart.c:322:                  USART_ClockI
 467              		.loc 1 322 52 view .LVU132
 468 0150 4C88     		ldrh	r4, [r1, #2]	@, USART_ClockInitStruct_12(D)->USART_CPOL
 469              	@ stm32f10x_lib/STM32F10x_StdPeriph_Driver/src/stm32f10x_usart.c:313:   tmpreg = USARTx->CR2;
 313:stm32f10x_lib/STM32F10x_StdPeriph_Driver/src/stm32f10x_usart.c ****   /* Clear CLKEN, CPOL, CPHA and LBCL bits */
 470              		.loc 1 313 18 view .LVU133
 471 0152 028A     		ldrh	r2, [r0, #16]	@ _1, USARTx_11(D)->CR2
 472              	.LVL39:
 315:stm32f10x_lib/STM32F10x_StdPeriph_Driver/src/stm32f10x_usart.c ****   /* Configure the USART Clock, CPOL, CPHA and LastBit ------------*/
 473              		.loc 1 315 3 is_stmt 1 view .LVU134
 321:stm32f10x_lib/STM32F10x_StdPeriph_Driver/src/stm32f10x_usart.c ****                  USART_ClockInitStruct->USART_CPHA | USART_ClockInitStruct->USART_LastBit;
 474              		.loc 1 321 3 view .LVU135
 475              	@ stm32f10x_lib/STM32F10x_StdPeriph_Driver/src/stm32f10x_usart.c:322:                  USART_ClockI
 476              		.loc 1 322 52 is_stmt 0 view .LVU136
 477 0154 2343     		orrs	r3, r3, r4	@, tmp108, USART_ClockInitStruct_12(D)->USART_Clock, USART_ClockInitStruct_12(D)->
 478 0156 8C88     		ldrh	r4, [r1, #4]	@, USART_ClockInitStruct_12(D)->USART_CPHA
 479 0158 C988     		ldrh	r1, [r1, #6]	@, USART_ClockInitStruct_12(D)->USART_LastBit
 480              	.LVL40:
 481              		.loc 1 322 52 view .LVU137
 482 015a 2343     		orrs	r3, r3, r4	@, tmp111, tmp108, USART_ClockInitStruct_12(D)->USART_CPHA
 483 015c 0B43     		orrs	r3, r3, r1	@, tmp114, tmp111, USART_ClockInitStruct_12(D)->USART_LastBit
 484 015e 22F47062 		bic	r2, r2, #3840	@ tmp115, _1,
 485              	.LVL41:
 486              		.loc 1 322 52 view .LVU138
 487 0162 1343     		orrs	r3, r3, r2	@, _14, tmp114, tmp115
 488              	.LVL42:
 323:stm32f10x_lib/STM32F10x_StdPeriph_Driver/src/stm32f10x_usart.c ****   /* Write to USART CR2 */
 324:stm32f10x_lib/STM32F10x_StdPeriph_Driver/src/stm32f10x_usart.c ****   USARTx->CR2 = (uint16_t)tmpreg;
 489              		.loc 1 324 3 is_stmt 1 view .LVU139
 490              	@ stm32f10x_lib/STM32F10x_StdPeriph_Driver/src/stm32f10x_usart.c:324:   USARTx->CR2 = (uint16_t)tmp
 491              		.loc 1 324 15 is_stmt 0 view .LVU140
 492 0164 0382     		strh	r3, [r0, #16]	@ movhi	@ _14, USARTx_11(D)->CR2
ARM GAS  /tmp/cc7usaPi.s 			page 16


 493              	@ stm32f10x_lib/STM32F10x_StdPeriph_Driver/src/stm32f10x_usart.c:325: }
 325:stm32f10x_lib/STM32F10x_StdPeriph_Driver/src/stm32f10x_usart.c **** }
 494              		.loc 1 325 1 view .LVU141
 495 0166 10BD     		pop	{r4, pc}	@
 496              		.cfi_endproc
 497              	.LFE32:
 498              		.size	USART_ClockInit, .-USART_ClockInit
 499              		.align	1
 500              		.global	USART_ClockStructInit
 501              		.syntax unified
 502              		.thumb
 503              		.thumb_func
 504              		.type	USART_ClockStructInit, %function
 505              	USART_ClockStructInit:
 506              	.LVL43:
 507              	.LFB33:
 326:stm32f10x_lib/STM32F10x_StdPeriph_Driver/src/stm32f10x_usart.c **** 
 327:stm32f10x_lib/STM32F10x_StdPeriph_Driver/src/stm32f10x_usart.c **** /**
 328:stm32f10x_lib/STM32F10x_StdPeriph_Driver/src/stm32f10x_usart.c ****   * @brief  Fills each USART_ClockInitStruct member with its default value.
 329:stm32f10x_lib/STM32F10x_StdPeriph_Driver/src/stm32f10x_usart.c ****   * @param  USART_ClockInitStruct: pointer to a USART_ClockInitTypeDef
 330:stm32f10x_lib/STM32F10x_StdPeriph_Driver/src/stm32f10x_usart.c ****   *         structure which will be initialized.
 331:stm32f10x_lib/STM32F10x_StdPeriph_Driver/src/stm32f10x_usart.c ****   * @retval None
 332:stm32f10x_lib/STM32F10x_StdPeriph_Driver/src/stm32f10x_usart.c ****   */
 333:stm32f10x_lib/STM32F10x_StdPeriph_Driver/src/stm32f10x_usart.c **** void USART_ClockStructInit(USART_ClockInitTypeDef* USART_ClockInitStruct)
 334:stm32f10x_lib/STM32F10x_StdPeriph_Driver/src/stm32f10x_usart.c **** {
 508              		.loc 1 334 1 is_stmt 1 view -0
 509              		.cfi_startproc
 510              		@ args = 0, pretend = 0, frame = 0
 511              		@ frame_needed = 0, uses_anonymous_args = 0
 512              		@ link register save eliminated.
 335:stm32f10x_lib/STM32F10x_StdPeriph_Driver/src/stm32f10x_usart.c ****   /* USART_ClockInitStruct members default value */
 336:stm32f10x_lib/STM32F10x_StdPeriph_Driver/src/stm32f10x_usart.c ****   USART_ClockInitStruct->USART_Clock = USART_Clock_Disable;
 513              		.loc 1 336 3 view .LVU143
 514              	@ stm32f10x_lib/STM32F10x_StdPeriph_Driver/src/stm32f10x_usart.c:336:   USART_ClockInitStruct->USAR
 515              		.loc 1 336 38 is_stmt 0 view .LVU144
 516 0168 0023     		movs	r3, #0	@ tmp96,
 517 016a 0380     		strh	r3, [r0]	@ movhi	@ tmp96, USART_ClockInitStruct_2(D)->USART_Clock
 337:stm32f10x_lib/STM32F10x_StdPeriph_Driver/src/stm32f10x_usart.c ****   USART_ClockInitStruct->USART_CPOL = USART_CPOL_Low;
 518              		.loc 1 337 3 is_stmt 1 view .LVU145
 519              	@ stm32f10x_lib/STM32F10x_StdPeriph_Driver/src/stm32f10x_usart.c:337:   USART_ClockInitStruct->USAR
 520              		.loc 1 337 37 is_stmt 0 view .LVU146
 521 016c 4380     		strh	r3, [r0, #2]	@ movhi	@ tmp96, USART_ClockInitStruct_2(D)->USART_CPOL
 338:stm32f10x_lib/STM32F10x_StdPeriph_Driver/src/stm32f10x_usart.c ****   USART_ClockInitStruct->USART_CPHA = USART_CPHA_1Edge;
 522              		.loc 1 338 3 is_stmt 1 view .LVU147
 523              	@ stm32f10x_lib/STM32F10x_StdPeriph_Driver/src/stm32f10x_usart.c:338:   USART_ClockInitStruct->USAR
 524              		.loc 1 338 37 is_stmt 0 view .LVU148
 525 016e 8380     		strh	r3, [r0, #4]	@ movhi	@ tmp96, USART_ClockInitStruct_2(D)->USART_CPHA
 339:stm32f10x_lib/STM32F10x_StdPeriph_Driver/src/stm32f10x_usart.c ****   USART_ClockInitStruct->USART_LastBit = USART_LastBit_Disable;
 526              		.loc 1 339 3 is_stmt 1 view .LVU149
 527              	@ stm32f10x_lib/STM32F10x_StdPeriph_Driver/src/stm32f10x_usart.c:339:   USART_ClockInitStruct->USAR
 528              		.loc 1 339 40 is_stmt 0 view .LVU150
 529 0170 C380     		strh	r3, [r0, #6]	@ movhi	@ tmp96, USART_ClockInitStruct_2(D)->USART_LastBit
 530              	@ stm32f10x_lib/STM32F10x_StdPeriph_Driver/src/stm32f10x_usart.c:340: }
 340:stm32f10x_lib/STM32F10x_StdPeriph_Driver/src/stm32f10x_usart.c **** }
 531              		.loc 1 340 1 view .LVU151
 532 0172 7047     		bx	lr	@
 533              		.cfi_endproc
ARM GAS  /tmp/cc7usaPi.s 			page 17


 534              	.LFE33:
 535              		.size	USART_ClockStructInit, .-USART_ClockStructInit
 536              		.align	1
 537              		.global	USART_Cmd
 538              		.syntax unified
 539              		.thumb
 540              		.thumb_func
 541              		.type	USART_Cmd, %function
 542              	USART_Cmd:
 543              	.LVL44:
 544              	.LFB34:
 341:stm32f10x_lib/STM32F10x_StdPeriph_Driver/src/stm32f10x_usart.c **** 
 342:stm32f10x_lib/STM32F10x_StdPeriph_Driver/src/stm32f10x_usart.c **** /**
 343:stm32f10x_lib/STM32F10x_StdPeriph_Driver/src/stm32f10x_usart.c ****   * @brief  Enables or disables the specified USART peripheral.
 344:stm32f10x_lib/STM32F10x_StdPeriph_Driver/src/stm32f10x_usart.c ****   * @param  USARTx: Select the USART or the UART peripheral. 
 345:stm32f10x_lib/STM32F10x_StdPeriph_Driver/src/stm32f10x_usart.c ****   *         This parameter can be one of the following values:
 346:stm32f10x_lib/STM32F10x_StdPeriph_Driver/src/stm32f10x_usart.c ****   *           USART1, USART2, USART3, UART4 or UART5.
 347:stm32f10x_lib/STM32F10x_StdPeriph_Driver/src/stm32f10x_usart.c ****   * @param  NewState: new state of the USARTx peripheral.
 348:stm32f10x_lib/STM32F10x_StdPeriph_Driver/src/stm32f10x_usart.c ****   *         This parameter can be: ENABLE or DISABLE.
 349:stm32f10x_lib/STM32F10x_StdPeriph_Driver/src/stm32f10x_usart.c ****   * @retval None
 350:stm32f10x_lib/STM32F10x_StdPeriph_Driver/src/stm32f10x_usart.c ****   */
 351:stm32f10x_lib/STM32F10x_StdPeriph_Driver/src/stm32f10x_usart.c **** void USART_Cmd(USART_TypeDef* USARTx, FunctionalState NewState)
 352:stm32f10x_lib/STM32F10x_StdPeriph_Driver/src/stm32f10x_usart.c **** {
 545              		.loc 1 352 1 is_stmt 1 view -0
 546              		.cfi_startproc
 547              		@ args = 0, pretend = 0, frame = 0
 548              		@ frame_needed = 0, uses_anonymous_args = 0
 549              		@ link register save eliminated.
 353:stm32f10x_lib/STM32F10x_StdPeriph_Driver/src/stm32f10x_usart.c ****   /* Check the parameters */
 354:stm32f10x_lib/STM32F10x_StdPeriph_Driver/src/stm32f10x_usart.c ****   assert_param(IS_USART_ALL_PERIPH(USARTx));
 550              		.loc 1 354 3 view .LVU153
 355:stm32f10x_lib/STM32F10x_StdPeriph_Driver/src/stm32f10x_usart.c ****   assert_param(IS_FUNCTIONAL_STATE(NewState));
 551              		.loc 1 355 3 view .LVU154
 356:stm32f10x_lib/STM32F10x_StdPeriph_Driver/src/stm32f10x_usart.c ****   
 357:stm32f10x_lib/STM32F10x_StdPeriph_Driver/src/stm32f10x_usart.c ****   if (NewState != DISABLE)
 552              		.loc 1 357 3 view .LVU155
 553              	@ stm32f10x_lib/STM32F10x_StdPeriph_Driver/src/stm32f10x_usart.c:360:     USARTx->CR1 |= CR1_UE_Set
 358:stm32f10x_lib/STM32F10x_StdPeriph_Driver/src/stm32f10x_usart.c ****   {
 359:stm32f10x_lib/STM32F10x_StdPeriph_Driver/src/stm32f10x_usart.c ****     /* Enable the selected USART by setting the UE bit in the CR1 register */
 360:stm32f10x_lib/STM32F10x_StdPeriph_Driver/src/stm32f10x_usart.c ****     USARTx->CR1 |= CR1_UE_Set;
 554              		.loc 1 360 11 is_stmt 0 view .LVU156
 555 0174 8389     		ldrh	r3, [r0, #12]	@ _1,
 556              	@ stm32f10x_lib/STM32F10x_StdPeriph_Driver/src/stm32f10x_usart.c:357:   if (NewState != DISABLE)
 357:stm32f10x_lib/STM32F10x_StdPeriph_Driver/src/stm32f10x_usart.c ****   {
 557              		.loc 1 357 6 view .LVU157
 558 0176 19B1     		cbz	r1, .L24	@ NewState,
 559              		.loc 1 360 5 is_stmt 1 view .LVU158
 560              	@ stm32f10x_lib/STM32F10x_StdPeriph_Driver/src/stm32f10x_usart.c:360:     USARTx->CR1 |= CR1_UE_Set
 561              		.loc 1 360 17 is_stmt 0 view .LVU159
 562 0178 43F40053 		orr	r3, r3, #8192	@ _2, _1,
 563              	.L26:
 564              	@ stm32f10x_lib/STM32F10x_StdPeriph_Driver/src/stm32f10x_usart.c:365:     USARTx->CR1 &= CR1_UE_Res
 361:stm32f10x_lib/STM32F10x_StdPeriph_Driver/src/stm32f10x_usart.c ****   }
 362:stm32f10x_lib/STM32F10x_StdPeriph_Driver/src/stm32f10x_usart.c ****   else
 363:stm32f10x_lib/STM32F10x_StdPeriph_Driver/src/stm32f10x_usart.c ****   {
 364:stm32f10x_lib/STM32F10x_StdPeriph_Driver/src/stm32f10x_usart.c ****     /* Disable the selected USART by clearing the UE bit in the CR1 register */
 365:stm32f10x_lib/STM32F10x_StdPeriph_Driver/src/stm32f10x_usart.c ****     USARTx->CR1 &= CR1_UE_Reset;
ARM GAS  /tmp/cc7usaPi.s 			page 18


 565              		.loc 1 365 17 view .LVU160
 566 017c 8381     		strh	r3, [r0, #12]	@ movhi	@ tmp102,
 567              	@ stm32f10x_lib/STM32F10x_StdPeriph_Driver/src/stm32f10x_usart.c:367: }
 366:stm32f10x_lib/STM32F10x_StdPeriph_Driver/src/stm32f10x_usart.c ****   }
 367:stm32f10x_lib/STM32F10x_StdPeriph_Driver/src/stm32f10x_usart.c **** }
 568              		.loc 1 367 1 view .LVU161
 569 017e 7047     		bx	lr	@
 570              	.L24:
 365:stm32f10x_lib/STM32F10x_StdPeriph_Driver/src/stm32f10x_usart.c ****   }
 571              		.loc 1 365 5 is_stmt 1 view .LVU162
 572              	@ stm32f10x_lib/STM32F10x_StdPeriph_Driver/src/stm32f10x_usart.c:365:     USARTx->CR1 &= CR1_UE_Res
 365:stm32f10x_lib/STM32F10x_StdPeriph_Driver/src/stm32f10x_usart.c ****   }
 573              		.loc 1 365 17 is_stmt 0 view .LVU163
 574 0180 23F40053 		bic	r3, r3, #8192	@ tmp102, _3,
 575 0184 FAE7     		b	.L26		@
 576              		.cfi_endproc
 577              	.LFE34:
 578              		.size	USART_Cmd, .-USART_Cmd
 579              		.align	1
 580              		.global	USART_ITConfig
 581              		.syntax unified
 582              		.thumb
 583              		.thumb_func
 584              		.type	USART_ITConfig, %function
 585              	USART_ITConfig:
 586              	.LVL45:
 587              	.LFB35:
 368:stm32f10x_lib/STM32F10x_StdPeriph_Driver/src/stm32f10x_usart.c **** 
 369:stm32f10x_lib/STM32F10x_StdPeriph_Driver/src/stm32f10x_usart.c **** /**
 370:stm32f10x_lib/STM32F10x_StdPeriph_Driver/src/stm32f10x_usart.c ****   * @brief  Enables or disables the specified USART interrupts.
 371:stm32f10x_lib/STM32F10x_StdPeriph_Driver/src/stm32f10x_usart.c ****   * @param  USARTx: Select the USART or the UART peripheral. 
 372:stm32f10x_lib/STM32F10x_StdPeriph_Driver/src/stm32f10x_usart.c ****   *   This parameter can be one of the following values:
 373:stm32f10x_lib/STM32F10x_StdPeriph_Driver/src/stm32f10x_usart.c ****   *   USART1, USART2, USART3, UART4 or UART5.
 374:stm32f10x_lib/STM32F10x_StdPeriph_Driver/src/stm32f10x_usart.c ****   * @param  USART_IT: specifies the USART interrupt sources to be enabled or disabled.
 375:stm32f10x_lib/STM32F10x_StdPeriph_Driver/src/stm32f10x_usart.c ****   *   This parameter can be one of the following values:
 376:stm32f10x_lib/STM32F10x_StdPeriph_Driver/src/stm32f10x_usart.c ****   *     @arg USART_IT_CTS:  CTS change interrupt (not available for UART4 and UART5)
 377:stm32f10x_lib/STM32F10x_StdPeriph_Driver/src/stm32f10x_usart.c ****   *     @arg USART_IT_LBD:  LIN Break detection interrupt
 378:stm32f10x_lib/STM32F10x_StdPeriph_Driver/src/stm32f10x_usart.c ****   *     @arg USART_IT_TXE:  Transmit Data Register empty interrupt
 379:stm32f10x_lib/STM32F10x_StdPeriph_Driver/src/stm32f10x_usart.c ****   *     @arg USART_IT_TC:   Transmission complete interrupt
 380:stm32f10x_lib/STM32F10x_StdPeriph_Driver/src/stm32f10x_usart.c ****   *     @arg USART_IT_RXNE: Receive Data register not empty interrupt
 381:stm32f10x_lib/STM32F10x_StdPeriph_Driver/src/stm32f10x_usart.c ****   *     @arg USART_IT_IDLE: Idle line detection interrupt
 382:stm32f10x_lib/STM32F10x_StdPeriph_Driver/src/stm32f10x_usart.c ****   *     @arg USART_IT_PE:   Parity Error interrupt
 383:stm32f10x_lib/STM32F10x_StdPeriph_Driver/src/stm32f10x_usart.c ****   *     @arg USART_IT_ERR:  Error interrupt(Frame error, noise error, overrun error)
 384:stm32f10x_lib/STM32F10x_StdPeriph_Driver/src/stm32f10x_usart.c ****   * @param  NewState: new state of the specified USARTx interrupts.
 385:stm32f10x_lib/STM32F10x_StdPeriph_Driver/src/stm32f10x_usart.c ****   *   This parameter can be: ENABLE or DISABLE.
 386:stm32f10x_lib/STM32F10x_StdPeriph_Driver/src/stm32f10x_usart.c ****   * @retval None
 387:stm32f10x_lib/STM32F10x_StdPeriph_Driver/src/stm32f10x_usart.c ****   */
 388:stm32f10x_lib/STM32F10x_StdPeriph_Driver/src/stm32f10x_usart.c **** void USART_ITConfig(USART_TypeDef* USARTx, uint16_t USART_IT, FunctionalState NewState)
 389:stm32f10x_lib/STM32F10x_StdPeriph_Driver/src/stm32f10x_usart.c **** {
 588              		.loc 1 389 1 is_stmt 1 view -0
 589              		.cfi_startproc
 590              		@ args = 0, pretend = 0, frame = 0
 591              		@ frame_needed = 0, uses_anonymous_args = 0
 390:stm32f10x_lib/STM32F10x_StdPeriph_Driver/src/stm32f10x_usart.c ****   uint32_t usartreg = 0x00, itpos = 0x00, itmask = 0x00;
 592              		.loc 1 390 3 view .LVU165
 391:stm32f10x_lib/STM32F10x_StdPeriph_Driver/src/stm32f10x_usart.c ****   uint32_t usartxbase = 0x00;
 593              		.loc 1 391 3 view .LVU166
ARM GAS  /tmp/cc7usaPi.s 			page 19


 392:stm32f10x_lib/STM32F10x_StdPeriph_Driver/src/stm32f10x_usart.c ****   /* Check the parameters */
 393:stm32f10x_lib/STM32F10x_StdPeriph_Driver/src/stm32f10x_usart.c ****   assert_param(IS_USART_ALL_PERIPH(USARTx));
 594              		.loc 1 393 3 view .LVU167
 394:stm32f10x_lib/STM32F10x_StdPeriph_Driver/src/stm32f10x_usart.c ****   assert_param(IS_USART_CONFIG_IT(USART_IT));
 595              		.loc 1 394 3 view .LVU168
 395:stm32f10x_lib/STM32F10x_StdPeriph_Driver/src/stm32f10x_usart.c ****   assert_param(IS_FUNCTIONAL_STATE(NewState));
 596              		.loc 1 395 3 view .LVU169
 396:stm32f10x_lib/STM32F10x_StdPeriph_Driver/src/stm32f10x_usart.c ****   /* The CTS interrupt is not available for UART4 and UART5 */
 397:stm32f10x_lib/STM32F10x_StdPeriph_Driver/src/stm32f10x_usart.c ****   if (USART_IT == USART_IT_CTS)
 597              		.loc 1 397 3 view .LVU170
 398:stm32f10x_lib/STM32F10x_StdPeriph_Driver/src/stm32f10x_usart.c ****   {
 399:stm32f10x_lib/STM32F10x_StdPeriph_Driver/src/stm32f10x_usart.c ****     assert_param(IS_USART_123_PERIPH(USARTx));
 598              		.loc 1 399 5 view .LVU171
 400:stm32f10x_lib/STM32F10x_StdPeriph_Driver/src/stm32f10x_usart.c ****   }   
 401:stm32f10x_lib/STM32F10x_StdPeriph_Driver/src/stm32f10x_usart.c ****   
 402:stm32f10x_lib/STM32F10x_StdPeriph_Driver/src/stm32f10x_usart.c ****   usartxbase = (uint32_t)USARTx;
 599              		.loc 1 402 3 view .LVU172
 403:stm32f10x_lib/STM32F10x_StdPeriph_Driver/src/stm32f10x_usart.c **** 
 404:stm32f10x_lib/STM32F10x_StdPeriph_Driver/src/stm32f10x_usart.c ****   /* Get the USART register index */
 405:stm32f10x_lib/STM32F10x_StdPeriph_Driver/src/stm32f10x_usart.c ****   usartreg = (((uint8_t)USART_IT) >> 0x05);
 600              		.loc 1 405 3 view .LVU173
 601              	@ stm32f10x_lib/STM32F10x_StdPeriph_Driver/src/stm32f10x_usart.c:409:   itmask = (((uint32_t)0x01) 
 406:stm32f10x_lib/STM32F10x_StdPeriph_Driver/src/stm32f10x_usart.c **** 
 407:stm32f10x_lib/STM32F10x_StdPeriph_Driver/src/stm32f10x_usart.c ****   /* Get the interrupt position */
 408:stm32f10x_lib/STM32F10x_StdPeriph_Driver/src/stm32f10x_usart.c ****   itpos = USART_IT & IT_Mask;
 409:stm32f10x_lib/STM32F10x_StdPeriph_Driver/src/stm32f10x_usart.c ****   itmask = (((uint32_t)0x01) << itpos);
 602              		.loc 1 409 10 is_stmt 0 view .LVU174
 603 0186 0123     		movs	r3, #1	@ tmp115,
 604              	@ stm32f10x_lib/STM32F10x_StdPeriph_Driver/src/stm32f10x_usart.c:389: {
 389:stm32f10x_lib/STM32F10x_StdPeriph_Driver/src/stm32f10x_usart.c ****   uint32_t usartreg = 0x00, itpos = 0x00, itmask = 0x00;
 605              		.loc 1 389 1 view .LVU175
 606 0188 10B5     		push	{r4, lr}	@
 607              	.LCFI9:
 608              		.cfi_def_cfa_offset 8
 609              		.cfi_offset 4, -8
 610              		.cfi_offset 14, -4
 611              	@ stm32f10x_lib/STM32F10x_StdPeriph_Driver/src/stm32f10x_usart.c:405:   usartreg = (((uint8_t)USART
 405:stm32f10x_lib/STM32F10x_StdPeriph_Driver/src/stm32f10x_usart.c **** 
 612              		.loc 1 405 35 view .LVU176
 613 018a C1F34214 		ubfx	r4, r1, #5, #3	@ _2, USART_IT,,
 614              	.LVL46:
 408:stm32f10x_lib/STM32F10x_StdPeriph_Driver/src/stm32f10x_usart.c ****   itmask = (((uint32_t)0x01) << itpos);
 615              		.loc 1 408 3 is_stmt 1 view .LVU177
 616              		.loc 1 409 3 view .LVU178
 617              	@ stm32f10x_lib/STM32F10x_StdPeriph_Driver/src/stm32f10x_usart.c:411:   if (usartreg == 0x01) /* Th
 410:stm32f10x_lib/STM32F10x_StdPeriph_Driver/src/stm32f10x_usart.c ****     
 411:stm32f10x_lib/STM32F10x_StdPeriph_Driver/src/stm32f10x_usart.c ****   if (usartreg == 0x01) /* The IT is in CR1 register */
 618              		.loc 1 411 6 is_stmt 0 view .LVU179
 619 018e 012C     		cmp	r4, #1	@ _2,
 620              	@ stm32f10x_lib/STM32F10x_StdPeriph_Driver/src/stm32f10x_usart.c:408:   itpos = USART_IT & IT_Mask;
 408:stm32f10x_lib/STM32F10x_StdPeriph_Driver/src/stm32f10x_usart.c ****   itmask = (((uint32_t)0x01) << itpos);
 621              		.loc 1 408 9 view .LVU180
 622 0190 01F01F01 		and	r1, r1, #31	@ itpos_16, USART_IT,
 623              	.LVL47:
 624              	@ stm32f10x_lib/STM32F10x_StdPeriph_Driver/src/stm32f10x_usart.c:409:   itmask = (((uint32_t)0x01) 
 409:stm32f10x_lib/STM32F10x_StdPeriph_Driver/src/stm32f10x_usart.c ****     
 625              		.loc 1 409 10 view .LVU181
ARM GAS  /tmp/cc7usaPi.s 			page 20


 626 0194 03FA01F3 		lsl	r3, r3, r1	@ itmask, tmp115, itpos_16
 627              	.LVL48:
 628              		.loc 1 411 3 is_stmt 1 view .LVU182
 629              	@ stm32f10x_lib/STM32F10x_StdPeriph_Driver/src/stm32f10x_usart.c:411:   if (usartreg == 0x01) /* Th
 630              		.loc 1 411 6 is_stmt 0 view .LVU183
 631 0198 05D1     		bne	.L28		@,
 412:stm32f10x_lib/STM32F10x_StdPeriph_Driver/src/stm32f10x_usart.c ****   {
 413:stm32f10x_lib/STM32F10x_StdPeriph_Driver/src/stm32f10x_usart.c ****     usartxbase += 0x0C;
 632              		.loc 1 413 5 is_stmt 1 view .LVU184
 633              	@ stm32f10x_lib/STM32F10x_StdPeriph_Driver/src/stm32f10x_usart.c:413:     usartxbase += 0x0C;
 634              		.loc 1 413 16 is_stmt 0 view .LVU185
 635 019a 0C30     		adds	r0, r0, #12	@ usartxbase, USARTx,
 636              	.LVL49:
 637              	.L29:
 414:stm32f10x_lib/STM32F10x_StdPeriph_Driver/src/stm32f10x_usart.c ****   }
 415:stm32f10x_lib/STM32F10x_StdPeriph_Driver/src/stm32f10x_usart.c ****   else if (usartreg == 0x02) /* The IT is in CR2 register */
 416:stm32f10x_lib/STM32F10x_StdPeriph_Driver/src/stm32f10x_usart.c ****   {
 417:stm32f10x_lib/STM32F10x_StdPeriph_Driver/src/stm32f10x_usart.c ****     usartxbase += 0x10;
 418:stm32f10x_lib/STM32F10x_StdPeriph_Driver/src/stm32f10x_usart.c ****   }
 419:stm32f10x_lib/STM32F10x_StdPeriph_Driver/src/stm32f10x_usart.c ****   else /* The IT is in CR3 register */
 420:stm32f10x_lib/STM32F10x_StdPeriph_Driver/src/stm32f10x_usart.c ****   {
 421:stm32f10x_lib/STM32F10x_StdPeriph_Driver/src/stm32f10x_usart.c ****     usartxbase += 0x14; 
 422:stm32f10x_lib/STM32F10x_StdPeriph_Driver/src/stm32f10x_usart.c ****   }
 423:stm32f10x_lib/STM32F10x_StdPeriph_Driver/src/stm32f10x_usart.c ****   if (NewState != DISABLE)
 638              		.loc 1 423 3 is_stmt 1 view .LVU186
 639              	@ stm32f10x_lib/STM32F10x_StdPeriph_Driver/src/stm32f10x_usart.c:423:   if (NewState != DISABLE)
 640              		.loc 1 423 6 is_stmt 0 view .LVU187
 641 019c 42B1     		cbz	r2, .L31	@ NewState,
 424:stm32f10x_lib/STM32F10x_StdPeriph_Driver/src/stm32f10x_usart.c ****   {
 425:stm32f10x_lib/STM32F10x_StdPeriph_Driver/src/stm32f10x_usart.c ****     *(__IO uint32_t*)usartxbase  |= itmask;
 642              		.loc 1 425 5 is_stmt 1 view .LVU188
 643 019e 0268     		ldr	r2, [r0]	@ _4,* usartxbase
 644              	.LVL50:
 645              	@ stm32f10x_lib/STM32F10x_StdPeriph_Driver/src/stm32f10x_usart.c:425:     *(__IO uint32_t*)usartxba
 646              		.loc 1 425 34 is_stmt 0 view .LVU189
 647 01a0 1343     		orrs	r3, r3, r2	@, _5, itmask, _4
 648              	.LVL51:
 649              	.L33:
 650              	@ stm32f10x_lib/STM32F10x_StdPeriph_Driver/src/stm32f10x_usart.c:429:     *(__IO uint32_t*)usartxba
 426:stm32f10x_lib/STM32F10x_StdPeriph_Driver/src/stm32f10x_usart.c ****   }
 427:stm32f10x_lib/STM32F10x_StdPeriph_Driver/src/stm32f10x_usart.c ****   else
 428:stm32f10x_lib/STM32F10x_StdPeriph_Driver/src/stm32f10x_usart.c ****   {
 429:stm32f10x_lib/STM32F10x_StdPeriph_Driver/src/stm32f10x_usart.c ****     *(__IO uint32_t*)usartxbase &= ~itmask;
 651              		.loc 1 429 33 view .LVU190
 652 01a2 0360     		str	r3, [r0]	@ _9,* usartxbase
 653              	@ stm32f10x_lib/STM32F10x_StdPeriph_Driver/src/stm32f10x_usart.c:431: }
 430:stm32f10x_lib/STM32F10x_StdPeriph_Driver/src/stm32f10x_usart.c ****   }
 431:stm32f10x_lib/STM32F10x_StdPeriph_Driver/src/stm32f10x_usart.c **** }
 654              		.loc 1 431 1 view .LVU191
 655 01a4 10BD     		pop	{r4, pc}	@
 656              	.LVL52:
 657              	.L28:
 415:stm32f10x_lib/STM32F10x_StdPeriph_Driver/src/stm32f10x_usart.c ****   {
 658              		.loc 1 415 8 is_stmt 1 view .LVU192
 659              	@ stm32f10x_lib/STM32F10x_StdPeriph_Driver/src/stm32f10x_usart.c:415:   else if (usartreg == 0x02) 
 415:stm32f10x_lib/STM32F10x_StdPeriph_Driver/src/stm32f10x_usart.c ****   {
 660              		.loc 1 415 11 is_stmt 0 view .LVU193
ARM GAS  /tmp/cc7usaPi.s 			page 21


 661 01a6 022C     		cmp	r4, #2	@ _2,
 417:stm32f10x_lib/STM32F10x_StdPeriph_Driver/src/stm32f10x_usart.c ****   }
 662              		.loc 1 417 5 is_stmt 1 view .LVU194
 663              	@ stm32f10x_lib/STM32F10x_StdPeriph_Driver/src/stm32f10x_usart.c:417:     usartxbase += 0x10;
 417:stm32f10x_lib/STM32F10x_StdPeriph_Driver/src/stm32f10x_usart.c ****   }
 664              		.loc 1 417 16 is_stmt 0 view .LVU195
 665 01a8 0CBF     		ite	eq
 666 01aa 1030     		addeq	r0, r0, #16	@ usartxbase, USARTx,
 667              	.LVL53:
 421:stm32f10x_lib/STM32F10x_StdPeriph_Driver/src/stm32f10x_usart.c ****   }
 668              		.loc 1 421 5 is_stmt 1 view .LVU196
 669              	@ stm32f10x_lib/STM32F10x_StdPeriph_Driver/src/stm32f10x_usart.c:421:     usartxbase += 0x14; 
 421:stm32f10x_lib/STM32F10x_StdPeriph_Driver/src/stm32f10x_usart.c ****   }
 670              		.loc 1 421 16 is_stmt 0 view .LVU197
 671 01ac 1430     		addne	r0, r0, #20	@ usartxbase, USARTx,
 672              	.LVL54:
 421:stm32f10x_lib/STM32F10x_StdPeriph_Driver/src/stm32f10x_usart.c ****   }
 673              		.loc 1 421 16 view .LVU198
 674 01ae F5E7     		b	.L29		@
 675              	.LVL55:
 676              	.L31:
 429:stm32f10x_lib/STM32F10x_StdPeriph_Driver/src/stm32f10x_usart.c ****   }
 677              		.loc 1 429 5 is_stmt 1 view .LVU199
 678 01b0 0268     		ldr	r2, [r0]	@ _7,* usartxbase
 679              	.LVL56:
 680              	@ stm32f10x_lib/STM32F10x_StdPeriph_Driver/src/stm32f10x_usart.c:429:     *(__IO uint32_t*)usartxba
 429:stm32f10x_lib/STM32F10x_StdPeriph_Driver/src/stm32f10x_usart.c ****   }
 681              		.loc 1 429 33 is_stmt 0 view .LVU200
 682 01b2 22EA0303 		bic	r3, r2, r3	@ _9, _7, itmask
 683              	.LVL57:
 429:stm32f10x_lib/STM32F10x_StdPeriph_Driver/src/stm32f10x_usart.c ****   }
 684              		.loc 1 429 33 view .LVU201
 685 01b6 F4E7     		b	.L33		@
 686              		.cfi_endproc
 687              	.LFE35:
 688              		.size	USART_ITConfig, .-USART_ITConfig
 689              		.align	1
 690              		.global	USART_DMACmd
 691              		.syntax unified
 692              		.thumb
 693              		.thumb_func
 694              		.type	USART_DMACmd, %function
 695              	USART_DMACmd:
 696              	.LVL58:
 697              	.LFB36:
 432:stm32f10x_lib/STM32F10x_StdPeriph_Driver/src/stm32f10x_usart.c **** 
 433:stm32f10x_lib/STM32F10x_StdPeriph_Driver/src/stm32f10x_usart.c **** /**
 434:stm32f10x_lib/STM32F10x_StdPeriph_Driver/src/stm32f10x_usart.c ****   * @brief  Enables or disables the USART’s DMA interface.
 435:stm32f10x_lib/STM32F10x_StdPeriph_Driver/src/stm32f10x_usart.c ****   * @param  USARTx: Select the USART or the UART peripheral. 
 436:stm32f10x_lib/STM32F10x_StdPeriph_Driver/src/stm32f10x_usart.c ****   *   This parameter can be one of the following values:
 437:stm32f10x_lib/STM32F10x_StdPeriph_Driver/src/stm32f10x_usart.c ****   *   USART1, USART2, USART3, UART4 or UART5.
 438:stm32f10x_lib/STM32F10x_StdPeriph_Driver/src/stm32f10x_usart.c ****   * @param  USART_DMAReq: specifies the DMA request.
 439:stm32f10x_lib/STM32F10x_StdPeriph_Driver/src/stm32f10x_usart.c ****   *   This parameter can be any combination of the following values:
 440:stm32f10x_lib/STM32F10x_StdPeriph_Driver/src/stm32f10x_usart.c ****   *     @arg USART_DMAReq_Tx: USART DMA transmit request
 441:stm32f10x_lib/STM32F10x_StdPeriph_Driver/src/stm32f10x_usart.c ****   *     @arg USART_DMAReq_Rx: USART DMA receive request
 442:stm32f10x_lib/STM32F10x_StdPeriph_Driver/src/stm32f10x_usart.c ****   * @param  NewState: new state of the DMA Request sources.
 443:stm32f10x_lib/STM32F10x_StdPeriph_Driver/src/stm32f10x_usart.c ****   *   This parameter can be: ENABLE or DISABLE.
ARM GAS  /tmp/cc7usaPi.s 			page 22


 444:stm32f10x_lib/STM32F10x_StdPeriph_Driver/src/stm32f10x_usart.c ****   * @note The DMA mode is not available for UART5 except in the STM32
 445:stm32f10x_lib/STM32F10x_StdPeriph_Driver/src/stm32f10x_usart.c ****   *       High density value line devices(STM32F10X_HD_VL).  
 446:stm32f10x_lib/STM32F10x_StdPeriph_Driver/src/stm32f10x_usart.c ****   * @retval None
 447:stm32f10x_lib/STM32F10x_StdPeriph_Driver/src/stm32f10x_usart.c ****   */
 448:stm32f10x_lib/STM32F10x_StdPeriph_Driver/src/stm32f10x_usart.c **** void USART_DMACmd(USART_TypeDef* USARTx, uint16_t USART_DMAReq, FunctionalState NewState)
 449:stm32f10x_lib/STM32F10x_StdPeriph_Driver/src/stm32f10x_usart.c **** {
 698              		.loc 1 449 1 is_stmt 1 view -0
 699              		.cfi_startproc
 700              		@ args = 0, pretend = 0, frame = 0
 701              		@ frame_needed = 0, uses_anonymous_args = 0
 702              		@ link register save eliminated.
 450:stm32f10x_lib/STM32F10x_StdPeriph_Driver/src/stm32f10x_usart.c ****   /* Check the parameters */
 451:stm32f10x_lib/STM32F10x_StdPeriph_Driver/src/stm32f10x_usart.c ****   assert_param(IS_USART_ALL_PERIPH(USARTx));
 703              		.loc 1 451 3 view .LVU203
 452:stm32f10x_lib/STM32F10x_StdPeriph_Driver/src/stm32f10x_usart.c ****   assert_param(IS_USART_DMAREQ(USART_DMAReq));  
 704              		.loc 1 452 3 view .LVU204
 453:stm32f10x_lib/STM32F10x_StdPeriph_Driver/src/stm32f10x_usart.c ****   assert_param(IS_FUNCTIONAL_STATE(NewState)); 
 705              		.loc 1 453 3 view .LVU205
 454:stm32f10x_lib/STM32F10x_StdPeriph_Driver/src/stm32f10x_usart.c ****   if (NewState != DISABLE)
 706              		.loc 1 454 3 view .LVU206
 707              	@ stm32f10x_lib/STM32F10x_StdPeriph_Driver/src/stm32f10x_usart.c:458:     USARTx->CR3 |= USART_DMAR
 455:stm32f10x_lib/STM32F10x_StdPeriph_Driver/src/stm32f10x_usart.c ****   {
 456:stm32f10x_lib/STM32F10x_StdPeriph_Driver/src/stm32f10x_usart.c ****     /* Enable the DMA transfer for selected requests by setting the DMAT and/or
 457:stm32f10x_lib/STM32F10x_StdPeriph_Driver/src/stm32f10x_usart.c ****        DMAR bits in the USART CR3 register */
 458:stm32f10x_lib/STM32F10x_StdPeriph_Driver/src/stm32f10x_usart.c ****     USARTx->CR3 |= USART_DMAReq;
 708              		.loc 1 458 11 is_stmt 0 view .LVU207
 709 01b8 838A     		ldrh	r3, [r0, #20]	@ _1,
 710              	@ stm32f10x_lib/STM32F10x_StdPeriph_Driver/src/stm32f10x_usart.c:454:   if (NewState != DISABLE)
 454:stm32f10x_lib/STM32F10x_StdPeriph_Driver/src/stm32f10x_usart.c ****   if (NewState != DISABLE)
 711              		.loc 1 454 6 view .LVU208
 712 01ba 12B1     		cbz	r2, .L35	@ NewState,
 713              		.loc 1 458 5 is_stmt 1 view .LVU209
 714              	@ stm32f10x_lib/STM32F10x_StdPeriph_Driver/src/stm32f10x_usart.c:458:     USARTx->CR3 |= USART_DMAR
 715              		.loc 1 458 17 is_stmt 0 view .LVU210
 716 01bc 0B43     		orrs	r3, r3, r1	@, _2, _1, USART_DMAReq
 717              	.L37:
 718              	@ stm32f10x_lib/STM32F10x_StdPeriph_Driver/src/stm32f10x_usart.c:464:     USARTx->CR3 &= (uint16_t)
 459:stm32f10x_lib/STM32F10x_StdPeriph_Driver/src/stm32f10x_usart.c ****   }
 460:stm32f10x_lib/STM32F10x_StdPeriph_Driver/src/stm32f10x_usart.c ****   else
 461:stm32f10x_lib/STM32F10x_StdPeriph_Driver/src/stm32f10x_usart.c ****   {
 462:stm32f10x_lib/STM32F10x_StdPeriph_Driver/src/stm32f10x_usart.c ****     /* Disable the DMA transfer for selected requests by clearing the DMAT and/or
 463:stm32f10x_lib/STM32F10x_StdPeriph_Driver/src/stm32f10x_usart.c ****        DMAR bits in the USART CR3 register */
 464:stm32f10x_lib/STM32F10x_StdPeriph_Driver/src/stm32f10x_usart.c ****     USARTx->CR3 &= (uint16_t)~USART_DMAReq;
 719              		.loc 1 464 17 view .LVU211
 720 01be 8382     		strh	r3, [r0, #20]	@ movhi	@ _5,
 721              	@ stm32f10x_lib/STM32F10x_StdPeriph_Driver/src/stm32f10x_usart.c:466: }
 465:stm32f10x_lib/STM32F10x_StdPeriph_Driver/src/stm32f10x_usart.c ****   }
 466:stm32f10x_lib/STM32F10x_StdPeriph_Driver/src/stm32f10x_usart.c **** }
 722              		.loc 1 466 1 view .LVU212
 723 01c0 7047     		bx	lr	@
 724              	.L35:
 464:stm32f10x_lib/STM32F10x_StdPeriph_Driver/src/stm32f10x_usart.c ****   }
 725              		.loc 1 464 5 is_stmt 1 view .LVU213
 726              	@ stm32f10x_lib/STM32F10x_StdPeriph_Driver/src/stm32f10x_usart.c:464:     USARTx->CR3 &= (uint16_t)
 464:stm32f10x_lib/STM32F10x_StdPeriph_Driver/src/stm32f10x_usart.c ****   }
 727              		.loc 1 464 17 is_stmt 0 view .LVU214
 728 01c2 23EA0103 		bic	r3, r3, r1	@ _5, _3, USART_DMAReq
ARM GAS  /tmp/cc7usaPi.s 			page 23


 729 01c6 FAE7     		b	.L37		@
 730              		.cfi_endproc
 731              	.LFE36:
 732              		.size	USART_DMACmd, .-USART_DMACmd
 733              		.align	1
 734              		.global	USART_SetAddress
 735              		.syntax unified
 736              		.thumb
 737              		.thumb_func
 738              		.type	USART_SetAddress, %function
 739              	USART_SetAddress:
 740              	.LVL59:
 741              	.LFB37:
 467:stm32f10x_lib/STM32F10x_StdPeriph_Driver/src/stm32f10x_usart.c **** 
 468:stm32f10x_lib/STM32F10x_StdPeriph_Driver/src/stm32f10x_usart.c **** /**
 469:stm32f10x_lib/STM32F10x_StdPeriph_Driver/src/stm32f10x_usart.c ****   * @brief  Sets the address of the USART node.
 470:stm32f10x_lib/STM32F10x_StdPeriph_Driver/src/stm32f10x_usart.c ****   * @param  USARTx: Select the USART or the UART peripheral. 
 471:stm32f10x_lib/STM32F10x_StdPeriph_Driver/src/stm32f10x_usart.c ****   *   This parameter can be one of the following values:
 472:stm32f10x_lib/STM32F10x_StdPeriph_Driver/src/stm32f10x_usart.c ****   *   USART1, USART2, USART3, UART4 or UART5.
 473:stm32f10x_lib/STM32F10x_StdPeriph_Driver/src/stm32f10x_usart.c ****   * @param  USART_Address: Indicates the address of the USART node.
 474:stm32f10x_lib/STM32F10x_StdPeriph_Driver/src/stm32f10x_usart.c ****   * @retval None
 475:stm32f10x_lib/STM32F10x_StdPeriph_Driver/src/stm32f10x_usart.c ****   */
 476:stm32f10x_lib/STM32F10x_StdPeriph_Driver/src/stm32f10x_usart.c **** void USART_SetAddress(USART_TypeDef* USARTx, uint8_t USART_Address)
 477:stm32f10x_lib/STM32F10x_StdPeriph_Driver/src/stm32f10x_usart.c **** {
 742              		.loc 1 477 1 is_stmt 1 view -0
 743              		.cfi_startproc
 744              		@ args = 0, pretend = 0, frame = 0
 745              		@ frame_needed = 0, uses_anonymous_args = 0
 746              		@ link register save eliminated.
 478:stm32f10x_lib/STM32F10x_StdPeriph_Driver/src/stm32f10x_usart.c ****   /* Check the parameters */
 479:stm32f10x_lib/STM32F10x_StdPeriph_Driver/src/stm32f10x_usart.c ****   assert_param(IS_USART_ALL_PERIPH(USARTx));
 747              		.loc 1 479 3 view .LVU216
 480:stm32f10x_lib/STM32F10x_StdPeriph_Driver/src/stm32f10x_usart.c ****   assert_param(IS_USART_ADDRESS(USART_Address)); 
 748              		.loc 1 480 3 view .LVU217
 481:stm32f10x_lib/STM32F10x_StdPeriph_Driver/src/stm32f10x_usart.c ****     
 482:stm32f10x_lib/STM32F10x_StdPeriph_Driver/src/stm32f10x_usart.c ****   /* Clear the USART address */
 483:stm32f10x_lib/STM32F10x_StdPeriph_Driver/src/stm32f10x_usart.c ****   USARTx->CR2 &= CR2_Address_Mask;
 749              		.loc 1 483 3 view .LVU218
 750              	@ stm32f10x_lib/STM32F10x_StdPeriph_Driver/src/stm32f10x_usart.c:483:   USARTx->CR2 &= CR2_Address_
 751              		.loc 1 483 9 is_stmt 0 view .LVU219
 752 01c8 038A     		ldrh	r3, [r0, #16]	@ _1, USARTx_7(D)->CR2
 753              	@ stm32f10x_lib/STM32F10x_StdPeriph_Driver/src/stm32f10x_usart.c:483:   USARTx->CR2 &= CR2_Address_
 754              		.loc 1 483 15 view .LVU220
 755 01ca 23F00F03 		bic	r3, r3, #15	@ tmp101, _1,
 756 01ce 0382     		strh	r3, [r0, #16]	@ movhi	@ tmp101, USARTx_7(D)->CR2
 484:stm32f10x_lib/STM32F10x_StdPeriph_Driver/src/stm32f10x_usart.c ****   /* Set the USART address node */
 485:stm32f10x_lib/STM32F10x_StdPeriph_Driver/src/stm32f10x_usart.c ****   USARTx->CR2 |= USART_Address;
 757              		.loc 1 485 3 is_stmt 1 view .LVU221
 758              	@ stm32f10x_lib/STM32F10x_StdPeriph_Driver/src/stm32f10x_usart.c:485:   USARTx->CR2 |= USART_Addres
 759              		.loc 1 485 9 is_stmt 0 view .LVU222
 760 01d0 038A     		ldrh	r3, [r0, #16]	@ _3, USARTx_7(D)->CR2
 761              	@ stm32f10x_lib/STM32F10x_StdPeriph_Driver/src/stm32f10x_usart.c:485:   USARTx->CR2 |= USART_Addres
 762              		.loc 1 485 15 view .LVU223
 763 01d2 1943     		orrs	r1, r1, r3	@, _5, USART_Address, _3
 764              	.LVL60:
 765              		.loc 1 485 15 view .LVU224
 766 01d4 0182     		strh	r1, [r0, #16]	@ movhi	@ _5, USARTx_7(D)->CR2
ARM GAS  /tmp/cc7usaPi.s 			page 24


 767              	@ stm32f10x_lib/STM32F10x_StdPeriph_Driver/src/stm32f10x_usart.c:486: }
 486:stm32f10x_lib/STM32F10x_StdPeriph_Driver/src/stm32f10x_usart.c **** }
 768              		.loc 1 486 1 view .LVU225
 769 01d6 7047     		bx	lr	@
 770              		.cfi_endproc
 771              	.LFE37:
 772              		.size	USART_SetAddress, .-USART_SetAddress
 773              		.align	1
 774              		.global	USART_WakeUpConfig
 775              		.syntax unified
 776              		.thumb
 777              		.thumb_func
 778              		.type	USART_WakeUpConfig, %function
 779              	USART_WakeUpConfig:
 780              	.LVL61:
 781              	.LFB38:
 487:stm32f10x_lib/STM32F10x_StdPeriph_Driver/src/stm32f10x_usart.c **** 
 488:stm32f10x_lib/STM32F10x_StdPeriph_Driver/src/stm32f10x_usart.c **** /**
 489:stm32f10x_lib/STM32F10x_StdPeriph_Driver/src/stm32f10x_usart.c ****   * @brief  Selects the USART WakeUp method.
 490:stm32f10x_lib/STM32F10x_StdPeriph_Driver/src/stm32f10x_usart.c ****   * @param  USARTx: Select the USART or the UART peripheral. 
 491:stm32f10x_lib/STM32F10x_StdPeriph_Driver/src/stm32f10x_usart.c ****   *   This parameter can be one of the following values:
 492:stm32f10x_lib/STM32F10x_StdPeriph_Driver/src/stm32f10x_usart.c ****   *   USART1, USART2, USART3, UART4 or UART5.
 493:stm32f10x_lib/STM32F10x_StdPeriph_Driver/src/stm32f10x_usart.c ****   * @param  USART_WakeUp: specifies the USART wakeup method.
 494:stm32f10x_lib/STM32F10x_StdPeriph_Driver/src/stm32f10x_usart.c ****   *   This parameter can be one of the following values:
 495:stm32f10x_lib/STM32F10x_StdPeriph_Driver/src/stm32f10x_usart.c ****   *     @arg USART_WakeUp_IdleLine: WakeUp by an idle line detection
 496:stm32f10x_lib/STM32F10x_StdPeriph_Driver/src/stm32f10x_usart.c ****   *     @arg USART_WakeUp_AddressMark: WakeUp by an address mark
 497:stm32f10x_lib/STM32F10x_StdPeriph_Driver/src/stm32f10x_usart.c ****   * @retval None
 498:stm32f10x_lib/STM32F10x_StdPeriph_Driver/src/stm32f10x_usart.c ****   */
 499:stm32f10x_lib/STM32F10x_StdPeriph_Driver/src/stm32f10x_usart.c **** void USART_WakeUpConfig(USART_TypeDef* USARTx, uint16_t USART_WakeUp)
 500:stm32f10x_lib/STM32F10x_StdPeriph_Driver/src/stm32f10x_usart.c **** {
 782              		.loc 1 500 1 is_stmt 1 view -0
 783              		.cfi_startproc
 784              		@ args = 0, pretend = 0, frame = 0
 785              		@ frame_needed = 0, uses_anonymous_args = 0
 786              		@ link register save eliminated.
 501:stm32f10x_lib/STM32F10x_StdPeriph_Driver/src/stm32f10x_usart.c ****   /* Check the parameters */
 502:stm32f10x_lib/STM32F10x_StdPeriph_Driver/src/stm32f10x_usart.c ****   assert_param(IS_USART_ALL_PERIPH(USARTx));
 787              		.loc 1 502 3 view .LVU227
 503:stm32f10x_lib/STM32F10x_StdPeriph_Driver/src/stm32f10x_usart.c ****   assert_param(IS_USART_WAKEUP(USART_WakeUp));
 788              		.loc 1 503 3 view .LVU228
 504:stm32f10x_lib/STM32F10x_StdPeriph_Driver/src/stm32f10x_usart.c ****   
 505:stm32f10x_lib/STM32F10x_StdPeriph_Driver/src/stm32f10x_usart.c ****   USARTx->CR1 &= CR1_WAKE_Mask;
 789              		.loc 1 505 3 view .LVU229
 790              	@ stm32f10x_lib/STM32F10x_StdPeriph_Driver/src/stm32f10x_usart.c:505:   USARTx->CR1 &= CR1_WAKE_Mas
 791              		.loc 1 505 9 is_stmt 0 view .LVU230
 792 01d8 8389     		ldrh	r3, [r0, #12]	@ _1, USARTx_6(D)->CR1
 793              	@ stm32f10x_lib/STM32F10x_StdPeriph_Driver/src/stm32f10x_usart.c:505:   USARTx->CR1 &= CR1_WAKE_Mas
 794              		.loc 1 505 15 view .LVU231
 795 01da 23F40063 		bic	r3, r3, #2048	@ tmp100, _1,
 796 01de 8381     		strh	r3, [r0, #12]	@ movhi	@ tmp100, USARTx_6(D)->CR1
 506:stm32f10x_lib/STM32F10x_StdPeriph_Driver/src/stm32f10x_usart.c ****   USARTx->CR1 |= USART_WakeUp;
 797              		.loc 1 506 3 is_stmt 1 view .LVU232
 798              	@ stm32f10x_lib/STM32F10x_StdPeriph_Driver/src/stm32f10x_usart.c:506:   USARTx->CR1 |= USART_WakeUp
 799              		.loc 1 506 9 is_stmt 0 view .LVU233
 800 01e0 8389     		ldrh	r3, [r0, #12]	@ _3, USARTx_6(D)->CR1
 801              	@ stm32f10x_lib/STM32F10x_StdPeriph_Driver/src/stm32f10x_usart.c:506:   USARTx->CR1 |= USART_WakeUp
 802              		.loc 1 506 15 view .LVU234
ARM GAS  /tmp/cc7usaPi.s 			page 25


 803 01e2 0B43     		orrs	r3, r3, r1	@, _4, _3, USART_WakeUp
 804 01e4 8381     		strh	r3, [r0, #12]	@ movhi	@ _4, USARTx_6(D)->CR1
 805              	@ stm32f10x_lib/STM32F10x_StdPeriph_Driver/src/stm32f10x_usart.c:507: }
 507:stm32f10x_lib/STM32F10x_StdPeriph_Driver/src/stm32f10x_usart.c **** }
 806              		.loc 1 507 1 view .LVU235
 807 01e6 7047     		bx	lr	@
 808              		.cfi_endproc
 809              	.LFE38:
 810              		.size	USART_WakeUpConfig, .-USART_WakeUpConfig
 811              		.align	1
 812              		.global	USART_ReceiverWakeUpCmd
 813              		.syntax unified
 814              		.thumb
 815              		.thumb_func
 816              		.type	USART_ReceiverWakeUpCmd, %function
 817              	USART_ReceiverWakeUpCmd:
 818              	.LVL62:
 819              	.LFB39:
 508:stm32f10x_lib/STM32F10x_StdPeriph_Driver/src/stm32f10x_usart.c **** 
 509:stm32f10x_lib/STM32F10x_StdPeriph_Driver/src/stm32f10x_usart.c **** /**
 510:stm32f10x_lib/STM32F10x_StdPeriph_Driver/src/stm32f10x_usart.c ****   * @brief  Determines if the USART is in mute mode or not.
 511:stm32f10x_lib/STM32F10x_StdPeriph_Driver/src/stm32f10x_usart.c ****   * @param  USARTx: Select the USART or the UART peripheral. 
 512:stm32f10x_lib/STM32F10x_StdPeriph_Driver/src/stm32f10x_usart.c ****   *   This parameter can be one of the following values:
 513:stm32f10x_lib/STM32F10x_StdPeriph_Driver/src/stm32f10x_usart.c ****   *   USART1, USART2, USART3, UART4 or UART5.
 514:stm32f10x_lib/STM32F10x_StdPeriph_Driver/src/stm32f10x_usart.c ****   * @param  NewState: new state of the USART mute mode.
 515:stm32f10x_lib/STM32F10x_StdPeriph_Driver/src/stm32f10x_usart.c ****   *   This parameter can be: ENABLE or DISABLE.
 516:stm32f10x_lib/STM32F10x_StdPeriph_Driver/src/stm32f10x_usart.c ****   * @retval None
 517:stm32f10x_lib/STM32F10x_StdPeriph_Driver/src/stm32f10x_usart.c ****   */
 518:stm32f10x_lib/STM32F10x_StdPeriph_Driver/src/stm32f10x_usart.c **** void USART_ReceiverWakeUpCmd(USART_TypeDef* USARTx, FunctionalState NewState)
 519:stm32f10x_lib/STM32F10x_StdPeriph_Driver/src/stm32f10x_usart.c **** {
 820              		.loc 1 519 1 is_stmt 1 view -0
 821              		.cfi_startproc
 822              		@ args = 0, pretend = 0, frame = 0
 823              		@ frame_needed = 0, uses_anonymous_args = 0
 824              		@ link register save eliminated.
 520:stm32f10x_lib/STM32F10x_StdPeriph_Driver/src/stm32f10x_usart.c ****   /* Check the parameters */
 521:stm32f10x_lib/STM32F10x_StdPeriph_Driver/src/stm32f10x_usart.c ****   assert_param(IS_USART_ALL_PERIPH(USARTx));
 825              		.loc 1 521 3 view .LVU237
 522:stm32f10x_lib/STM32F10x_StdPeriph_Driver/src/stm32f10x_usart.c ****   assert_param(IS_FUNCTIONAL_STATE(NewState)); 
 826              		.loc 1 522 3 view .LVU238
 523:stm32f10x_lib/STM32F10x_StdPeriph_Driver/src/stm32f10x_usart.c ****   
 524:stm32f10x_lib/STM32F10x_StdPeriph_Driver/src/stm32f10x_usart.c ****   if (NewState != DISABLE)
 827              		.loc 1 524 3 view .LVU239
 828              	@ stm32f10x_lib/STM32F10x_StdPeriph_Driver/src/stm32f10x_usart.c:527:     USARTx->CR1 |= CR1_RWU_Se
 525:stm32f10x_lib/STM32F10x_StdPeriph_Driver/src/stm32f10x_usart.c ****   {
 526:stm32f10x_lib/STM32F10x_StdPeriph_Driver/src/stm32f10x_usart.c ****     /* Enable the USART mute mode  by setting the RWU bit in the CR1 register */
 527:stm32f10x_lib/STM32F10x_StdPeriph_Driver/src/stm32f10x_usart.c ****     USARTx->CR1 |= CR1_RWU_Set;
 829              		.loc 1 527 11 is_stmt 0 view .LVU240
 830 01e8 8389     		ldrh	r3, [r0, #12]	@ _1,
 831              	@ stm32f10x_lib/STM32F10x_StdPeriph_Driver/src/stm32f10x_usart.c:524:   if (NewState != DISABLE)
 524:stm32f10x_lib/STM32F10x_StdPeriph_Driver/src/stm32f10x_usart.c ****   {
 832              		.loc 1 524 6 view .LVU241
 833 01ea 19B1     		cbz	r1, .L41	@ NewState,
 834              		.loc 1 527 5 is_stmt 1 view .LVU242
 835              	@ stm32f10x_lib/STM32F10x_StdPeriph_Driver/src/stm32f10x_usart.c:527:     USARTx->CR1 |= CR1_RWU_Se
 836              		.loc 1 527 17 is_stmt 0 view .LVU243
 837 01ec 43F00203 		orr	r3, r3, #2	@ _2, _1,
ARM GAS  /tmp/cc7usaPi.s 			page 26


 838              	.L43:
 839              	@ stm32f10x_lib/STM32F10x_StdPeriph_Driver/src/stm32f10x_usart.c:532:     USARTx->CR1 &= CR1_RWU_Re
 528:stm32f10x_lib/STM32F10x_StdPeriph_Driver/src/stm32f10x_usart.c ****   }
 529:stm32f10x_lib/STM32F10x_StdPeriph_Driver/src/stm32f10x_usart.c ****   else
 530:stm32f10x_lib/STM32F10x_StdPeriph_Driver/src/stm32f10x_usart.c ****   {
 531:stm32f10x_lib/STM32F10x_StdPeriph_Driver/src/stm32f10x_usart.c ****     /* Disable the USART mute mode by clearing the RWU bit in the CR1 register */
 532:stm32f10x_lib/STM32F10x_StdPeriph_Driver/src/stm32f10x_usart.c ****     USARTx->CR1 &= CR1_RWU_Reset;
 840              		.loc 1 532 17 view .LVU244
 841 01f0 8381     		strh	r3, [r0, #12]	@ movhi	@ tmp102,
 842              	@ stm32f10x_lib/STM32F10x_StdPeriph_Driver/src/stm32f10x_usart.c:534: }
 533:stm32f10x_lib/STM32F10x_StdPeriph_Driver/src/stm32f10x_usart.c ****   }
 534:stm32f10x_lib/STM32F10x_StdPeriph_Driver/src/stm32f10x_usart.c **** }
 843              		.loc 1 534 1 view .LVU245
 844 01f2 7047     		bx	lr	@
 845              	.L41:
 532:stm32f10x_lib/STM32F10x_StdPeriph_Driver/src/stm32f10x_usart.c ****   }
 846              		.loc 1 532 5 is_stmt 1 view .LVU246
 847              	@ stm32f10x_lib/STM32F10x_StdPeriph_Driver/src/stm32f10x_usart.c:532:     USARTx->CR1 &= CR1_RWU_Re
 532:stm32f10x_lib/STM32F10x_StdPeriph_Driver/src/stm32f10x_usart.c ****   }
 848              		.loc 1 532 17 is_stmt 0 view .LVU247
 849 01f4 23F00203 		bic	r3, r3, #2	@ tmp102, _3,
 850 01f8 FAE7     		b	.L43		@
 851              		.cfi_endproc
 852              	.LFE39:
 853              		.size	USART_ReceiverWakeUpCmd, .-USART_ReceiverWakeUpCmd
 854              		.align	1
 855              		.global	USART_LINBreakDetectLengthConfig
 856              		.syntax unified
 857              		.thumb
 858              		.thumb_func
 859              		.type	USART_LINBreakDetectLengthConfig, %function
 860              	USART_LINBreakDetectLengthConfig:
 861              	.LVL63:
 862              	.LFB40:
 535:stm32f10x_lib/STM32F10x_StdPeriph_Driver/src/stm32f10x_usart.c **** 
 536:stm32f10x_lib/STM32F10x_StdPeriph_Driver/src/stm32f10x_usart.c **** /**
 537:stm32f10x_lib/STM32F10x_StdPeriph_Driver/src/stm32f10x_usart.c ****   * @brief  Sets the USART LIN Break detection length.
 538:stm32f10x_lib/STM32F10x_StdPeriph_Driver/src/stm32f10x_usart.c ****   * @param  USARTx: Select the USART or the UART peripheral. 
 539:stm32f10x_lib/STM32F10x_StdPeriph_Driver/src/stm32f10x_usart.c ****   *   This parameter can be one of the following values:
 540:stm32f10x_lib/STM32F10x_StdPeriph_Driver/src/stm32f10x_usart.c ****   *   USART1, USART2, USART3, UART4 or UART5.
 541:stm32f10x_lib/STM32F10x_StdPeriph_Driver/src/stm32f10x_usart.c ****   * @param  USART_LINBreakDetectLength: specifies the LIN break detection length.
 542:stm32f10x_lib/STM32F10x_StdPeriph_Driver/src/stm32f10x_usart.c ****   *   This parameter can be one of the following values:
 543:stm32f10x_lib/STM32F10x_StdPeriph_Driver/src/stm32f10x_usart.c ****   *     @arg USART_LINBreakDetectLength_10b: 10-bit break detection
 544:stm32f10x_lib/STM32F10x_StdPeriph_Driver/src/stm32f10x_usart.c ****   *     @arg USART_LINBreakDetectLength_11b: 11-bit break detection
 545:stm32f10x_lib/STM32F10x_StdPeriph_Driver/src/stm32f10x_usart.c ****   * @retval None
 546:stm32f10x_lib/STM32F10x_StdPeriph_Driver/src/stm32f10x_usart.c ****   */
 547:stm32f10x_lib/STM32F10x_StdPeriph_Driver/src/stm32f10x_usart.c **** void USART_LINBreakDetectLengthConfig(USART_TypeDef* USARTx, uint16_t USART_LINBreakDetectLength)
 548:stm32f10x_lib/STM32F10x_StdPeriph_Driver/src/stm32f10x_usart.c **** {
 863              		.loc 1 548 1 is_stmt 1 view -0
 864              		.cfi_startproc
 865              		@ args = 0, pretend = 0, frame = 0
 866              		@ frame_needed = 0, uses_anonymous_args = 0
 867              		@ link register save eliminated.
 549:stm32f10x_lib/STM32F10x_StdPeriph_Driver/src/stm32f10x_usart.c ****   /* Check the parameters */
 550:stm32f10x_lib/STM32F10x_StdPeriph_Driver/src/stm32f10x_usart.c ****   assert_param(IS_USART_ALL_PERIPH(USARTx));
 868              		.loc 1 550 3 view .LVU249
 551:stm32f10x_lib/STM32F10x_StdPeriph_Driver/src/stm32f10x_usart.c ****   assert_param(IS_USART_LIN_BREAK_DETECT_LENGTH(USART_LINBreakDetectLength));
ARM GAS  /tmp/cc7usaPi.s 			page 27


 869              		.loc 1 551 3 view .LVU250
 552:stm32f10x_lib/STM32F10x_StdPeriph_Driver/src/stm32f10x_usart.c ****   
 553:stm32f10x_lib/STM32F10x_StdPeriph_Driver/src/stm32f10x_usart.c ****   USARTx->CR2 &= CR2_LBDL_Mask;
 870              		.loc 1 553 3 view .LVU251
 871              	@ stm32f10x_lib/STM32F10x_StdPeriph_Driver/src/stm32f10x_usart.c:553:   USARTx->CR2 &= CR2_LBDL_Mas
 872              		.loc 1 553 9 is_stmt 0 view .LVU252
 873 01fa 038A     		ldrh	r3, [r0, #16]	@ _1, USARTx_6(D)->CR2
 874              	@ stm32f10x_lib/STM32F10x_StdPeriph_Driver/src/stm32f10x_usart.c:553:   USARTx->CR2 &= CR2_LBDL_Mas
 875              		.loc 1 553 15 view .LVU253
 876 01fc 23F02003 		bic	r3, r3, #32	@ tmp100, _1,
 877 0200 0382     		strh	r3, [r0, #16]	@ movhi	@ tmp100, USARTx_6(D)->CR2
 554:stm32f10x_lib/STM32F10x_StdPeriph_Driver/src/stm32f10x_usart.c ****   USARTx->CR2 |= USART_LINBreakDetectLength;  
 878              		.loc 1 554 3 is_stmt 1 view .LVU254
 879              	@ stm32f10x_lib/STM32F10x_StdPeriph_Driver/src/stm32f10x_usart.c:554:   USARTx->CR2 |= USART_LINBre
 880              		.loc 1 554 9 is_stmt 0 view .LVU255
 881 0202 038A     		ldrh	r3, [r0, #16]	@ _3, USARTx_6(D)->CR2
 882              	@ stm32f10x_lib/STM32F10x_StdPeriph_Driver/src/stm32f10x_usart.c:554:   USARTx->CR2 |= USART_LINBre
 883              		.loc 1 554 15 view .LVU256
 884 0204 0B43     		orrs	r3, r3, r1	@, _4, _3, USART_LINBreakDetectLength
 885 0206 0382     		strh	r3, [r0, #16]	@ movhi	@ _4, USARTx_6(D)->CR2
 886              	@ stm32f10x_lib/STM32F10x_StdPeriph_Driver/src/stm32f10x_usart.c:555: }
 555:stm32f10x_lib/STM32F10x_StdPeriph_Driver/src/stm32f10x_usart.c **** }
 887              		.loc 1 555 1 view .LVU257
 888 0208 7047     		bx	lr	@
 889              		.cfi_endproc
 890              	.LFE40:
 891              		.size	USART_LINBreakDetectLengthConfig, .-USART_LINBreakDetectLengthConfig
 892              		.align	1
 893              		.global	USART_LINCmd
 894              		.syntax unified
 895              		.thumb
 896              		.thumb_func
 897              		.type	USART_LINCmd, %function
 898              	USART_LINCmd:
 899              	.LVL64:
 900              	.LFB41:
 556:stm32f10x_lib/STM32F10x_StdPeriph_Driver/src/stm32f10x_usart.c **** 
 557:stm32f10x_lib/STM32F10x_StdPeriph_Driver/src/stm32f10x_usart.c **** /**
 558:stm32f10x_lib/STM32F10x_StdPeriph_Driver/src/stm32f10x_usart.c ****   * @brief  Enables or disables the USART’s LIN mode.
 559:stm32f10x_lib/STM32F10x_StdPeriph_Driver/src/stm32f10x_usart.c ****   * @param  USARTx: Select the USART or the UART peripheral. 
 560:stm32f10x_lib/STM32F10x_StdPeriph_Driver/src/stm32f10x_usart.c ****   *   This parameter can be one of the following values:
 561:stm32f10x_lib/STM32F10x_StdPeriph_Driver/src/stm32f10x_usart.c ****   *   USART1, USART2, USART3, UART4 or UART5.
 562:stm32f10x_lib/STM32F10x_StdPeriph_Driver/src/stm32f10x_usart.c ****   * @param  NewState: new state of the USART LIN mode.
 563:stm32f10x_lib/STM32F10x_StdPeriph_Driver/src/stm32f10x_usart.c ****   *   This parameter can be: ENABLE or DISABLE.
 564:stm32f10x_lib/STM32F10x_StdPeriph_Driver/src/stm32f10x_usart.c ****   * @retval None
 565:stm32f10x_lib/STM32F10x_StdPeriph_Driver/src/stm32f10x_usart.c ****   */
 566:stm32f10x_lib/STM32F10x_StdPeriph_Driver/src/stm32f10x_usart.c **** void USART_LINCmd(USART_TypeDef* USARTx, FunctionalState NewState)
 567:stm32f10x_lib/STM32F10x_StdPeriph_Driver/src/stm32f10x_usart.c **** {
 901              		.loc 1 567 1 is_stmt 1 view -0
 902              		.cfi_startproc
 903              		@ args = 0, pretend = 0, frame = 0
 904              		@ frame_needed = 0, uses_anonymous_args = 0
 905              		@ link register save eliminated.
 568:stm32f10x_lib/STM32F10x_StdPeriph_Driver/src/stm32f10x_usart.c ****   /* Check the parameters */
 569:stm32f10x_lib/STM32F10x_StdPeriph_Driver/src/stm32f10x_usart.c ****   assert_param(IS_USART_ALL_PERIPH(USARTx));
 906              		.loc 1 569 3 view .LVU259
 570:stm32f10x_lib/STM32F10x_StdPeriph_Driver/src/stm32f10x_usart.c ****   assert_param(IS_FUNCTIONAL_STATE(NewState));
ARM GAS  /tmp/cc7usaPi.s 			page 28


 907              		.loc 1 570 3 view .LVU260
 571:stm32f10x_lib/STM32F10x_StdPeriph_Driver/src/stm32f10x_usart.c ****   
 572:stm32f10x_lib/STM32F10x_StdPeriph_Driver/src/stm32f10x_usart.c ****   if (NewState != DISABLE)
 908              		.loc 1 572 3 view .LVU261
 909              	@ stm32f10x_lib/STM32F10x_StdPeriph_Driver/src/stm32f10x_usart.c:575:     USARTx->CR2 |= CR2_LINEN_
 573:stm32f10x_lib/STM32F10x_StdPeriph_Driver/src/stm32f10x_usart.c ****   {
 574:stm32f10x_lib/STM32F10x_StdPeriph_Driver/src/stm32f10x_usart.c ****     /* Enable the LIN mode by setting the LINEN bit in the CR2 register */
 575:stm32f10x_lib/STM32F10x_StdPeriph_Driver/src/stm32f10x_usart.c ****     USARTx->CR2 |= CR2_LINEN_Set;
 910              		.loc 1 575 11 is_stmt 0 view .LVU262
 911 020a 038A     		ldrh	r3, [r0, #16]	@ _1,
 912              	@ stm32f10x_lib/STM32F10x_StdPeriph_Driver/src/stm32f10x_usart.c:572:   if (NewState != DISABLE)
 572:stm32f10x_lib/STM32F10x_StdPeriph_Driver/src/stm32f10x_usart.c ****   {
 913              		.loc 1 572 6 view .LVU263
 914 020c 19B1     		cbz	r1, .L46	@ NewState,
 915              		.loc 1 575 5 is_stmt 1 view .LVU264
 916              	@ stm32f10x_lib/STM32F10x_StdPeriph_Driver/src/stm32f10x_usart.c:575:     USARTx->CR2 |= CR2_LINEN_
 917              		.loc 1 575 17 is_stmt 0 view .LVU265
 918 020e 43F48043 		orr	r3, r3, #16384	@ _2, _1,
 919              	.L48:
 920              	@ stm32f10x_lib/STM32F10x_StdPeriph_Driver/src/stm32f10x_usart.c:580:     USARTx->CR2 &= CR2_LINEN_
 576:stm32f10x_lib/STM32F10x_StdPeriph_Driver/src/stm32f10x_usart.c ****   }
 577:stm32f10x_lib/STM32F10x_StdPeriph_Driver/src/stm32f10x_usart.c ****   else
 578:stm32f10x_lib/STM32F10x_StdPeriph_Driver/src/stm32f10x_usart.c ****   {
 579:stm32f10x_lib/STM32F10x_StdPeriph_Driver/src/stm32f10x_usart.c ****     /* Disable the LIN mode by clearing the LINEN bit in the CR2 register */
 580:stm32f10x_lib/STM32F10x_StdPeriph_Driver/src/stm32f10x_usart.c ****     USARTx->CR2 &= CR2_LINEN_Reset;
 921              		.loc 1 580 17 view .LVU266
 922 0212 0382     		strh	r3, [r0, #16]	@ movhi	@ tmp102,
 923              	@ stm32f10x_lib/STM32F10x_StdPeriph_Driver/src/stm32f10x_usart.c:582: }
 581:stm32f10x_lib/STM32F10x_StdPeriph_Driver/src/stm32f10x_usart.c ****   }
 582:stm32f10x_lib/STM32F10x_StdPeriph_Driver/src/stm32f10x_usart.c **** }
 924              		.loc 1 582 1 view .LVU267
 925 0214 7047     		bx	lr	@
 926              	.L46:
 580:stm32f10x_lib/STM32F10x_StdPeriph_Driver/src/stm32f10x_usart.c ****   }
 927              		.loc 1 580 5 is_stmt 1 view .LVU268
 928              	@ stm32f10x_lib/STM32F10x_StdPeriph_Driver/src/stm32f10x_usart.c:580:     USARTx->CR2 &= CR2_LINEN_
 580:stm32f10x_lib/STM32F10x_StdPeriph_Driver/src/stm32f10x_usart.c ****   }
 929              		.loc 1 580 17 is_stmt 0 view .LVU269
 930 0216 23F48043 		bic	r3, r3, #16384	@ tmp102, _3,
 931 021a FAE7     		b	.L48		@
 932              		.cfi_endproc
 933              	.LFE41:
 934              		.size	USART_LINCmd, .-USART_LINCmd
 935              		.align	1
 936              		.global	USART_SendData
 937              		.syntax unified
 938              		.thumb
 939              		.thumb_func
 940              		.type	USART_SendData, %function
 941              	USART_SendData:
 942              	.LVL65:
 943              	.LFB42:
 583:stm32f10x_lib/STM32F10x_StdPeriph_Driver/src/stm32f10x_usart.c **** 
 584:stm32f10x_lib/STM32F10x_StdPeriph_Driver/src/stm32f10x_usart.c **** /**
 585:stm32f10x_lib/STM32F10x_StdPeriph_Driver/src/stm32f10x_usart.c ****   * @brief  Transmits single data through the USARTx peripheral.
 586:stm32f10x_lib/STM32F10x_StdPeriph_Driver/src/stm32f10x_usart.c ****   * @param  USARTx: Select the USART or the UART peripheral. 
 587:stm32f10x_lib/STM32F10x_StdPeriph_Driver/src/stm32f10x_usart.c ****   *   This parameter can be one of the following values:
ARM GAS  /tmp/cc7usaPi.s 			page 29


 588:stm32f10x_lib/STM32F10x_StdPeriph_Driver/src/stm32f10x_usart.c ****   *   USART1, USART2, USART3, UART4 or UART5.
 589:stm32f10x_lib/STM32F10x_StdPeriph_Driver/src/stm32f10x_usart.c ****   * @param  Data: the data to transmit.
 590:stm32f10x_lib/STM32F10x_StdPeriph_Driver/src/stm32f10x_usart.c ****   * @retval None
 591:stm32f10x_lib/STM32F10x_StdPeriph_Driver/src/stm32f10x_usart.c ****   */
 592:stm32f10x_lib/STM32F10x_StdPeriph_Driver/src/stm32f10x_usart.c **** void USART_SendData(USART_TypeDef* USARTx, uint16_t Data)
 593:stm32f10x_lib/STM32F10x_StdPeriph_Driver/src/stm32f10x_usart.c **** {
 944              		.loc 1 593 1 is_stmt 1 view -0
 945              		.cfi_startproc
 946              		@ args = 0, pretend = 0, frame = 0
 947              		@ frame_needed = 0, uses_anonymous_args = 0
 948              		@ link register save eliminated.
 594:stm32f10x_lib/STM32F10x_StdPeriph_Driver/src/stm32f10x_usart.c ****   /* Check the parameters */
 595:stm32f10x_lib/STM32F10x_StdPeriph_Driver/src/stm32f10x_usart.c ****   assert_param(IS_USART_ALL_PERIPH(USARTx));
 949              		.loc 1 595 3 view .LVU271
 596:stm32f10x_lib/STM32F10x_StdPeriph_Driver/src/stm32f10x_usart.c ****   assert_param(IS_USART_DATA(Data)); 
 950              		.loc 1 596 3 view .LVU272
 597:stm32f10x_lib/STM32F10x_StdPeriph_Driver/src/stm32f10x_usart.c ****     
 598:stm32f10x_lib/STM32F10x_StdPeriph_Driver/src/stm32f10x_usart.c ****   /* Transmit Data */
 599:stm32f10x_lib/STM32F10x_StdPeriph_Driver/src/stm32f10x_usart.c ****   USARTx->DR = (Data & (uint16_t)0x01FF);
 951              		.loc 1 599 3 view .LVU273
 952              	@ stm32f10x_lib/STM32F10x_StdPeriph_Driver/src/stm32f10x_usart.c:599:   USARTx->DR = (Data & (uint1
 953              		.loc 1 599 22 is_stmt 0 view .LVU274
 954 021c C1F30801 		ubfx	r1, r1, #0, #9	@ _1, Data,,
 955              	.LVL66:
 956              	@ stm32f10x_lib/STM32F10x_StdPeriph_Driver/src/stm32f10x_usart.c:599:   USARTx->DR = (Data & (uint1
 957              		.loc 1 599 14 view .LVU275
 958 0220 8180     		strh	r1, [r0, #4]	@ movhi	@ _1, USARTx_4(D)->DR
 959              	@ stm32f10x_lib/STM32F10x_StdPeriph_Driver/src/stm32f10x_usart.c:600: }
 600:stm32f10x_lib/STM32F10x_StdPeriph_Driver/src/stm32f10x_usart.c **** }
 960              		.loc 1 600 1 view .LVU276
 961 0222 7047     		bx	lr	@
 962              		.cfi_endproc
 963              	.LFE42:
 964              		.size	USART_SendData, .-USART_SendData
 965              		.align	1
 966              		.global	USART_ReceiveData
 967              		.syntax unified
 968              		.thumb
 969              		.thumb_func
 970              		.type	USART_ReceiveData, %function
 971              	USART_ReceiveData:
 972              	.LVL67:
 973              	.LFB43:
 601:stm32f10x_lib/STM32F10x_StdPeriph_Driver/src/stm32f10x_usart.c **** 
 602:stm32f10x_lib/STM32F10x_StdPeriph_Driver/src/stm32f10x_usart.c **** /**
 603:stm32f10x_lib/STM32F10x_StdPeriph_Driver/src/stm32f10x_usart.c ****   * @brief  Returns the most recent received data by the USARTx peripheral.
 604:stm32f10x_lib/STM32F10x_StdPeriph_Driver/src/stm32f10x_usart.c ****   * @param  USARTx: Select the USART or the UART peripheral. 
 605:stm32f10x_lib/STM32F10x_StdPeriph_Driver/src/stm32f10x_usart.c ****   *   This parameter can be one of the following values:
 606:stm32f10x_lib/STM32F10x_StdPeriph_Driver/src/stm32f10x_usart.c ****   *   USART1, USART2, USART3, UART4 or UART5.
 607:stm32f10x_lib/STM32F10x_StdPeriph_Driver/src/stm32f10x_usart.c ****   * @retval The received data.
 608:stm32f10x_lib/STM32F10x_StdPeriph_Driver/src/stm32f10x_usart.c ****   */
 609:stm32f10x_lib/STM32F10x_StdPeriph_Driver/src/stm32f10x_usart.c **** uint16_t USART_ReceiveData(USART_TypeDef* USARTx)
 610:stm32f10x_lib/STM32F10x_StdPeriph_Driver/src/stm32f10x_usart.c **** {
 974              		.loc 1 610 1 is_stmt 1 view -0
 975              		.cfi_startproc
 976              		@ args = 0, pretend = 0, frame = 0
 977              		@ frame_needed = 0, uses_anonymous_args = 0
ARM GAS  /tmp/cc7usaPi.s 			page 30


 978              		@ link register save eliminated.
 611:stm32f10x_lib/STM32F10x_StdPeriph_Driver/src/stm32f10x_usart.c ****   /* Check the parameters */
 612:stm32f10x_lib/STM32F10x_StdPeriph_Driver/src/stm32f10x_usart.c ****   assert_param(IS_USART_ALL_PERIPH(USARTx));
 979              		.loc 1 612 3 view .LVU278
 613:stm32f10x_lib/STM32F10x_StdPeriph_Driver/src/stm32f10x_usart.c ****   
 614:stm32f10x_lib/STM32F10x_StdPeriph_Driver/src/stm32f10x_usart.c ****   /* Receive Data */
 615:stm32f10x_lib/STM32F10x_StdPeriph_Driver/src/stm32f10x_usart.c ****   return (uint16_t)(USARTx->DR & (uint16_t)0x01FF);
 980              		.loc 1 615 3 view .LVU279
 981              	@ stm32f10x_lib/STM32F10x_StdPeriph_Driver/src/stm32f10x_usart.c:615:   return (uint16_t)(USARTx->D
 982              		.loc 1 615 27 is_stmt 0 view .LVU280
 983 0224 8088     		ldrh	r0, [r0, #4]	@ _1, USARTx_3(D)->DR
 984              	.LVL68:
 985              	@ stm32f10x_lib/STM32F10x_StdPeriph_Driver/src/stm32f10x_usart.c:616: }
 616:stm32f10x_lib/STM32F10x_StdPeriph_Driver/src/stm32f10x_usart.c **** }
 986              		.loc 1 616 1 view .LVU281
 987 0226 C0F30800 		ubfx	r0, r0, #0, #9	@, _1,,
 988 022a 7047     		bx	lr	@
 989              		.cfi_endproc
 990              	.LFE43:
 991              		.size	USART_ReceiveData, .-USART_ReceiveData
 992              		.align	1
 993              		.global	USART_SendBreak
 994              		.syntax unified
 995              		.thumb
 996              		.thumb_func
 997              		.type	USART_SendBreak, %function
 998              	USART_SendBreak:
 999              	.LVL69:
 1000              	.LFB44:
 617:stm32f10x_lib/STM32F10x_StdPeriph_Driver/src/stm32f10x_usart.c **** 
 618:stm32f10x_lib/STM32F10x_StdPeriph_Driver/src/stm32f10x_usart.c **** /**
 619:stm32f10x_lib/STM32F10x_StdPeriph_Driver/src/stm32f10x_usart.c ****   * @brief  Transmits break characters.
 620:stm32f10x_lib/STM32F10x_StdPeriph_Driver/src/stm32f10x_usart.c ****   * @param  USARTx: Select the USART or the UART peripheral. 
 621:stm32f10x_lib/STM32F10x_StdPeriph_Driver/src/stm32f10x_usart.c ****   *   This parameter can be one of the following values:
 622:stm32f10x_lib/STM32F10x_StdPeriph_Driver/src/stm32f10x_usart.c ****   *   USART1, USART2, USART3, UART4 or UART5.
 623:stm32f10x_lib/STM32F10x_StdPeriph_Driver/src/stm32f10x_usart.c ****   * @retval None
 624:stm32f10x_lib/STM32F10x_StdPeriph_Driver/src/stm32f10x_usart.c ****   */
 625:stm32f10x_lib/STM32F10x_StdPeriph_Driver/src/stm32f10x_usart.c **** void USART_SendBreak(USART_TypeDef* USARTx)
 626:stm32f10x_lib/STM32F10x_StdPeriph_Driver/src/stm32f10x_usart.c **** {
 1001              		.loc 1 626 1 is_stmt 1 view -0
 1002              		.cfi_startproc
 1003              		@ args = 0, pretend = 0, frame = 0
 1004              		@ frame_needed = 0, uses_anonymous_args = 0
 1005              		@ link register save eliminated.
 627:stm32f10x_lib/STM32F10x_StdPeriph_Driver/src/stm32f10x_usart.c ****   /* Check the parameters */
 628:stm32f10x_lib/STM32F10x_StdPeriph_Driver/src/stm32f10x_usart.c ****   assert_param(IS_USART_ALL_PERIPH(USARTx));
 1006              		.loc 1 628 3 view .LVU283
 629:stm32f10x_lib/STM32F10x_StdPeriph_Driver/src/stm32f10x_usart.c ****   
 630:stm32f10x_lib/STM32F10x_StdPeriph_Driver/src/stm32f10x_usart.c ****   /* Send break characters */
 631:stm32f10x_lib/STM32F10x_StdPeriph_Driver/src/stm32f10x_usart.c ****   USARTx->CR1 |= CR1_SBK_Set;
 1007              		.loc 1 631 3 view .LVU284
 1008              	@ stm32f10x_lib/STM32F10x_StdPeriph_Driver/src/stm32f10x_usart.c:631:   USARTx->CR1 |= CR1_SBK_Set;
 1009              		.loc 1 631 9 is_stmt 0 view .LVU285
 1010 022c 8389     		ldrh	r3, [r0, #12]	@ _1, USARTx_4(D)->CR1
 1011              	@ stm32f10x_lib/STM32F10x_StdPeriph_Driver/src/stm32f10x_usart.c:631:   USARTx->CR1 |= CR1_SBK_Set;
 1012              		.loc 1 631 15 view .LVU286
 1013 022e 43F00103 		orr	r3, r3, #1	@ _2, _1,
ARM GAS  /tmp/cc7usaPi.s 			page 31


 1014 0232 8381     		strh	r3, [r0, #12]	@ movhi	@ _2, USARTx_4(D)->CR1
 1015              	@ stm32f10x_lib/STM32F10x_StdPeriph_Driver/src/stm32f10x_usart.c:632: }
 632:stm32f10x_lib/STM32F10x_StdPeriph_Driver/src/stm32f10x_usart.c **** }
 1016              		.loc 1 632 1 view .LVU287
 1017 0234 7047     		bx	lr	@
 1018              		.cfi_endproc
 1019              	.LFE44:
 1020              		.size	USART_SendBreak, .-USART_SendBreak
 1021              		.align	1
 1022              		.global	USART_SetGuardTime
 1023              		.syntax unified
 1024              		.thumb
 1025              		.thumb_func
 1026              		.type	USART_SetGuardTime, %function
 1027              	USART_SetGuardTime:
 1028              	.LVL70:
 1029              	.LFB45:
 633:stm32f10x_lib/STM32F10x_StdPeriph_Driver/src/stm32f10x_usart.c **** 
 634:stm32f10x_lib/STM32F10x_StdPeriph_Driver/src/stm32f10x_usart.c **** /**
 635:stm32f10x_lib/STM32F10x_StdPeriph_Driver/src/stm32f10x_usart.c ****   * @brief  Sets the specified USART guard time.
 636:stm32f10x_lib/STM32F10x_StdPeriph_Driver/src/stm32f10x_usart.c ****   * @param  USARTx: where x can be 1, 2 or 3 to select the USART peripheral.
 637:stm32f10x_lib/STM32F10x_StdPeriph_Driver/src/stm32f10x_usart.c ****   * @param  USART_GuardTime: specifies the guard time.
 638:stm32f10x_lib/STM32F10x_StdPeriph_Driver/src/stm32f10x_usart.c ****   * @note The guard time bits are not available for UART4 and UART5.   
 639:stm32f10x_lib/STM32F10x_StdPeriph_Driver/src/stm32f10x_usart.c ****   * @retval None
 640:stm32f10x_lib/STM32F10x_StdPeriph_Driver/src/stm32f10x_usart.c ****   */
 641:stm32f10x_lib/STM32F10x_StdPeriph_Driver/src/stm32f10x_usart.c **** void USART_SetGuardTime(USART_TypeDef* USARTx, uint8_t USART_GuardTime)
 642:stm32f10x_lib/STM32F10x_StdPeriph_Driver/src/stm32f10x_usart.c **** {    
 1030              		.loc 1 642 1 is_stmt 1 view -0
 1031              		.cfi_startproc
 1032              		@ args = 0, pretend = 0, frame = 0
 1033              		@ frame_needed = 0, uses_anonymous_args = 0
 1034              		@ link register save eliminated.
 643:stm32f10x_lib/STM32F10x_StdPeriph_Driver/src/stm32f10x_usart.c ****   /* Check the parameters */
 644:stm32f10x_lib/STM32F10x_StdPeriph_Driver/src/stm32f10x_usart.c ****   assert_param(IS_USART_123_PERIPH(USARTx));
 1035              		.loc 1 644 3 view .LVU289
 645:stm32f10x_lib/STM32F10x_StdPeriph_Driver/src/stm32f10x_usart.c ****   
 646:stm32f10x_lib/STM32F10x_StdPeriph_Driver/src/stm32f10x_usart.c ****   /* Clear the USART Guard time */
 647:stm32f10x_lib/STM32F10x_StdPeriph_Driver/src/stm32f10x_usart.c ****   USARTx->GTPR &= GTPR_LSB_Mask;
 1036              		.loc 1 647 3 view .LVU290
 1037              	@ stm32f10x_lib/STM32F10x_StdPeriph_Driver/src/stm32f10x_usart.c:647:   USARTx->GTPR &= GTPR_LSB_Ma
 1038              		.loc 1 647 9 is_stmt 0 view .LVU291
 1039 0236 038B     		ldrh	r3, [r0, #24]	@ _1, USARTx_8(D)->GTPR
 1040              	@ stm32f10x_lib/STM32F10x_StdPeriph_Driver/src/stm32f10x_usart.c:647:   USARTx->GTPR &= GTPR_LSB_Ma
 1041              		.loc 1 647 16 view .LVU292
 1042 0238 DBB2     		uxtb	r3, r3	@ _2, _1
 1043 023a 0383     		strh	r3, [r0, #24]	@ movhi	@ _2, USARTx_8(D)->GTPR
 648:stm32f10x_lib/STM32F10x_StdPeriph_Driver/src/stm32f10x_usart.c ****   /* Set the USART guard time */
 649:stm32f10x_lib/STM32F10x_StdPeriph_Driver/src/stm32f10x_usart.c ****   USARTx->GTPR |= (uint16_t)((uint16_t)USART_GuardTime << 0x08);
 1044              		.loc 1 649 3 is_stmt 1 view .LVU293
 1045              	@ stm32f10x_lib/STM32F10x_StdPeriph_Driver/src/stm32f10x_usart.c:649:   USARTx->GTPR |= (uint16_t)(
 1046              		.loc 1 649 9 is_stmt 0 view .LVU294
 1047 023c 038B     		ldrh	r3, [r0, #24]	@ _3, USARTx_8(D)->GTPR
 1048              	@ stm32f10x_lib/STM32F10x_StdPeriph_Driver/src/stm32f10x_usart.c:649:   USARTx->GTPR |= (uint16_t)(
 1049              		.loc 1 649 16 view .LVU295
 1050 023e 43EA0123 		orr	r3, r3, r1, lsl #8	@ _6, _3, USART_GuardTime,
 1051 0242 0383     		strh	r3, [r0, #24]	@ movhi	@ _6, USARTx_8(D)->GTPR
 1052              	@ stm32f10x_lib/STM32F10x_StdPeriph_Driver/src/stm32f10x_usart.c:650: }
ARM GAS  /tmp/cc7usaPi.s 			page 32


 650:stm32f10x_lib/STM32F10x_StdPeriph_Driver/src/stm32f10x_usart.c **** }
 1053              		.loc 1 650 1 view .LVU296
 1054 0244 7047     		bx	lr	@
 1055              		.cfi_endproc
 1056              	.LFE45:
 1057              		.size	USART_SetGuardTime, .-USART_SetGuardTime
 1058              		.align	1
 1059              		.global	USART_SetPrescaler
 1060              		.syntax unified
 1061              		.thumb
 1062              		.thumb_func
 1063              		.type	USART_SetPrescaler, %function
 1064              	USART_SetPrescaler:
 1065              	.LVL71:
 1066              	.LFB46:
 651:stm32f10x_lib/STM32F10x_StdPeriph_Driver/src/stm32f10x_usart.c **** 
 652:stm32f10x_lib/STM32F10x_StdPeriph_Driver/src/stm32f10x_usart.c **** /**
 653:stm32f10x_lib/STM32F10x_StdPeriph_Driver/src/stm32f10x_usart.c ****   * @brief  Sets the system clock prescaler.
 654:stm32f10x_lib/STM32F10x_StdPeriph_Driver/src/stm32f10x_usart.c ****   * @param  USARTx: Select the USART or the UART peripheral. 
 655:stm32f10x_lib/STM32F10x_StdPeriph_Driver/src/stm32f10x_usart.c ****   *   This parameter can be one of the following values:
 656:stm32f10x_lib/STM32F10x_StdPeriph_Driver/src/stm32f10x_usart.c ****   *   USART1, USART2, USART3, UART4 or UART5.
 657:stm32f10x_lib/STM32F10x_StdPeriph_Driver/src/stm32f10x_usart.c ****   * @param  USART_Prescaler: specifies the prescaler clock.  
 658:stm32f10x_lib/STM32F10x_StdPeriph_Driver/src/stm32f10x_usart.c ****   * @note   The function is used for IrDA mode with UART4 and UART5.
 659:stm32f10x_lib/STM32F10x_StdPeriph_Driver/src/stm32f10x_usart.c ****   * @retval None
 660:stm32f10x_lib/STM32F10x_StdPeriph_Driver/src/stm32f10x_usart.c ****   */
 661:stm32f10x_lib/STM32F10x_StdPeriph_Driver/src/stm32f10x_usart.c **** void USART_SetPrescaler(USART_TypeDef* USARTx, uint8_t USART_Prescaler)
 662:stm32f10x_lib/STM32F10x_StdPeriph_Driver/src/stm32f10x_usart.c **** { 
 1067              		.loc 1 662 1 is_stmt 1 view -0
 1068              		.cfi_startproc
 1069              		@ args = 0, pretend = 0, frame = 0
 1070              		@ frame_needed = 0, uses_anonymous_args = 0
 1071              		@ link register save eliminated.
 663:stm32f10x_lib/STM32F10x_StdPeriph_Driver/src/stm32f10x_usart.c ****   /* Check the parameters */
 664:stm32f10x_lib/STM32F10x_StdPeriph_Driver/src/stm32f10x_usart.c ****   assert_param(IS_USART_ALL_PERIPH(USARTx));
 1072              		.loc 1 664 3 view .LVU298
 665:stm32f10x_lib/STM32F10x_StdPeriph_Driver/src/stm32f10x_usart.c ****   
 666:stm32f10x_lib/STM32F10x_StdPeriph_Driver/src/stm32f10x_usart.c ****   /* Clear the USART prescaler */
 667:stm32f10x_lib/STM32F10x_StdPeriph_Driver/src/stm32f10x_usart.c ****   USARTx->GTPR &= GTPR_MSB_Mask;
 1073              		.loc 1 667 3 view .LVU299
 1074              	@ stm32f10x_lib/STM32F10x_StdPeriph_Driver/src/stm32f10x_usart.c:667:   USARTx->GTPR &= GTPR_MSB_Ma
 1075              		.loc 1 667 9 is_stmt 0 view .LVU300
 1076 0246 038B     		ldrh	r3, [r0, #24]	@ _1, USARTx_7(D)->GTPR
 1077              	@ stm32f10x_lib/STM32F10x_StdPeriph_Driver/src/stm32f10x_usart.c:667:   USARTx->GTPR &= GTPR_MSB_Ma
 1078              		.loc 1 667 16 view .LVU301
 1079 0248 03F47F43 		and	r3, r3, #65280	@ _2, _1,
 1080 024c 0383     		strh	r3, [r0, #24]	@ movhi	@ _2, USARTx_7(D)->GTPR
 668:stm32f10x_lib/STM32F10x_StdPeriph_Driver/src/stm32f10x_usart.c ****   /* Set the USART prescaler */
 669:stm32f10x_lib/STM32F10x_StdPeriph_Driver/src/stm32f10x_usart.c ****   USARTx->GTPR |= USART_Prescaler;
 1081              		.loc 1 669 3 is_stmt 1 view .LVU302
 1082              	@ stm32f10x_lib/STM32F10x_StdPeriph_Driver/src/stm32f10x_usart.c:669:   USARTx->GTPR |= USART_Presc
 1083              		.loc 1 669 9 is_stmt 0 view .LVU303
 1084 024e 038B     		ldrh	r3, [r0, #24]	@ _3, USARTx_7(D)->GTPR
 1085              	@ stm32f10x_lib/STM32F10x_StdPeriph_Driver/src/stm32f10x_usart.c:669:   USARTx->GTPR |= USART_Presc
 1086              		.loc 1 669 16 view .LVU304
 1087 0250 1943     		orrs	r1, r1, r3	@, _5, USART_Prescaler, _3
 1088              	.LVL72:
 1089              		.loc 1 669 16 view .LVU305
ARM GAS  /tmp/cc7usaPi.s 			page 33


 1090 0252 0183     		strh	r1, [r0, #24]	@ movhi	@ _5, USARTx_7(D)->GTPR
 1091              	@ stm32f10x_lib/STM32F10x_StdPeriph_Driver/src/stm32f10x_usart.c:670: }
 670:stm32f10x_lib/STM32F10x_StdPeriph_Driver/src/stm32f10x_usart.c **** }
 1092              		.loc 1 670 1 view .LVU306
 1093 0254 7047     		bx	lr	@
 1094              		.cfi_endproc
 1095              	.LFE46:
 1096              		.size	USART_SetPrescaler, .-USART_SetPrescaler
 1097              		.align	1
 1098              		.global	USART_SmartCardCmd
 1099              		.syntax unified
 1100              		.thumb
 1101              		.thumb_func
 1102              		.type	USART_SmartCardCmd, %function
 1103              	USART_SmartCardCmd:
 1104              	.LVL73:
 1105              	.LFB47:
 671:stm32f10x_lib/STM32F10x_StdPeriph_Driver/src/stm32f10x_usart.c **** 
 672:stm32f10x_lib/STM32F10x_StdPeriph_Driver/src/stm32f10x_usart.c **** /**
 673:stm32f10x_lib/STM32F10x_StdPeriph_Driver/src/stm32f10x_usart.c ****   * @brief  Enables or disables the USART’s Smart Card mode.
 674:stm32f10x_lib/STM32F10x_StdPeriph_Driver/src/stm32f10x_usart.c ****   * @param  USARTx: where x can be 1, 2 or 3 to select the USART peripheral.
 675:stm32f10x_lib/STM32F10x_StdPeriph_Driver/src/stm32f10x_usart.c ****   * @param  NewState: new state of the Smart Card mode.
 676:stm32f10x_lib/STM32F10x_StdPeriph_Driver/src/stm32f10x_usart.c ****   *   This parameter can be: ENABLE or DISABLE.     
 677:stm32f10x_lib/STM32F10x_StdPeriph_Driver/src/stm32f10x_usart.c ****   * @note The Smart Card mode is not available for UART4 and UART5. 
 678:stm32f10x_lib/STM32F10x_StdPeriph_Driver/src/stm32f10x_usart.c ****   * @retval None
 679:stm32f10x_lib/STM32F10x_StdPeriph_Driver/src/stm32f10x_usart.c ****   */
 680:stm32f10x_lib/STM32F10x_StdPeriph_Driver/src/stm32f10x_usart.c **** void USART_SmartCardCmd(USART_TypeDef* USARTx, FunctionalState NewState)
 681:stm32f10x_lib/STM32F10x_StdPeriph_Driver/src/stm32f10x_usart.c **** {
 1106              		.loc 1 681 1 is_stmt 1 view -0
 1107              		.cfi_startproc
 1108              		@ args = 0, pretend = 0, frame = 0
 1109              		@ frame_needed = 0, uses_anonymous_args = 0
 1110              		@ link register save eliminated.
 682:stm32f10x_lib/STM32F10x_StdPeriph_Driver/src/stm32f10x_usart.c ****   /* Check the parameters */
 683:stm32f10x_lib/STM32F10x_StdPeriph_Driver/src/stm32f10x_usart.c ****   assert_param(IS_USART_123_PERIPH(USARTx));
 1111              		.loc 1 683 3 view .LVU308
 684:stm32f10x_lib/STM32F10x_StdPeriph_Driver/src/stm32f10x_usart.c ****   assert_param(IS_FUNCTIONAL_STATE(NewState));
 1112              		.loc 1 684 3 view .LVU309
 685:stm32f10x_lib/STM32F10x_StdPeriph_Driver/src/stm32f10x_usart.c ****   if (NewState != DISABLE)
 1113              		.loc 1 685 3 view .LVU310
 1114              	@ stm32f10x_lib/STM32F10x_StdPeriph_Driver/src/stm32f10x_usart.c:688:     USARTx->CR3 |= CR3_SCEN_S
 686:stm32f10x_lib/STM32F10x_StdPeriph_Driver/src/stm32f10x_usart.c ****   {
 687:stm32f10x_lib/STM32F10x_StdPeriph_Driver/src/stm32f10x_usart.c ****     /* Enable the SC mode by setting the SCEN bit in the CR3 register */
 688:stm32f10x_lib/STM32F10x_StdPeriph_Driver/src/stm32f10x_usart.c ****     USARTx->CR3 |= CR3_SCEN_Set;
 1115              		.loc 1 688 11 is_stmt 0 view .LVU311
 1116 0256 838A     		ldrh	r3, [r0, #20]	@ _1,
 1117              	@ stm32f10x_lib/STM32F10x_StdPeriph_Driver/src/stm32f10x_usart.c:685:   if (NewState != DISABLE)
 685:stm32f10x_lib/STM32F10x_StdPeriph_Driver/src/stm32f10x_usart.c ****   if (NewState != DISABLE)
 1118              		.loc 1 685 6 view .LVU312
 1119 0258 19B1     		cbz	r1, .L55	@ NewState,
 1120              		.loc 1 688 5 is_stmt 1 view .LVU313
 1121              	@ stm32f10x_lib/STM32F10x_StdPeriph_Driver/src/stm32f10x_usart.c:688:     USARTx->CR3 |= CR3_SCEN_S
 1122              		.loc 1 688 17 is_stmt 0 view .LVU314
 1123 025a 43F02003 		orr	r3, r3, #32	@ _2, _1,
 1124              	.L57:
 1125              	@ stm32f10x_lib/STM32F10x_StdPeriph_Driver/src/stm32f10x_usart.c:693:     USARTx->CR3 &= CR3_SCEN_R
 689:stm32f10x_lib/STM32F10x_StdPeriph_Driver/src/stm32f10x_usart.c ****   }
ARM GAS  /tmp/cc7usaPi.s 			page 34


 690:stm32f10x_lib/STM32F10x_StdPeriph_Driver/src/stm32f10x_usart.c ****   else
 691:stm32f10x_lib/STM32F10x_StdPeriph_Driver/src/stm32f10x_usart.c ****   {
 692:stm32f10x_lib/STM32F10x_StdPeriph_Driver/src/stm32f10x_usart.c ****     /* Disable the SC mode by clearing the SCEN bit in the CR3 register */
 693:stm32f10x_lib/STM32F10x_StdPeriph_Driver/src/stm32f10x_usart.c ****     USARTx->CR3 &= CR3_SCEN_Reset;
 1126              		.loc 1 693 17 view .LVU315
 1127 025e 8382     		strh	r3, [r0, #20]	@ movhi	@ tmp102,
 1128              	@ stm32f10x_lib/STM32F10x_StdPeriph_Driver/src/stm32f10x_usart.c:695: }
 694:stm32f10x_lib/STM32F10x_StdPeriph_Driver/src/stm32f10x_usart.c ****   }
 695:stm32f10x_lib/STM32F10x_StdPeriph_Driver/src/stm32f10x_usart.c **** }
 1129              		.loc 1 695 1 view .LVU316
 1130 0260 7047     		bx	lr	@
 1131              	.L55:
 693:stm32f10x_lib/STM32F10x_StdPeriph_Driver/src/stm32f10x_usart.c ****   }
 1132              		.loc 1 693 5 is_stmt 1 view .LVU317
 1133              	@ stm32f10x_lib/STM32F10x_StdPeriph_Driver/src/stm32f10x_usart.c:693:     USARTx->CR3 &= CR3_SCEN_R
 693:stm32f10x_lib/STM32F10x_StdPeriph_Driver/src/stm32f10x_usart.c ****   }
 1134              		.loc 1 693 17 is_stmt 0 view .LVU318
 1135 0262 23F02003 		bic	r3, r3, #32	@ tmp102, _3,
 1136 0266 FAE7     		b	.L57		@
 1137              		.cfi_endproc
 1138              	.LFE47:
 1139              		.size	USART_SmartCardCmd, .-USART_SmartCardCmd
 1140              		.align	1
 1141              		.global	USART_SmartCardNACKCmd
 1142              		.syntax unified
 1143              		.thumb
 1144              		.thumb_func
 1145              		.type	USART_SmartCardNACKCmd, %function
 1146              	USART_SmartCardNACKCmd:
 1147              	.LVL74:
 1148              	.LFB48:
 696:stm32f10x_lib/STM32F10x_StdPeriph_Driver/src/stm32f10x_usart.c **** 
 697:stm32f10x_lib/STM32F10x_StdPeriph_Driver/src/stm32f10x_usart.c **** /**
 698:stm32f10x_lib/STM32F10x_StdPeriph_Driver/src/stm32f10x_usart.c ****   * @brief  Enables or disables NACK transmission.
 699:stm32f10x_lib/STM32F10x_StdPeriph_Driver/src/stm32f10x_usart.c ****   * @param  USARTx: where x can be 1, 2 or 3 to select the USART peripheral. 
 700:stm32f10x_lib/STM32F10x_StdPeriph_Driver/src/stm32f10x_usart.c ****   * @param  NewState: new state of the NACK transmission.
 701:stm32f10x_lib/STM32F10x_StdPeriph_Driver/src/stm32f10x_usart.c ****   *   This parameter can be: ENABLE or DISABLE.  
 702:stm32f10x_lib/STM32F10x_StdPeriph_Driver/src/stm32f10x_usart.c ****   * @note The Smart Card mode is not available for UART4 and UART5.
 703:stm32f10x_lib/STM32F10x_StdPeriph_Driver/src/stm32f10x_usart.c ****   * @retval None
 704:stm32f10x_lib/STM32F10x_StdPeriph_Driver/src/stm32f10x_usart.c ****   */
 705:stm32f10x_lib/STM32F10x_StdPeriph_Driver/src/stm32f10x_usart.c **** void USART_SmartCardNACKCmd(USART_TypeDef* USARTx, FunctionalState NewState)
 706:stm32f10x_lib/STM32F10x_StdPeriph_Driver/src/stm32f10x_usart.c **** {
 1149              		.loc 1 706 1 is_stmt 1 view -0
 1150              		.cfi_startproc
 1151              		@ args = 0, pretend = 0, frame = 0
 1152              		@ frame_needed = 0, uses_anonymous_args = 0
 1153              		@ link register save eliminated.
 707:stm32f10x_lib/STM32F10x_StdPeriph_Driver/src/stm32f10x_usart.c ****   /* Check the parameters */
 708:stm32f10x_lib/STM32F10x_StdPeriph_Driver/src/stm32f10x_usart.c ****   assert_param(IS_USART_123_PERIPH(USARTx));  
 1154              		.loc 1 708 3 view .LVU320
 709:stm32f10x_lib/STM32F10x_StdPeriph_Driver/src/stm32f10x_usart.c ****   assert_param(IS_FUNCTIONAL_STATE(NewState));
 1155              		.loc 1 709 3 view .LVU321
 710:stm32f10x_lib/STM32F10x_StdPeriph_Driver/src/stm32f10x_usart.c ****   if (NewState != DISABLE)
 1156              		.loc 1 710 3 view .LVU322
 1157              	@ stm32f10x_lib/STM32F10x_StdPeriph_Driver/src/stm32f10x_usart.c:713:     USARTx->CR3 |= CR3_NACK_S
 711:stm32f10x_lib/STM32F10x_StdPeriph_Driver/src/stm32f10x_usart.c ****   {
 712:stm32f10x_lib/STM32F10x_StdPeriph_Driver/src/stm32f10x_usart.c ****     /* Enable the NACK transmission by setting the NACK bit in the CR3 register */
ARM GAS  /tmp/cc7usaPi.s 			page 35


 713:stm32f10x_lib/STM32F10x_StdPeriph_Driver/src/stm32f10x_usart.c ****     USARTx->CR3 |= CR3_NACK_Set;
 1158              		.loc 1 713 11 is_stmt 0 view .LVU323
 1159 0268 838A     		ldrh	r3, [r0, #20]	@ _1,
 1160              	@ stm32f10x_lib/STM32F10x_StdPeriph_Driver/src/stm32f10x_usart.c:710:   if (NewState != DISABLE)
 710:stm32f10x_lib/STM32F10x_StdPeriph_Driver/src/stm32f10x_usart.c ****   if (NewState != DISABLE)
 1161              		.loc 1 710 6 view .LVU324
 1162 026a 19B1     		cbz	r1, .L59	@ NewState,
 1163              		.loc 1 713 5 is_stmt 1 view .LVU325
 1164              	@ stm32f10x_lib/STM32F10x_StdPeriph_Driver/src/stm32f10x_usart.c:713:     USARTx->CR3 |= CR3_NACK_S
 1165              		.loc 1 713 17 is_stmt 0 view .LVU326
 1166 026c 43F01003 		orr	r3, r3, #16	@ _2, _1,
 1167              	.L61:
 1168              	@ stm32f10x_lib/STM32F10x_StdPeriph_Driver/src/stm32f10x_usart.c:718:     USARTx->CR3 &= CR3_NACK_R
 714:stm32f10x_lib/STM32F10x_StdPeriph_Driver/src/stm32f10x_usart.c ****   }
 715:stm32f10x_lib/STM32F10x_StdPeriph_Driver/src/stm32f10x_usart.c ****   else
 716:stm32f10x_lib/STM32F10x_StdPeriph_Driver/src/stm32f10x_usart.c ****   {
 717:stm32f10x_lib/STM32F10x_StdPeriph_Driver/src/stm32f10x_usart.c ****     /* Disable the NACK transmission by clearing the NACK bit in the CR3 register */
 718:stm32f10x_lib/STM32F10x_StdPeriph_Driver/src/stm32f10x_usart.c ****     USARTx->CR3 &= CR3_NACK_Reset;
 1169              		.loc 1 718 17 view .LVU327
 1170 0270 8382     		strh	r3, [r0, #20]	@ movhi	@ tmp102,
 1171              	@ stm32f10x_lib/STM32F10x_StdPeriph_Driver/src/stm32f10x_usart.c:720: }
 719:stm32f10x_lib/STM32F10x_StdPeriph_Driver/src/stm32f10x_usart.c ****   }
 720:stm32f10x_lib/STM32F10x_StdPeriph_Driver/src/stm32f10x_usart.c **** }
 1172              		.loc 1 720 1 view .LVU328
 1173 0272 7047     		bx	lr	@
 1174              	.L59:
 718:stm32f10x_lib/STM32F10x_StdPeriph_Driver/src/stm32f10x_usart.c ****   }
 1175              		.loc 1 718 5 is_stmt 1 view .LVU329
 1176              	@ stm32f10x_lib/STM32F10x_StdPeriph_Driver/src/stm32f10x_usart.c:718:     USARTx->CR3 &= CR3_NACK_R
 718:stm32f10x_lib/STM32F10x_StdPeriph_Driver/src/stm32f10x_usart.c ****   }
 1177              		.loc 1 718 17 is_stmt 0 view .LVU330
 1178 0274 23F01003 		bic	r3, r3, #16	@ tmp102, _3,
 1179 0278 FAE7     		b	.L61		@
 1180              		.cfi_endproc
 1181              	.LFE48:
 1182              		.size	USART_SmartCardNACKCmd, .-USART_SmartCardNACKCmd
 1183              		.align	1
 1184              		.global	USART_HalfDuplexCmd
 1185              		.syntax unified
 1186              		.thumb
 1187              		.thumb_func
 1188              		.type	USART_HalfDuplexCmd, %function
 1189              	USART_HalfDuplexCmd:
 1190              	.LVL75:
 1191              	.LFB49:
 721:stm32f10x_lib/STM32F10x_StdPeriph_Driver/src/stm32f10x_usart.c **** 
 722:stm32f10x_lib/STM32F10x_StdPeriph_Driver/src/stm32f10x_usart.c **** /**
 723:stm32f10x_lib/STM32F10x_StdPeriph_Driver/src/stm32f10x_usart.c ****   * @brief  Enables or disables the USART’s Half Duplex communication.
 724:stm32f10x_lib/STM32F10x_StdPeriph_Driver/src/stm32f10x_usart.c ****   * @param  USARTx: Select the USART or the UART peripheral. 
 725:stm32f10x_lib/STM32F10x_StdPeriph_Driver/src/stm32f10x_usart.c ****   *   This parameter can be one of the following values:
 726:stm32f10x_lib/STM32F10x_StdPeriph_Driver/src/stm32f10x_usart.c ****   *   USART1, USART2, USART3, UART4 or UART5.
 727:stm32f10x_lib/STM32F10x_StdPeriph_Driver/src/stm32f10x_usart.c ****   * @param  NewState: new state of the USART Communication.
 728:stm32f10x_lib/STM32F10x_StdPeriph_Driver/src/stm32f10x_usart.c ****   *   This parameter can be: ENABLE or DISABLE.
 729:stm32f10x_lib/STM32F10x_StdPeriph_Driver/src/stm32f10x_usart.c ****   * @retval None
 730:stm32f10x_lib/STM32F10x_StdPeriph_Driver/src/stm32f10x_usart.c ****   */
 731:stm32f10x_lib/STM32F10x_StdPeriph_Driver/src/stm32f10x_usart.c **** void USART_HalfDuplexCmd(USART_TypeDef* USARTx, FunctionalState NewState)
 732:stm32f10x_lib/STM32F10x_StdPeriph_Driver/src/stm32f10x_usart.c **** {
ARM GAS  /tmp/cc7usaPi.s 			page 36


 1192              		.loc 1 732 1 is_stmt 1 view -0
 1193              		.cfi_startproc
 1194              		@ args = 0, pretend = 0, frame = 0
 1195              		@ frame_needed = 0, uses_anonymous_args = 0
 1196              		@ link register save eliminated.
 733:stm32f10x_lib/STM32F10x_StdPeriph_Driver/src/stm32f10x_usart.c ****   /* Check the parameters */
 734:stm32f10x_lib/STM32F10x_StdPeriph_Driver/src/stm32f10x_usart.c ****   assert_param(IS_USART_ALL_PERIPH(USARTx));
 1197              		.loc 1 734 3 view .LVU332
 735:stm32f10x_lib/STM32F10x_StdPeriph_Driver/src/stm32f10x_usart.c ****   assert_param(IS_FUNCTIONAL_STATE(NewState));
 1198              		.loc 1 735 3 view .LVU333
 736:stm32f10x_lib/STM32F10x_StdPeriph_Driver/src/stm32f10x_usart.c ****   
 737:stm32f10x_lib/STM32F10x_StdPeriph_Driver/src/stm32f10x_usart.c ****   if (NewState != DISABLE)
 1199              		.loc 1 737 3 view .LVU334
 1200              	@ stm32f10x_lib/STM32F10x_StdPeriph_Driver/src/stm32f10x_usart.c:740:     USARTx->CR3 |= CR3_HDSEL_
 738:stm32f10x_lib/STM32F10x_StdPeriph_Driver/src/stm32f10x_usart.c ****   {
 739:stm32f10x_lib/STM32F10x_StdPeriph_Driver/src/stm32f10x_usart.c ****     /* Enable the Half-Duplex mode by setting the HDSEL bit in the CR3 register */
 740:stm32f10x_lib/STM32F10x_StdPeriph_Driver/src/stm32f10x_usart.c ****     USARTx->CR3 |= CR3_HDSEL_Set;
 1201              		.loc 1 740 11 is_stmt 0 view .LVU335
 1202 027a 838A     		ldrh	r3, [r0, #20]	@ _1,
 1203              	@ stm32f10x_lib/STM32F10x_StdPeriph_Driver/src/stm32f10x_usart.c:737:   if (NewState != DISABLE)
 737:stm32f10x_lib/STM32F10x_StdPeriph_Driver/src/stm32f10x_usart.c ****   {
 1204              		.loc 1 737 6 view .LVU336
 1205 027c 19B1     		cbz	r1, .L63	@ NewState,
 1206              		.loc 1 740 5 is_stmt 1 view .LVU337
 1207              	@ stm32f10x_lib/STM32F10x_StdPeriph_Driver/src/stm32f10x_usart.c:740:     USARTx->CR3 |= CR3_HDSEL_
 1208              		.loc 1 740 17 is_stmt 0 view .LVU338
 1209 027e 43F00803 		orr	r3, r3, #8	@ _2, _1,
 1210              	.L65:
 1211              	@ stm32f10x_lib/STM32F10x_StdPeriph_Driver/src/stm32f10x_usart.c:745:     USARTx->CR3 &= CR3_HDSEL_
 741:stm32f10x_lib/STM32F10x_StdPeriph_Driver/src/stm32f10x_usart.c ****   }
 742:stm32f10x_lib/STM32F10x_StdPeriph_Driver/src/stm32f10x_usart.c ****   else
 743:stm32f10x_lib/STM32F10x_StdPeriph_Driver/src/stm32f10x_usart.c ****   {
 744:stm32f10x_lib/STM32F10x_StdPeriph_Driver/src/stm32f10x_usart.c ****     /* Disable the Half-Duplex mode by clearing the HDSEL bit in the CR3 register */
 745:stm32f10x_lib/STM32F10x_StdPeriph_Driver/src/stm32f10x_usart.c ****     USARTx->CR3 &= CR3_HDSEL_Reset;
 1212              		.loc 1 745 17 view .LVU339
 1213 0282 8382     		strh	r3, [r0, #20]	@ movhi	@ tmp102,
 1214              	@ stm32f10x_lib/STM32F10x_StdPeriph_Driver/src/stm32f10x_usart.c:747: }
 746:stm32f10x_lib/STM32F10x_StdPeriph_Driver/src/stm32f10x_usart.c ****   }
 747:stm32f10x_lib/STM32F10x_StdPeriph_Driver/src/stm32f10x_usart.c **** }
 1215              		.loc 1 747 1 view .LVU340
 1216 0284 7047     		bx	lr	@
 1217              	.L63:
 745:stm32f10x_lib/STM32F10x_StdPeriph_Driver/src/stm32f10x_usart.c ****   }
 1218              		.loc 1 745 5 is_stmt 1 view .LVU341
 1219              	@ stm32f10x_lib/STM32F10x_StdPeriph_Driver/src/stm32f10x_usart.c:745:     USARTx->CR3 &= CR3_HDSEL_
 745:stm32f10x_lib/STM32F10x_StdPeriph_Driver/src/stm32f10x_usart.c ****   }
 1220              		.loc 1 745 17 is_stmt 0 view .LVU342
 1221 0286 23F00803 		bic	r3, r3, #8	@ tmp102, _3,
 1222 028a FAE7     		b	.L65		@
 1223              		.cfi_endproc
 1224              	.LFE49:
 1225              		.size	USART_HalfDuplexCmd, .-USART_HalfDuplexCmd
 1226              		.align	1
 1227              		.global	USART_OverSampling8Cmd
 1228              		.syntax unified
 1229              		.thumb
 1230              		.thumb_func
ARM GAS  /tmp/cc7usaPi.s 			page 37


 1231              		.type	USART_OverSampling8Cmd, %function
 1232              	USART_OverSampling8Cmd:
 1233              	.LVL76:
 1234              	.LFB50:
 748:stm32f10x_lib/STM32F10x_StdPeriph_Driver/src/stm32f10x_usart.c **** 
 749:stm32f10x_lib/STM32F10x_StdPeriph_Driver/src/stm32f10x_usart.c **** 
 750:stm32f10x_lib/STM32F10x_StdPeriph_Driver/src/stm32f10x_usart.c **** /**
 751:stm32f10x_lib/STM32F10x_StdPeriph_Driver/src/stm32f10x_usart.c ****   * @brief  Enables or disables the USART's 8x oversampling mode.
 752:stm32f10x_lib/STM32F10x_StdPeriph_Driver/src/stm32f10x_usart.c ****   * @param  USARTx: Select the USART or the UART peripheral.
 753:stm32f10x_lib/STM32F10x_StdPeriph_Driver/src/stm32f10x_usart.c ****   *   This parameter can be one of the following values:
 754:stm32f10x_lib/STM32F10x_StdPeriph_Driver/src/stm32f10x_usart.c ****   *   USART1, USART2, USART3, UART4 or UART5.
 755:stm32f10x_lib/STM32F10x_StdPeriph_Driver/src/stm32f10x_usart.c ****   * @param  NewState: new state of the USART one bit sampling method.
 756:stm32f10x_lib/STM32F10x_StdPeriph_Driver/src/stm32f10x_usart.c ****   *   This parameter can be: ENABLE or DISABLE.
 757:stm32f10x_lib/STM32F10x_StdPeriph_Driver/src/stm32f10x_usart.c ****   * @note
 758:stm32f10x_lib/STM32F10x_StdPeriph_Driver/src/stm32f10x_usart.c ****   *     This function has to be called before calling USART_Init()
 759:stm32f10x_lib/STM32F10x_StdPeriph_Driver/src/stm32f10x_usart.c ****   *     function in order to have correct baudrate Divider value.   
 760:stm32f10x_lib/STM32F10x_StdPeriph_Driver/src/stm32f10x_usart.c ****   * @retval None
 761:stm32f10x_lib/STM32F10x_StdPeriph_Driver/src/stm32f10x_usart.c ****   */
 762:stm32f10x_lib/STM32F10x_StdPeriph_Driver/src/stm32f10x_usart.c **** void USART_OverSampling8Cmd(USART_TypeDef* USARTx, FunctionalState NewState)
 763:stm32f10x_lib/STM32F10x_StdPeriph_Driver/src/stm32f10x_usart.c **** {
 1235              		.loc 1 763 1 is_stmt 1 view -0
 1236              		.cfi_startproc
 1237              		@ args = 0, pretend = 0, frame = 0
 1238              		@ frame_needed = 0, uses_anonymous_args = 0
 1239              		@ link register save eliminated.
 764:stm32f10x_lib/STM32F10x_StdPeriph_Driver/src/stm32f10x_usart.c ****   /* Check the parameters */
 765:stm32f10x_lib/STM32F10x_StdPeriph_Driver/src/stm32f10x_usart.c ****   assert_param(IS_USART_ALL_PERIPH(USARTx));
 1240              		.loc 1 765 3 view .LVU344
 766:stm32f10x_lib/STM32F10x_StdPeriph_Driver/src/stm32f10x_usart.c ****   assert_param(IS_FUNCTIONAL_STATE(NewState));
 1241              		.loc 1 766 3 view .LVU345
 767:stm32f10x_lib/STM32F10x_StdPeriph_Driver/src/stm32f10x_usart.c ****   
 768:stm32f10x_lib/STM32F10x_StdPeriph_Driver/src/stm32f10x_usart.c ****   if (NewState != DISABLE)
 1242              		.loc 1 768 3 view .LVU346
 1243              	@ stm32f10x_lib/STM32F10x_StdPeriph_Driver/src/stm32f10x_usart.c:771:     USARTx->CR1 |= CR1_OVER8_
 769:stm32f10x_lib/STM32F10x_StdPeriph_Driver/src/stm32f10x_usart.c ****   {
 770:stm32f10x_lib/STM32F10x_StdPeriph_Driver/src/stm32f10x_usart.c ****     /* Enable the 8x Oversampling mode by setting the OVER8 bit in the CR1 register */
 771:stm32f10x_lib/STM32F10x_StdPeriph_Driver/src/stm32f10x_usart.c ****     USARTx->CR1 |= CR1_OVER8_Set;
 1244              		.loc 1 771 11 is_stmt 0 view .LVU347
 1245 028c 8389     		ldrh	r3, [r0, #12]	@ _1,
 1246              	@ stm32f10x_lib/STM32F10x_StdPeriph_Driver/src/stm32f10x_usart.c:768:   if (NewState != DISABLE)
 768:stm32f10x_lib/STM32F10x_StdPeriph_Driver/src/stm32f10x_usart.c ****   {
 1247              		.loc 1 768 6 view .LVU348
 1248 028e 29B1     		cbz	r1, .L67	@ NewState,
 1249              		.loc 1 771 5 is_stmt 1 view .LVU349
 1250              	@ stm32f10x_lib/STM32F10x_StdPeriph_Driver/src/stm32f10x_usart.c:771:     USARTx->CR1 |= CR1_OVER8_
 1251              		.loc 1 771 17 is_stmt 0 view .LVU350
 1252 0290 6FEA4343 		mvn	r3, r3, lsl #17	@ _2, _1,
 1253 0294 6FEA5343 		mvn	r3, r3, lsr #17	@ _2, _2,
 1254              	.L69:
 1255              	@ stm32f10x_lib/STM32F10x_StdPeriph_Driver/src/stm32f10x_usart.c:776:     USARTx->CR1 &= CR1_OVER8_
 772:stm32f10x_lib/STM32F10x_StdPeriph_Driver/src/stm32f10x_usart.c ****   }
 773:stm32f10x_lib/STM32F10x_StdPeriph_Driver/src/stm32f10x_usart.c ****   else
 774:stm32f10x_lib/STM32F10x_StdPeriph_Driver/src/stm32f10x_usart.c ****   {
 775:stm32f10x_lib/STM32F10x_StdPeriph_Driver/src/stm32f10x_usart.c ****     /* Disable the 8x Oversampling mode by clearing the OVER8 bit in the CR1 register */
 776:stm32f10x_lib/STM32F10x_StdPeriph_Driver/src/stm32f10x_usart.c ****     USARTx->CR1 &= CR1_OVER8_Reset;
 1256              		.loc 1 776 17 view .LVU351
 1257 0298 8381     		strh	r3, [r0, #12]	@ movhi	@ _4,
ARM GAS  /tmp/cc7usaPi.s 			page 38


 1258              	@ stm32f10x_lib/STM32F10x_StdPeriph_Driver/src/stm32f10x_usart.c:778: }
 777:stm32f10x_lib/STM32F10x_StdPeriph_Driver/src/stm32f10x_usart.c ****   }
 778:stm32f10x_lib/STM32F10x_StdPeriph_Driver/src/stm32f10x_usart.c **** }
 1259              		.loc 1 778 1 view .LVU352
 1260 029a 7047     		bx	lr	@
 1261              	.L67:
 776:stm32f10x_lib/STM32F10x_StdPeriph_Driver/src/stm32f10x_usart.c ****   }
 1262              		.loc 1 776 5 is_stmt 1 view .LVU353
 1263              	@ stm32f10x_lib/STM32F10x_StdPeriph_Driver/src/stm32f10x_usart.c:776:     USARTx->CR1 &= CR1_OVER8_
 776:stm32f10x_lib/STM32F10x_StdPeriph_Driver/src/stm32f10x_usart.c ****   }
 1264              		.loc 1 776 17 is_stmt 0 view .LVU354
 1265 029c C3F30E03 		ubfx	r3, r3, #0, #15	@ _4, _3,,
 1266 02a0 FAE7     		b	.L69		@
 1267              		.cfi_endproc
 1268              	.LFE50:
 1269              		.size	USART_OverSampling8Cmd, .-USART_OverSampling8Cmd
 1270              		.align	1
 1271              		.global	USART_OneBitMethodCmd
 1272              		.syntax unified
 1273              		.thumb
 1274              		.thumb_func
 1275              		.type	USART_OneBitMethodCmd, %function
 1276              	USART_OneBitMethodCmd:
 1277              	.LVL77:
 1278              	.LFB51:
 779:stm32f10x_lib/STM32F10x_StdPeriph_Driver/src/stm32f10x_usart.c **** 
 780:stm32f10x_lib/STM32F10x_StdPeriph_Driver/src/stm32f10x_usart.c **** /**
 781:stm32f10x_lib/STM32F10x_StdPeriph_Driver/src/stm32f10x_usart.c ****   * @brief  Enables or disables the USART's one bit sampling method.
 782:stm32f10x_lib/STM32F10x_StdPeriph_Driver/src/stm32f10x_usart.c ****   * @param  USARTx: Select the USART or the UART peripheral.
 783:stm32f10x_lib/STM32F10x_StdPeriph_Driver/src/stm32f10x_usart.c ****   *   This parameter can be one of the following values:
 784:stm32f10x_lib/STM32F10x_StdPeriph_Driver/src/stm32f10x_usart.c ****   *   USART1, USART2, USART3, UART4 or UART5.
 785:stm32f10x_lib/STM32F10x_StdPeriph_Driver/src/stm32f10x_usart.c ****   * @param  NewState: new state of the USART one bit sampling method.
 786:stm32f10x_lib/STM32F10x_StdPeriph_Driver/src/stm32f10x_usart.c ****   *   This parameter can be: ENABLE or DISABLE.
 787:stm32f10x_lib/STM32F10x_StdPeriph_Driver/src/stm32f10x_usart.c ****   * @retval None
 788:stm32f10x_lib/STM32F10x_StdPeriph_Driver/src/stm32f10x_usart.c ****   */
 789:stm32f10x_lib/STM32F10x_StdPeriph_Driver/src/stm32f10x_usart.c **** void USART_OneBitMethodCmd(USART_TypeDef* USARTx, FunctionalState NewState)
 790:stm32f10x_lib/STM32F10x_StdPeriph_Driver/src/stm32f10x_usart.c **** {
 1279              		.loc 1 790 1 is_stmt 1 view -0
 1280              		.cfi_startproc
 1281              		@ args = 0, pretend = 0, frame = 0
 1282              		@ frame_needed = 0, uses_anonymous_args = 0
 1283              		@ link register save eliminated.
 791:stm32f10x_lib/STM32F10x_StdPeriph_Driver/src/stm32f10x_usart.c ****   /* Check the parameters */
 792:stm32f10x_lib/STM32F10x_StdPeriph_Driver/src/stm32f10x_usart.c ****   assert_param(IS_USART_ALL_PERIPH(USARTx));
 1284              		.loc 1 792 3 view .LVU356
 793:stm32f10x_lib/STM32F10x_StdPeriph_Driver/src/stm32f10x_usart.c ****   assert_param(IS_FUNCTIONAL_STATE(NewState));
 1285              		.loc 1 793 3 view .LVU357
 794:stm32f10x_lib/STM32F10x_StdPeriph_Driver/src/stm32f10x_usart.c ****   
 795:stm32f10x_lib/STM32F10x_StdPeriph_Driver/src/stm32f10x_usart.c ****   if (NewState != DISABLE)
 1286              		.loc 1 795 3 view .LVU358
 1287              	@ stm32f10x_lib/STM32F10x_StdPeriph_Driver/src/stm32f10x_usart.c:798:     USARTx->CR3 |= CR3_ONEBIT
 796:stm32f10x_lib/STM32F10x_StdPeriph_Driver/src/stm32f10x_usart.c ****   {
 797:stm32f10x_lib/STM32F10x_StdPeriph_Driver/src/stm32f10x_usart.c ****     /* Enable the one bit method by setting the ONEBITE bit in the CR3 register */
 798:stm32f10x_lib/STM32F10x_StdPeriph_Driver/src/stm32f10x_usart.c ****     USARTx->CR3 |= CR3_ONEBITE_Set;
 1288              		.loc 1 798 11 is_stmt 0 view .LVU359
 1289 02a2 838A     		ldrh	r3, [r0, #20]	@ _1,
 1290              	@ stm32f10x_lib/STM32F10x_StdPeriph_Driver/src/stm32f10x_usart.c:795:   if (NewState != DISABLE)
ARM GAS  /tmp/cc7usaPi.s 			page 39


 795:stm32f10x_lib/STM32F10x_StdPeriph_Driver/src/stm32f10x_usart.c ****   {
 1291              		.loc 1 795 6 view .LVU360
 1292 02a4 19B1     		cbz	r1, .L71	@ NewState,
 1293              		.loc 1 798 5 is_stmt 1 view .LVU361
 1294              	@ stm32f10x_lib/STM32F10x_StdPeriph_Driver/src/stm32f10x_usart.c:798:     USARTx->CR3 |= CR3_ONEBIT
 1295              		.loc 1 798 17 is_stmt 0 view .LVU362
 1296 02a6 43F40063 		orr	r3, r3, #2048	@ _2, _1,
 1297              	.L73:
 1298              	@ stm32f10x_lib/STM32F10x_StdPeriph_Driver/src/stm32f10x_usart.c:803:     USARTx->CR3 &= CR3_ONEBIT
 799:stm32f10x_lib/STM32F10x_StdPeriph_Driver/src/stm32f10x_usart.c ****   }
 800:stm32f10x_lib/STM32F10x_StdPeriph_Driver/src/stm32f10x_usart.c ****   else
 801:stm32f10x_lib/STM32F10x_StdPeriph_Driver/src/stm32f10x_usart.c ****   {
 802:stm32f10x_lib/STM32F10x_StdPeriph_Driver/src/stm32f10x_usart.c ****     /* Disable tthe one bit method by clearing the ONEBITE bit in the CR3 register */
 803:stm32f10x_lib/STM32F10x_StdPeriph_Driver/src/stm32f10x_usart.c ****     USARTx->CR3 &= CR3_ONEBITE_Reset;
 1299              		.loc 1 803 17 view .LVU363
 1300 02aa 8382     		strh	r3, [r0, #20]	@ movhi	@ tmp102,
 1301              	@ stm32f10x_lib/STM32F10x_StdPeriph_Driver/src/stm32f10x_usart.c:805: }
 804:stm32f10x_lib/STM32F10x_StdPeriph_Driver/src/stm32f10x_usart.c ****   }
 805:stm32f10x_lib/STM32F10x_StdPeriph_Driver/src/stm32f10x_usart.c **** }
 1302              		.loc 1 805 1 view .LVU364
 1303 02ac 7047     		bx	lr	@
 1304              	.L71:
 803:stm32f10x_lib/STM32F10x_StdPeriph_Driver/src/stm32f10x_usart.c ****   }
 1305              		.loc 1 803 5 is_stmt 1 view .LVU365
 1306              	@ stm32f10x_lib/STM32F10x_StdPeriph_Driver/src/stm32f10x_usart.c:803:     USARTx->CR3 &= CR3_ONEBIT
 803:stm32f10x_lib/STM32F10x_StdPeriph_Driver/src/stm32f10x_usart.c ****   }
 1307              		.loc 1 803 17 is_stmt 0 view .LVU366
 1308 02ae 23F40063 		bic	r3, r3, #2048	@ tmp102, _3,
 1309 02b2 FAE7     		b	.L73		@
 1310              		.cfi_endproc
 1311              	.LFE51:
 1312              		.size	USART_OneBitMethodCmd, .-USART_OneBitMethodCmd
 1313              		.align	1
 1314              		.global	USART_IrDAConfig
 1315              		.syntax unified
 1316              		.thumb
 1317              		.thumb_func
 1318              		.type	USART_IrDAConfig, %function
 1319              	USART_IrDAConfig:
 1320              	.LVL78:
 1321              	.LFB52:
 806:stm32f10x_lib/STM32F10x_StdPeriph_Driver/src/stm32f10x_usart.c **** 
 807:stm32f10x_lib/STM32F10x_StdPeriph_Driver/src/stm32f10x_usart.c **** /**
 808:stm32f10x_lib/STM32F10x_StdPeriph_Driver/src/stm32f10x_usart.c ****   * @brief  Configures the USART's IrDA interface.
 809:stm32f10x_lib/STM32F10x_StdPeriph_Driver/src/stm32f10x_usart.c ****   * @param  USARTx: Select the USART or the UART peripheral. 
 810:stm32f10x_lib/STM32F10x_StdPeriph_Driver/src/stm32f10x_usart.c ****   *   This parameter can be one of the following values:
 811:stm32f10x_lib/STM32F10x_StdPeriph_Driver/src/stm32f10x_usart.c ****   *   USART1, USART2, USART3, UART4 or UART5.
 812:stm32f10x_lib/STM32F10x_StdPeriph_Driver/src/stm32f10x_usart.c ****   * @param  USART_IrDAMode: specifies the IrDA mode.
 813:stm32f10x_lib/STM32F10x_StdPeriph_Driver/src/stm32f10x_usart.c ****   *   This parameter can be one of the following values:
 814:stm32f10x_lib/STM32F10x_StdPeriph_Driver/src/stm32f10x_usart.c ****   *     @arg USART_IrDAMode_LowPower
 815:stm32f10x_lib/STM32F10x_StdPeriph_Driver/src/stm32f10x_usart.c ****   *     @arg USART_IrDAMode_Normal
 816:stm32f10x_lib/STM32F10x_StdPeriph_Driver/src/stm32f10x_usart.c ****   * @retval None
 817:stm32f10x_lib/STM32F10x_StdPeriph_Driver/src/stm32f10x_usart.c ****   */
 818:stm32f10x_lib/STM32F10x_StdPeriph_Driver/src/stm32f10x_usart.c **** void USART_IrDAConfig(USART_TypeDef* USARTx, uint16_t USART_IrDAMode)
 819:stm32f10x_lib/STM32F10x_StdPeriph_Driver/src/stm32f10x_usart.c **** {
 1322              		.loc 1 819 1 is_stmt 1 view -0
 1323              		.cfi_startproc
ARM GAS  /tmp/cc7usaPi.s 			page 40


 1324              		@ args = 0, pretend = 0, frame = 0
 1325              		@ frame_needed = 0, uses_anonymous_args = 0
 1326              		@ link register save eliminated.
 820:stm32f10x_lib/STM32F10x_StdPeriph_Driver/src/stm32f10x_usart.c ****   /* Check the parameters */
 821:stm32f10x_lib/STM32F10x_StdPeriph_Driver/src/stm32f10x_usart.c ****   assert_param(IS_USART_ALL_PERIPH(USARTx));
 1327              		.loc 1 821 3 view .LVU368
 822:stm32f10x_lib/STM32F10x_StdPeriph_Driver/src/stm32f10x_usart.c ****   assert_param(IS_USART_IRDA_MODE(USART_IrDAMode));
 1328              		.loc 1 822 3 view .LVU369
 823:stm32f10x_lib/STM32F10x_StdPeriph_Driver/src/stm32f10x_usart.c ****     
 824:stm32f10x_lib/STM32F10x_StdPeriph_Driver/src/stm32f10x_usart.c ****   USARTx->CR3 &= CR3_IRLP_Mask;
 1329              		.loc 1 824 3 view .LVU370
 1330              	@ stm32f10x_lib/STM32F10x_StdPeriph_Driver/src/stm32f10x_usart.c:824:   USARTx->CR3 &= CR3_IRLP_Mas
 1331              		.loc 1 824 9 is_stmt 0 view .LVU371
 1332 02b4 838A     		ldrh	r3, [r0, #20]	@ _1, USARTx_6(D)->CR3
 1333              	@ stm32f10x_lib/STM32F10x_StdPeriph_Driver/src/stm32f10x_usart.c:824:   USARTx->CR3 &= CR3_IRLP_Mas
 1334              		.loc 1 824 15 view .LVU372
 1335 02b6 23F00403 		bic	r3, r3, #4	@ tmp100, _1,
 1336 02ba 8382     		strh	r3, [r0, #20]	@ movhi	@ tmp100, USARTx_6(D)->CR3
 825:stm32f10x_lib/STM32F10x_StdPeriph_Driver/src/stm32f10x_usart.c ****   USARTx->CR3 |= USART_IrDAMode;
 1337              		.loc 1 825 3 is_stmt 1 view .LVU373
 1338              	@ stm32f10x_lib/STM32F10x_StdPeriph_Driver/src/stm32f10x_usart.c:825:   USARTx->CR3 |= USART_IrDAMo
 1339              		.loc 1 825 9 is_stmt 0 view .LVU374
 1340 02bc 838A     		ldrh	r3, [r0, #20]	@ _3, USARTx_6(D)->CR3
 1341              	@ stm32f10x_lib/STM32F10x_StdPeriph_Driver/src/stm32f10x_usart.c:825:   USARTx->CR3 |= USART_IrDAMo
 1342              		.loc 1 825 15 view .LVU375
 1343 02be 0B43     		orrs	r3, r3, r1	@, _4, _3, USART_IrDAMode
 1344 02c0 8382     		strh	r3, [r0, #20]	@ movhi	@ _4, USARTx_6(D)->CR3
 1345              	@ stm32f10x_lib/STM32F10x_StdPeriph_Driver/src/stm32f10x_usart.c:826: }
 826:stm32f10x_lib/STM32F10x_StdPeriph_Driver/src/stm32f10x_usart.c **** }
 1346              		.loc 1 826 1 view .LVU376
 1347 02c2 7047     		bx	lr	@
 1348              		.cfi_endproc
 1349              	.LFE52:
 1350              		.size	USART_IrDAConfig, .-USART_IrDAConfig
 1351              		.align	1
 1352              		.global	USART_IrDACmd
 1353              		.syntax unified
 1354              		.thumb
 1355              		.thumb_func
 1356              		.type	USART_IrDACmd, %function
 1357              	USART_IrDACmd:
 1358              	.LVL79:
 1359              	.LFB53:
 827:stm32f10x_lib/STM32F10x_StdPeriph_Driver/src/stm32f10x_usart.c **** 
 828:stm32f10x_lib/STM32F10x_StdPeriph_Driver/src/stm32f10x_usart.c **** /**
 829:stm32f10x_lib/STM32F10x_StdPeriph_Driver/src/stm32f10x_usart.c ****   * @brief  Enables or disables the USART's IrDA interface.
 830:stm32f10x_lib/STM32F10x_StdPeriph_Driver/src/stm32f10x_usart.c ****   * @param  USARTx: Select the USART or the UART peripheral. 
 831:stm32f10x_lib/STM32F10x_StdPeriph_Driver/src/stm32f10x_usart.c ****   *   This parameter can be one of the following values:
 832:stm32f10x_lib/STM32F10x_StdPeriph_Driver/src/stm32f10x_usart.c ****   *   USART1, USART2, USART3, UART4 or UART5.
 833:stm32f10x_lib/STM32F10x_StdPeriph_Driver/src/stm32f10x_usart.c ****   * @param  NewState: new state of the IrDA mode.
 834:stm32f10x_lib/STM32F10x_StdPeriph_Driver/src/stm32f10x_usart.c ****   *   This parameter can be: ENABLE or DISABLE.
 835:stm32f10x_lib/STM32F10x_StdPeriph_Driver/src/stm32f10x_usart.c ****   * @retval None
 836:stm32f10x_lib/STM32F10x_StdPeriph_Driver/src/stm32f10x_usart.c ****   */
 837:stm32f10x_lib/STM32F10x_StdPeriph_Driver/src/stm32f10x_usart.c **** void USART_IrDACmd(USART_TypeDef* USARTx, FunctionalState NewState)
 838:stm32f10x_lib/STM32F10x_StdPeriph_Driver/src/stm32f10x_usart.c **** {
 1360              		.loc 1 838 1 is_stmt 1 view -0
 1361              		.cfi_startproc
ARM GAS  /tmp/cc7usaPi.s 			page 41


 1362              		@ args = 0, pretend = 0, frame = 0
 1363              		@ frame_needed = 0, uses_anonymous_args = 0
 1364              		@ link register save eliminated.
 839:stm32f10x_lib/STM32F10x_StdPeriph_Driver/src/stm32f10x_usart.c ****   /* Check the parameters */
 840:stm32f10x_lib/STM32F10x_StdPeriph_Driver/src/stm32f10x_usart.c ****   assert_param(IS_USART_ALL_PERIPH(USARTx));
 1365              		.loc 1 840 3 view .LVU378
 841:stm32f10x_lib/STM32F10x_StdPeriph_Driver/src/stm32f10x_usart.c ****   assert_param(IS_FUNCTIONAL_STATE(NewState));
 1366              		.loc 1 841 3 view .LVU379
 842:stm32f10x_lib/STM32F10x_StdPeriph_Driver/src/stm32f10x_usart.c ****     
 843:stm32f10x_lib/STM32F10x_StdPeriph_Driver/src/stm32f10x_usart.c ****   if (NewState != DISABLE)
 1367              		.loc 1 843 3 view .LVU380
 1368              	@ stm32f10x_lib/STM32F10x_StdPeriph_Driver/src/stm32f10x_usart.c:846:     USARTx->CR3 |= CR3_IREN_S
 844:stm32f10x_lib/STM32F10x_StdPeriph_Driver/src/stm32f10x_usart.c ****   {
 845:stm32f10x_lib/STM32F10x_StdPeriph_Driver/src/stm32f10x_usart.c ****     /* Enable the IrDA mode by setting the IREN bit in the CR3 register */
 846:stm32f10x_lib/STM32F10x_StdPeriph_Driver/src/stm32f10x_usart.c ****     USARTx->CR3 |= CR3_IREN_Set;
 1369              		.loc 1 846 11 is_stmt 0 view .LVU381
 1370 02c4 838A     		ldrh	r3, [r0, #20]	@ _1,
 1371              	@ stm32f10x_lib/STM32F10x_StdPeriph_Driver/src/stm32f10x_usart.c:843:   if (NewState != DISABLE)
 843:stm32f10x_lib/STM32F10x_StdPeriph_Driver/src/stm32f10x_usart.c ****   {
 1372              		.loc 1 843 6 view .LVU382
 1373 02c6 19B1     		cbz	r1, .L76	@ NewState,
 1374              		.loc 1 846 5 is_stmt 1 view .LVU383
 1375              	@ stm32f10x_lib/STM32F10x_StdPeriph_Driver/src/stm32f10x_usart.c:846:     USARTx->CR3 |= CR3_IREN_S
 1376              		.loc 1 846 17 is_stmt 0 view .LVU384
 1377 02c8 43F00203 		orr	r3, r3, #2	@ _2, _1,
 1378              	.L78:
 1379              	@ stm32f10x_lib/STM32F10x_StdPeriph_Driver/src/stm32f10x_usart.c:851:     USARTx->CR3 &= CR3_IREN_R
 847:stm32f10x_lib/STM32F10x_StdPeriph_Driver/src/stm32f10x_usart.c ****   }
 848:stm32f10x_lib/STM32F10x_StdPeriph_Driver/src/stm32f10x_usart.c ****   else
 849:stm32f10x_lib/STM32F10x_StdPeriph_Driver/src/stm32f10x_usart.c ****   {
 850:stm32f10x_lib/STM32F10x_StdPeriph_Driver/src/stm32f10x_usart.c ****     /* Disable the IrDA mode by clearing the IREN bit in the CR3 register */
 851:stm32f10x_lib/STM32F10x_StdPeriph_Driver/src/stm32f10x_usart.c ****     USARTx->CR3 &= CR3_IREN_Reset;
 1380              		.loc 1 851 17 view .LVU385
 1381 02cc 8382     		strh	r3, [r0, #20]	@ movhi	@ tmp102,
 1382              	@ stm32f10x_lib/STM32F10x_StdPeriph_Driver/src/stm32f10x_usart.c:853: }
 852:stm32f10x_lib/STM32F10x_StdPeriph_Driver/src/stm32f10x_usart.c ****   }
 853:stm32f10x_lib/STM32F10x_StdPeriph_Driver/src/stm32f10x_usart.c **** }
 1383              		.loc 1 853 1 view .LVU386
 1384 02ce 7047     		bx	lr	@
 1385              	.L76:
 851:stm32f10x_lib/STM32F10x_StdPeriph_Driver/src/stm32f10x_usart.c ****   }
 1386              		.loc 1 851 5 is_stmt 1 view .LVU387
 1387              	@ stm32f10x_lib/STM32F10x_StdPeriph_Driver/src/stm32f10x_usart.c:851:     USARTx->CR3 &= CR3_IREN_R
 851:stm32f10x_lib/STM32F10x_StdPeriph_Driver/src/stm32f10x_usart.c ****   }
 1388              		.loc 1 851 17 is_stmt 0 view .LVU388
 1389 02d0 23F00203 		bic	r3, r3, #2	@ tmp102, _3,
 1390 02d4 FAE7     		b	.L78		@
 1391              		.cfi_endproc
 1392              	.LFE53:
 1393              		.size	USART_IrDACmd, .-USART_IrDACmd
 1394              		.align	1
 1395              		.global	USART_GetFlagStatus
 1396              		.syntax unified
 1397              		.thumb
 1398              		.thumb_func
 1399              		.type	USART_GetFlagStatus, %function
 1400              	USART_GetFlagStatus:
ARM GAS  /tmp/cc7usaPi.s 			page 42


 1401              	.LVL80:
 1402              	.LFB54:
 854:stm32f10x_lib/STM32F10x_StdPeriph_Driver/src/stm32f10x_usart.c **** 
 855:stm32f10x_lib/STM32F10x_StdPeriph_Driver/src/stm32f10x_usart.c **** /**
 856:stm32f10x_lib/STM32F10x_StdPeriph_Driver/src/stm32f10x_usart.c ****   * @brief  Checks whether the specified USART flag is set or not.
 857:stm32f10x_lib/STM32F10x_StdPeriph_Driver/src/stm32f10x_usart.c ****   * @param  USARTx: Select the USART or the UART peripheral. 
 858:stm32f10x_lib/STM32F10x_StdPeriph_Driver/src/stm32f10x_usart.c ****   *   This parameter can be one of the following values:
 859:stm32f10x_lib/STM32F10x_StdPeriph_Driver/src/stm32f10x_usart.c ****   *   USART1, USART2, USART3, UART4 or UART5.
 860:stm32f10x_lib/STM32F10x_StdPeriph_Driver/src/stm32f10x_usart.c ****   * @param  USART_FLAG: specifies the flag to check.
 861:stm32f10x_lib/STM32F10x_StdPeriph_Driver/src/stm32f10x_usart.c ****   *   This parameter can be one of the following values:
 862:stm32f10x_lib/STM32F10x_StdPeriph_Driver/src/stm32f10x_usart.c ****   *     @arg USART_FLAG_CTS:  CTS Change flag (not available for UART4 and UART5)
 863:stm32f10x_lib/STM32F10x_StdPeriph_Driver/src/stm32f10x_usart.c ****   *     @arg USART_FLAG_LBD:  LIN Break detection flag
 864:stm32f10x_lib/STM32F10x_StdPeriph_Driver/src/stm32f10x_usart.c ****   *     @arg USART_FLAG_TXE:  Transmit data register empty flag
 865:stm32f10x_lib/STM32F10x_StdPeriph_Driver/src/stm32f10x_usart.c ****   *     @arg USART_FLAG_TC:   Transmission Complete flag
 866:stm32f10x_lib/STM32F10x_StdPeriph_Driver/src/stm32f10x_usart.c ****   *     @arg USART_FLAG_RXNE: Receive data register not empty flag
 867:stm32f10x_lib/STM32F10x_StdPeriph_Driver/src/stm32f10x_usart.c ****   *     @arg USART_FLAG_IDLE: Idle Line detection flag
 868:stm32f10x_lib/STM32F10x_StdPeriph_Driver/src/stm32f10x_usart.c ****   *     @arg USART_FLAG_ORE:  OverRun Error flag
 869:stm32f10x_lib/STM32F10x_StdPeriph_Driver/src/stm32f10x_usart.c ****   *     @arg USART_FLAG_NE:   Noise Error flag
 870:stm32f10x_lib/STM32F10x_StdPeriph_Driver/src/stm32f10x_usart.c ****   *     @arg USART_FLAG_FE:   Framing Error flag
 871:stm32f10x_lib/STM32F10x_StdPeriph_Driver/src/stm32f10x_usart.c ****   *     @arg USART_FLAG_PE:   Parity Error flag
 872:stm32f10x_lib/STM32F10x_StdPeriph_Driver/src/stm32f10x_usart.c ****   * @retval The new state of USART_FLAG (SET or RESET).
 873:stm32f10x_lib/STM32F10x_StdPeriph_Driver/src/stm32f10x_usart.c ****   */
 874:stm32f10x_lib/STM32F10x_StdPeriph_Driver/src/stm32f10x_usart.c **** FlagStatus USART_GetFlagStatus(USART_TypeDef* USARTx, uint16_t USART_FLAG)
 875:stm32f10x_lib/STM32F10x_StdPeriph_Driver/src/stm32f10x_usart.c **** {
 1403              		.loc 1 875 1 is_stmt 1 view -0
 1404              		.cfi_startproc
 1405              		@ args = 0, pretend = 0, frame = 0
 1406              		@ frame_needed = 0, uses_anonymous_args = 0
 1407              		@ link register save eliminated.
 876:stm32f10x_lib/STM32F10x_StdPeriph_Driver/src/stm32f10x_usart.c ****   FlagStatus bitstatus = RESET;
 1408              		.loc 1 876 3 view .LVU390
 877:stm32f10x_lib/STM32F10x_StdPeriph_Driver/src/stm32f10x_usart.c ****   /* Check the parameters */
 878:stm32f10x_lib/STM32F10x_StdPeriph_Driver/src/stm32f10x_usart.c ****   assert_param(IS_USART_ALL_PERIPH(USARTx));
 1409              		.loc 1 878 3 view .LVU391
 879:stm32f10x_lib/STM32F10x_StdPeriph_Driver/src/stm32f10x_usart.c ****   assert_param(IS_USART_FLAG(USART_FLAG));
 1410              		.loc 1 879 3 view .LVU392
 880:stm32f10x_lib/STM32F10x_StdPeriph_Driver/src/stm32f10x_usart.c ****   /* The CTS flag is not available for UART4 and UART5 */
 881:stm32f10x_lib/STM32F10x_StdPeriph_Driver/src/stm32f10x_usart.c ****   if (USART_FLAG == USART_FLAG_CTS)
 1411              		.loc 1 881 3 view .LVU393
 882:stm32f10x_lib/STM32F10x_StdPeriph_Driver/src/stm32f10x_usart.c ****   {
 883:stm32f10x_lib/STM32F10x_StdPeriph_Driver/src/stm32f10x_usart.c ****     assert_param(IS_USART_123_PERIPH(USARTx));
 1412              		.loc 1 883 5 view .LVU394
 884:stm32f10x_lib/STM32F10x_StdPeriph_Driver/src/stm32f10x_usart.c ****   }  
 885:stm32f10x_lib/STM32F10x_StdPeriph_Driver/src/stm32f10x_usart.c ****   
 886:stm32f10x_lib/STM32F10x_StdPeriph_Driver/src/stm32f10x_usart.c ****   if ((USARTx->SR & USART_FLAG) != (uint16_t)RESET)
 1413              		.loc 1 886 3 view .LVU395
 1414              	@ stm32f10x_lib/STM32F10x_StdPeriph_Driver/src/stm32f10x_usart.c:886:   if ((USARTx->SR & USART_FLA
 1415              		.loc 1 886 14 is_stmt 0 view .LVU396
 1416 02d6 0388     		ldrh	r3, [r0]	@ _1, USARTx_5(D)->SR
 1417              	.LVL81:
 887:stm32f10x_lib/STM32F10x_StdPeriph_Driver/src/stm32f10x_usart.c ****   {
 888:stm32f10x_lib/STM32F10x_StdPeriph_Driver/src/stm32f10x_usart.c ****     bitstatus = SET;
 889:stm32f10x_lib/STM32F10x_StdPeriph_Driver/src/stm32f10x_usart.c ****   }
 890:stm32f10x_lib/STM32F10x_StdPeriph_Driver/src/stm32f10x_usart.c ****   else
 891:stm32f10x_lib/STM32F10x_StdPeriph_Driver/src/stm32f10x_usart.c ****   {
 892:stm32f10x_lib/STM32F10x_StdPeriph_Driver/src/stm32f10x_usart.c ****     bitstatus = RESET;
 893:stm32f10x_lib/STM32F10x_StdPeriph_Driver/src/stm32f10x_usart.c ****   }
ARM GAS  /tmp/cc7usaPi.s 			page 43


 894:stm32f10x_lib/STM32F10x_StdPeriph_Driver/src/stm32f10x_usart.c ****   return bitstatus;
 1418              		.loc 1 894 3 is_stmt 1 view .LVU397
 1419              	@ stm32f10x_lib/STM32F10x_StdPeriph_Driver/src/stm32f10x_usart.c:886:   if ((USARTx->SR & USART_FLA
 886:stm32f10x_lib/STM32F10x_StdPeriph_Driver/src/stm32f10x_usart.c ****   {
 1420              		.loc 1 886 6 is_stmt 0 view .LVU398
 1421 02d8 0B42     		tst	r3, r1	@ _1, USART_FLAG
 1422              	@ stm32f10x_lib/STM32F10x_StdPeriph_Driver/src/stm32f10x_usart.c:895: }
 895:stm32f10x_lib/STM32F10x_StdPeriph_Driver/src/stm32f10x_usart.c **** }
 1423              		.loc 1 895 1 view .LVU399
 1424 02da 14BF     		ite	ne
 1425 02dc 0120     		movne	r0, #1	@,
 1426              	.LVL82:
 1427              		.loc 1 895 1 view .LVU400
 1428 02de 0020     		moveq	r0, #0	@,
 1429 02e0 7047     		bx	lr	@
 1430              		.cfi_endproc
 1431              	.LFE54:
 1432              		.size	USART_GetFlagStatus, .-USART_GetFlagStatus
 1433              		.align	1
 1434              		.global	USART_ClearFlag
 1435              		.syntax unified
 1436              		.thumb
 1437              		.thumb_func
 1438              		.type	USART_ClearFlag, %function
 1439              	USART_ClearFlag:
 1440              	.LVL83:
 1441              	.LFB55:
 896:stm32f10x_lib/STM32F10x_StdPeriph_Driver/src/stm32f10x_usart.c **** 
 897:stm32f10x_lib/STM32F10x_StdPeriph_Driver/src/stm32f10x_usart.c **** /**
 898:stm32f10x_lib/STM32F10x_StdPeriph_Driver/src/stm32f10x_usart.c ****   * @brief  Clears the USARTx's pending flags.
 899:stm32f10x_lib/STM32F10x_StdPeriph_Driver/src/stm32f10x_usart.c ****   * @param  USARTx: Select the USART or the UART peripheral. 
 900:stm32f10x_lib/STM32F10x_StdPeriph_Driver/src/stm32f10x_usart.c ****   *   This parameter can be one of the following values:
 901:stm32f10x_lib/STM32F10x_StdPeriph_Driver/src/stm32f10x_usart.c ****   *   USART1, USART2, USART3, UART4 or UART5.
 902:stm32f10x_lib/STM32F10x_StdPeriph_Driver/src/stm32f10x_usart.c ****   * @param  USART_FLAG: specifies the flag to clear.
 903:stm32f10x_lib/STM32F10x_StdPeriph_Driver/src/stm32f10x_usart.c ****   *   This parameter can be any combination of the following values:
 904:stm32f10x_lib/STM32F10x_StdPeriph_Driver/src/stm32f10x_usart.c ****   *     @arg USART_FLAG_CTS:  CTS Change flag (not available for UART4 and UART5).
 905:stm32f10x_lib/STM32F10x_StdPeriph_Driver/src/stm32f10x_usart.c ****   *     @arg USART_FLAG_LBD:  LIN Break detection flag.
 906:stm32f10x_lib/STM32F10x_StdPeriph_Driver/src/stm32f10x_usart.c ****   *     @arg USART_FLAG_TC:   Transmission Complete flag.
 907:stm32f10x_lib/STM32F10x_StdPeriph_Driver/src/stm32f10x_usart.c ****   *     @arg USART_FLAG_RXNE: Receive data register not empty flag.
 908:stm32f10x_lib/STM32F10x_StdPeriph_Driver/src/stm32f10x_usart.c ****   *   
 909:stm32f10x_lib/STM32F10x_StdPeriph_Driver/src/stm32f10x_usart.c ****   * @note
 910:stm32f10x_lib/STM32F10x_StdPeriph_Driver/src/stm32f10x_usart.c ****   *   - PE (Parity error), FE (Framing error), NE (Noise error), ORE (OverRun 
 911:stm32f10x_lib/STM32F10x_StdPeriph_Driver/src/stm32f10x_usart.c ****   *     error) and IDLE (Idle line detected) flags are cleared by software 
 912:stm32f10x_lib/STM32F10x_StdPeriph_Driver/src/stm32f10x_usart.c ****   *     sequence: a read operation to USART_SR register (USART_GetFlagStatus()) 
 913:stm32f10x_lib/STM32F10x_StdPeriph_Driver/src/stm32f10x_usart.c ****   *     followed by a read operation to USART_DR register (USART_ReceiveData()).
 914:stm32f10x_lib/STM32F10x_StdPeriph_Driver/src/stm32f10x_usart.c ****   *   - RXNE flag can be also cleared by a read to the USART_DR register 
 915:stm32f10x_lib/STM32F10x_StdPeriph_Driver/src/stm32f10x_usart.c ****   *     (USART_ReceiveData()).
 916:stm32f10x_lib/STM32F10x_StdPeriph_Driver/src/stm32f10x_usart.c ****   *   - TC flag can be also cleared by software sequence: a read operation to 
 917:stm32f10x_lib/STM32F10x_StdPeriph_Driver/src/stm32f10x_usart.c ****   *     USART_SR register (USART_GetFlagStatus()) followed by a write operation
 918:stm32f10x_lib/STM32F10x_StdPeriph_Driver/src/stm32f10x_usart.c ****   *     to USART_DR register (USART_SendData()).
 919:stm32f10x_lib/STM32F10x_StdPeriph_Driver/src/stm32f10x_usart.c ****   *   - TXE flag is cleared only by a write to the USART_DR register 
 920:stm32f10x_lib/STM32F10x_StdPeriph_Driver/src/stm32f10x_usart.c ****   *     (USART_SendData()).
 921:stm32f10x_lib/STM32F10x_StdPeriph_Driver/src/stm32f10x_usart.c ****   * @retval None
 922:stm32f10x_lib/STM32F10x_StdPeriph_Driver/src/stm32f10x_usart.c ****   */
 923:stm32f10x_lib/STM32F10x_StdPeriph_Driver/src/stm32f10x_usart.c **** void USART_ClearFlag(USART_TypeDef* USARTx, uint16_t USART_FLAG)
 924:stm32f10x_lib/STM32F10x_StdPeriph_Driver/src/stm32f10x_usart.c **** {
 1442              		.loc 1 924 1 is_stmt 1 view -0
ARM GAS  /tmp/cc7usaPi.s 			page 44


 1443              		.cfi_startproc
 1444              		@ args = 0, pretend = 0, frame = 0
 1445              		@ frame_needed = 0, uses_anonymous_args = 0
 1446              		@ link register save eliminated.
 925:stm32f10x_lib/STM32F10x_StdPeriph_Driver/src/stm32f10x_usart.c ****   /* Check the parameters */
 926:stm32f10x_lib/STM32F10x_StdPeriph_Driver/src/stm32f10x_usart.c ****   assert_param(IS_USART_ALL_PERIPH(USARTx));
 1447              		.loc 1 926 3 view .LVU402
 927:stm32f10x_lib/STM32F10x_StdPeriph_Driver/src/stm32f10x_usart.c ****   assert_param(IS_USART_CLEAR_FLAG(USART_FLAG));
 1448              		.loc 1 927 3 view .LVU403
 928:stm32f10x_lib/STM32F10x_StdPeriph_Driver/src/stm32f10x_usart.c ****   /* The CTS flag is not available for UART4 and UART5 */
 929:stm32f10x_lib/STM32F10x_StdPeriph_Driver/src/stm32f10x_usart.c ****   if ((USART_FLAG & USART_FLAG_CTS) == USART_FLAG_CTS)
 1449              		.loc 1 929 3 view .LVU404
 930:stm32f10x_lib/STM32F10x_StdPeriph_Driver/src/stm32f10x_usart.c ****   {
 931:stm32f10x_lib/STM32F10x_StdPeriph_Driver/src/stm32f10x_usart.c ****     assert_param(IS_USART_123_PERIPH(USARTx));
 1450              		.loc 1 931 5 view .LVU405
 932:stm32f10x_lib/STM32F10x_StdPeriph_Driver/src/stm32f10x_usart.c ****   } 
 933:stm32f10x_lib/STM32F10x_StdPeriph_Driver/src/stm32f10x_usart.c ****    
 934:stm32f10x_lib/STM32F10x_StdPeriph_Driver/src/stm32f10x_usart.c ****   USARTx->SR = (uint16_t)~USART_FLAG;
 1451              		.loc 1 934 3 view .LVU406
 1452              	@ stm32f10x_lib/STM32F10x_StdPeriph_Driver/src/stm32f10x_usart.c:934:   USARTx->SR = (uint16_t)~USA
 1453              		.loc 1 934 16 is_stmt 0 view .LVU407
 1454 02e2 C943     		mvns	r1, r1	@ _1, USART_FLAG
 1455              	.LVL84:
 1456              	@ stm32f10x_lib/STM32F10x_StdPeriph_Driver/src/stm32f10x_usart.c:934:   USARTx->SR = (uint16_t)~USA
 1457              		.loc 1 934 14 view .LVU408
 1458 02e4 0180     		strh	r1, [r0]	@ movhi	@ _1, USARTx_4(D)->SR
 1459              	@ stm32f10x_lib/STM32F10x_StdPeriph_Driver/src/stm32f10x_usart.c:935: }
 935:stm32f10x_lib/STM32F10x_StdPeriph_Driver/src/stm32f10x_usart.c **** }
 1460              		.loc 1 935 1 view .LVU409
 1461 02e6 7047     		bx	lr	@
 1462              		.cfi_endproc
 1463              	.LFE55:
 1464              		.size	USART_ClearFlag, .-USART_ClearFlag
 1465              		.align	1
 1466              		.global	USART_GetITStatus
 1467              		.syntax unified
 1468              		.thumb
 1469              		.thumb_func
 1470              		.type	USART_GetITStatus, %function
 1471              	USART_GetITStatus:
 1472              	.LVL85:
 1473              	.LFB56:
 936:stm32f10x_lib/STM32F10x_StdPeriph_Driver/src/stm32f10x_usart.c **** 
 937:stm32f10x_lib/STM32F10x_StdPeriph_Driver/src/stm32f10x_usart.c **** /**
 938:stm32f10x_lib/STM32F10x_StdPeriph_Driver/src/stm32f10x_usart.c ****   * @brief  Checks whether the specified USART interrupt has occurred or not.
 939:stm32f10x_lib/STM32F10x_StdPeriph_Driver/src/stm32f10x_usart.c ****   * @param  USARTx: Select the USART or the UART peripheral. 
 940:stm32f10x_lib/STM32F10x_StdPeriph_Driver/src/stm32f10x_usart.c ****   *   This parameter can be one of the following values:
 941:stm32f10x_lib/STM32F10x_StdPeriph_Driver/src/stm32f10x_usart.c ****   *   USART1, USART2, USART3, UART4 or UART5.
 942:stm32f10x_lib/STM32F10x_StdPeriph_Driver/src/stm32f10x_usart.c ****   * @param  USART_IT: specifies the USART interrupt source to check.
 943:stm32f10x_lib/STM32F10x_StdPeriph_Driver/src/stm32f10x_usart.c ****   *   This parameter can be one of the following values:
 944:stm32f10x_lib/STM32F10x_StdPeriph_Driver/src/stm32f10x_usart.c ****   *     @arg USART_IT_CTS:  CTS change interrupt (not available for UART4 and UART5)
 945:stm32f10x_lib/STM32F10x_StdPeriph_Driver/src/stm32f10x_usart.c ****   *     @arg USART_IT_LBD:  LIN Break detection interrupt
 946:stm32f10x_lib/STM32F10x_StdPeriph_Driver/src/stm32f10x_usart.c ****   *     @arg USART_IT_TXE:  Tansmit Data Register empty interrupt
 947:stm32f10x_lib/STM32F10x_StdPeriph_Driver/src/stm32f10x_usart.c ****   *     @arg USART_IT_TC:   Transmission complete interrupt
 948:stm32f10x_lib/STM32F10x_StdPeriph_Driver/src/stm32f10x_usart.c ****   *     @arg USART_IT_RXNE: Receive Data register not empty interrupt
 949:stm32f10x_lib/STM32F10x_StdPeriph_Driver/src/stm32f10x_usart.c ****   *     @arg USART_IT_IDLE: Idle line detection interrupt
 950:stm32f10x_lib/STM32F10x_StdPeriph_Driver/src/stm32f10x_usart.c ****   *     @arg USART_IT_ORE:  OverRun Error interrupt
ARM GAS  /tmp/cc7usaPi.s 			page 45


 951:stm32f10x_lib/STM32F10x_StdPeriph_Driver/src/stm32f10x_usart.c ****   *     @arg USART_IT_NE:   Noise Error interrupt
 952:stm32f10x_lib/STM32F10x_StdPeriph_Driver/src/stm32f10x_usart.c ****   *     @arg USART_IT_FE:   Framing Error interrupt
 953:stm32f10x_lib/STM32F10x_StdPeriph_Driver/src/stm32f10x_usart.c ****   *     @arg USART_IT_PE:   Parity Error interrupt
 954:stm32f10x_lib/STM32F10x_StdPeriph_Driver/src/stm32f10x_usart.c ****   * @retval The new state of USART_IT (SET or RESET).
 955:stm32f10x_lib/STM32F10x_StdPeriph_Driver/src/stm32f10x_usart.c ****   */
 956:stm32f10x_lib/STM32F10x_StdPeriph_Driver/src/stm32f10x_usart.c **** ITStatus USART_GetITStatus(USART_TypeDef* USARTx, uint16_t USART_IT)
 957:stm32f10x_lib/STM32F10x_StdPeriph_Driver/src/stm32f10x_usart.c **** {
 1474              		.loc 1 957 1 is_stmt 1 view -0
 1475              		.cfi_startproc
 1476              		@ args = 0, pretend = 0, frame = 0
 1477              		@ frame_needed = 0, uses_anonymous_args = 0
 958:stm32f10x_lib/STM32F10x_StdPeriph_Driver/src/stm32f10x_usart.c ****   uint32_t bitpos = 0x00, itmask = 0x00, usartreg = 0x00;
 1478              		.loc 1 958 3 view .LVU411
 959:stm32f10x_lib/STM32F10x_StdPeriph_Driver/src/stm32f10x_usart.c ****   ITStatus bitstatus = RESET;
 1479              		.loc 1 959 3 view .LVU412
 960:stm32f10x_lib/STM32F10x_StdPeriph_Driver/src/stm32f10x_usart.c ****   /* Check the parameters */
 961:stm32f10x_lib/STM32F10x_StdPeriph_Driver/src/stm32f10x_usart.c ****   assert_param(IS_USART_ALL_PERIPH(USARTx));
 1480              		.loc 1 961 3 view .LVU413
 962:stm32f10x_lib/STM32F10x_StdPeriph_Driver/src/stm32f10x_usart.c ****   assert_param(IS_USART_GET_IT(USART_IT));
 1481              		.loc 1 962 3 view .LVU414
 963:stm32f10x_lib/STM32F10x_StdPeriph_Driver/src/stm32f10x_usart.c ****   /* The CTS interrupt is not available for UART4 and UART5 */ 
 964:stm32f10x_lib/STM32F10x_StdPeriph_Driver/src/stm32f10x_usart.c ****   if (USART_IT == USART_IT_CTS)
 1482              		.loc 1 964 3 view .LVU415
 965:stm32f10x_lib/STM32F10x_StdPeriph_Driver/src/stm32f10x_usart.c ****   {
 966:stm32f10x_lib/STM32F10x_StdPeriph_Driver/src/stm32f10x_usart.c ****     assert_param(IS_USART_123_PERIPH(USARTx));
 1483              		.loc 1 966 5 view .LVU416
 967:stm32f10x_lib/STM32F10x_StdPeriph_Driver/src/stm32f10x_usart.c ****   }   
 968:stm32f10x_lib/STM32F10x_StdPeriph_Driver/src/stm32f10x_usart.c ****   
 969:stm32f10x_lib/STM32F10x_StdPeriph_Driver/src/stm32f10x_usart.c ****   /* Get the USART register index */
 970:stm32f10x_lib/STM32F10x_StdPeriph_Driver/src/stm32f10x_usart.c ****   usartreg = (((uint8_t)USART_IT) >> 0x05);
 1484              		.loc 1 970 3 view .LVU417
 1485              	@ stm32f10x_lib/STM32F10x_StdPeriph_Driver/src/stm32f10x_usart.c:973:   itmask = (uint32_t)0x01 << 
 971:stm32f10x_lib/STM32F10x_StdPeriph_Driver/src/stm32f10x_usart.c ****   /* Get the interrupt position */
 972:stm32f10x_lib/STM32F10x_StdPeriph_Driver/src/stm32f10x_usart.c ****   itmask = USART_IT & IT_Mask;
 973:stm32f10x_lib/STM32F10x_StdPeriph_Driver/src/stm32f10x_usart.c ****   itmask = (uint32_t)0x01 << itmask;
 1486              		.loc 1 973 10 is_stmt 0 view .LVU418
 1487 02e8 0123     		movs	r3, #1	@ tmp121,
 1488              	@ stm32f10x_lib/STM32F10x_StdPeriph_Driver/src/stm32f10x_usart.c:970:   usartreg = (((uint8_t)USART
 970:stm32f10x_lib/STM32F10x_StdPeriph_Driver/src/stm32f10x_usart.c ****   /* Get the interrupt position */
 1489              		.loc 1 970 35 view .LVU419
 1490 02ea C1F34212 		ubfx	r2, r1, #5, #3	@ _2, USART_IT,,
 1491              	.LVL86:
 972:stm32f10x_lib/STM32F10x_StdPeriph_Driver/src/stm32f10x_usart.c ****   itmask = (uint32_t)0x01 << itmask;
 1492              		.loc 1 972 3 is_stmt 1 view .LVU420
 1493              	@ stm32f10x_lib/STM32F10x_StdPeriph_Driver/src/stm32f10x_usart.c:957: {
 957:stm32f10x_lib/STM32F10x_StdPeriph_Driver/src/stm32f10x_usart.c ****   uint32_t bitpos = 0x00, itmask = 0x00, usartreg = 0x00;
 1494              		.loc 1 957 1 is_stmt 0 view .LVU421
 1495 02ee 10B5     		push	{r4, lr}	@
 1496              	.LCFI10:
 1497              		.cfi_def_cfa_offset 8
 1498              		.cfi_offset 4, -8
 1499              		.cfi_offset 14, -4
 1500              	@ stm32f10x_lib/STM32F10x_StdPeriph_Driver/src/stm32f10x_usart.c:975:   if (usartreg == 0x01) /* Th
 974:stm32f10x_lib/STM32F10x_StdPeriph_Driver/src/stm32f10x_usart.c ****   
 975:stm32f10x_lib/STM32F10x_StdPeriph_Driver/src/stm32f10x_usart.c ****   if (usartreg == 0x01) /* The IT  is in CR1 register */
 1501              		.loc 1 975 6 view .LVU422
 1502 02f0 012A     		cmp	r2, #1	@ _2,
ARM GAS  /tmp/cc7usaPi.s 			page 46


 1503              	@ stm32f10x_lib/STM32F10x_StdPeriph_Driver/src/stm32f10x_usart.c:972:   itmask = USART_IT & IT_Mask
 972:stm32f10x_lib/STM32F10x_StdPeriph_Driver/src/stm32f10x_usart.c ****   itmask = (uint32_t)0x01 << itmask;
 1504              		.loc 1 972 10 view .LVU423
 1505 02f2 01F01F04 		and	r4, r1, #31	@ itmask, USART_IT,
 1506              	.LVL87:
 973:stm32f10x_lib/STM32F10x_StdPeriph_Driver/src/stm32f10x_usart.c ****   
 1507              		.loc 1 973 3 is_stmt 1 view .LVU424
 1508              	@ stm32f10x_lib/STM32F10x_StdPeriph_Driver/src/stm32f10x_usart.c:973:   itmask = (uint32_t)0x01 << 
 973:stm32f10x_lib/STM32F10x_StdPeriph_Driver/src/stm32f10x_usart.c ****   
 1509              		.loc 1 973 10 is_stmt 0 view .LVU425
 1510 02f6 03FA04F3 		lsl	r3, r3, r4	@ itmask, tmp121, itmask
 1511              	.LVL88:
 1512              		.loc 1 975 3 is_stmt 1 view .LVU426
 1513              	@ stm32f10x_lib/STM32F10x_StdPeriph_Driver/src/stm32f10x_usart.c:975:   if (usartreg == 0x01) /* Th
 1514              		.loc 1 975 6 is_stmt 0 view .LVU427
 1515 02fa 0DD1     		bne	.L82		@,
 976:stm32f10x_lib/STM32F10x_StdPeriph_Driver/src/stm32f10x_usart.c ****   {
 977:stm32f10x_lib/STM32F10x_StdPeriph_Driver/src/stm32f10x_usart.c ****     itmask &= USARTx->CR1;
 1516              		.loc 1 977 5 is_stmt 1 view .LVU428
 1517              	@ stm32f10x_lib/STM32F10x_StdPeriph_Driver/src/stm32f10x_usart.c:977:     itmask &= USARTx->CR1;
 1518              		.loc 1 977 21 is_stmt 0 view .LVU429
 1519 02fc 8289     		ldrh	r2, [r0, #12]	@ _19, USARTx_14(D)->CR1
 1520              	.LVL89:
 1521              	.L85:
 1522              	@ stm32f10x_lib/STM32F10x_StdPeriph_Driver/src/stm32f10x_usart.c:985:     itmask &= USARTx->CR3;
 978:stm32f10x_lib/STM32F10x_StdPeriph_Driver/src/stm32f10x_usart.c ****   }
 979:stm32f10x_lib/STM32F10x_StdPeriph_Driver/src/stm32f10x_usart.c ****   else if (usartreg == 0x02) /* The IT  is in CR2 register */
 980:stm32f10x_lib/STM32F10x_StdPeriph_Driver/src/stm32f10x_usart.c ****   {
 981:stm32f10x_lib/STM32F10x_StdPeriph_Driver/src/stm32f10x_usart.c ****     itmask &= USARTx->CR2;
 982:stm32f10x_lib/STM32F10x_StdPeriph_Driver/src/stm32f10x_usart.c ****   }
 983:stm32f10x_lib/STM32F10x_StdPeriph_Driver/src/stm32f10x_usart.c ****   else /* The IT  is in CR3 register */
 984:stm32f10x_lib/STM32F10x_StdPeriph_Driver/src/stm32f10x_usart.c ****   {
 985:stm32f10x_lib/STM32F10x_StdPeriph_Driver/src/stm32f10x_usart.c ****     itmask &= USARTx->CR3;
 1523              		.loc 1 985 12 view .LVU430
 1524 02fe 1340     		ands	r3, r3, r2	@, itmask, itmask, _15
 1525              	.LVL90:
 986:stm32f10x_lib/STM32F10x_StdPeriph_Driver/src/stm32f10x_usart.c ****   }
 987:stm32f10x_lib/STM32F10x_StdPeriph_Driver/src/stm32f10x_usart.c ****   
 988:stm32f10x_lib/STM32F10x_StdPeriph_Driver/src/stm32f10x_usart.c ****   bitpos = USART_IT >> 0x08;
 1526              		.loc 1 988 3 is_stmt 1 view .LVU431
 1527              	@ stm32f10x_lib/STM32F10x_StdPeriph_Driver/src/stm32f10x_usart.c:989:   bitpos = (uint32_t)0x01 << 
 989:stm32f10x_lib/STM32F10x_StdPeriph_Driver/src/stm32f10x_usart.c ****   bitpos = (uint32_t)0x01 << bitpos;
 1528              		.loc 1 989 10 is_stmt 0 view .LVU432
 1529 0300 0122     		movs	r2, #1	@ tmp123,
 1530              	@ stm32f10x_lib/STM32F10x_StdPeriph_Driver/src/stm32f10x_usart.c:990:   bitpos &= USARTx->SR;
 990:stm32f10x_lib/STM32F10x_StdPeriph_Driver/src/stm32f10x_usart.c ****   bitpos &= USARTx->SR;
 1531              		.loc 1 990 19 view .LVU433
 1532 0302 0088     		ldrh	r0, [r0]	@ _23, USARTx_14(D)->SR
 1533              	.LVL91:
 1534              	@ stm32f10x_lib/STM32F10x_StdPeriph_Driver/src/stm32f10x_usart.c:988:   bitpos = USART_IT >> 0x08;
 988:stm32f10x_lib/STM32F10x_StdPeriph_Driver/src/stm32f10x_usart.c ****   bitpos = (uint32_t)0x01 << bitpos;
 1535              		.loc 1 988 10 view .LVU434
 1536 0304 090A     		lsrs	r1, r1, #8	@ bitpos, USART_IT,
 1537              	.LVL92:
 989:stm32f10x_lib/STM32F10x_StdPeriph_Driver/src/stm32f10x_usart.c ****   bitpos = (uint32_t)0x01 << bitpos;
 1538              		.loc 1 989 3 is_stmt 1 view .LVU435
 1539              	@ stm32f10x_lib/STM32F10x_StdPeriph_Driver/src/stm32f10x_usart.c:989:   bitpos = (uint32_t)0x01 << 
ARM GAS  /tmp/cc7usaPi.s 			page 47


 989:stm32f10x_lib/STM32F10x_StdPeriph_Driver/src/stm32f10x_usart.c ****   bitpos = (uint32_t)0x01 << bitpos;
 1540              		.loc 1 989 10 is_stmt 0 view .LVU436
 1541 0306 8A40     		lsls	r2, r2, r1	@ bitpos, tmp123, bitpos
 1542              	.LVL93:
 1543              		.loc 1 990 3 is_stmt 1 view .LVU437
 991:stm32f10x_lib/STM32F10x_StdPeriph_Driver/src/stm32f10x_usart.c ****   if ((itmask != (uint16_t)RESET)&&(bitpos != (uint16_t)RESET))
 1544              		.loc 1 991 3 view .LVU438
 992:stm32f10x_lib/STM32F10x_StdPeriph_Driver/src/stm32f10x_usart.c ****   {
 993:stm32f10x_lib/STM32F10x_StdPeriph_Driver/src/stm32f10x_usart.c ****     bitstatus = SET;
 994:stm32f10x_lib/STM32F10x_StdPeriph_Driver/src/stm32f10x_usart.c ****   }
 995:stm32f10x_lib/STM32F10x_StdPeriph_Driver/src/stm32f10x_usart.c ****   else
 996:stm32f10x_lib/STM32F10x_StdPeriph_Driver/src/stm32f10x_usart.c ****   {
 997:stm32f10x_lib/STM32F10x_StdPeriph_Driver/src/stm32f10x_usart.c ****     bitstatus = RESET;
 998:stm32f10x_lib/STM32F10x_StdPeriph_Driver/src/stm32f10x_usart.c ****   }
 999:stm32f10x_lib/STM32F10x_StdPeriph_Driver/src/stm32f10x_usart.c ****   
1000:stm32f10x_lib/STM32F10x_StdPeriph_Driver/src/stm32f10x_usart.c ****   return bitstatus;  
 1545              		.loc 1 1000 3 view .LVU439
 1546              	@ stm32f10x_lib/STM32F10x_StdPeriph_Driver/src/stm32f10x_usart.c:991:   if ((itmask != (uint16_t)RE
 991:stm32f10x_lib/STM32F10x_StdPeriph_Driver/src/stm32f10x_usart.c ****   if ((itmask != (uint16_t)RESET)&&(bitpos != (uint16_t)RESET))
 1547              		.loc 1 991 34 is_stmt 0 discriminator 1 view .LVU440
 1548 0308 1040     		ands	r0, r0, r2	@, tmp127, _23, bitpos
 1549              	.LVL94:
 1550              	@ stm32f10x_lib/STM32F10x_StdPeriph_Driver/src/stm32f10x_usart.c:1001: }
1001:stm32f10x_lib/STM32F10x_StdPeriph_Driver/src/stm32f10x_usart.c **** }
 1551              		.loc 1 1001 1 view .LVU441
 1552 030a 002B     		cmp	r3, #0	@ itmask,
 1553 030c 18BF     		it	ne		@
 1554 030e 0028     		cmpne	r0, #0	@, tmp127,
 1555 0310 14BF     		ite	ne
 1556 0312 0120     		movne	r0, #1	@,
 1557 0314 0020     		moveq	r0, #0	@,
 1558 0316 10BD     		pop	{r4, pc}	@
 1559              	.LVL95:
 1560              	.L82:
 979:stm32f10x_lib/STM32F10x_StdPeriph_Driver/src/stm32f10x_usart.c ****   {
 1561              		.loc 1 979 8 is_stmt 1 view .LVU442
 1562              	@ stm32f10x_lib/STM32F10x_StdPeriph_Driver/src/stm32f10x_usart.c:979:   else if (usartreg == 0x02) 
 979:stm32f10x_lib/STM32F10x_StdPeriph_Driver/src/stm32f10x_usart.c ****   {
 1563              		.loc 1 979 11 is_stmt 0 view .LVU443
 1564 0318 022A     		cmp	r2, #2	@ _2,
 981:stm32f10x_lib/STM32F10x_StdPeriph_Driver/src/stm32f10x_usart.c ****   }
 1565              		.loc 1 981 5 is_stmt 1 view .LVU444
 1566              	@ stm32f10x_lib/STM32F10x_StdPeriph_Driver/src/stm32f10x_usart.c:981:     itmask &= USARTx->CR2;
 981:stm32f10x_lib/STM32F10x_StdPeriph_Driver/src/stm32f10x_usart.c ****   }
 1567              		.loc 1 981 21 is_stmt 0 view .LVU445
 1568 031a 0CBF     		ite	eq
 1569 031c 028A     		ldrheq	r2, [r0, #16]	@ _17, USARTx_14(D)->CR2
 1570              	.LVL96:
 985:stm32f10x_lib/STM32F10x_StdPeriph_Driver/src/stm32f10x_usart.c ****   }
 1571              		.loc 1 985 5 is_stmt 1 view .LVU446
 1572              	@ stm32f10x_lib/STM32F10x_StdPeriph_Driver/src/stm32f10x_usart.c:985:     itmask &= USARTx->CR3;
 985:stm32f10x_lib/STM32F10x_StdPeriph_Driver/src/stm32f10x_usart.c ****   }
 1573              		.loc 1 985 21 is_stmt 0 view .LVU447
 1574 031e 828A     		ldrhne	r2, [r0, #20]	@ _15, USARTx_14(D)->CR3
 1575 0320 EDE7     		b	.L85		@
 1576              		.cfi_endproc
 1577              	.LFE56:
ARM GAS  /tmp/cc7usaPi.s 			page 48


 1578              		.size	USART_GetITStatus, .-USART_GetITStatus
 1579              		.align	1
 1580              		.global	USART_ClearITPendingBit
 1581              		.syntax unified
 1582              		.thumb
 1583              		.thumb_func
 1584              		.type	USART_ClearITPendingBit, %function
 1585              	USART_ClearITPendingBit:
 1586              	.LVL97:
 1587              	.LFB57:
1002:stm32f10x_lib/STM32F10x_StdPeriph_Driver/src/stm32f10x_usart.c **** 
1003:stm32f10x_lib/STM32F10x_StdPeriph_Driver/src/stm32f10x_usart.c **** /**
1004:stm32f10x_lib/STM32F10x_StdPeriph_Driver/src/stm32f10x_usart.c ****   * @brief  Clears the USARTx's interrupt pending bits.
1005:stm32f10x_lib/STM32F10x_StdPeriph_Driver/src/stm32f10x_usart.c ****   * @param  USARTx: Select the USART or the UART peripheral. 
1006:stm32f10x_lib/STM32F10x_StdPeriph_Driver/src/stm32f10x_usart.c ****   *   This parameter can be one of the following values:
1007:stm32f10x_lib/STM32F10x_StdPeriph_Driver/src/stm32f10x_usart.c ****   *   USART1, USART2, USART3, UART4 or UART5.
1008:stm32f10x_lib/STM32F10x_StdPeriph_Driver/src/stm32f10x_usart.c ****   * @param  USART_IT: specifies the interrupt pending bit to clear.
1009:stm32f10x_lib/STM32F10x_StdPeriph_Driver/src/stm32f10x_usart.c ****   *   This parameter can be one of the following values:
1010:stm32f10x_lib/STM32F10x_StdPeriph_Driver/src/stm32f10x_usart.c ****   *     @arg USART_IT_CTS:  CTS change interrupt (not available for UART4 and UART5)
1011:stm32f10x_lib/STM32F10x_StdPeriph_Driver/src/stm32f10x_usart.c ****   *     @arg USART_IT_LBD:  LIN Break detection interrupt
1012:stm32f10x_lib/STM32F10x_StdPeriph_Driver/src/stm32f10x_usart.c ****   *     @arg USART_IT_TC:   Transmission complete interrupt. 
1013:stm32f10x_lib/STM32F10x_StdPeriph_Driver/src/stm32f10x_usart.c ****   *     @arg USART_IT_RXNE: Receive Data register not empty interrupt.
1014:stm32f10x_lib/STM32F10x_StdPeriph_Driver/src/stm32f10x_usart.c ****   *   
1015:stm32f10x_lib/STM32F10x_StdPeriph_Driver/src/stm32f10x_usart.c ****   * @note
1016:stm32f10x_lib/STM32F10x_StdPeriph_Driver/src/stm32f10x_usart.c ****   *   - PE (Parity error), FE (Framing error), NE (Noise error), ORE (OverRun 
1017:stm32f10x_lib/STM32F10x_StdPeriph_Driver/src/stm32f10x_usart.c ****   *     error) and IDLE (Idle line detected) pending bits are cleared by 
1018:stm32f10x_lib/STM32F10x_StdPeriph_Driver/src/stm32f10x_usart.c ****   *     software sequence: a read operation to USART_SR register 
1019:stm32f10x_lib/STM32F10x_StdPeriph_Driver/src/stm32f10x_usart.c ****   *     (USART_GetITStatus()) followed by a read operation to USART_DR register 
1020:stm32f10x_lib/STM32F10x_StdPeriph_Driver/src/stm32f10x_usart.c ****   *     (USART_ReceiveData()).
1021:stm32f10x_lib/STM32F10x_StdPeriph_Driver/src/stm32f10x_usart.c ****   *   - RXNE pending bit can be also cleared by a read to the USART_DR register 
1022:stm32f10x_lib/STM32F10x_StdPeriph_Driver/src/stm32f10x_usart.c ****   *     (USART_ReceiveData()).
1023:stm32f10x_lib/STM32F10x_StdPeriph_Driver/src/stm32f10x_usart.c ****   *   - TC pending bit can be also cleared by software sequence: a read 
1024:stm32f10x_lib/STM32F10x_StdPeriph_Driver/src/stm32f10x_usart.c ****   *     operation to USART_SR register (USART_GetITStatus()) followed by a write 
1025:stm32f10x_lib/STM32F10x_StdPeriph_Driver/src/stm32f10x_usart.c ****   *     operation to USART_DR register (USART_SendData()).
1026:stm32f10x_lib/STM32F10x_StdPeriph_Driver/src/stm32f10x_usart.c ****   *   - TXE pending bit is cleared only by a write to the USART_DR register 
1027:stm32f10x_lib/STM32F10x_StdPeriph_Driver/src/stm32f10x_usart.c ****   *     (USART_SendData()).
1028:stm32f10x_lib/STM32F10x_StdPeriph_Driver/src/stm32f10x_usart.c ****   * @retval None
1029:stm32f10x_lib/STM32F10x_StdPeriph_Driver/src/stm32f10x_usart.c ****   */
1030:stm32f10x_lib/STM32F10x_StdPeriph_Driver/src/stm32f10x_usart.c **** void USART_ClearITPendingBit(USART_TypeDef* USARTx, uint16_t USART_IT)
1031:stm32f10x_lib/STM32F10x_StdPeriph_Driver/src/stm32f10x_usart.c **** {
 1588              		.loc 1 1031 1 is_stmt 1 view -0
 1589              		.cfi_startproc
 1590              		@ args = 0, pretend = 0, frame = 0
 1591              		@ frame_needed = 0, uses_anonymous_args = 0
 1592              		@ link register save eliminated.
1032:stm32f10x_lib/STM32F10x_StdPeriph_Driver/src/stm32f10x_usart.c ****   uint16_t bitpos = 0x00, itmask = 0x00;
 1593              		.loc 1 1032 3 view .LVU449
1033:stm32f10x_lib/STM32F10x_StdPeriph_Driver/src/stm32f10x_usart.c ****   /* Check the parameters */
1034:stm32f10x_lib/STM32F10x_StdPeriph_Driver/src/stm32f10x_usart.c ****   assert_param(IS_USART_ALL_PERIPH(USARTx));
 1594              		.loc 1 1034 3 view .LVU450
1035:stm32f10x_lib/STM32F10x_StdPeriph_Driver/src/stm32f10x_usart.c ****   assert_param(IS_USART_CLEAR_IT(USART_IT));
 1595              		.loc 1 1035 3 view .LVU451
1036:stm32f10x_lib/STM32F10x_StdPeriph_Driver/src/stm32f10x_usart.c ****   /* The CTS interrupt is not available for UART4 and UART5 */
1037:stm32f10x_lib/STM32F10x_StdPeriph_Driver/src/stm32f10x_usart.c ****   if (USART_IT == USART_IT_CTS)
 1596              		.loc 1 1037 3 view .LVU452
1038:stm32f10x_lib/STM32F10x_StdPeriph_Driver/src/stm32f10x_usart.c ****   {
1039:stm32f10x_lib/STM32F10x_StdPeriph_Driver/src/stm32f10x_usart.c ****     assert_param(IS_USART_123_PERIPH(USARTx));
ARM GAS  /tmp/cc7usaPi.s 			page 49


 1597              		.loc 1 1039 5 view .LVU453
1040:stm32f10x_lib/STM32F10x_StdPeriph_Driver/src/stm32f10x_usart.c ****   }   
1041:stm32f10x_lib/STM32F10x_StdPeriph_Driver/src/stm32f10x_usart.c ****   
1042:stm32f10x_lib/STM32F10x_StdPeriph_Driver/src/stm32f10x_usart.c ****   bitpos = USART_IT >> 0x08;
 1598              		.loc 1 1042 3 view .LVU454
1043:stm32f10x_lib/STM32F10x_StdPeriph_Driver/src/stm32f10x_usart.c ****   itmask = ((uint16_t)0x01 << (uint16_t)bitpos);
 1599              		.loc 1 1043 3 view .LVU455
1044:stm32f10x_lib/STM32F10x_StdPeriph_Driver/src/stm32f10x_usart.c ****   USARTx->SR = (uint16_t)~itmask;
 1600              		.loc 1 1044 3 view .LVU456
 1601              	@ stm32f10x_lib/STM32F10x_StdPeriph_Driver/src/stm32f10x_usart.c:1043:   itmask = ((uint16_t)0x01 <
1043:stm32f10x_lib/STM32F10x_StdPeriph_Driver/src/stm32f10x_usart.c ****   itmask = ((uint16_t)0x01 << (uint16_t)bitpos);
 1602              		.loc 1 1043 28 is_stmt 0 view .LVU457
 1603 0322 0123     		movs	r3, #1	@ tmp105,
 1604              	@ stm32f10x_lib/STM32F10x_StdPeriph_Driver/src/stm32f10x_usart.c:1043:   itmask = ((uint16_t)0x01 <
1043:stm32f10x_lib/STM32F10x_StdPeriph_Driver/src/stm32f10x_usart.c ****   itmask = ((uint16_t)0x01 << (uint16_t)bitpos);
 1605              		.loc 1 1043 31 view .LVU458
 1606 0324 090A     		lsrs	r1, r1, #8	@ _1, USART_IT,
 1607              	.LVL98:
 1608              	@ stm32f10x_lib/STM32F10x_StdPeriph_Driver/src/stm32f10x_usart.c:1043:   itmask = ((uint16_t)0x01 <
1043:stm32f10x_lib/STM32F10x_StdPeriph_Driver/src/stm32f10x_usart.c ****   itmask = ((uint16_t)0x01 << (uint16_t)bitpos);
 1609              		.loc 1 1043 28 view .LVU459
 1610 0326 8B40     		lsls	r3, r3, r1	@ _2, tmp105, _1
 1611              	@ stm32f10x_lib/STM32F10x_StdPeriph_Driver/src/stm32f10x_usart.c:1044:   USARTx->SR = (uint16_t)~it
 1612              		.loc 1 1044 16 view .LVU460
 1613 0328 DB43     		mvns	r3, r3	@ _3, _2
 1614              	@ stm32f10x_lib/STM32F10x_StdPeriph_Driver/src/stm32f10x_usart.c:1044:   USARTx->SR = (uint16_t)~it
 1615              		.loc 1 1044 14 view .LVU461
 1616 032a 0380     		strh	r3, [r0]	@ movhi	@ _3, USARTx_8(D)->SR
 1617              	@ stm32f10x_lib/STM32F10x_StdPeriph_Driver/src/stm32f10x_usart.c:1045: }
1045:stm32f10x_lib/STM32F10x_StdPeriph_Driver/src/stm32f10x_usart.c **** }
 1618              		.loc 1 1045 1 view .LVU462
 1619 032c 7047     		bx	lr	@
 1620              		.cfi_endproc
 1621              	.LFE57:
 1622              		.size	USART_ClearITPendingBit, .-USART_ClearITPendingBit
 1623              	.Letext0:
 1624              		.file 2 "/usr/arm-none-eabi/include/machine/_default_types.h"
 1625              		.file 3 "/usr/arm-none-eabi/include/sys/_stdint.h"
 1626              		.file 4 "./stm32f10x_lib/CMSIS/CM3/DeviceSupport/ST/STM32F10x/stm32f10x.h"
 1627              		.file 5 "./stm32f10x_lib/STM32F10x_StdPeriph_Driver/inc/stm32f10x_rcc.h"
 1628              		.file 6 "./stm32f10x_lib/STM32F10x_StdPeriph_Driver/inc/stm32f10x_usart.h"
 1629 032e 00BF     		.section	.debug_info,"",%progbits
 1630              	.Ldebug_info0:
 1631 0000 8D0C0000 		.4byte	0xc8d
 1632 0004 0200     		.2byte	0x2
 1633 0006 00000000 		.4byte	.Ldebug_abbrev0
 1634 000a 04       		.byte	0x4
 1635 000b 01       		.uleb128 0x1
 1636 000c 45060000 		.4byte	.LASF103
 1637 0010 0C       		.byte	0xc
 1638 0011 72000000 		.4byte	.LASF104
 1639 0015 AE010000 		.4byte	.LASF105
 1640 0019 00000000 		.4byte	.Ltext0
 1641 001d 2E030000 		.4byte	.Letext0
 1642 0021 00000000 		.4byte	.Ldebug_line0
 1643 0025 02       		.uleb128 0x2
 1644 0026 08       		.byte	0x8
ARM GAS  /tmp/cc7usaPi.s 			page 50


 1645 0027 07       		.byte	0x7
 1646 0028 47030000 		.4byte	.LASF0
 1647 002c 02       		.uleb128 0x2
 1648 002d 04       		.byte	0x4
 1649 002e 07       		.byte	0x7
 1650 002f 82030000 		.4byte	.LASF1
 1651 0033 02       		.uleb128 0x2
 1652 0034 02       		.byte	0x2
 1653 0035 07       		.byte	0x7
 1654 0036 7C040000 		.4byte	.LASF2
 1655 003a 02       		.uleb128 0x2
 1656 003b 01       		.byte	0x1
 1657 003c 08       		.byte	0x8
 1658 003d 0D030000 		.4byte	.LASF3
 1659 0041 02       		.uleb128 0x2
 1660 0042 01       		.byte	0x1
 1661 0043 06       		.byte	0x6
 1662 0044 E5010000 		.4byte	.LASF4
 1663 0048 03       		.uleb128 0x3
 1664 0049 A6020000 		.4byte	.LASF6
 1665 004d 02       		.byte	0x2
 1666 004e 2B       		.byte	0x2b
 1667 004f 18       		.byte	0x18
 1668 0050 3A000000 		.4byte	0x3a
 1669 0054 02       		.uleb128 0x2
 1670 0055 02       		.byte	0x2
 1671 0056 05       		.byte	0x5
 1672 0057 2F010000 		.4byte	.LASF5
 1673 005b 03       		.uleb128 0x3
 1674 005c 07010000 		.4byte	.LASF7
 1675 0060 02       		.byte	0x2
 1676 0061 39       		.byte	0x39
 1677 0062 19       		.byte	0x19
 1678 0063 33000000 		.4byte	0x33
 1679 0067 02       		.uleb128 0x2
 1680 0068 04       		.byte	0x4
 1681 0069 05       		.byte	0x5
 1682 006a 54020000 		.4byte	.LASF8
 1683 006e 03       		.uleb128 0x3
 1684 006f 6E050000 		.4byte	.LASF9
 1685 0073 02       		.byte	0x2
 1686 0074 4F       		.byte	0x4f
 1687 0075 19       		.byte	0x19
 1688 0076 7A000000 		.4byte	0x7a
 1689 007a 02       		.uleb128 0x2
 1690 007b 04       		.byte	0x4
 1691 007c 07       		.byte	0x7
 1692 007d 98030000 		.4byte	.LASF10
 1693 0081 02       		.uleb128 0x2
 1694 0082 08       		.byte	0x8
 1695 0083 05       		.byte	0x5
 1696 0084 26020000 		.4byte	.LASF11
 1697 0088 04       		.uleb128 0x4
 1698 0089 04       		.byte	0x4
 1699 008a 05       		.byte	0x5
 1700 008b 696E7400 		.ascii	"int\000"
 1701 008f 03       		.uleb128 0x3
ARM GAS  /tmp/cc7usaPi.s 			page 51


 1702 0090 69010000 		.4byte	.LASF12
 1703 0094 03       		.byte	0x3
 1704 0095 18       		.byte	0x18
 1705 0096 13       		.byte	0x13
 1706 0097 48000000 		.4byte	0x48
 1707 009b 03       		.uleb128 0x3
 1708 009c 8F030000 		.4byte	.LASF13
 1709 00a0 03       		.byte	0x3
 1710 00a1 24       		.byte	0x24
 1711 00a2 14       		.byte	0x14
 1712 00a3 5B000000 		.4byte	0x5b
 1713 00a7 05       		.uleb128 0x5
 1714 00a8 9B000000 		.4byte	0x9b
 1715 00ac 03       		.uleb128 0x3
 1716 00ad 0F000000 		.4byte	.LASF14
 1717 00b1 03       		.byte	0x3
 1718 00b2 30       		.byte	0x30
 1719 00b3 14       		.byte	0x14
 1720 00b4 6E000000 		.4byte	0x6e
 1721 00b8 06       		.uleb128 0x6
 1722 00b9 75313600 		.ascii	"u16\000"
 1723 00bd 04       		.byte	0x4
 1724 00be F801     		.2byte	0x1f8
 1725 00c0 12       		.byte	0x12
 1726 00c1 9B000000 		.4byte	0x9b
 1727 00c5 07       		.uleb128 0x7
 1728 00c6 07       		.byte	0x7
 1729 00c7 01       		.byte	0x1
 1730 00c8 3A000000 		.4byte	0x3a
 1731 00cc 04       		.byte	0x4
 1732 00cd 0702     		.2byte	0x207
 1733 00cf 0E       		.byte	0xe
 1734 00d0 E1000000 		.4byte	0xe1
 1735 00d4 08       		.uleb128 0x8
 1736 00d5 BF040000 		.4byte	.LASF15
 1737 00d9 00       		.byte	0
 1738 00da 09       		.uleb128 0x9
 1739 00db 53455400 		.ascii	"SET\000"
 1740 00df 01       		.byte	0x1
 1741 00e0 00       		.byte	0
 1742 00e1 0A       		.uleb128 0xa
 1743 00e2 FC000000 		.4byte	.LASF16
 1744 00e6 04       		.byte	0x4
 1745 00e7 0702     		.2byte	0x207
 1746 00e9 28       		.byte	0x28
 1747 00ea C5000000 		.4byte	0xc5
 1748 00ee 0A       		.uleb128 0xa
 1749 00ef 4B020000 		.4byte	.LASF17
 1750 00f3 04       		.byte	0x4
 1751 00f4 0702     		.2byte	0x207
 1752 00f6 34       		.byte	0x34
 1753 00f7 C5000000 		.4byte	0xc5
 1754 00fb 07       		.uleb128 0x7
 1755 00fc 07       		.byte	0x7
 1756 00fd 01       		.byte	0x1
 1757 00fe 3A000000 		.4byte	0x3a
 1758 0102 04       		.byte	0x4
ARM GAS  /tmp/cc7usaPi.s 			page 52


 1759 0103 0902     		.2byte	0x209
 1760 0105 0E       		.byte	0xe
 1761 0106 17010000 		.4byte	0x117
 1762 010a 08       		.uleb128 0x8
 1763 010b 23000000 		.4byte	.LASF18
 1764 010f 00       		.byte	0
 1765 0110 08       		.uleb128 0x8
 1766 0111 CD060000 		.4byte	.LASF19
 1767 0115 01       		.byte	0x1
 1768 0116 00       		.byte	0
 1769 0117 0A       		.uleb128 0xa
 1770 0118 47050000 		.4byte	.LASF20
 1771 011c 04       		.byte	0x4
 1772 011d 0902     		.2byte	0x209
 1773 011f 2F       		.byte	0x2f
 1774 0120 FB000000 		.4byte	0xfb
 1775 0124 0B       		.uleb128 0xb
 1776 0125 1C       		.byte	0x1c
 1777 0126 04       		.byte	0x4
 1778 0127 D204     		.2byte	0x4d2
 1779 0129 09       		.byte	0x9
 1780 012a 0D020000 		.4byte	0x20d
 1781 012e 0C       		.uleb128 0xc
 1782 012f 535200   		.ascii	"SR\000"
 1783 0132 04       		.byte	0x4
 1784 0133 D404     		.2byte	0x4d4
 1785 0135 11       		.byte	0x11
 1786 0136 A7000000 		.4byte	0xa7
 1787 013a 02       		.byte	0x2
 1788 013b 23       		.byte	0x23
 1789 013c 00       		.uleb128 0
 1790 013d 0D       		.uleb128 0xd
 1791 013e E1040000 		.4byte	.LASF21
 1792 0142 04       		.byte	0x4
 1793 0143 D504     		.2byte	0x4d5
 1794 0145 0D       		.byte	0xd
 1795 0146 9B000000 		.4byte	0x9b
 1796 014a 02       		.byte	0x2
 1797 014b 23       		.byte	0x23
 1798 014c 02       		.uleb128 0x2
 1799 014d 0C       		.uleb128 0xc
 1800 014e 445200   		.ascii	"DR\000"
 1801 0151 04       		.byte	0x4
 1802 0152 D604     		.2byte	0x4d6
 1803 0154 11       		.byte	0x11
 1804 0155 A7000000 		.4byte	0xa7
 1805 0159 02       		.byte	0x2
 1806 015a 23       		.byte	0x23
 1807 015b 04       		.uleb128 0x4
 1808 015c 0D       		.uleb128 0xd
 1809 015d EB040000 		.4byte	.LASF22
 1810 0161 04       		.byte	0x4
 1811 0162 D704     		.2byte	0x4d7
 1812 0164 0D       		.byte	0xd
 1813 0165 9B000000 		.4byte	0x9b
 1814 0169 02       		.byte	0x2
 1815 016a 23       		.byte	0x23
ARM GAS  /tmp/cc7usaPi.s 			page 53


 1816 016b 06       		.uleb128 0x6
 1817 016c 0C       		.uleb128 0xc
 1818 016d 42525200 		.ascii	"BRR\000"
 1819 0171 04       		.byte	0x4
 1820 0172 D804     		.2byte	0x4d8
 1821 0174 11       		.byte	0x11
 1822 0175 A7000000 		.4byte	0xa7
 1823 0179 02       		.byte	0x2
 1824 017a 23       		.byte	0x23
 1825 017b 08       		.uleb128 0x8
 1826 017c 0D       		.uleb128 0xd
 1827 017d F5040000 		.4byte	.LASF23
 1828 0181 04       		.byte	0x4
 1829 0182 D904     		.2byte	0x4d9
 1830 0184 0D       		.byte	0xd
 1831 0185 9B000000 		.4byte	0x9b
 1832 0189 02       		.byte	0x2
 1833 018a 23       		.byte	0x23
 1834 018b 0A       		.uleb128 0xa
 1835 018c 0C       		.uleb128 0xc
 1836 018d 43523100 		.ascii	"CR1\000"
 1837 0191 04       		.byte	0x4
 1838 0192 DA04     		.2byte	0x4da
 1839 0194 11       		.byte	0x11
 1840 0195 A7000000 		.4byte	0xa7
 1841 0199 02       		.byte	0x2
 1842 019a 23       		.byte	0x23
 1843 019b 0C       		.uleb128 0xc
 1844 019c 0D       		.uleb128 0xd
 1845 019d FF040000 		.4byte	.LASF24
 1846 01a1 04       		.byte	0x4
 1847 01a2 DB04     		.2byte	0x4db
 1848 01a4 0D       		.byte	0xd
 1849 01a5 9B000000 		.4byte	0x9b
 1850 01a9 02       		.byte	0x2
 1851 01aa 23       		.byte	0x23
 1852 01ab 0E       		.uleb128 0xe
 1853 01ac 0C       		.uleb128 0xc
 1854 01ad 43523200 		.ascii	"CR2\000"
 1855 01b1 04       		.byte	0x4
 1856 01b2 DC04     		.2byte	0x4dc
 1857 01b4 11       		.byte	0x11
 1858 01b5 A7000000 		.4byte	0xa7
 1859 01b9 02       		.byte	0x2
 1860 01ba 23       		.byte	0x23
 1861 01bb 10       		.uleb128 0x10
 1862 01bc 0D       		.uleb128 0xd
 1863 01bd 09050000 		.4byte	.LASF25
 1864 01c1 04       		.byte	0x4
 1865 01c2 DD04     		.2byte	0x4dd
 1866 01c4 0D       		.byte	0xd
 1867 01c5 9B000000 		.4byte	0x9b
 1868 01c9 02       		.byte	0x2
 1869 01ca 23       		.byte	0x23
 1870 01cb 12       		.uleb128 0x12
 1871 01cc 0C       		.uleb128 0xc
 1872 01cd 43523300 		.ascii	"CR3\000"
ARM GAS  /tmp/cc7usaPi.s 			page 54


 1873 01d1 04       		.byte	0x4
 1874 01d2 DE04     		.2byte	0x4de
 1875 01d4 11       		.byte	0x11
 1876 01d5 A7000000 		.4byte	0xa7
 1877 01d9 02       		.byte	0x2
 1878 01da 23       		.byte	0x23
 1879 01db 14       		.uleb128 0x14
 1880 01dc 0D       		.uleb128 0xd
 1881 01dd 13050000 		.4byte	.LASF26
 1882 01e1 04       		.byte	0x4
 1883 01e2 DF04     		.2byte	0x4df
 1884 01e4 0D       		.byte	0xd
 1885 01e5 9B000000 		.4byte	0x9b
 1886 01e9 02       		.byte	0x2
 1887 01ea 23       		.byte	0x23
 1888 01eb 16       		.uleb128 0x16
 1889 01ec 0D       		.uleb128 0xd
 1890 01ed 2B000000 		.4byte	.LASF27
 1891 01f1 04       		.byte	0x4
 1892 01f2 E004     		.2byte	0x4e0
 1893 01f4 11       		.byte	0x11
 1894 01f5 A7000000 		.4byte	0xa7
 1895 01f9 02       		.byte	0x2
 1896 01fa 23       		.byte	0x23
 1897 01fb 18       		.uleb128 0x18
 1898 01fc 0D       		.uleb128 0xd
 1899 01fd 1D050000 		.4byte	.LASF28
 1900 0201 04       		.byte	0x4
 1901 0202 E104     		.2byte	0x4e1
 1902 0204 0D       		.byte	0xd
 1903 0205 9B000000 		.4byte	0x9b
 1904 0209 02       		.byte	0x2
 1905 020a 23       		.byte	0x23
 1906 020b 1A       		.uleb128 0x1a
 1907 020c 00       		.byte	0
 1908 020d 0A       		.uleb128 0xa
 1909 020e 12010000 		.4byte	.LASF29
 1910 0212 04       		.byte	0x4
 1911 0213 E204     		.2byte	0x4e2
 1912 0215 03       		.byte	0x3
 1913 0216 24010000 		.4byte	0x124
 1914 021a 0E       		.uleb128 0xe
 1915 021b 14       		.byte	0x14
 1916 021c 05       		.byte	0x5
 1917 021d 2E       		.byte	0x2e
 1918 021e 09       		.byte	0x9
 1919 021f 6F020000 		.4byte	0x26f
 1920 0223 0F       		.uleb128 0xf
 1921 0224 4E000000 		.4byte	.LASF30
 1922 0228 05       		.byte	0x5
 1923 0229 30       		.byte	0x30
 1924 022a 0C       		.byte	0xc
 1925 022b AC000000 		.4byte	0xac
 1926 022f 02       		.byte	0x2
 1927 0230 23       		.byte	0x23
 1928 0231 00       		.uleb128 0
 1929 0232 0F       		.uleb128 0xf
ARM GAS  /tmp/cc7usaPi.s 			page 55


 1930 0233 BC000000 		.4byte	.LASF31
 1931 0237 05       		.byte	0x5
 1932 0238 31       		.byte	0x31
 1933 0239 0C       		.byte	0xc
 1934 023a AC000000 		.4byte	0xac
 1935 023e 02       		.byte	0x2
 1936 023f 23       		.byte	0x23
 1937 0240 04       		.uleb128 0x4
 1938 0241 0F       		.uleb128 0xf
 1939 0242 79050000 		.4byte	.LASF32
 1940 0246 05       		.byte	0x5
 1941 0247 32       		.byte	0x32
 1942 0248 0C       		.byte	0xc
 1943 0249 AC000000 		.4byte	0xac
 1944 024d 02       		.byte	0x2
 1945 024e 23       		.byte	0x23
 1946 024f 08       		.uleb128 0x8
 1947 0250 0F       		.uleb128 0xf
 1948 0251 C5040000 		.4byte	.LASF33
 1949 0255 05       		.byte	0x5
 1950 0256 33       		.byte	0x33
 1951 0257 0C       		.byte	0xc
 1952 0258 AC000000 		.4byte	0xac
 1953 025c 02       		.byte	0x2
 1954 025d 23       		.byte	0x23
 1955 025e 0C       		.uleb128 0xc
 1956 025f 0F       		.uleb128 0xf
 1957 0260 5E030000 		.4byte	.LASF34
 1958 0264 05       		.byte	0x5
 1959 0265 34       		.byte	0x34
 1960 0266 0C       		.byte	0xc
 1961 0267 AC000000 		.4byte	0xac
 1962 026b 02       		.byte	0x2
 1963 026c 23       		.byte	0x23
 1964 026d 10       		.uleb128 0x10
 1965 026e 00       		.byte	0
 1966 026f 03       		.uleb128 0x3
 1967 0270 F2030000 		.4byte	.LASF35
 1968 0274 05       		.byte	0x5
 1969 0275 35       		.byte	0x35
 1970 0276 02       		.byte	0x2
 1971 0277 1A020000 		.4byte	0x21a
 1972 027b 0E       		.uleb128 0xe
 1973 027c 10       		.byte	0x10
 1974 027d 06       		.byte	0x6
 1975 027e 32       		.byte	0x32
 1976 027f 09       		.byte	0x9
 1977 0280 DF020000 		.4byte	0x2df
 1978 0284 0F       		.uleb128 0xf
 1979 0285 FF010000 		.4byte	.LASF36
 1980 0289 06       		.byte	0x6
 1981 028a 34       		.byte	0x34
 1982 028b 0C       		.byte	0xc
 1983 028c AC000000 		.4byte	0xac
 1984 0290 02       		.byte	0x2
 1985 0291 23       		.byte	0x23
 1986 0292 00       		.uleb128 0
ARM GAS  /tmp/cc7usaPi.s 			page 56


 1987 0293 0F       		.uleb128 0xf
 1988 0294 87010000 		.4byte	.LASF37
 1989 0298 06       		.byte	0x6
 1990 0299 39       		.byte	0x39
 1991 029a 0C       		.byte	0xc
 1992 029b 9B000000 		.4byte	0x9b
 1993 029f 02       		.byte	0x2
 1994 02a0 23       		.byte	0x23
 1995 02a1 04       		.uleb128 0x4
 1996 02a2 0F       		.uleb128 0xf
 1997 02a3 20010000 		.4byte	.LASF38
 1998 02a7 06       		.byte	0x6
 1999 02a8 3C       		.byte	0x3c
 2000 02a9 0C       		.byte	0xc
 2001 02aa 9B000000 		.4byte	0x9b
 2002 02ae 02       		.byte	0x2
 2003 02af 23       		.byte	0x23
 2004 02b0 06       		.uleb128 0x6
 2005 02b1 0F       		.uleb128 0xf
 2006 02b2 EA020000 		.4byte	.LASF39
 2007 02b6 06       		.byte	0x6
 2008 02b7 3F       		.byte	0x3f
 2009 02b8 0C       		.byte	0xc
 2010 02b9 9B000000 		.4byte	0x9b
 2011 02bd 02       		.byte	0x2
 2012 02be 23       		.byte	0x23
 2013 02bf 08       		.uleb128 0x8
 2014 02c0 0F       		.uleb128 0xf
 2015 02c1 45040000 		.4byte	.LASF40
 2016 02c5 06       		.byte	0x6
 2017 02c6 46       		.byte	0x46
 2018 02c7 0C       		.byte	0xc
 2019 02c8 9B000000 		.4byte	0x9b
 2020 02cc 02       		.byte	0x2
 2021 02cd 23       		.byte	0x23
 2022 02ce 0A       		.uleb128 0xa
 2023 02cf 0F       		.uleb128 0xf
 2024 02d0 18040000 		.4byte	.LASF41
 2025 02d4 06       		.byte	0x6
 2026 02d5 49       		.byte	0x49
 2027 02d6 0C       		.byte	0xc
 2028 02d7 9B000000 		.4byte	0x9b
 2029 02db 02       		.byte	0x2
 2030 02dc 23       		.byte	0x23
 2031 02dd 0C       		.uleb128 0xc
 2032 02de 00       		.byte	0
 2033 02df 03       		.uleb128 0x3
 2034 02e0 BA030000 		.4byte	.LASF42
 2035 02e4 06       		.byte	0x6
 2036 02e5 4C       		.byte	0x4c
 2037 02e6 03       		.byte	0x3
 2038 02e7 7B020000 		.4byte	0x27b
 2039 02eb 0E       		.uleb128 0xe
 2040 02ec 08       		.byte	0x8
 2041 02ed 06       		.byte	0x6
 2042 02ee 52       		.byte	0x52
 2043 02ef 09       		.byte	0x9
ARM GAS  /tmp/cc7usaPi.s 			page 57


 2044 02f0 31030000 		.4byte	0x331
 2045 02f4 0F       		.uleb128 0xf
 2046 02f5 D5040000 		.4byte	.LASF43
 2047 02f9 06       		.byte	0x6
 2048 02fa 55       		.byte	0x55
 2049 02fb 0C       		.byte	0xc
 2050 02fc 9B000000 		.4byte	0x9b
 2051 0300 02       		.byte	0x2
 2052 0301 23       		.byte	0x23
 2053 0302 00       		.uleb128 0
 2054 0303 0F       		.uleb128 0xf
 2055 0304 29060000 		.4byte	.LASF44
 2056 0308 06       		.byte	0x6
 2057 0309 58       		.byte	0x58
 2058 030a 0C       		.byte	0xc
 2059 030b 9B000000 		.4byte	0x9b
 2060 030f 02       		.byte	0x2
 2061 0310 23       		.byte	0x23
 2062 0311 02       		.uleb128 0x2
 2063 0312 0F       		.uleb128 0xf
 2064 0313 18000000 		.4byte	.LASF45
 2065 0317 06       		.byte	0x6
 2066 0318 5B       		.byte	0x5b
 2067 0319 0C       		.byte	0xc
 2068 031a 9B000000 		.4byte	0x9b
 2069 031e 02       		.byte	0x2
 2070 031f 23       		.byte	0x23
 2071 0320 04       		.uleb128 0x4
 2072 0321 0F       		.uleb128 0xf
 2073 0322 F1010000 		.4byte	.LASF46
 2074 0326 06       		.byte	0x6
 2075 0327 5E       		.byte	0x5e
 2076 0328 0C       		.byte	0xc
 2077 0329 9B000000 		.4byte	0x9b
 2078 032d 02       		.byte	0x2
 2079 032e 23       		.byte	0x23
 2080 032f 06       		.uleb128 0x6
 2081 0330 00       		.byte	0
 2082 0331 03       		.uleb128 0x3
 2083 0332 39010000 		.4byte	.LASF47
 2084 0336 06       		.byte	0x6
 2085 0337 61       		.byte	0x61
 2086 0338 03       		.byte	0x3
 2087 0339 EB020000 		.4byte	0x2eb
 2088 033d 10       		.uleb128 0x10
 2089 033e 01       		.byte	0x1
 2090 033f 9D050000 		.4byte	.LASF48
 2091 0343 05       		.byte	0x5
 2092 0344 B302     		.2byte	0x2b3
 2093 0346 06       		.byte	0x6
 2094 0347 01       		.byte	0x1
 2095 0348 01       		.byte	0x1
 2096 0349 53030000 		.4byte	0x353
 2097 034d 11       		.uleb128 0x11
 2098 034e 53030000 		.4byte	0x353
 2099 0352 00       		.byte	0
 2100 0353 12       		.uleb128 0x12
ARM GAS  /tmp/cc7usaPi.s 			page 58


 2101 0354 04       		.byte	0x4
 2102 0355 6F020000 		.4byte	0x26f
 2103 0359 10       		.uleb128 0x10
 2104 035a 01       		.byte	0x1
 2105 035b 34020000 		.4byte	.LASF49
 2106 035f 05       		.byte	0x5
 2107 0360 BD02     		.2byte	0x2bd
 2108 0362 06       		.byte	0x6
 2109 0363 01       		.byte	0x1
 2110 0364 01       		.byte	0x1
 2111 0365 74030000 		.4byte	0x374
 2112 0369 11       		.uleb128 0x11
 2113 036a AC000000 		.4byte	0xac
 2114 036e 11       		.uleb128 0x11
 2115 036f 17010000 		.4byte	0x117
 2116 0373 00       		.byte	0
 2117 0374 10       		.uleb128 0x10
 2118 0375 01       		.byte	0x1
 2119 0376 CC030000 		.4byte	.LASF50
 2120 037a 05       		.byte	0x5
 2121 037b BC02     		.2byte	0x2bc
 2122 037d 06       		.byte	0x6
 2123 037e 01       		.byte	0x1
 2124 037f 01       		.byte	0x1
 2125 0380 8F030000 		.4byte	0x38f
 2126 0384 11       		.uleb128 0x11
 2127 0385 AC000000 		.4byte	0xac
 2128 0389 11       		.uleb128 0x11
 2129 038a 17010000 		.4byte	0x117
 2130 038e 00       		.byte	0
 2131 038f 13       		.uleb128 0x13
 2132 0390 01       		.byte	0x1
 2133 0391 5D020000 		.4byte	.LASF57
 2134 0395 01       		.byte	0x1
 2135 0396 0604     		.2byte	0x406
 2136 0398 06       		.byte	0x6
 2137 0399 01       		.byte	0x1
 2138 039a 22030000 		.4byte	.LFB57
 2139 039e 2E030000 		.4byte	.LFE57
 2140 03a2 02       		.byte	0x2
 2141 03a3 7D       		.byte	0x7d
 2142 03a4 00       		.sleb128 0
 2143 03a5 01       		.byte	0x1
 2144 03a6 F9030000 		.4byte	0x3f9
 2145 03aa 14       		.uleb128 0x14
 2146 03ab 11040000 		.4byte	.LASF54
 2147 03af 01       		.byte	0x1
 2148 03b0 0604     		.2byte	0x406
 2149 03b2 2D       		.byte	0x2d
 2150 03b3 F9030000 		.4byte	0x3f9
 2151 03b7 01       		.byte	0x1
 2152 03b8 50       		.byte	0x50
 2153 03b9 15       		.uleb128 0x15
 2154 03ba 71010000 		.4byte	.LASF53
 2155 03be 01       		.byte	0x1
 2156 03bf 0604     		.2byte	0x406
 2157 03c1 3E       		.byte	0x3e
ARM GAS  /tmp/cc7usaPi.s 			page 59


 2158 03c2 9B000000 		.4byte	0x9b
 2159 03c6 04000000 		.4byte	.LLST35
 2160 03ca 00000000 		.4byte	.LVUS35
 2161 03ce 16       		.uleb128 0x16
 2162 03cf 5E040000 		.4byte	.LASF51
 2163 03d3 01       		.byte	0x1
 2164 03d4 0804     		.2byte	0x408
 2165 03d6 0C       		.byte	0xc
 2166 03d7 9B000000 		.4byte	0x9b
 2167 03db 31000000 		.4byte	.LLST36
 2168 03df 2B000000 		.4byte	.LVUS36
 2169 03e3 16       		.uleb128 0x16
 2170 03e4 34060000 		.4byte	.LASF52
 2171 03e8 01       		.byte	0x1
 2172 03e9 0804     		.2byte	0x408
 2173 03eb 1B       		.byte	0x1b
 2174 03ec 9B000000 		.4byte	0x9b
 2175 03f0 70000000 		.4byte	.LLST37
 2176 03f4 6A000000 		.4byte	.LVUS37
 2177 03f8 00       		.byte	0
 2178 03f9 12       		.uleb128 0x12
 2179 03fa 04       		.byte	0x4
 2180 03fb 0D020000 		.4byte	0x20d
 2181 03ff 17       		.uleb128 0x17
 2182 0400 01       		.byte	0x1
 2183 0401 8F040000 		.4byte	.LASF60
 2184 0405 01       		.byte	0x1
 2185 0406 BC03     		.2byte	0x3bc
 2186 0408 0A       		.byte	0xa
 2187 0409 01       		.byte	0x1
 2188 040a EE000000 		.4byte	0xee
 2189 040e E8020000 		.4byte	.LFB56
 2190 0412 22030000 		.4byte	.LFE56
 2191 0416 AD000000 		.4byte	.LLST28
 2192 041a 01       		.byte	0x1
 2193 041b 9E040000 		.4byte	0x49e
 2194 041f 15       		.uleb128 0x15
 2195 0420 11040000 		.4byte	.LASF54
 2196 0424 01       		.byte	0x1
 2197 0425 BC03     		.2byte	0x3bc
 2198 0427 2B       		.byte	0x2b
 2199 0428 F9030000 		.4byte	0x3f9
 2200 042c D3000000 		.4byte	.LLST29
 2201 0430 CD000000 		.4byte	.LVUS29
 2202 0434 15       		.uleb128 0x15
 2203 0435 71010000 		.4byte	.LASF53
 2204 0439 01       		.byte	0x1
 2205 043a BC03     		.2byte	0x3bc
 2206 043c 3C       		.byte	0x3c
 2207 043d 9B000000 		.4byte	0x9b
 2208 0441 0B010000 		.4byte	.LLST30
 2209 0445 05010000 		.4byte	.LVUS30
 2210 0449 16       		.uleb128 0x16
 2211 044a 5E040000 		.4byte	.LASF51
 2212 044e 01       		.byte	0x1
 2213 044f BE03     		.2byte	0x3be
 2214 0451 0C       		.byte	0xc
ARM GAS  /tmp/cc7usaPi.s 			page 60


 2215 0452 AC000000 		.4byte	0xac
 2216 0456 47010000 		.4byte	.LLST31
 2217 045a 3D010000 		.4byte	.LVUS31
 2218 045e 16       		.uleb128 0x16
 2219 045f 34060000 		.4byte	.LASF52
 2220 0463 01       		.byte	0x1
 2221 0464 BE03     		.2byte	0x3be
 2222 0466 1B       		.byte	0x1b
 2223 0467 AC000000 		.4byte	0xac
 2224 046b 97010000 		.4byte	.LLST32
 2225 046f 91010000 		.4byte	.LVUS32
 2226 0473 16       		.uleb128 0x16
 2227 0474 C4060000 		.4byte	.LASF55
 2228 0478 01       		.byte	0x1
 2229 0479 BE03     		.2byte	0x3be
 2230 047b 2A       		.byte	0x2a
 2231 047c AC000000 		.4byte	0xac
 2232 0480 CB010000 		.4byte	.LLST33
 2233 0484 C1010000 		.4byte	.LVUS33
 2234 0488 16       		.uleb128 0x16
 2235 0489 3B060000 		.4byte	.LASF56
 2236 048d 01       		.byte	0x1
 2237 048e BF03     		.2byte	0x3bf
 2238 0490 0C       		.byte	0xc
 2239 0491 EE000000 		.4byte	0xee
 2240 0495 37020000 		.4byte	.LLST34
 2241 0499 31020000 		.4byte	.LVUS34
 2242 049d 00       		.byte	0
 2243 049e 13       		.uleb128 0x13
 2244 049f 01       		.byte	0x1
 2245 04a0 26030000 		.4byte	.LASF58
 2246 04a4 01       		.byte	0x1
 2247 04a5 9B03     		.2byte	0x39b
 2248 04a7 06       		.byte	0x6
 2249 04a8 01       		.byte	0x1
 2250 04a9 E2020000 		.4byte	.LFB55
 2251 04ad E8020000 		.4byte	.LFE55
 2252 04b1 02       		.byte	0x2
 2253 04b2 7D       		.byte	0x7d
 2254 04b3 00       		.sleb128 0
 2255 04b4 01       		.byte	0x1
 2256 04b5 DE040000 		.4byte	0x4de
 2257 04b9 14       		.uleb128 0x14
 2258 04ba 11040000 		.4byte	.LASF54
 2259 04be 01       		.byte	0x1
 2260 04bf 9B03     		.2byte	0x39b
 2261 04c1 25       		.byte	0x25
 2262 04c2 F9030000 		.4byte	0x3f9
 2263 04c6 01       		.byte	0x1
 2264 04c7 50       		.byte	0x50
 2265 04c8 15       		.uleb128 0x15
 2266 04c9 B0020000 		.4byte	.LASF59
 2267 04cd 01       		.byte	0x1
 2268 04ce 9B03     		.2byte	0x39b
 2269 04d0 36       		.byte	0x36
 2270 04d1 9B000000 		.4byte	0x9b
 2271 04d5 76020000 		.4byte	.LLST27
ARM GAS  /tmp/cc7usaPi.s 			page 61


 2272 04d9 72020000 		.4byte	.LVUS27
 2273 04dd 00       		.byte	0
 2274 04de 18       		.uleb128 0x18
 2275 04df 01       		.byte	0x1
 2276 04e0 89050000 		.4byte	.LASF61
 2277 04e4 01       		.byte	0x1
 2278 04e5 6A03     		.2byte	0x36a
 2279 04e7 0C       		.byte	0xc
 2280 04e8 01       		.byte	0x1
 2281 04e9 E1000000 		.4byte	0xe1
 2282 04ed D6020000 		.4byte	.LFB54
 2283 04f1 E2020000 		.4byte	.LFE54
 2284 04f5 02       		.byte	0x2
 2285 04f6 7D       		.byte	0x7d
 2286 04f7 00       		.sleb128 0
 2287 04f8 01       		.byte	0x1
 2288 04f9 37050000 		.4byte	0x537
 2289 04fd 15       		.uleb128 0x15
 2290 04fe 11040000 		.4byte	.LASF54
 2291 0502 01       		.byte	0x1
 2292 0503 6A03     		.2byte	0x36a
 2293 0505 2F       		.byte	0x2f
 2294 0506 F9030000 		.4byte	0x3f9
 2295 050a 9B020000 		.4byte	.LLST25
 2296 050e 97020000 		.4byte	.LVUS25
 2297 0512 14       		.uleb128 0x14
 2298 0513 B0020000 		.4byte	.LASF59
 2299 0517 01       		.byte	0x1
 2300 0518 6A03     		.2byte	0x36a
 2301 051a 40       		.byte	0x40
 2302 051b 9B000000 		.4byte	0x9b
 2303 051f 01       		.byte	0x1
 2304 0520 51       		.byte	0x51
 2305 0521 16       		.uleb128 0x16
 2306 0522 3B060000 		.4byte	.LASF56
 2307 0526 01       		.byte	0x1
 2308 0527 6C03     		.2byte	0x36c
 2309 0529 0E       		.byte	0xe
 2310 052a E1000000 		.4byte	0xe1
 2311 052e C6020000 		.4byte	.LLST26
 2312 0532 C2020000 		.4byte	.LVUS26
 2313 0536 00       		.byte	0
 2314 0537 13       		.uleb128 0x13
 2315 0538 01       		.byte	0x1
 2316 0539 27050000 		.4byte	.LASF62
 2317 053d 01       		.byte	0x1
 2318 053e 4503     		.2byte	0x345
 2319 0540 06       		.byte	0x6
 2320 0541 01       		.byte	0x1
 2321 0542 C4020000 		.4byte	.LFB53
 2322 0546 D6020000 		.4byte	.LFE53
 2323 054a 02       		.byte	0x2
 2324 054b 7D       		.byte	0x7d
 2325 054c 00       		.sleb128 0
 2326 054d 01       		.byte	0x1
 2327 054e 71050000 		.4byte	0x571
 2328 0552 14       		.uleb128 0x14
ARM GAS  /tmp/cc7usaPi.s 			page 62


 2329 0553 11040000 		.4byte	.LASF54
 2330 0557 01       		.byte	0x1
 2331 0558 4503     		.2byte	0x345
 2332 055a 23       		.byte	0x23
 2333 055b F9030000 		.4byte	0x3f9
 2334 055f 01       		.byte	0x1
 2335 0560 50       		.byte	0x50
 2336 0561 14       		.uleb128 0x14
 2337 0562 98010000 		.4byte	.LASF63
 2338 0566 01       		.byte	0x1
 2339 0567 4503     		.2byte	0x345
 2340 0569 3B       		.byte	0x3b
 2341 056a 17010000 		.4byte	0x117
 2342 056e 01       		.byte	0x1
 2343 056f 51       		.byte	0x51
 2344 0570 00       		.byte	0
 2345 0571 13       		.uleb128 0x13
 2346 0572 01       		.byte	0x1
 2347 0573 AE040000 		.4byte	.LASF64
 2348 0577 01       		.byte	0x1
 2349 0578 3203     		.2byte	0x332
 2350 057a 06       		.byte	0x6
 2351 057b 01       		.byte	0x1
 2352 057c B4020000 		.4byte	.LFB52
 2353 0580 C4020000 		.4byte	.LFE52
 2354 0584 02       		.byte	0x2
 2355 0585 7D       		.byte	0x7d
 2356 0586 00       		.sleb128 0
 2357 0587 01       		.byte	0x1
 2358 0588 AB050000 		.4byte	0x5ab
 2359 058c 14       		.uleb128 0x14
 2360 058d 11040000 		.4byte	.LASF54
 2361 0591 01       		.byte	0x1
 2362 0592 3203     		.2byte	0x332
 2363 0594 26       		.byte	0x26
 2364 0595 F9030000 		.4byte	0x3f9
 2365 0599 01       		.byte	0x1
 2366 059a 50       		.byte	0x50
 2367 059b 14       		.uleb128 0x14
 2368 059c 0E020000 		.4byte	.LASF65
 2369 05a0 01       		.byte	0x1
 2370 05a1 3203     		.2byte	0x332
 2371 05a3 37       		.byte	0x37
 2372 05a4 9B000000 		.4byte	0x9b
 2373 05a8 01       		.byte	0x1
 2374 05a9 51       		.byte	0x51
 2375 05aa 00       		.byte	0
 2376 05ab 13       		.uleb128 0x13
 2377 05ac 01       		.byte	0x1
 2378 05ad E6000000 		.4byte	.LASF66
 2379 05b1 01       		.byte	0x1
 2380 05b2 1503     		.2byte	0x315
 2381 05b4 06       		.byte	0x6
 2382 05b5 01       		.byte	0x1
 2383 05b6 A2020000 		.4byte	.LFB51
 2384 05ba B4020000 		.4byte	.LFE51
 2385 05be 02       		.byte	0x2
ARM GAS  /tmp/cc7usaPi.s 			page 63


 2386 05bf 7D       		.byte	0x7d
 2387 05c0 00       		.sleb128 0
 2388 05c1 01       		.byte	0x1
 2389 05c2 E5050000 		.4byte	0x5e5
 2390 05c6 14       		.uleb128 0x14
 2391 05c7 11040000 		.4byte	.LASF54
 2392 05cb 01       		.byte	0x1
 2393 05cc 1503     		.2byte	0x315
 2394 05ce 2B       		.byte	0x2b
 2395 05cf F9030000 		.4byte	0x3f9
 2396 05d3 01       		.byte	0x1
 2397 05d4 50       		.byte	0x50
 2398 05d5 14       		.uleb128 0x14
 2399 05d6 98010000 		.4byte	.LASF63
 2400 05da 01       		.byte	0x1
 2401 05db 1503     		.2byte	0x315
 2402 05dd 43       		.byte	0x43
 2403 05de 17010000 		.4byte	0x117
 2404 05e2 01       		.byte	0x1
 2405 05e3 51       		.byte	0x51
 2406 05e4 00       		.byte	0
 2407 05e5 13       		.uleb128 0x13
 2408 05e6 01       		.byte	0x1
 2409 05e7 65040000 		.4byte	.LASF67
 2410 05eb 01       		.byte	0x1
 2411 05ec FA02     		.2byte	0x2fa
 2412 05ee 06       		.byte	0x6
 2413 05ef 01       		.byte	0x1
 2414 05f0 8C020000 		.4byte	.LFB50
 2415 05f4 A2020000 		.4byte	.LFE50
 2416 05f8 02       		.byte	0x2
 2417 05f9 7D       		.byte	0x7d
 2418 05fa 00       		.sleb128 0
 2419 05fb 01       		.byte	0x1
 2420 05fc 1F060000 		.4byte	0x61f
 2421 0600 14       		.uleb128 0x14
 2422 0601 11040000 		.4byte	.LASF54
 2423 0605 01       		.byte	0x1
 2424 0606 FA02     		.2byte	0x2fa
 2425 0608 2C       		.byte	0x2c
 2426 0609 F9030000 		.4byte	0x3f9
 2427 060d 01       		.byte	0x1
 2428 060e 50       		.byte	0x50
 2429 060f 14       		.uleb128 0x14
 2430 0610 98010000 		.4byte	.LASF63
 2431 0614 01       		.byte	0x1
 2432 0615 FA02     		.2byte	0x2fa
 2433 0617 44       		.byte	0x44
 2434 0618 17010000 		.4byte	0x117
 2435 061c 01       		.byte	0x1
 2436 061d 51       		.byte	0x51
 2437 061e 00       		.byte	0
 2438 061f 13       		.uleb128 0x13
 2439 0620 01       		.byte	0x1
 2440 0621 F4050000 		.4byte	.LASF68
 2441 0625 01       		.byte	0x1
 2442 0626 DB02     		.2byte	0x2db
ARM GAS  /tmp/cc7usaPi.s 			page 64


 2443 0628 06       		.byte	0x6
 2444 0629 01       		.byte	0x1
 2445 062a 7A020000 		.4byte	.LFB49
 2446 062e 8C020000 		.4byte	.LFE49
 2447 0632 02       		.byte	0x2
 2448 0633 7D       		.byte	0x7d
 2449 0634 00       		.sleb128 0
 2450 0635 01       		.byte	0x1
 2451 0636 59060000 		.4byte	0x659
 2452 063a 14       		.uleb128 0x14
 2453 063b 11040000 		.4byte	.LASF54
 2454 063f 01       		.byte	0x1
 2455 0640 DB02     		.2byte	0x2db
 2456 0642 29       		.byte	0x29
 2457 0643 F9030000 		.4byte	0x3f9
 2458 0647 01       		.byte	0x1
 2459 0648 50       		.byte	0x50
 2460 0649 14       		.uleb128 0x14
 2461 064a 98010000 		.4byte	.LASF63
 2462 064e 01       		.byte	0x1
 2463 064f DB02     		.2byte	0x2db
 2464 0651 41       		.byte	0x41
 2465 0652 17010000 		.4byte	0x117
 2466 0656 01       		.byte	0x1
 2467 0657 51       		.byte	0x51
 2468 0658 00       		.byte	0
 2469 0659 13       		.uleb128 0x13
 2470 065a 01       		.byte	0x1
 2471 065b 57050000 		.4byte	.LASF69
 2472 065f 01       		.byte	0x1
 2473 0660 C102     		.2byte	0x2c1
 2474 0662 06       		.byte	0x6
 2475 0663 01       		.byte	0x1
 2476 0664 68020000 		.4byte	.LFB48
 2477 0668 7A020000 		.4byte	.LFE48
 2478 066c 02       		.byte	0x2
 2479 066d 7D       		.byte	0x7d
 2480 066e 00       		.sleb128 0
 2481 066f 01       		.byte	0x1
 2482 0670 93060000 		.4byte	0x693
 2483 0674 14       		.uleb128 0x14
 2484 0675 11040000 		.4byte	.LASF54
 2485 0679 01       		.byte	0x1
 2486 067a C102     		.2byte	0x2c1
 2487 067c 2C       		.byte	0x2c
 2488 067d F9030000 		.4byte	0x3f9
 2489 0681 01       		.byte	0x1
 2490 0682 50       		.byte	0x50
 2491 0683 14       		.uleb128 0x14
 2492 0684 98010000 		.4byte	.LASF63
 2493 0688 01       		.byte	0x1
 2494 0689 C102     		.2byte	0x2c1
 2495 068b 44       		.byte	0x44
 2496 068c 17010000 		.4byte	0x117
 2497 0690 01       		.byte	0x1
 2498 0691 51       		.byte	0x51
 2499 0692 00       		.byte	0
ARM GAS  /tmp/cc7usaPi.s 			page 65


 2500 0693 13       		.uleb128 0x13
 2501 0694 01       		.byte	0x1
 2502 0695 32040000 		.4byte	.LASF70
 2503 0699 01       		.byte	0x1
 2504 069a A802     		.2byte	0x2a8
 2505 069c 06       		.byte	0x6
 2506 069d 01       		.byte	0x1
 2507 069e 56020000 		.4byte	.LFB47
 2508 06a2 68020000 		.4byte	.LFE47
 2509 06a6 02       		.byte	0x2
 2510 06a7 7D       		.byte	0x7d
 2511 06a8 00       		.sleb128 0
 2512 06a9 01       		.byte	0x1
 2513 06aa CD060000 		.4byte	0x6cd
 2514 06ae 14       		.uleb128 0x14
 2515 06af 11040000 		.4byte	.LASF54
 2516 06b3 01       		.byte	0x1
 2517 06b4 A802     		.2byte	0x2a8
 2518 06b6 28       		.byte	0x28
 2519 06b7 F9030000 		.4byte	0x3f9
 2520 06bb 01       		.byte	0x1
 2521 06bc 50       		.byte	0x50
 2522 06bd 14       		.uleb128 0x14
 2523 06be 98010000 		.4byte	.LASF63
 2524 06c2 01       		.byte	0x1
 2525 06c3 A802     		.2byte	0x2a8
 2526 06c5 40       		.byte	0x40
 2527 06c6 17010000 		.4byte	0x117
 2528 06ca 01       		.byte	0x1
 2529 06cb 51       		.byte	0x51
 2530 06cc 00       		.byte	0
 2531 06cd 13       		.uleb128 0x13
 2532 06ce 01       		.byte	0x1
 2533 06cf 5F000000 		.4byte	.LASF71
 2534 06d3 01       		.byte	0x1
 2535 06d4 9502     		.2byte	0x295
 2536 06d6 06       		.byte	0x6
 2537 06d7 01       		.byte	0x1
 2538 06d8 46020000 		.4byte	.LFB46
 2539 06dc 56020000 		.4byte	.LFE46
 2540 06e0 02       		.byte	0x2
 2541 06e1 7D       		.byte	0x7d
 2542 06e2 00       		.sleb128 0
 2543 06e3 01       		.byte	0x1
 2544 06e4 0D070000 		.4byte	0x70d
 2545 06e8 14       		.uleb128 0x14
 2546 06e9 11040000 		.4byte	.LASF54
 2547 06ed 01       		.byte	0x1
 2548 06ee 9502     		.2byte	0x295
 2549 06f0 28       		.byte	0x28
 2550 06f1 F9030000 		.4byte	0x3f9
 2551 06f5 01       		.byte	0x1
 2552 06f6 50       		.byte	0x50
 2553 06f7 15       		.uleb128 0x15
 2554 06f8 19060000 		.4byte	.LASF72
 2555 06fc 01       		.byte	0x1
 2556 06fd 9502     		.2byte	0x295
ARM GAS  /tmp/cc7usaPi.s 			page 66


 2557 06ff 38       		.byte	0x38
 2558 0700 8F000000 		.4byte	0x8f
 2559 0704 F2020000 		.4byte	.LLST24
 2560 0708 EE020000 		.4byte	.LVUS24
 2561 070c 00       		.byte	0
 2562 070d 13       		.uleb128 0x13
 2563 070e 01       		.byte	0x1
 2564 070f 6F030000 		.4byte	.LASF73
 2565 0713 01       		.byte	0x1
 2566 0714 8102     		.2byte	0x281
 2567 0716 06       		.byte	0x6
 2568 0717 01       		.byte	0x1
 2569 0718 36020000 		.4byte	.LFB45
 2570 071c 46020000 		.4byte	.LFE45
 2571 0720 02       		.byte	0x2
 2572 0721 7D       		.byte	0x7d
 2573 0722 00       		.sleb128 0
 2574 0723 01       		.byte	0x1
 2575 0724 47070000 		.4byte	0x747
 2576 0728 14       		.uleb128 0x14
 2577 0729 11040000 		.4byte	.LASF54
 2578 072d 01       		.byte	0x1
 2579 072e 8102     		.2byte	0x281
 2580 0730 28       		.byte	0x28
 2581 0731 F9030000 		.4byte	0x3f9
 2582 0735 01       		.byte	0x1
 2583 0736 50       		.byte	0x50
 2584 0737 14       		.uleb128 0x14
 2585 0738 75020000 		.4byte	.LASF74
 2586 073c 01       		.byte	0x1
 2587 073d 8102     		.2byte	0x281
 2588 073f 38       		.byte	0x38
 2589 0740 8F000000 		.4byte	0x8f
 2590 0744 01       		.byte	0x1
 2591 0745 51       		.byte	0x51
 2592 0746 00       		.byte	0
 2593 0747 13       		.uleb128 0x13
 2594 0748 01       		.byte	0x1
 2595 0749 AA030000 		.4byte	.LASF75
 2596 074d 01       		.byte	0x1
 2597 074e 7102     		.2byte	0x271
 2598 0750 06       		.byte	0x6
 2599 0751 01       		.byte	0x1
 2600 0752 2C020000 		.4byte	.LFB44
 2601 0756 36020000 		.4byte	.LFE44
 2602 075a 02       		.byte	0x2
 2603 075b 7D       		.byte	0x7d
 2604 075c 00       		.sleb128 0
 2605 075d 01       		.byte	0x1
 2606 075e 72070000 		.4byte	0x772
 2607 0762 14       		.uleb128 0x14
 2608 0763 11040000 		.4byte	.LASF54
 2609 0767 01       		.byte	0x1
 2610 0768 7102     		.2byte	0x271
 2611 076a 25       		.byte	0x25
 2612 076b F9030000 		.4byte	0x3f9
 2613 076f 01       		.byte	0x1
ARM GAS  /tmp/cc7usaPi.s 			page 67


 2614 0770 50       		.byte	0x50
 2615 0771 00       		.byte	0
 2616 0772 18       		.uleb128 0x18
 2617 0773 01       		.byte	0x1
 2618 0774 B2060000 		.4byte	.LASF76
 2619 0778 01       		.byte	0x1
 2620 0779 6102     		.2byte	0x261
 2621 077b 0A       		.byte	0xa
 2622 077c 01       		.byte	0x1
 2623 077d 9B000000 		.4byte	0x9b
 2624 0781 24020000 		.4byte	.LFB43
 2625 0785 2C020000 		.4byte	.LFE43
 2626 0789 02       		.byte	0x2
 2627 078a 7D       		.byte	0x7d
 2628 078b 00       		.sleb128 0
 2629 078c 01       		.byte	0x1
 2630 078d A7070000 		.4byte	0x7a7
 2631 0791 15       		.uleb128 0x15
 2632 0792 11040000 		.4byte	.LASF54
 2633 0796 01       		.byte	0x1
 2634 0797 6102     		.2byte	0x261
 2635 0799 2B       		.byte	0x2b
 2636 079a F9030000 		.4byte	0x3f9
 2637 079e 1D030000 		.4byte	.LLST23
 2638 07a2 19030000 		.4byte	.LVUS23
 2639 07a6 00       		.byte	0
 2640 07a7 13       		.uleb128 0x13
 2641 07a8 01       		.byte	0x1
 2642 07a9 5A010000 		.4byte	.LASF77
 2643 07ad 01       		.byte	0x1
 2644 07ae 5002     		.2byte	0x250
 2645 07b0 06       		.byte	0x6
 2646 07b1 01       		.byte	0x1
 2647 07b2 1C020000 		.4byte	.LFB42
 2648 07b6 24020000 		.4byte	.LFE42
 2649 07ba 02       		.byte	0x2
 2650 07bb 7D       		.byte	0x7d
 2651 07bc 00       		.sleb128 0
 2652 07bd 01       		.byte	0x1
 2653 07be E7070000 		.4byte	0x7e7
 2654 07c2 14       		.uleb128 0x14
 2655 07c3 11040000 		.4byte	.LASF54
 2656 07c7 01       		.byte	0x1
 2657 07c8 5002     		.2byte	0x250
 2658 07ca 24       		.byte	0x24
 2659 07cb F9030000 		.4byte	0x3f9
 2660 07cf 01       		.byte	0x1
 2661 07d0 50       		.byte	0x50
 2662 07d1 15       		.uleb128 0x15
 2663 07d2 DE020000 		.4byte	.LASF78
 2664 07d6 01       		.byte	0x1
 2665 07d7 5002     		.2byte	0x250
 2666 07d9 35       		.byte	0x35
 2667 07da 9B000000 		.4byte	0x9b
 2668 07de 48030000 		.4byte	.LLST22
 2669 07e2 44030000 		.4byte	.LVUS22
 2670 07e6 00       		.byte	0
ARM GAS  /tmp/cc7usaPi.s 			page 68


 2671 07e7 13       		.uleb128 0x13
 2672 07e8 01       		.byte	0x1
 2673 07e9 A1040000 		.4byte	.LASF79
 2674 07ed 01       		.byte	0x1
 2675 07ee 3602     		.2byte	0x236
 2676 07f0 06       		.byte	0x6
 2677 07f1 01       		.byte	0x1
 2678 07f2 0A020000 		.4byte	.LFB41
 2679 07f6 1C020000 		.4byte	.LFE41
 2680 07fa 02       		.byte	0x2
 2681 07fb 7D       		.byte	0x7d
 2682 07fc 00       		.sleb128 0
 2683 07fd 01       		.byte	0x1
 2684 07fe 21080000 		.4byte	0x821
 2685 0802 14       		.uleb128 0x14
 2686 0803 11040000 		.4byte	.LASF54
 2687 0807 01       		.byte	0x1
 2688 0808 3602     		.2byte	0x236
 2689 080a 22       		.byte	0x22
 2690 080b F9030000 		.4byte	0x3f9
 2691 080f 01       		.byte	0x1
 2692 0810 50       		.byte	0x50
 2693 0811 14       		.uleb128 0x14
 2694 0812 98010000 		.4byte	.LASF63
 2695 0816 01       		.byte	0x1
 2696 0817 3602     		.2byte	0x236
 2697 0819 3A       		.byte	0x3a
 2698 081a 17010000 		.4byte	0x117
 2699 081e 01       		.byte	0x1
 2700 081f 51       		.byte	0x51
 2701 0820 00       		.byte	0
 2702 0821 13       		.uleb128 0x13
 2703 0822 01       		.byte	0x1
 2704 0823 85020000 		.4byte	.LASF80
 2705 0827 01       		.byte	0x1
 2706 0828 2302     		.2byte	0x223
 2707 082a 06       		.byte	0x6
 2708 082b 01       		.byte	0x1
 2709 082c FA010000 		.4byte	.LFB40
 2710 0830 0A020000 		.4byte	.LFE40
 2711 0834 02       		.byte	0x2
 2712 0835 7D       		.byte	0x7d
 2713 0836 00       		.sleb128 0
 2714 0837 01       		.byte	0x1
 2715 0838 5B080000 		.4byte	0x85b
 2716 083c 14       		.uleb128 0x14
 2717 083d 11040000 		.4byte	.LASF54
 2718 0841 01       		.byte	0x1
 2719 0842 2302     		.2byte	0x223
 2720 0844 36       		.byte	0x36
 2721 0845 F9030000 		.4byte	0x3f9
 2722 0849 01       		.byte	0x1
 2723 084a 50       		.byte	0x50
 2724 084b 14       		.uleb128 0x14
 2725 084c CB000000 		.4byte	.LASF81
 2726 0850 01       		.byte	0x1
 2727 0851 2302     		.2byte	0x223
ARM GAS  /tmp/cc7usaPi.s 			page 69


 2728 0853 47       		.byte	0x47
 2729 0854 9B000000 		.4byte	0x9b
 2730 0858 01       		.byte	0x1
 2731 0859 51       		.byte	0x51
 2732 085a 00       		.byte	0
 2733 085b 13       		.uleb128 0x13
 2734 085c 01       		.byte	0x1
 2735 085d 36000000 		.4byte	.LASF82
 2736 0861 01       		.byte	0x1
 2737 0862 0602     		.2byte	0x206
 2738 0864 06       		.byte	0x6
 2739 0865 01       		.byte	0x1
 2740 0866 E8010000 		.4byte	.LFB39
 2741 086a FA010000 		.4byte	.LFE39
 2742 086e 02       		.byte	0x2
 2743 086f 7D       		.byte	0x7d
 2744 0870 00       		.sleb128 0
 2745 0871 01       		.byte	0x1
 2746 0872 95080000 		.4byte	0x895
 2747 0876 14       		.uleb128 0x14
 2748 0877 11040000 		.4byte	.LASF54
 2749 087b 01       		.byte	0x1
 2750 087c 0602     		.2byte	0x206
 2751 087e 2D       		.byte	0x2d
 2752 087f F9030000 		.4byte	0x3f9
 2753 0883 01       		.byte	0x1
 2754 0884 50       		.byte	0x50
 2755 0885 14       		.uleb128 0x14
 2756 0886 98010000 		.4byte	.LASF63
 2757 088a 01       		.byte	0x1
 2758 088b 0602     		.2byte	0x206
 2759 088d 45       		.byte	0x45
 2760 088e 17010000 		.4byte	0x117
 2761 0892 01       		.byte	0x1
 2762 0893 51       		.byte	0x51
 2763 0894 00       		.byte	0
 2764 0895 13       		.uleb128 0x13
 2765 0896 01       		.byte	0x1
 2766 0897 E1050000 		.4byte	.LASF83
 2767 089b 01       		.byte	0x1
 2768 089c F301     		.2byte	0x1f3
 2769 089e 06       		.byte	0x6
 2770 089f 01       		.byte	0x1
 2771 08a0 D8010000 		.4byte	.LFB38
 2772 08a4 E8010000 		.4byte	.LFE38
 2773 08a8 02       		.byte	0x2
 2774 08a9 7D       		.byte	0x7d
 2775 08aa 00       		.sleb128 0
 2776 08ab 01       		.byte	0x1
 2777 08ac CF080000 		.4byte	0x8cf
 2778 08b0 14       		.uleb128 0x14
 2779 08b1 11040000 		.4byte	.LASF54
 2780 08b5 01       		.byte	0x1
 2781 08b6 F301     		.2byte	0x1f3
 2782 08b8 28       		.byte	0x28
 2783 08b9 F9030000 		.4byte	0x3f9
 2784 08bd 01       		.byte	0x1
ARM GAS  /tmp/cc7usaPi.s 			page 70


 2785 08be 50       		.byte	0x50
 2786 08bf 14       		.uleb128 0x14
 2787 08c0 7A010000 		.4byte	.LASF84
 2788 08c4 01       		.byte	0x1
 2789 08c5 F301     		.2byte	0x1f3
 2790 08c7 39       		.byte	0x39
 2791 08c8 9B000000 		.4byte	0x9b
 2792 08cc 01       		.byte	0x1
 2793 08cd 51       		.byte	0x51
 2794 08ce 00       		.byte	0
 2795 08cf 13       		.uleb128 0x13
 2796 08d0 01       		.byte	0x1
 2797 08d1 36030000 		.4byte	.LASF85
 2798 08d5 01       		.byte	0x1
 2799 08d6 DC01     		.2byte	0x1dc
 2800 08d8 06       		.byte	0x6
 2801 08d9 01       		.byte	0x1
 2802 08da C8010000 		.4byte	.LFB37
 2803 08de D8010000 		.4byte	.LFE37
 2804 08e2 02       		.byte	0x2
 2805 08e3 7D       		.byte	0x7d
 2806 08e4 00       		.sleb128 0
 2807 08e5 01       		.byte	0x1
 2808 08e6 0F090000 		.4byte	0x90f
 2809 08ea 14       		.uleb128 0x14
 2810 08eb 11040000 		.4byte	.LASF54
 2811 08ef 01       		.byte	0x1
 2812 08f0 DC01     		.2byte	0x1dc
 2813 08f2 26       		.byte	0x26
 2814 08f3 F9030000 		.4byte	0x3f9
 2815 08f7 01       		.byte	0x1
 2816 08f8 50       		.byte	0x50
 2817 08f9 15       		.uleb128 0x15
 2818 08fa 50040000 		.4byte	.LASF86
 2819 08fe 01       		.byte	0x1
 2820 08ff DC01     		.2byte	0x1dc
 2821 0901 36       		.byte	0x36
 2822 0902 8F000000 		.4byte	0x8f
 2823 0906 73030000 		.4byte	.LLST21
 2824 090a 6F030000 		.4byte	.LVUS21
 2825 090e 00       		.byte	0
 2826 090f 13       		.uleb128 0x13
 2827 0910 01       		.byte	0x1
 2828 0911 A1010000 		.4byte	.LASF87
 2829 0915 01       		.byte	0x1
 2830 0916 C001     		.2byte	0x1c0
 2831 0918 06       		.byte	0x6
 2832 0919 01       		.byte	0x1
 2833 091a B8010000 		.4byte	.LFB36
 2834 091e C8010000 		.4byte	.LFE36
 2835 0922 02       		.byte	0x2
 2836 0923 7D       		.byte	0x7d
 2837 0924 00       		.sleb128 0
 2838 0925 01       		.byte	0x1
 2839 0926 58090000 		.4byte	0x958
 2840 092a 14       		.uleb128 0x14
 2841 092b 11040000 		.4byte	.LASF54
ARM GAS  /tmp/cc7usaPi.s 			page 71


 2842 092f 01       		.byte	0x1
 2843 0930 C001     		.2byte	0x1c0
 2844 0932 22       		.byte	0x22
 2845 0933 F9030000 		.4byte	0x3f9
 2846 0937 01       		.byte	0x1
 2847 0938 50       		.byte	0x50
 2848 0939 14       		.uleb128 0x14
 2849 093a 04040000 		.4byte	.LASF88
 2850 093e 01       		.byte	0x1
 2851 093f C001     		.2byte	0x1c0
 2852 0941 33       		.byte	0x33
 2853 0942 9B000000 		.4byte	0x9b
 2854 0946 01       		.byte	0x1
 2855 0947 51       		.byte	0x51
 2856 0948 14       		.uleb128 0x14
 2857 0949 98010000 		.4byte	.LASF63
 2858 094d 01       		.byte	0x1
 2859 094e C001     		.2byte	0x1c0
 2860 0950 51       		.byte	0x51
 2861 0951 17010000 		.4byte	0x117
 2862 0955 01       		.byte	0x1
 2863 0956 52       		.byte	0x52
 2864 0957 00       		.byte	0
 2865 0958 19       		.uleb128 0x19
 2866 0959 01       		.byte	0x1
 2867 095a E3030000 		.4byte	.LASF89
 2868 095e 01       		.byte	0x1
 2869 095f 8401     		.2byte	0x184
 2870 0961 06       		.byte	0x6
 2871 0962 01       		.byte	0x1
 2872 0963 86010000 		.4byte	.LFB35
 2873 0967 B8010000 		.4byte	.LFE35
 2874 096b 9A030000 		.4byte	.LLST13
 2875 096f 01       		.byte	0x1
 2876 0970 080A0000 		.4byte	0xa08
 2877 0974 15       		.uleb128 0x15
 2878 0975 11040000 		.4byte	.LASF54
 2879 0979 01       		.byte	0x1
 2880 097a 8401     		.2byte	0x184
 2881 097c 24       		.byte	0x24
 2882 097d F9030000 		.4byte	0x3f9
 2883 0981 C2030000 		.4byte	.LLST14
 2884 0985 BA030000 		.4byte	.LVUS14
 2885 0989 15       		.uleb128 0x15
 2886 098a 71010000 		.4byte	.LASF53
 2887 098e 01       		.byte	0x1
 2888 098f 8401     		.2byte	0x184
 2889 0991 35       		.byte	0x35
 2890 0992 9B000000 		.4byte	0x9b
 2891 0996 0C040000 		.4byte	.LLST15
 2892 099a 08040000 		.4byte	.LVUS15
 2893 099e 15       		.uleb128 0x15
 2894 099f 98010000 		.4byte	.LASF63
 2895 09a3 01       		.byte	0x1
 2896 09a4 8401     		.2byte	0x184
 2897 09a6 4F       		.byte	0x4f
 2898 09a7 17010000 		.4byte	0x117
ARM GAS  /tmp/cc7usaPi.s 			page 72


 2899 09ab 3B040000 		.4byte	.LLST16
 2900 09af 33040000 		.4byte	.LVUS16
 2901 09b3 16       		.uleb128 0x16
 2902 09b4 C4060000 		.4byte	.LASF55
 2903 09b8 01       		.byte	0x1
 2904 09b9 8601     		.2byte	0x186
 2905 09bb 0C       		.byte	0xc
 2906 09bc AC000000 		.4byte	0xac
 2907 09c0 85040000 		.4byte	.LLST17
 2908 09c4 81040000 		.4byte	.LVUS17
 2909 09c8 16       		.uleb128 0x16
 2910 09c9 30000000 		.4byte	.LASF90
 2911 09cd 01       		.byte	0x1
 2912 09ce 8601     		.2byte	0x186
 2913 09d0 1D       		.byte	0x1d
 2914 09d1 AC000000 		.4byte	0xac
 2915 09d5 AF040000 		.4byte	.LLST18
 2916 09d9 A9040000 		.4byte	.LVUS18
 2917 09dd 16       		.uleb128 0x16
 2918 09de 34060000 		.4byte	.LASF52
 2919 09e2 01       		.byte	0x1
 2920 09e3 8601     		.2byte	0x186
 2921 09e5 2B       		.byte	0x2b
 2922 09e6 AC000000 		.4byte	0xac
 2923 09ea EE040000 		.4byte	.LLST19
 2924 09ee E4040000 		.4byte	.LVUS19
 2925 09f2 16       		.uleb128 0x16
 2926 09f3 1B030000 		.4byte	.LASF91
 2927 09f7 01       		.byte	0x1
 2928 09f8 8701     		.2byte	0x187
 2929 09fa 0C       		.byte	0xc
 2930 09fb AC000000 		.4byte	0xac
 2931 09ff 3C050000 		.4byte	.LLST20
 2932 0a03 36050000 		.4byte	.LVUS20
 2933 0a07 00       		.byte	0
 2934 0a08 13       		.uleb128 0x13
 2935 0a09 01       		.byte	0x1
 2936 0a0a 50010000 		.4byte	.LASF92
 2937 0a0e 01       		.byte	0x1
 2938 0a0f 5F01     		.2byte	0x15f
 2939 0a11 06       		.byte	0x6
 2940 0a12 01       		.byte	0x1
 2941 0a13 74010000 		.4byte	.LFB34
 2942 0a17 86010000 		.4byte	.LFE34
 2943 0a1b 02       		.byte	0x2
 2944 0a1c 7D       		.byte	0x7d
 2945 0a1d 00       		.sleb128 0
 2946 0a1e 01       		.byte	0x1
 2947 0a1f 420A0000 		.4byte	0xa42
 2948 0a23 14       		.uleb128 0x14
 2949 0a24 11040000 		.4byte	.LASF54
 2950 0a28 01       		.byte	0x1
 2951 0a29 5F01     		.2byte	0x15f
 2952 0a2b 1F       		.byte	0x1f
 2953 0a2c F9030000 		.4byte	0x3f9
 2954 0a30 01       		.byte	0x1
 2955 0a31 50       		.byte	0x50
ARM GAS  /tmp/cc7usaPi.s 			page 73


 2956 0a32 14       		.uleb128 0x14
 2957 0a33 98010000 		.4byte	.LASF63
 2958 0a37 01       		.byte	0x1
 2959 0a38 5F01     		.2byte	0x15f
 2960 0a3a 37       		.byte	0x37
 2961 0a3b 17010000 		.4byte	0x117
 2962 0a3f 01       		.byte	0x1
 2963 0a40 51       		.byte	0x51
 2964 0a41 00       		.byte	0
 2965 0a42 13       		.uleb128 0x13
 2966 0a43 01       		.byte	0x1
 2967 0a44 F7020000 		.4byte	.LASF93
 2968 0a48 01       		.byte	0x1
 2969 0a49 4D01     		.2byte	0x14d
 2970 0a4b 06       		.byte	0x6
 2971 0a4c 01       		.byte	0x1
 2972 0a4d 68010000 		.4byte	.LFB33
 2973 0a51 74010000 		.4byte	.LFE33
 2974 0a55 02       		.byte	0x2
 2975 0a56 7D       		.byte	0x7d
 2976 0a57 00       		.sleb128 0
 2977 0a58 01       		.byte	0x1
 2978 0a59 6D0A0000 		.4byte	0xa6d
 2979 0a5d 14       		.uleb128 0x14
 2980 0a5e C8020000 		.4byte	.LASF94
 2981 0a62 01       		.byte	0x1
 2982 0a63 4D01     		.2byte	0x14d
 2983 0a65 34       		.byte	0x34
 2984 0a66 6D0A0000 		.4byte	0xa6d
 2985 0a6a 01       		.byte	0x1
 2986 0a6b 50       		.byte	0x50
 2987 0a6c 00       		.byte	0
 2988 0a6d 12       		.uleb128 0x12
 2989 0a6e 04       		.byte	0x4
 2990 0a6f 31030000 		.4byte	0x331
 2991 0a73 19       		.uleb128 0x19
 2992 0a74 01       		.byte	0x1
 2993 0a75 D1050000 		.4byte	.LASF95
 2994 0a79 01       		.byte	0x1
 2995 0a7a 2E01     		.2byte	0x12e
 2996 0a7c 06       		.byte	0x6
 2997 0a7d 01       		.byte	0x1
 2998 0a7e 4C010000 		.4byte	.LFB32
 2999 0a82 68010000 		.4byte	.LFE32
 3000 0a86 66050000 		.4byte	.LLST10
 3001 0a8a 01       		.byte	0x1
 3002 0a8b C90A0000 		.4byte	0xac9
 3003 0a8f 14       		.uleb128 0x14
 3004 0a90 11040000 		.4byte	.LASF54
 3005 0a94 01       		.byte	0x1
 3006 0a95 2E01     		.2byte	0x12e
 3007 0a97 25       		.byte	0x25
 3008 0a98 F9030000 		.4byte	0x3f9
 3009 0a9c 01       		.byte	0x1
 3010 0a9d 50       		.byte	0x50
 3011 0a9e 15       		.uleb128 0x15
 3012 0a9f C8020000 		.4byte	.LASF94
ARM GAS  /tmp/cc7usaPi.s 			page 74


 3013 0aa3 01       		.byte	0x1
 3014 0aa4 2E01     		.2byte	0x12e
 3015 0aa6 45       		.byte	0x45
 3016 0aa7 6D0A0000 		.4byte	0xa6d
 3017 0aab 8A050000 		.4byte	.LLST11
 3018 0aaf 86050000 		.4byte	.LVUS11
 3019 0ab3 16       		.uleb128 0x16
 3020 0ab4 E3020000 		.4byte	.LASF96
 3021 0ab8 01       		.byte	0x1
 3022 0ab9 3001     		.2byte	0x130
 3023 0abb 0C       		.byte	0xc
 3024 0abc AC000000 		.4byte	0xac
 3025 0ac0 B9050000 		.4byte	.LLST12
 3026 0ac4 B1050000 		.4byte	.LVUS12
 3027 0ac8 00       		.byte	0
 3028 0ac9 13       		.uleb128 0x13
 3029 0aca 01       		.byte	0x1
 3030 0acb 08060000 		.4byte	.LASF97
 3031 0acf 01       		.byte	0x1
 3032 0ad0 1901     		.2byte	0x119
 3033 0ad2 06       		.byte	0x6
 3034 0ad3 01       		.byte	0x1
 3035 0ad4 38010000 		.4byte	.LFB31
 3036 0ad8 4C010000 		.4byte	.LFE31
 3037 0adc 02       		.byte	0x2
 3038 0add 7D       		.byte	0x7d
 3039 0ade 00       		.sleb128 0
 3040 0adf 01       		.byte	0x1
 3041 0ae0 F40A0000 		.4byte	0xaf4
 3042 0ae4 14       		.uleb128 0x14
 3043 0ae5 AF050000 		.4byte	.LASF98
 3044 0ae9 01       		.byte	0x1
 3045 0aea 1901     		.2byte	0x119
 3046 0aec 2A       		.byte	0x2a
 3047 0aed F40A0000 		.4byte	0xaf4
 3048 0af1 01       		.byte	0x1
 3049 0af2 50       		.byte	0x50
 3050 0af3 00       		.byte	0
 3051 0af4 12       		.uleb128 0x12
 3052 0af5 04       		.byte	0x4
 3053 0af6 DF020000 		.4byte	0x2df
 3054 0afa 1A       		.uleb128 0x1a
 3055 0afb 01       		.byte	0x1
 3056 0afc B1000000 		.4byte	.LASF99
 3057 0b00 01       		.byte	0x1
 3058 0b01 B0       		.byte	0xb0
 3059 0b02 06       		.byte	0x6
 3060 0b03 01       		.byte	0x1
 3061 0b04 9C000000 		.4byte	.LFB30
 3062 0b08 38010000 		.4byte	.LFE30
 3063 0b0c 04060000 		.4byte	.LLST2
 3064 0b10 01       		.byte	0x1
 3065 0b11 C10B0000 		.4byte	0xbc1
 3066 0b15 1B       		.uleb128 0x1b
 3067 0b16 11040000 		.4byte	.LASF54
 3068 0b1a 01       		.byte	0x1
 3069 0b1b B0       		.byte	0xb0
ARM GAS  /tmp/cc7usaPi.s 			page 75


 3070 0b1c 20       		.byte	0x20
 3071 0b1d F9030000 		.4byte	0x3f9
 3072 0b21 42060000 		.4byte	.LLST3
 3073 0b25 3C060000 		.4byte	.LVUS3
 3074 0b29 1B       		.uleb128 0x1b
 3075 0b2a AF050000 		.4byte	.LASF98
 3076 0b2e 01       		.byte	0x1
 3077 0b2f B0       		.byte	0xb0
 3078 0b30 3B       		.byte	0x3b
 3079 0b31 F40A0000 		.4byte	0xaf4
 3080 0b35 7A060000 		.4byte	.LLST4
 3081 0b39 74060000 		.4byte	.LVUS4
 3082 0b3d 1C       		.uleb128 0x1c
 3083 0b3e E3020000 		.4byte	.LASF96
 3084 0b42 01       		.byte	0x1
 3085 0b43 B2       		.byte	0xb2
 3086 0b44 0C       		.byte	0xc
 3087 0b45 AC000000 		.4byte	0xac
 3088 0b49 C0060000 		.4byte	.LLST5
 3089 0b4d AC060000 		.4byte	.LVUS5
 3090 0b51 1C       		.uleb128 0x1c
 3091 0b52 1D020000 		.4byte	.LASF100
 3092 0b56 01       		.byte	0x1
 3093 0b57 B2       		.byte	0xb2
 3094 0b58 1B       		.byte	0x1b
 3095 0b59 AC000000 		.4byte	0xac
 3096 0b5d 79070000 		.4byte	.LLST6
 3097 0b61 71070000 		.4byte	.LVUS6
 3098 0b65 1C       		.uleb128 0x1c
 3099 0b66 00000000 		.4byte	.LASF101
 3100 0b6a 01       		.byte	0x1
 3101 0b6b B3       		.byte	0xb3
 3102 0b6c 0C       		.byte	0xc
 3103 0b6d AC000000 		.4byte	0xac
 3104 0b71 DF070000 		.4byte	.LLST7
 3105 0b75 DB070000 		.4byte	.LVUS7
 3106 0b79 1C       		.uleb128 0x1c
 3107 0b7a 35050000 		.4byte	.LASF102
 3108 0b7e 01       		.byte	0x1
 3109 0b7f B4       		.byte	0xb4
 3110 0b80 0C       		.byte	0xc
 3111 0b81 AC000000 		.4byte	0xac
 3112 0b85 02080000 		.4byte	.LLST8
 3113 0b89 FE070000 		.4byte	.LVUS8
 3114 0b8d 1C       		.uleb128 0x1c
 3115 0b8e 1B030000 		.4byte	.LASF91
 3116 0b92 01       		.byte	0x1
 3117 0b93 B5       		.byte	0xb5
 3118 0b94 0C       		.byte	0xc
 3119 0b95 AC000000 		.4byte	0xac
 3120 0b99 27080000 		.4byte	.LLST9
 3121 0b9d 21080000 		.4byte	.LVUS9
 3122 0ba1 1D       		.uleb128 0x1d
 3123 0ba2 C0050000 		.4byte	.LASF106
 3124 0ba6 01       		.byte	0x1
 3125 0ba7 B6       		.byte	0xb6
 3126 0ba8 15       		.byte	0x15
ARM GAS  /tmp/cc7usaPi.s 			page 76


 3127 0ba9 6F020000 		.4byte	0x26f
 3128 0bad 02       		.byte	0x2
 3129 0bae 91       		.byte	0x91
 3130 0baf 5C       		.sleb128 -36
 3131 0bb0 1E       		.uleb128 0x1e
 3132 0bb1 DA000000 		.4byte	.LVL27
 3133 0bb5 3D030000 		.4byte	0x33d
 3134 0bb9 1F       		.uleb128 0x1f
 3135 0bba 01       		.byte	0x1
 3136 0bbb 50       		.byte	0x50
 3137 0bbc 02       		.byte	0x2
 3138 0bbd 91       		.byte	0x91
 3139 0bbe 5C       		.sleb128 -36
 3140 0bbf 00       		.byte	0
 3141 0bc0 00       		.byte	0
 3142 0bc1 20       		.uleb128 0x20
 3143 0bc2 01       		.byte	0x1
 3144 0bc3 BB020000 		.4byte	.LASF107
 3145 0bc7 01       		.byte	0x1
 3146 0bc8 82       		.byte	0x82
 3147 0bc9 06       		.byte	0x6
 3148 0bca 01       		.byte	0x1
 3149 0bcb 00000000 		.4byte	.LFB29
 3150 0bcf 9C000000 		.4byte	.LFE29
 3151 0bd3 59080000 		.4byte	.LLST0
 3152 0bd7 01       		.byte	0x1
 3153 0bd8 1B       		.uleb128 0x1b
 3154 0bd9 11040000 		.4byte	.LASF54
 3155 0bdd 01       		.byte	0x1
 3156 0bde 82       		.byte	0x82
 3157 0bdf 22       		.byte	0x22
 3158 0be0 F9030000 		.4byte	0x3f9
 3159 0be4 BF080000 		.4byte	.LLST1
 3160 0be8 A9080000 		.4byte	.LVUS1
 3161 0bec 21       		.uleb128 0x21
 3162 0bed 12000000 		.4byte	.LVL2
 3163 0bf1 74030000 		.4byte	0x374
 3164 0bf5 060C0000 		.4byte	0xc06
 3165 0bf9 1F       		.uleb128 0x1f
 3166 0bfa 01       		.byte	0x1
 3167 0bfb 50       		.byte	0x50
 3168 0bfc 03       		.byte	0x3
 3169 0bfd 0A       		.byte	0xa
 3170 0bfe 0040     		.2byte	0x4000
 3171 0c00 1F       		.uleb128 0x1f
 3172 0c01 01       		.byte	0x1
 3173 0c02 51       		.byte	0x51
 3174 0c03 01       		.byte	0x1
 3175 0c04 31       		.byte	0x31
 3176 0c05 00       		.byte	0
 3177 0c06 22       		.uleb128 0x22
 3178 0c07 20000000 		.4byte	.LVL3
 3179 0c0b 01       		.byte	0x1
 3180 0c0c 74030000 		.4byte	0x374
 3181 0c10 210C0000 		.4byte	0xc21
 3182 0c14 1F       		.uleb128 0x1f
 3183 0c15 01       		.byte	0x1
ARM GAS  /tmp/cc7usaPi.s 			page 77


 3184 0c16 50       		.byte	0x50
 3185 0c17 03       		.byte	0x3
 3186 0c18 0A       		.byte	0xa
 3187 0c19 0040     		.2byte	0x4000
 3188 0c1b 1F       		.uleb128 0x1f
 3189 0c1c 01       		.byte	0x1
 3190 0c1d 51       		.byte	0x51
 3191 0c1e 01       		.byte	0x1
 3192 0c1f 30       		.byte	0x30
 3193 0c20 00       		.byte	0
 3194 0c21 21       		.uleb128 0x21
 3195 0c22 30000000 		.4byte	.LVL5
 3196 0c26 59030000 		.4byte	0x359
 3197 0c2a 3B0C0000 		.4byte	0xc3b
 3198 0c2e 1F       		.uleb128 0x1f
 3199 0c2f 01       		.byte	0x1
 3200 0c30 50       		.byte	0x50
 3201 0c31 03       		.byte	0x3
 3202 0c32 40       		.byte	0x40
 3203 0c33 3D       		.byte	0x3d
 3204 0c34 24       		.byte	0x24
 3205 0c35 1F       		.uleb128 0x1f
 3206 0c36 01       		.byte	0x1
 3207 0c37 51       		.byte	0x51
 3208 0c38 01       		.byte	0x1
 3209 0c39 31       		.byte	0x31
 3210 0c3a 00       		.byte	0
 3211 0c3b 23       		.uleb128 0x23
 3212 0c3c 3E000000 		.4byte	.LVL6
 3213 0c40 01       		.byte	0x1
 3214 0c41 59030000 		.4byte	0x359
 3215 0c45 21       		.uleb128 0x21
 3216 0c46 4E000000 		.4byte	.LVL8
 3217 0c4a 59030000 		.4byte	0x359
 3218 0c4e 5F0C0000 		.4byte	0xc5f
 3219 0c52 1F       		.uleb128 0x1f
 3220 0c53 01       		.byte	0x1
 3221 0c54 50       		.byte	0x50
 3222 0c55 03       		.byte	0x3
 3223 0c56 40       		.byte	0x40
 3224 0c57 3E       		.byte	0x3e
 3225 0c58 24       		.byte	0x24
 3226 0c59 1F       		.uleb128 0x1f
 3227 0c5a 01       		.byte	0x1
 3228 0c5b 51       		.byte	0x51
 3229 0c5c 01       		.byte	0x1
 3230 0c5d 31       		.byte	0x31
 3231 0c5e 00       		.byte	0
 3232 0c5f 21       		.uleb128 0x21
 3233 0c60 66000000 		.4byte	.LVL11
 3234 0c64 59030000 		.4byte	0x359
 3235 0c68 790C0000 		.4byte	0xc79
 3236 0c6c 1F       		.uleb128 0x1f
 3237 0c6d 01       		.byte	0x1
 3238 0c6e 50       		.byte	0x50
 3239 0c6f 03       		.byte	0x3
 3240 0c70 40       		.byte	0x40
ARM GAS  /tmp/cc7usaPi.s 			page 78


 3241 0c71 3F       		.byte	0x3f
 3242 0c72 24       		.byte	0x24
 3243 0c73 1F       		.uleb128 0x1f
 3244 0c74 01       		.byte	0x1
 3245 0c75 51       		.byte	0x51
 3246 0c76 01       		.byte	0x1
 3247 0c77 31       		.byte	0x31
 3248 0c78 00       		.byte	0
 3249 0c79 1E       		.uleb128 0x1e
 3250 0c7a 7E000000 		.4byte	.LVL14
 3251 0c7e 59030000 		.4byte	0x359
 3252 0c82 1F       		.uleb128 0x1f
 3253 0c83 01       		.byte	0x1
 3254 0c84 50       		.byte	0x50
 3255 0c85 03       		.byte	0x3
 3256 0c86 40       		.byte	0x40
 3257 0c87 40       		.byte	0x40
 3258 0c88 24       		.byte	0x24
 3259 0c89 1F       		.uleb128 0x1f
 3260 0c8a 01       		.byte	0x1
 3261 0c8b 51       		.byte	0x51
 3262 0c8c 01       		.byte	0x1
 3263 0c8d 31       		.byte	0x31
 3264 0c8e 00       		.byte	0
 3265 0c8f 00       		.byte	0
 3266 0c90 00       		.byte	0
 3267              		.section	.debug_abbrev,"",%progbits
 3268              	.Ldebug_abbrev0:
 3269 0000 01       		.uleb128 0x1
 3270 0001 11       		.uleb128 0x11
 3271 0002 01       		.byte	0x1
 3272 0003 25       		.uleb128 0x25
 3273 0004 0E       		.uleb128 0xe
 3274 0005 13       		.uleb128 0x13
 3275 0006 0B       		.uleb128 0xb
 3276 0007 03       		.uleb128 0x3
 3277 0008 0E       		.uleb128 0xe
 3278 0009 1B       		.uleb128 0x1b
 3279 000a 0E       		.uleb128 0xe
 3280 000b 11       		.uleb128 0x11
 3281 000c 01       		.uleb128 0x1
 3282 000d 12       		.uleb128 0x12
 3283 000e 01       		.uleb128 0x1
 3284 000f 10       		.uleb128 0x10
 3285 0010 06       		.uleb128 0x6
 3286 0011 00       		.byte	0
 3287 0012 00       		.byte	0
 3288 0013 02       		.uleb128 0x2
 3289 0014 24       		.uleb128 0x24
 3290 0015 00       		.byte	0
 3291 0016 0B       		.uleb128 0xb
 3292 0017 0B       		.uleb128 0xb
 3293 0018 3E       		.uleb128 0x3e
 3294 0019 0B       		.uleb128 0xb
 3295 001a 03       		.uleb128 0x3
 3296 001b 0E       		.uleb128 0xe
 3297 001c 00       		.byte	0
ARM GAS  /tmp/cc7usaPi.s 			page 79


 3298 001d 00       		.byte	0
 3299 001e 03       		.uleb128 0x3
 3300 001f 16       		.uleb128 0x16
 3301 0020 00       		.byte	0
 3302 0021 03       		.uleb128 0x3
 3303 0022 0E       		.uleb128 0xe
 3304 0023 3A       		.uleb128 0x3a
 3305 0024 0B       		.uleb128 0xb
 3306 0025 3B       		.uleb128 0x3b
 3307 0026 0B       		.uleb128 0xb
 3308 0027 39       		.uleb128 0x39
 3309 0028 0B       		.uleb128 0xb
 3310 0029 49       		.uleb128 0x49
 3311 002a 13       		.uleb128 0x13
 3312 002b 00       		.byte	0
 3313 002c 00       		.byte	0
 3314 002d 04       		.uleb128 0x4
 3315 002e 24       		.uleb128 0x24
 3316 002f 00       		.byte	0
 3317 0030 0B       		.uleb128 0xb
 3318 0031 0B       		.uleb128 0xb
 3319 0032 3E       		.uleb128 0x3e
 3320 0033 0B       		.uleb128 0xb
 3321 0034 03       		.uleb128 0x3
 3322 0035 08       		.uleb128 0x8
 3323 0036 00       		.byte	0
 3324 0037 00       		.byte	0
 3325 0038 05       		.uleb128 0x5
 3326 0039 35       		.uleb128 0x35
 3327 003a 00       		.byte	0
 3328 003b 49       		.uleb128 0x49
 3329 003c 13       		.uleb128 0x13
 3330 003d 00       		.byte	0
 3331 003e 00       		.byte	0
 3332 003f 06       		.uleb128 0x6
 3333 0040 16       		.uleb128 0x16
 3334 0041 00       		.byte	0
 3335 0042 03       		.uleb128 0x3
 3336 0043 08       		.uleb128 0x8
 3337 0044 3A       		.uleb128 0x3a
 3338 0045 0B       		.uleb128 0xb
 3339 0046 3B       		.uleb128 0x3b
 3340 0047 05       		.uleb128 0x5
 3341 0048 39       		.uleb128 0x39
 3342 0049 0B       		.uleb128 0xb
 3343 004a 49       		.uleb128 0x49
 3344 004b 13       		.uleb128 0x13
 3345 004c 00       		.byte	0
 3346 004d 00       		.byte	0
 3347 004e 07       		.uleb128 0x7
 3348 004f 04       		.uleb128 0x4
 3349 0050 01       		.byte	0x1
 3350 0051 3E       		.uleb128 0x3e
 3351 0052 0B       		.uleb128 0xb
 3352 0053 0B       		.uleb128 0xb
 3353 0054 0B       		.uleb128 0xb
 3354 0055 49       		.uleb128 0x49
ARM GAS  /tmp/cc7usaPi.s 			page 80


 3355 0056 13       		.uleb128 0x13
 3356 0057 3A       		.uleb128 0x3a
 3357 0058 0B       		.uleb128 0xb
 3358 0059 3B       		.uleb128 0x3b
 3359 005a 05       		.uleb128 0x5
 3360 005b 39       		.uleb128 0x39
 3361 005c 0B       		.uleb128 0xb
 3362 005d 01       		.uleb128 0x1
 3363 005e 13       		.uleb128 0x13
 3364 005f 00       		.byte	0
 3365 0060 00       		.byte	0
 3366 0061 08       		.uleb128 0x8
 3367 0062 28       		.uleb128 0x28
 3368 0063 00       		.byte	0
 3369 0064 03       		.uleb128 0x3
 3370 0065 0E       		.uleb128 0xe
 3371 0066 1C       		.uleb128 0x1c
 3372 0067 0B       		.uleb128 0xb
 3373 0068 00       		.byte	0
 3374 0069 00       		.byte	0
 3375 006a 09       		.uleb128 0x9
 3376 006b 28       		.uleb128 0x28
 3377 006c 00       		.byte	0
 3378 006d 03       		.uleb128 0x3
 3379 006e 08       		.uleb128 0x8
 3380 006f 1C       		.uleb128 0x1c
 3381 0070 0B       		.uleb128 0xb
 3382 0071 00       		.byte	0
 3383 0072 00       		.byte	0
 3384 0073 0A       		.uleb128 0xa
 3385 0074 16       		.uleb128 0x16
 3386 0075 00       		.byte	0
 3387 0076 03       		.uleb128 0x3
 3388 0077 0E       		.uleb128 0xe
 3389 0078 3A       		.uleb128 0x3a
 3390 0079 0B       		.uleb128 0xb
 3391 007a 3B       		.uleb128 0x3b
 3392 007b 05       		.uleb128 0x5
 3393 007c 39       		.uleb128 0x39
 3394 007d 0B       		.uleb128 0xb
 3395 007e 49       		.uleb128 0x49
 3396 007f 13       		.uleb128 0x13
 3397 0080 00       		.byte	0
 3398 0081 00       		.byte	0
 3399 0082 0B       		.uleb128 0xb
 3400 0083 13       		.uleb128 0x13
 3401 0084 01       		.byte	0x1
 3402 0085 0B       		.uleb128 0xb
 3403 0086 0B       		.uleb128 0xb
 3404 0087 3A       		.uleb128 0x3a
 3405 0088 0B       		.uleb128 0xb
 3406 0089 3B       		.uleb128 0x3b
 3407 008a 05       		.uleb128 0x5
 3408 008b 39       		.uleb128 0x39
 3409 008c 0B       		.uleb128 0xb
 3410 008d 01       		.uleb128 0x1
 3411 008e 13       		.uleb128 0x13
ARM GAS  /tmp/cc7usaPi.s 			page 81


 3412 008f 00       		.byte	0
 3413 0090 00       		.byte	0
 3414 0091 0C       		.uleb128 0xc
 3415 0092 0D       		.uleb128 0xd
 3416 0093 00       		.byte	0
 3417 0094 03       		.uleb128 0x3
 3418 0095 08       		.uleb128 0x8
 3419 0096 3A       		.uleb128 0x3a
 3420 0097 0B       		.uleb128 0xb
 3421 0098 3B       		.uleb128 0x3b
 3422 0099 05       		.uleb128 0x5
 3423 009a 39       		.uleb128 0x39
 3424 009b 0B       		.uleb128 0xb
 3425 009c 49       		.uleb128 0x49
 3426 009d 13       		.uleb128 0x13
 3427 009e 38       		.uleb128 0x38
 3428 009f 0A       		.uleb128 0xa
 3429 00a0 00       		.byte	0
 3430 00a1 00       		.byte	0
 3431 00a2 0D       		.uleb128 0xd
 3432 00a3 0D       		.uleb128 0xd
 3433 00a4 00       		.byte	0
 3434 00a5 03       		.uleb128 0x3
 3435 00a6 0E       		.uleb128 0xe
 3436 00a7 3A       		.uleb128 0x3a
 3437 00a8 0B       		.uleb128 0xb
 3438 00a9 3B       		.uleb128 0x3b
 3439 00aa 05       		.uleb128 0x5
 3440 00ab 39       		.uleb128 0x39
 3441 00ac 0B       		.uleb128 0xb
 3442 00ad 49       		.uleb128 0x49
 3443 00ae 13       		.uleb128 0x13
 3444 00af 38       		.uleb128 0x38
 3445 00b0 0A       		.uleb128 0xa
 3446 00b1 00       		.byte	0
 3447 00b2 00       		.byte	0
 3448 00b3 0E       		.uleb128 0xe
 3449 00b4 13       		.uleb128 0x13
 3450 00b5 01       		.byte	0x1
 3451 00b6 0B       		.uleb128 0xb
 3452 00b7 0B       		.uleb128 0xb
 3453 00b8 3A       		.uleb128 0x3a
 3454 00b9 0B       		.uleb128 0xb
 3455 00ba 3B       		.uleb128 0x3b
 3456 00bb 0B       		.uleb128 0xb
 3457 00bc 39       		.uleb128 0x39
 3458 00bd 0B       		.uleb128 0xb
 3459 00be 01       		.uleb128 0x1
 3460 00bf 13       		.uleb128 0x13
 3461 00c0 00       		.byte	0
 3462 00c1 00       		.byte	0
 3463 00c2 0F       		.uleb128 0xf
 3464 00c3 0D       		.uleb128 0xd
 3465 00c4 00       		.byte	0
 3466 00c5 03       		.uleb128 0x3
 3467 00c6 0E       		.uleb128 0xe
 3468 00c7 3A       		.uleb128 0x3a
ARM GAS  /tmp/cc7usaPi.s 			page 82


 3469 00c8 0B       		.uleb128 0xb
 3470 00c9 3B       		.uleb128 0x3b
 3471 00ca 0B       		.uleb128 0xb
 3472 00cb 39       		.uleb128 0x39
 3473 00cc 0B       		.uleb128 0xb
 3474 00cd 49       		.uleb128 0x49
 3475 00ce 13       		.uleb128 0x13
 3476 00cf 38       		.uleb128 0x38
 3477 00d0 0A       		.uleb128 0xa
 3478 00d1 00       		.byte	0
 3479 00d2 00       		.byte	0
 3480 00d3 10       		.uleb128 0x10
 3481 00d4 2E       		.uleb128 0x2e
 3482 00d5 01       		.byte	0x1
 3483 00d6 3F       		.uleb128 0x3f
 3484 00d7 0C       		.uleb128 0xc
 3485 00d8 03       		.uleb128 0x3
 3486 00d9 0E       		.uleb128 0xe
 3487 00da 3A       		.uleb128 0x3a
 3488 00db 0B       		.uleb128 0xb
 3489 00dc 3B       		.uleb128 0x3b
 3490 00dd 05       		.uleb128 0x5
 3491 00de 39       		.uleb128 0x39
 3492 00df 0B       		.uleb128 0xb
 3493 00e0 27       		.uleb128 0x27
 3494 00e1 0C       		.uleb128 0xc
 3495 00e2 3C       		.uleb128 0x3c
 3496 00e3 0C       		.uleb128 0xc
 3497 00e4 01       		.uleb128 0x1
 3498 00e5 13       		.uleb128 0x13
 3499 00e6 00       		.byte	0
 3500 00e7 00       		.byte	0
 3501 00e8 11       		.uleb128 0x11
 3502 00e9 05       		.uleb128 0x5
 3503 00ea 00       		.byte	0
 3504 00eb 49       		.uleb128 0x49
 3505 00ec 13       		.uleb128 0x13
 3506 00ed 00       		.byte	0
 3507 00ee 00       		.byte	0
 3508 00ef 12       		.uleb128 0x12
 3509 00f0 0F       		.uleb128 0xf
 3510 00f1 00       		.byte	0
 3511 00f2 0B       		.uleb128 0xb
 3512 00f3 0B       		.uleb128 0xb
 3513 00f4 49       		.uleb128 0x49
 3514 00f5 13       		.uleb128 0x13
 3515 00f6 00       		.byte	0
 3516 00f7 00       		.byte	0
 3517 00f8 13       		.uleb128 0x13
 3518 00f9 2E       		.uleb128 0x2e
 3519 00fa 01       		.byte	0x1
 3520 00fb 3F       		.uleb128 0x3f
 3521 00fc 0C       		.uleb128 0xc
 3522 00fd 03       		.uleb128 0x3
 3523 00fe 0E       		.uleb128 0xe
 3524 00ff 3A       		.uleb128 0x3a
 3525 0100 0B       		.uleb128 0xb
ARM GAS  /tmp/cc7usaPi.s 			page 83


 3526 0101 3B       		.uleb128 0x3b
 3527 0102 05       		.uleb128 0x5
 3528 0103 39       		.uleb128 0x39
 3529 0104 0B       		.uleb128 0xb
 3530 0105 27       		.uleb128 0x27
 3531 0106 0C       		.uleb128 0xc
 3532 0107 11       		.uleb128 0x11
 3533 0108 01       		.uleb128 0x1
 3534 0109 12       		.uleb128 0x12
 3535 010a 01       		.uleb128 0x1
 3536 010b 40       		.uleb128 0x40
 3537 010c 0A       		.uleb128 0xa
 3538 010d 9742     		.uleb128 0x2117
 3539 010f 0C       		.uleb128 0xc
 3540 0110 01       		.uleb128 0x1
 3541 0111 13       		.uleb128 0x13
 3542 0112 00       		.byte	0
 3543 0113 00       		.byte	0
 3544 0114 14       		.uleb128 0x14
 3545 0115 05       		.uleb128 0x5
 3546 0116 00       		.byte	0
 3547 0117 03       		.uleb128 0x3
 3548 0118 0E       		.uleb128 0xe
 3549 0119 3A       		.uleb128 0x3a
 3550 011a 0B       		.uleb128 0xb
 3551 011b 3B       		.uleb128 0x3b
 3552 011c 05       		.uleb128 0x5
 3553 011d 39       		.uleb128 0x39
 3554 011e 0B       		.uleb128 0xb
 3555 011f 49       		.uleb128 0x49
 3556 0120 13       		.uleb128 0x13
 3557 0121 02       		.uleb128 0x2
 3558 0122 0A       		.uleb128 0xa
 3559 0123 00       		.byte	0
 3560 0124 00       		.byte	0
 3561 0125 15       		.uleb128 0x15
 3562 0126 05       		.uleb128 0x5
 3563 0127 00       		.byte	0
 3564 0128 03       		.uleb128 0x3
 3565 0129 0E       		.uleb128 0xe
 3566 012a 3A       		.uleb128 0x3a
 3567 012b 0B       		.uleb128 0xb
 3568 012c 3B       		.uleb128 0x3b
 3569 012d 05       		.uleb128 0x5
 3570 012e 39       		.uleb128 0x39
 3571 012f 0B       		.uleb128 0xb
 3572 0130 49       		.uleb128 0x49
 3573 0131 13       		.uleb128 0x13
 3574 0132 02       		.uleb128 0x2
 3575 0133 06       		.uleb128 0x6
 3576 0134 B742     		.uleb128 0x2137
 3577 0136 06       		.uleb128 0x6
 3578 0137 00       		.byte	0
 3579 0138 00       		.byte	0
 3580 0139 16       		.uleb128 0x16
 3581 013a 34       		.uleb128 0x34
 3582 013b 00       		.byte	0
ARM GAS  /tmp/cc7usaPi.s 			page 84


 3583 013c 03       		.uleb128 0x3
 3584 013d 0E       		.uleb128 0xe
 3585 013e 3A       		.uleb128 0x3a
 3586 013f 0B       		.uleb128 0xb
 3587 0140 3B       		.uleb128 0x3b
 3588 0141 05       		.uleb128 0x5
 3589 0142 39       		.uleb128 0x39
 3590 0143 0B       		.uleb128 0xb
 3591 0144 49       		.uleb128 0x49
 3592 0145 13       		.uleb128 0x13
 3593 0146 02       		.uleb128 0x2
 3594 0147 06       		.uleb128 0x6
 3595 0148 B742     		.uleb128 0x2137
 3596 014a 06       		.uleb128 0x6
 3597 014b 00       		.byte	0
 3598 014c 00       		.byte	0
 3599 014d 17       		.uleb128 0x17
 3600 014e 2E       		.uleb128 0x2e
 3601 014f 01       		.byte	0x1
 3602 0150 3F       		.uleb128 0x3f
 3603 0151 0C       		.uleb128 0xc
 3604 0152 03       		.uleb128 0x3
 3605 0153 0E       		.uleb128 0xe
 3606 0154 3A       		.uleb128 0x3a
 3607 0155 0B       		.uleb128 0xb
 3608 0156 3B       		.uleb128 0x3b
 3609 0157 05       		.uleb128 0x5
 3610 0158 39       		.uleb128 0x39
 3611 0159 0B       		.uleb128 0xb
 3612 015a 27       		.uleb128 0x27
 3613 015b 0C       		.uleb128 0xc
 3614 015c 49       		.uleb128 0x49
 3615 015d 13       		.uleb128 0x13
 3616 015e 11       		.uleb128 0x11
 3617 015f 01       		.uleb128 0x1
 3618 0160 12       		.uleb128 0x12
 3619 0161 01       		.uleb128 0x1
 3620 0162 40       		.uleb128 0x40
 3621 0163 06       		.uleb128 0x6
 3622 0164 9742     		.uleb128 0x2117
 3623 0166 0C       		.uleb128 0xc
 3624 0167 01       		.uleb128 0x1
 3625 0168 13       		.uleb128 0x13
 3626 0169 00       		.byte	0
 3627 016a 00       		.byte	0
 3628 016b 18       		.uleb128 0x18
 3629 016c 2E       		.uleb128 0x2e
 3630 016d 01       		.byte	0x1
 3631 016e 3F       		.uleb128 0x3f
 3632 016f 0C       		.uleb128 0xc
 3633 0170 03       		.uleb128 0x3
 3634 0171 0E       		.uleb128 0xe
 3635 0172 3A       		.uleb128 0x3a
 3636 0173 0B       		.uleb128 0xb
 3637 0174 3B       		.uleb128 0x3b
 3638 0175 05       		.uleb128 0x5
 3639 0176 39       		.uleb128 0x39
ARM GAS  /tmp/cc7usaPi.s 			page 85


 3640 0177 0B       		.uleb128 0xb
 3641 0178 27       		.uleb128 0x27
 3642 0179 0C       		.uleb128 0xc
 3643 017a 49       		.uleb128 0x49
 3644 017b 13       		.uleb128 0x13
 3645 017c 11       		.uleb128 0x11
 3646 017d 01       		.uleb128 0x1
 3647 017e 12       		.uleb128 0x12
 3648 017f 01       		.uleb128 0x1
 3649 0180 40       		.uleb128 0x40
 3650 0181 0A       		.uleb128 0xa
 3651 0182 9742     		.uleb128 0x2117
 3652 0184 0C       		.uleb128 0xc
 3653 0185 01       		.uleb128 0x1
 3654 0186 13       		.uleb128 0x13
 3655 0187 00       		.byte	0
 3656 0188 00       		.byte	0
 3657 0189 19       		.uleb128 0x19
 3658 018a 2E       		.uleb128 0x2e
 3659 018b 01       		.byte	0x1
 3660 018c 3F       		.uleb128 0x3f
 3661 018d 0C       		.uleb128 0xc
 3662 018e 03       		.uleb128 0x3
 3663 018f 0E       		.uleb128 0xe
 3664 0190 3A       		.uleb128 0x3a
 3665 0191 0B       		.uleb128 0xb
 3666 0192 3B       		.uleb128 0x3b
 3667 0193 05       		.uleb128 0x5
 3668 0194 39       		.uleb128 0x39
 3669 0195 0B       		.uleb128 0xb
 3670 0196 27       		.uleb128 0x27
 3671 0197 0C       		.uleb128 0xc
 3672 0198 11       		.uleb128 0x11
 3673 0199 01       		.uleb128 0x1
 3674 019a 12       		.uleb128 0x12
 3675 019b 01       		.uleb128 0x1
 3676 019c 40       		.uleb128 0x40
 3677 019d 06       		.uleb128 0x6
 3678 019e 9742     		.uleb128 0x2117
 3679 01a0 0C       		.uleb128 0xc
 3680 01a1 01       		.uleb128 0x1
 3681 01a2 13       		.uleb128 0x13
 3682 01a3 00       		.byte	0
 3683 01a4 00       		.byte	0
 3684 01a5 1A       		.uleb128 0x1a
 3685 01a6 2E       		.uleb128 0x2e
 3686 01a7 01       		.byte	0x1
 3687 01a8 3F       		.uleb128 0x3f
 3688 01a9 0C       		.uleb128 0xc
 3689 01aa 03       		.uleb128 0x3
 3690 01ab 0E       		.uleb128 0xe
 3691 01ac 3A       		.uleb128 0x3a
 3692 01ad 0B       		.uleb128 0xb
 3693 01ae 3B       		.uleb128 0x3b
 3694 01af 0B       		.uleb128 0xb
 3695 01b0 39       		.uleb128 0x39
 3696 01b1 0B       		.uleb128 0xb
ARM GAS  /tmp/cc7usaPi.s 			page 86


 3697 01b2 27       		.uleb128 0x27
 3698 01b3 0C       		.uleb128 0xc
 3699 01b4 11       		.uleb128 0x11
 3700 01b5 01       		.uleb128 0x1
 3701 01b6 12       		.uleb128 0x12
 3702 01b7 01       		.uleb128 0x1
 3703 01b8 40       		.uleb128 0x40
 3704 01b9 06       		.uleb128 0x6
 3705 01ba 9742     		.uleb128 0x2117
 3706 01bc 0C       		.uleb128 0xc
 3707 01bd 01       		.uleb128 0x1
 3708 01be 13       		.uleb128 0x13
 3709 01bf 00       		.byte	0
 3710 01c0 00       		.byte	0
 3711 01c1 1B       		.uleb128 0x1b
 3712 01c2 05       		.uleb128 0x5
 3713 01c3 00       		.byte	0
 3714 01c4 03       		.uleb128 0x3
 3715 01c5 0E       		.uleb128 0xe
 3716 01c6 3A       		.uleb128 0x3a
 3717 01c7 0B       		.uleb128 0xb
 3718 01c8 3B       		.uleb128 0x3b
 3719 01c9 0B       		.uleb128 0xb
 3720 01ca 39       		.uleb128 0x39
 3721 01cb 0B       		.uleb128 0xb
 3722 01cc 49       		.uleb128 0x49
 3723 01cd 13       		.uleb128 0x13
 3724 01ce 02       		.uleb128 0x2
 3725 01cf 06       		.uleb128 0x6
 3726 01d0 B742     		.uleb128 0x2137
 3727 01d2 06       		.uleb128 0x6
 3728 01d3 00       		.byte	0
 3729 01d4 00       		.byte	0
 3730 01d5 1C       		.uleb128 0x1c
 3731 01d6 34       		.uleb128 0x34
 3732 01d7 00       		.byte	0
 3733 01d8 03       		.uleb128 0x3
 3734 01d9 0E       		.uleb128 0xe
 3735 01da 3A       		.uleb128 0x3a
 3736 01db 0B       		.uleb128 0xb
 3737 01dc 3B       		.uleb128 0x3b
 3738 01dd 0B       		.uleb128 0xb
 3739 01de 39       		.uleb128 0x39
 3740 01df 0B       		.uleb128 0xb
 3741 01e0 49       		.uleb128 0x49
 3742 01e1 13       		.uleb128 0x13
 3743 01e2 02       		.uleb128 0x2
 3744 01e3 06       		.uleb128 0x6
 3745 01e4 B742     		.uleb128 0x2137
 3746 01e6 06       		.uleb128 0x6
 3747 01e7 00       		.byte	0
 3748 01e8 00       		.byte	0
 3749 01e9 1D       		.uleb128 0x1d
 3750 01ea 34       		.uleb128 0x34
 3751 01eb 00       		.byte	0
 3752 01ec 03       		.uleb128 0x3
 3753 01ed 0E       		.uleb128 0xe
ARM GAS  /tmp/cc7usaPi.s 			page 87


 3754 01ee 3A       		.uleb128 0x3a
 3755 01ef 0B       		.uleb128 0xb
 3756 01f0 3B       		.uleb128 0x3b
 3757 01f1 0B       		.uleb128 0xb
 3758 01f2 39       		.uleb128 0x39
 3759 01f3 0B       		.uleb128 0xb
 3760 01f4 49       		.uleb128 0x49
 3761 01f5 13       		.uleb128 0x13
 3762 01f6 02       		.uleb128 0x2
 3763 01f7 0A       		.uleb128 0xa
 3764 01f8 00       		.byte	0
 3765 01f9 00       		.byte	0
 3766 01fa 1E       		.uleb128 0x1e
 3767 01fb 898201   		.uleb128 0x4109
 3768 01fe 01       		.byte	0x1
 3769 01ff 11       		.uleb128 0x11
 3770 0200 01       		.uleb128 0x1
 3771 0201 31       		.uleb128 0x31
 3772 0202 13       		.uleb128 0x13
 3773 0203 00       		.byte	0
 3774 0204 00       		.byte	0
 3775 0205 1F       		.uleb128 0x1f
 3776 0206 8A8201   		.uleb128 0x410a
 3777 0209 00       		.byte	0
 3778 020a 02       		.uleb128 0x2
 3779 020b 0A       		.uleb128 0xa
 3780 020c 9142     		.uleb128 0x2111
 3781 020e 0A       		.uleb128 0xa
 3782 020f 00       		.byte	0
 3783 0210 00       		.byte	0
 3784 0211 20       		.uleb128 0x20
 3785 0212 2E       		.uleb128 0x2e
 3786 0213 01       		.byte	0x1
 3787 0214 3F       		.uleb128 0x3f
 3788 0215 0C       		.uleb128 0xc
 3789 0216 03       		.uleb128 0x3
 3790 0217 0E       		.uleb128 0xe
 3791 0218 3A       		.uleb128 0x3a
 3792 0219 0B       		.uleb128 0xb
 3793 021a 3B       		.uleb128 0x3b
 3794 021b 0B       		.uleb128 0xb
 3795 021c 39       		.uleb128 0x39
 3796 021d 0B       		.uleb128 0xb
 3797 021e 27       		.uleb128 0x27
 3798 021f 0C       		.uleb128 0xc
 3799 0220 11       		.uleb128 0x11
 3800 0221 01       		.uleb128 0x1
 3801 0222 12       		.uleb128 0x12
 3802 0223 01       		.uleb128 0x1
 3803 0224 40       		.uleb128 0x40
 3804 0225 06       		.uleb128 0x6
 3805 0226 9742     		.uleb128 0x2117
 3806 0228 0C       		.uleb128 0xc
 3807 0229 00       		.byte	0
 3808 022a 00       		.byte	0
 3809 022b 21       		.uleb128 0x21
 3810 022c 898201   		.uleb128 0x4109
ARM GAS  /tmp/cc7usaPi.s 			page 88


 3811 022f 01       		.byte	0x1
 3812 0230 11       		.uleb128 0x11
 3813 0231 01       		.uleb128 0x1
 3814 0232 31       		.uleb128 0x31
 3815 0233 13       		.uleb128 0x13
 3816 0234 01       		.uleb128 0x1
 3817 0235 13       		.uleb128 0x13
 3818 0236 00       		.byte	0
 3819 0237 00       		.byte	0
 3820 0238 22       		.uleb128 0x22
 3821 0239 898201   		.uleb128 0x4109
 3822 023c 01       		.byte	0x1
 3823 023d 11       		.uleb128 0x11
 3824 023e 01       		.uleb128 0x1
 3825 023f 9542     		.uleb128 0x2115
 3826 0241 0C       		.uleb128 0xc
 3827 0242 31       		.uleb128 0x31
 3828 0243 13       		.uleb128 0x13
 3829 0244 01       		.uleb128 0x1
 3830 0245 13       		.uleb128 0x13
 3831 0246 00       		.byte	0
 3832 0247 00       		.byte	0
 3833 0248 23       		.uleb128 0x23
 3834 0249 898201   		.uleb128 0x4109
 3835 024c 00       		.byte	0
 3836 024d 11       		.uleb128 0x11
 3837 024e 01       		.uleb128 0x1
 3838 024f 9542     		.uleb128 0x2115
 3839 0251 0C       		.uleb128 0xc
 3840 0252 31       		.uleb128 0x31
 3841 0253 13       		.uleb128 0x13
 3842 0254 00       		.byte	0
 3843 0255 00       		.byte	0
 3844 0256 00       		.byte	0
 3845              		.section	.debug_loc,"",%progbits
 3846              	.Ldebug_loc0:
 3847              	.LVUS35:
 3848 0000 00       		.uleb128 0
 3849 0001 00       		.uleb128 .LVU459
 3850 0002 00       		.uleb128 .LVU459
 3851 0003 00       		.uleb128 0
 3852              	.LLST35:
 3853 0004 22030000 		.4byte	.LVL97-.Ltext0
 3854 0008 26030000 		.4byte	.LVL98-.Ltext0
 3855 000c 0100     		.2byte	0x1
 3856 000e 51       		.byte	0x51
 3857 000f 26030000 		.4byte	.LVL98-.Ltext0
 3858 0013 2E030000 		.4byte	.LFE57-.Ltext0
 3859 0017 0A00     		.2byte	0xa
 3860 0019 F3       		.byte	0xf3
 3861 001a 03       		.uleb128 0x3
 3862 001b F5       		.byte	0xf5
 3863 001c 01       		.uleb128 0x1
 3864 001d 25       		.uleb128 0x25
 3865 001e F7       		.byte	0xf7
 3866 001f 33       		.uleb128 0x33
 3867 0020 F7       		.byte	0xf7
ARM GAS  /tmp/cc7usaPi.s 			page 89


 3868 0021 00       		.uleb128 0
 3869 0022 9F       		.byte	0x9f
 3870 0023 00000000 		.4byte	0
 3871 0027 00000000 		.4byte	0
 3872              	.LVUS36:
 3873 002b 02       		.uleb128 .LVU450
 3874 002c 07       		.uleb128 .LVU455
 3875 002d 07       		.uleb128 .LVU455
 3876 002e 00       		.uleb128 .LVU459
 3877 002f 00       		.uleb128 .LVU459
 3878 0030 00       		.uleb128 0
 3879              	.LLST36:
 3880 0031 22030000 		.4byte	.LVL97-.Ltext0
 3881 0035 22030000 		.4byte	.LVL97-.Ltext0
 3882 0039 0200     		.2byte	0x2
 3883 003b 30       		.byte	0x30
 3884 003c 9F       		.byte	0x9f
 3885 003d 22030000 		.4byte	.LVL97-.Ltext0
 3886 0041 26030000 		.4byte	.LVL98-.Ltext0
 3887 0045 0500     		.2byte	0x5
 3888 0047 71       		.byte	0x71
 3889 0048 00       		.sleb128 0
 3890 0049 38       		.byte	0x38
 3891 004a 25       		.byte	0x25
 3892 004b 9F       		.byte	0x9f
 3893 004c 26030000 		.4byte	.LVL98-.Ltext0
 3894 0050 2E030000 		.4byte	.LFE57-.Ltext0
 3895 0054 0C00     		.2byte	0xc
 3896 0056 F3       		.byte	0xf3
 3897 0057 03       		.uleb128 0x3
 3898 0058 F5       		.byte	0xf5
 3899 0059 01       		.uleb128 0x1
 3900 005a 25       		.uleb128 0x25
 3901 005b F7       		.byte	0xf7
 3902 005c 33       		.uleb128 0x33
 3903 005d F7       		.byte	0xf7
 3904 005e 00       		.uleb128 0
 3905 005f 38       		.byte	0x38
 3906 0060 25       		.byte	0x25
 3907 0061 9F       		.byte	0x9f
 3908 0062 00000000 		.4byte	0
 3909 0066 00000000 		.4byte	0
 3910              	.LVUS37:
 3911 006a 02       		.uleb128 .LVU450
 3912 006b 08       		.uleb128 .LVU456
 3913 006c 08       		.uleb128 .LVU456
 3914 006d 00       		.uleb128 .LVU459
 3915 006e 00       		.uleb128 .LVU459
 3916 006f 00       		.uleb128 0
 3917              	.LLST37:
 3918 0070 22030000 		.4byte	.LVL97-.Ltext0
 3919 0074 22030000 		.4byte	.LVL97-.Ltext0
 3920 0078 0200     		.2byte	0x2
 3921 007a 30       		.byte	0x30
 3922 007b 9F       		.byte	0x9f
 3923 007c 22030000 		.4byte	.LVL97-.Ltext0
 3924 0080 26030000 		.4byte	.LVL98-.Ltext0
ARM GAS  /tmp/cc7usaPi.s 			page 90


 3925 0084 0700     		.2byte	0x7
 3926 0086 31       		.byte	0x31
 3927 0087 71       		.byte	0x71
 3928 0088 00       		.sleb128 0
 3929 0089 38       		.byte	0x38
 3930 008a 25       		.byte	0x25
 3931 008b 24       		.byte	0x24
 3932 008c 9F       		.byte	0x9f
 3933 008d 26030000 		.4byte	.LVL98-.Ltext0
 3934 0091 2E030000 		.4byte	.LFE57-.Ltext0
 3935 0095 0E00     		.2byte	0xe
 3936 0097 31       		.byte	0x31
 3937 0098 F3       		.byte	0xf3
 3938 0099 03       		.uleb128 0x3
 3939 009a F5       		.byte	0xf5
 3940 009b 01       		.uleb128 0x1
 3941 009c 25       		.uleb128 0x25
 3942 009d F7       		.byte	0xf7
 3943 009e 33       		.uleb128 0x33
 3944 009f F7       		.byte	0xf7
 3945 00a0 00       		.uleb128 0
 3946 00a1 38       		.byte	0x38
 3947 00a2 25       		.byte	0x25
 3948 00a3 24       		.byte	0x24
 3949 00a4 9F       		.byte	0x9f
 3950 00a5 00000000 		.4byte	0
 3951 00a9 00000000 		.4byte	0
 3952              	.LLST28:
 3953 00ad E8020000 		.4byte	.LFB56-.Ltext0
 3954 00b1 F0020000 		.4byte	.LCFI10-.Ltext0
 3955 00b5 0200     		.2byte	0x2
 3956 00b7 7D       		.byte	0x7d
 3957 00b8 00       		.sleb128 0
 3958 00b9 F0020000 		.4byte	.LCFI10-.Ltext0
 3959 00bd 22030000 		.4byte	.LFE56-.Ltext0
 3960 00c1 0200     		.2byte	0x2
 3961 00c3 7D       		.byte	0x7d
 3962 00c4 08       		.sleb128 8
 3963 00c5 00000000 		.4byte	0
 3964 00c9 00000000 		.4byte	0
 3965              	.LVUS29:
 3966 00cd 00       		.uleb128 0
 3967 00ce 00       		.uleb128 .LVU434
 3968 00cf 00       		.uleb128 .LVU434
 3969 00d0 00       		.uleb128 .LVU442
 3970 00d1 00       		.uleb128 .LVU442
 3971 00d2 00       		.uleb128 0
 3972              	.LLST29:
 3973 00d3 E8020000 		.4byte	.LVL85-.Ltext0
 3974 00d7 04030000 		.4byte	.LVL91-.Ltext0
 3975 00db 0100     		.2byte	0x1
 3976 00dd 50       		.byte	0x50
 3977 00de 04030000 		.4byte	.LVL91-.Ltext0
 3978 00e2 18030000 		.4byte	.LVL95-.Ltext0
 3979 00e6 0A00     		.2byte	0xa
 3980 00e8 F3       		.byte	0xf3
 3981 00e9 03       		.uleb128 0x3
ARM GAS  /tmp/cc7usaPi.s 			page 91


 3982 00ea F5       		.byte	0xf5
 3983 00eb 00       		.uleb128 0
 3984 00ec 25       		.uleb128 0x25
 3985 00ed F7       		.byte	0xf7
 3986 00ee 2C       		.uleb128 0x2c
 3987 00ef F7       		.byte	0xf7
 3988 00f0 00       		.uleb128 0
 3989 00f1 9F       		.byte	0x9f
 3990 00f2 18030000 		.4byte	.LVL95-.Ltext0
 3991 00f6 22030000 		.4byte	.LFE56-.Ltext0
 3992 00fa 0100     		.2byte	0x1
 3993 00fc 50       		.byte	0x50
 3994 00fd 00000000 		.4byte	0
 3995 0101 00000000 		.4byte	0
 3996              	.LVUS30:
 3997 0105 00       		.uleb128 0
 3998 0106 00       		.uleb128 .LVU435
 3999 0107 00       		.uleb128 .LVU435
 4000 0108 00       		.uleb128 .LVU442
 4001 0109 00       		.uleb128 .LVU442
 4002 010a 00       		.uleb128 0
 4003              	.LLST30:
 4004 010b E8020000 		.4byte	.LVL85-.Ltext0
 4005 010f 06030000 		.4byte	.LVL92-.Ltext0
 4006 0113 0100     		.2byte	0x1
 4007 0115 51       		.byte	0x51
 4008 0116 06030000 		.4byte	.LVL92-.Ltext0
 4009 011a 18030000 		.4byte	.LVL95-.Ltext0
 4010 011e 0A00     		.2byte	0xa
 4011 0120 F3       		.byte	0xf3
 4012 0121 03       		.uleb128 0x3
 4013 0122 F5       		.byte	0xf5
 4014 0123 01       		.uleb128 0x1
 4015 0124 25       		.uleb128 0x25
 4016 0125 F7       		.byte	0xf7
 4017 0126 33       		.uleb128 0x33
 4018 0127 F7       		.byte	0xf7
 4019 0128 00       		.uleb128 0
 4020 0129 9F       		.byte	0x9f
 4021 012a 18030000 		.4byte	.LVL95-.Ltext0
 4022 012e 22030000 		.4byte	.LFE56-.Ltext0
 4023 0132 0100     		.2byte	0x1
 4024 0134 51       		.byte	0x51
 4025 0135 00000000 		.4byte	0
 4026 0139 00000000 		.4byte	0
 4027              	.LVUS31:
 4028 013d 02       		.uleb128 .LVU412
 4029 013e 00       		.uleb128 .LVU435
 4030 013f 00       		.uleb128 .LVU435
 4031 0140 00       		.uleb128 .LVU437
 4032 0141 00       		.uleb128 .LVU437
 4033 0142 01       		.uleb128 .LVU438
 4034 0143 01       		.uleb128 .LVU438
 4035 0144 00       		.uleb128 .LVU441
 4036 0145 00       		.uleb128 .LVU442
 4037 0146 00       		.uleb128 0
 4038              	.LLST31:
ARM GAS  /tmp/cc7usaPi.s 			page 92


 4039 0147 E8020000 		.4byte	.LVL85-.Ltext0
 4040 014b 06030000 		.4byte	.LVL92-.Ltext0
 4041 014f 0200     		.2byte	0x2
 4042 0151 30       		.byte	0x30
 4043 0152 9F       		.byte	0x9f
 4044 0153 06030000 		.4byte	.LVL92-.Ltext0
 4045 0157 08030000 		.4byte	.LVL93-.Ltext0
 4046 015b 0100     		.2byte	0x1
 4047 015d 51       		.byte	0x51
 4048 015e 08030000 		.4byte	.LVL93-.Ltext0
 4049 0162 08030000 		.4byte	.LVL93-.Ltext0
 4050 0166 0100     		.2byte	0x1
 4051 0168 52       		.byte	0x52
 4052 0169 08030000 		.4byte	.LVL93-.Ltext0
 4053 016d 0A030000 		.4byte	.LVL94-.Ltext0
 4054 0171 0A00     		.2byte	0xa
 4055 0173 70       		.byte	0x70
 4056 0174 00       		.sleb128 0
 4057 0175 0A       		.byte	0xa
 4058 0176 FFFF     		.2byte	0xffff
 4059 0178 1A       		.byte	0x1a
 4060 0179 72       		.byte	0x72
 4061 017a 00       		.sleb128 0
 4062 017b 1A       		.byte	0x1a
 4063 017c 9F       		.byte	0x9f
 4064 017d 18030000 		.4byte	.LVL95-.Ltext0
 4065 0181 22030000 		.4byte	.LFE56-.Ltext0
 4066 0185 0200     		.2byte	0x2
 4067 0187 30       		.byte	0x30
 4068 0188 9F       		.byte	0x9f
 4069 0189 00000000 		.4byte	0
 4070 018d 00000000 		.4byte	0
 4071              	.LVUS32:
 4072 0191 02       		.uleb128 .LVU412
 4073 0192 00       		.uleb128 .LVU424
 4074 0193 00       		.uleb128 .LVU424
 4075 0194 00       		.uleb128 .LVU426
 4076 0195 00       		.uleb128 .LVU426
 4077 0196 00       		.uleb128 0
 4078              	.LLST32:
 4079 0197 E8020000 		.4byte	.LVL85-.Ltext0
 4080 019b F6020000 		.4byte	.LVL87-.Ltext0
 4081 019f 0200     		.2byte	0x2
 4082 01a1 30       		.byte	0x30
 4083 01a2 9F       		.byte	0x9f
 4084 01a3 F6020000 		.4byte	.LVL87-.Ltext0
 4085 01a7 FA020000 		.4byte	.LVL88-.Ltext0
 4086 01ab 0100     		.2byte	0x1
 4087 01ad 54       		.byte	0x54
 4088 01ae FA020000 		.4byte	.LVL88-.Ltext0
 4089 01b2 22030000 		.4byte	.LFE56-.Ltext0
 4090 01b6 0100     		.2byte	0x1
 4091 01b8 53       		.byte	0x53
 4092 01b9 00000000 		.4byte	0
 4093 01bd 00000000 		.4byte	0
 4094              	.LVUS33:
 4095 01c1 02       		.uleb128 .LVU412
ARM GAS  /tmp/cc7usaPi.s 			page 93


 4096 01c2 00       		.uleb128 .LVU420
 4097 01c3 00       		.uleb128 .LVU420
 4098 01c4 00       		.uleb128 .LVU430
 4099 01c5 00       		.uleb128 .LVU430
 4100 01c6 00       		.uleb128 .LVU442
 4101 01c7 00       		.uleb128 .LVU442
 4102 01c8 00       		.uleb128 .LVU446
 4103 01c9 00       		.uleb128 .LVU446
 4104 01ca 00       		.uleb128 0
 4105              	.LLST33:
 4106 01cb E8020000 		.4byte	.LVL85-.Ltext0
 4107 01cf EE020000 		.4byte	.LVL86-.Ltext0
 4108 01d3 0200     		.2byte	0x2
 4109 01d5 30       		.byte	0x30
 4110 01d6 9F       		.byte	0x9f
 4111 01d7 EE020000 		.4byte	.LVL86-.Ltext0
 4112 01db FE020000 		.4byte	.LVL89-.Ltext0
 4113 01df 0600     		.2byte	0x6
 4114 01e1 72       		.byte	0x72
 4115 01e2 00       		.sleb128 0
 4116 01e3 08       		.byte	0x8
 4117 01e4 FF       		.byte	0xff
 4118 01e5 1A       		.byte	0x1a
 4119 01e6 9F       		.byte	0x9f
 4120 01e7 FE020000 		.4byte	.LVL89-.Ltext0
 4121 01eb 18030000 		.4byte	.LVL95-.Ltext0
 4122 01ef 0F00     		.2byte	0xf
 4123 01f1 F3       		.byte	0xf3
 4124 01f2 03       		.uleb128 0x3
 4125 01f3 F5       		.byte	0xf5
 4126 01f4 01       		.uleb128 0x1
 4127 01f5 25       		.uleb128 0x25
 4128 01f6 F7       		.byte	0xf7
 4129 01f7 2C       		.uleb128 0x2c
 4130 01f8 F7       		.byte	0xf7
 4131 01f9 00       		.uleb128 0
 4132 01fa 09       		.byte	0x9
 4133 01fb FC       		.byte	0xfc
 4134 01fc 24       		.byte	0x24
 4135 01fd 31       		.byte	0x31
 4136 01fe 25       		.byte	0x25
 4137 01ff 9F       		.byte	0x9f
 4138 0200 18030000 		.4byte	.LVL95-.Ltext0
 4139 0204 1E030000 		.4byte	.LVL96-.Ltext0
 4140 0208 0600     		.2byte	0x6
 4141 020a 72       		.byte	0x72
 4142 020b 00       		.sleb128 0
 4143 020c 08       		.byte	0x8
 4144 020d FF       		.byte	0xff
 4145 020e 1A       		.byte	0x1a
 4146 020f 9F       		.byte	0x9f
 4147 0210 1E030000 		.4byte	.LVL96-.Ltext0
 4148 0214 22030000 		.4byte	.LFE56-.Ltext0
 4149 0218 0F00     		.2byte	0xf
 4150 021a F3       		.byte	0xf3
 4151 021b 03       		.uleb128 0x3
 4152 021c F5       		.byte	0xf5
ARM GAS  /tmp/cc7usaPi.s 			page 94


 4153 021d 01       		.uleb128 0x1
 4154 021e 25       		.uleb128 0x25
 4155 021f F7       		.byte	0xf7
 4156 0220 2C       		.uleb128 0x2c
 4157 0221 F7       		.byte	0xf7
 4158 0222 00       		.uleb128 0
 4159 0223 09       		.byte	0x9
 4160 0224 FC       		.byte	0xfc
 4161 0225 24       		.byte	0x24
 4162 0226 31       		.byte	0x31
 4163 0227 25       		.byte	0x25
 4164 0228 9F       		.byte	0x9f
 4165 0229 00000000 		.4byte	0
 4166 022d 00000000 		.4byte	0
 4167              	.LVUS34:
 4168 0231 03       		.uleb128 .LVU413
 4169 0232 02       		.uleb128 .LVU439
 4170 0233 02       		.uleb128 .LVU439
 4171 0234 00       		.uleb128 .LVU441
 4172 0235 00       		.uleb128 .LVU442
 4173 0236 00       		.uleb128 0
 4174              	.LLST34:
 4175 0237 E8020000 		.4byte	.LVL85-.Ltext0
 4176 023b 08030000 		.4byte	.LVL93-.Ltext0
 4177 023f 0200     		.2byte	0x2
 4178 0241 30       		.byte	0x30
 4179 0242 9F       		.byte	0x9f
 4180 0243 08030000 		.4byte	.LVL93-.Ltext0
 4181 0247 0A030000 		.4byte	.LVL94-.Ltext0
 4182 024b 1100     		.2byte	0x11
 4183 024d 70       		.byte	0x70
 4184 024e 00       		.sleb128 0
 4185 024f 0A       		.byte	0xa
 4186 0250 FFFF     		.2byte	0xffff
 4187 0252 1A       		.byte	0x1a
 4188 0253 72       		.byte	0x72
 4189 0254 00       		.sleb128 0
 4190 0255 1A       		.byte	0x1a
 4191 0256 30       		.byte	0x30
 4192 0257 2E       		.byte	0x2e
 4193 0258 73       		.byte	0x73
 4194 0259 00       		.sleb128 0
 4195 025a 30       		.byte	0x30
 4196 025b 2E       		.byte	0x2e
 4197 025c 1A       		.byte	0x1a
 4198 025d 9F       		.byte	0x9f
 4199 025e 18030000 		.4byte	.LVL95-.Ltext0
 4200 0262 22030000 		.4byte	.LFE56-.Ltext0
 4201 0266 0200     		.2byte	0x2
 4202 0268 30       		.byte	0x30
 4203 0269 9F       		.byte	0x9f
 4204 026a 00000000 		.4byte	0
 4205 026e 00000000 		.4byte	0
 4206              	.LVUS27:
 4207 0272 00       		.uleb128 0
 4208 0273 00       		.uleb128 .LVU408
 4209 0274 00       		.uleb128 .LVU408
ARM GAS  /tmp/cc7usaPi.s 			page 95


 4210 0275 00       		.uleb128 0
 4211              	.LLST27:
 4212 0276 E2020000 		.4byte	.LVL83-.Ltext0
 4213 027a E4020000 		.4byte	.LVL84-.Ltext0
 4214 027e 0100     		.2byte	0x1
 4215 0280 51       		.byte	0x51
 4216 0281 E4020000 		.4byte	.LVL84-.Ltext0
 4217 0285 E8020000 		.4byte	.LFE55-.Ltext0
 4218 0289 0400     		.2byte	0x4
 4219 028b 71       		.byte	0x71
 4220 028c 00       		.sleb128 0
 4221 028d 20       		.byte	0x20
 4222 028e 9F       		.byte	0x9f
 4223 028f 00000000 		.4byte	0
 4224 0293 00000000 		.4byte	0
 4225              	.LVUS25:
 4226 0297 00       		.uleb128 0
 4227 0298 00       		.uleb128 .LVU400
 4228 0299 00       		.uleb128 .LVU400
 4229 029a 00       		.uleb128 0
 4230              	.LLST25:
 4231 029b D6020000 		.4byte	.LVL80-.Ltext0
 4232 029f DE020000 		.4byte	.LVL82-.Ltext0
 4233 02a3 0100     		.2byte	0x1
 4234 02a5 50       		.byte	0x50
 4235 02a6 DE020000 		.4byte	.LVL82-.Ltext0
 4236 02aa E2020000 		.4byte	.LFE54-.Ltext0
 4237 02ae 0A00     		.2byte	0xa
 4238 02b0 F3       		.byte	0xf3
 4239 02b1 03       		.uleb128 0x3
 4240 02b2 F5       		.byte	0xf5
 4241 02b3 00       		.uleb128 0
 4242 02b4 25       		.uleb128 0x25
 4243 02b5 F7       		.byte	0xf7
 4244 02b6 2C       		.uleb128 0x2c
 4245 02b7 F7       		.byte	0xf7
 4246 02b8 00       		.uleb128 0
 4247 02b9 9F       		.byte	0x9f
 4248 02ba 00000000 		.4byte	0
 4249 02be 00000000 		.4byte	0
 4250              	.LVUS26:
 4251 02c2 02       		.uleb128 .LVU391
 4252 02c3 00       		.uleb128 .LVU397
 4253 02c4 00       		.uleb128 .LVU397
 4254 02c5 00       		.uleb128 0
 4255              	.LLST26:
 4256 02c6 D6020000 		.4byte	.LVL80-.Ltext0
 4257 02ca D8020000 		.4byte	.LVL81-.Ltext0
 4258 02ce 0200     		.2byte	0x2
 4259 02d0 30       		.byte	0x30
 4260 02d1 9F       		.byte	0x9f
 4261 02d2 D8020000 		.4byte	.LVL81-.Ltext0
 4262 02d6 E2020000 		.4byte	.LFE54-.Ltext0
 4263 02da 0A00     		.2byte	0xa
 4264 02dc 73       		.byte	0x73
 4265 02dd 00       		.sleb128 0
 4266 02de 71       		.byte	0x71
ARM GAS  /tmp/cc7usaPi.s 			page 96


 4267 02df 00       		.sleb128 0
 4268 02e0 1A       		.byte	0x1a
 4269 02e1 40       		.byte	0x40
 4270 02e2 24       		.byte	0x24
 4271 02e3 30       		.byte	0x30
 4272 02e4 2E       		.byte	0x2e
 4273 02e5 9F       		.byte	0x9f
 4274 02e6 00000000 		.4byte	0
 4275 02ea 00000000 		.4byte	0
 4276              	.LVUS24:
 4277 02ee 00       		.uleb128 0
 4278 02ef 00       		.uleb128 .LVU305
 4279 02f0 00       		.uleb128 .LVU305
 4280 02f1 00       		.uleb128 0
 4281              	.LLST24:
 4282 02f2 46020000 		.4byte	.LVL71-.Ltext0
 4283 02f6 52020000 		.4byte	.LVL72-.Ltext0
 4284 02fa 0100     		.2byte	0x1
 4285 02fc 51       		.byte	0x51
 4286 02fd 52020000 		.4byte	.LVL72-.Ltext0
 4287 0301 56020000 		.4byte	.LFE46-.Ltext0
 4288 0305 0A00     		.2byte	0xa
 4289 0307 F3       		.byte	0xf3
 4290 0308 03       		.uleb128 0x3
 4291 0309 F5       		.byte	0xf5
 4292 030a 01       		.uleb128 0x1
 4293 030b 25       		.uleb128 0x25
 4294 030c F7       		.byte	0xf7
 4295 030d 3A       		.uleb128 0x3a
 4296 030e F7       		.byte	0xf7
 4297 030f 00       		.uleb128 0
 4298 0310 9F       		.byte	0x9f
 4299 0311 00000000 		.4byte	0
 4300 0315 00000000 		.4byte	0
 4301              	.LVUS23:
 4302 0319 00       		.uleb128 0
 4303 031a 00       		.uleb128 .LVU281
 4304 031b 00       		.uleb128 .LVU281
 4305 031c 00       		.uleb128 0
 4306              	.LLST23:
 4307 031d 24020000 		.4byte	.LVL67-.Ltext0
 4308 0321 26020000 		.4byte	.LVL68-.Ltext0
 4309 0325 0100     		.2byte	0x1
 4310 0327 50       		.byte	0x50
 4311 0328 26020000 		.4byte	.LVL68-.Ltext0
 4312 032c 2C020000 		.4byte	.LFE43-.Ltext0
 4313 0330 0A00     		.2byte	0xa
 4314 0332 F3       		.byte	0xf3
 4315 0333 03       		.uleb128 0x3
 4316 0334 F5       		.byte	0xf5
 4317 0335 00       		.uleb128 0
 4318 0336 25       		.uleb128 0x25
 4319 0337 F7       		.byte	0xf7
 4320 0338 2C       		.uleb128 0x2c
 4321 0339 F7       		.byte	0xf7
 4322 033a 00       		.uleb128 0
 4323 033b 9F       		.byte	0x9f
ARM GAS  /tmp/cc7usaPi.s 			page 97


 4324 033c 00000000 		.4byte	0
 4325 0340 00000000 		.4byte	0
 4326              	.LVUS22:
 4327 0344 00       		.uleb128 0
 4328 0345 00       		.uleb128 .LVU275
 4329 0346 00       		.uleb128 .LVU275
 4330 0347 00       		.uleb128 0
 4331              	.LLST22:
 4332 0348 1C020000 		.4byte	.LVL65-.Ltext0
 4333 034c 20020000 		.4byte	.LVL66-.Ltext0
 4334 0350 0100     		.2byte	0x1
 4335 0352 51       		.byte	0x51
 4336 0353 20020000 		.4byte	.LVL66-.Ltext0
 4337 0357 24020000 		.4byte	.LFE42-.Ltext0
 4338 035b 0A00     		.2byte	0xa
 4339 035d F3       		.byte	0xf3
 4340 035e 03       		.uleb128 0x3
 4341 035f F5       		.byte	0xf5
 4342 0360 01       		.uleb128 0x1
 4343 0361 25       		.uleb128 0x25
 4344 0362 F7       		.byte	0xf7
 4345 0363 33       		.uleb128 0x33
 4346 0364 F7       		.byte	0xf7
 4347 0365 00       		.uleb128 0
 4348 0366 9F       		.byte	0x9f
 4349 0367 00000000 		.4byte	0
 4350 036b 00000000 		.4byte	0
 4351              	.LVUS21:
 4352 036f 00       		.uleb128 0
 4353 0370 00       		.uleb128 .LVU224
 4354 0371 00       		.uleb128 .LVU224
 4355 0372 00       		.uleb128 0
 4356              	.LLST21:
 4357 0373 C8010000 		.4byte	.LVL59-.Ltext0
 4358 0377 D4010000 		.4byte	.LVL60-.Ltext0
 4359 037b 0100     		.2byte	0x1
 4360 037d 51       		.byte	0x51
 4361 037e D4010000 		.4byte	.LVL60-.Ltext0
 4362 0382 D8010000 		.4byte	.LFE37-.Ltext0
 4363 0386 0A00     		.2byte	0xa
 4364 0388 F3       		.byte	0xf3
 4365 0389 03       		.uleb128 0x3
 4366 038a F5       		.byte	0xf5
 4367 038b 01       		.uleb128 0x1
 4368 038c 25       		.uleb128 0x25
 4369 038d F7       		.byte	0xf7
 4370 038e 3A       		.uleb128 0x3a
 4371 038f F7       		.byte	0xf7
 4372 0390 00       		.uleb128 0
 4373 0391 9F       		.byte	0x9f
 4374 0392 00000000 		.4byte	0
 4375 0396 00000000 		.4byte	0
 4376              	.LLST13:
 4377 039a 86010000 		.4byte	.LFB35-.Ltext0
 4378 039e 8A010000 		.4byte	.LCFI9-.Ltext0
 4379 03a2 0200     		.2byte	0x2
 4380 03a4 7D       		.byte	0x7d
ARM GAS  /tmp/cc7usaPi.s 			page 98


 4381 03a5 00       		.sleb128 0
 4382 03a6 8A010000 		.4byte	.LCFI9-.Ltext0
 4383 03aa B8010000 		.4byte	.LFE35-.Ltext0
 4384 03ae 0200     		.2byte	0x2
 4385 03b0 7D       		.byte	0x7d
 4386 03b1 08       		.sleb128 8
 4387 03b2 00000000 		.4byte	0
 4388 03b6 00000000 		.4byte	0
 4389              	.LVUS14:
 4390 03ba 00       		.uleb128 0
 4391 03bb 00       		.uleb128 .LVU186
 4392 03bc 00       		.uleb128 .LVU186
 4393 03bd 00       		.uleb128 .LVU192
 4394 03be 00       		.uleb128 .LVU192
 4395 03bf 00       		.uleb128 .LVU196
 4396 03c0 00       		.uleb128 .LVU196
 4397 03c1 00       		.uleb128 0
 4398              	.LLST14:
 4399 03c2 86010000 		.4byte	.LVL45-.Ltext0
 4400 03c6 9C010000 		.4byte	.LVL49-.Ltext0
 4401 03ca 0100     		.2byte	0x1
 4402 03cc 50       		.byte	0x50
 4403 03cd 9C010000 		.4byte	.LVL49-.Ltext0
 4404 03d1 A6010000 		.4byte	.LVL52-.Ltext0
 4405 03d5 0A00     		.2byte	0xa
 4406 03d7 F3       		.byte	0xf3
 4407 03d8 03       		.uleb128 0x3
 4408 03d9 F5       		.byte	0xf5
 4409 03da 00       		.uleb128 0
 4410 03db 25       		.uleb128 0x25
 4411 03dc F7       		.byte	0xf7
 4412 03dd 2C       		.uleb128 0x2c
 4413 03de F7       		.byte	0xf7
 4414 03df 00       		.uleb128 0
 4415 03e0 9F       		.byte	0x9f
 4416 03e1 A6010000 		.4byte	.LVL52-.Ltext0
 4417 03e5 AC010000 		.4byte	.LVL53-.Ltext0
 4418 03e9 0100     		.2byte	0x1
 4419 03eb 50       		.byte	0x50
 4420 03ec AC010000 		.4byte	.LVL53-.Ltext0
 4421 03f0 B8010000 		.4byte	.LFE35-.Ltext0
 4422 03f4 0A00     		.2byte	0xa
 4423 03f6 F3       		.byte	0xf3
 4424 03f7 03       		.uleb128 0x3
 4425 03f8 F5       		.byte	0xf5
 4426 03f9 00       		.uleb128 0
 4427 03fa 25       		.uleb128 0x25
 4428 03fb F7       		.byte	0xf7
 4429 03fc 2C       		.uleb128 0x2c
 4430 03fd F7       		.byte	0xf7
 4431 03fe 00       		.uleb128 0
 4432 03ff 9F       		.byte	0x9f
 4433 0400 00000000 		.4byte	0
 4434 0404 00000000 		.4byte	0
 4435              	.LVUS15:
 4436 0408 00       		.uleb128 0
 4437 0409 00       		.uleb128 .LVU181
ARM GAS  /tmp/cc7usaPi.s 			page 99


 4438 040a 00       		.uleb128 .LVU181
 4439 040b 00       		.uleb128 0
 4440              	.LLST15:
 4441 040c 86010000 		.4byte	.LVL45-.Ltext0
 4442 0410 94010000 		.4byte	.LVL47-.Ltext0
 4443 0414 0100     		.2byte	0x1
 4444 0416 51       		.byte	0x51
 4445 0417 94010000 		.4byte	.LVL47-.Ltext0
 4446 041b B8010000 		.4byte	.LFE35-.Ltext0
 4447 041f 0A00     		.2byte	0xa
 4448 0421 F3       		.byte	0xf3
 4449 0422 03       		.uleb128 0x3
 4450 0423 F5       		.byte	0xf5
 4451 0424 01       		.uleb128 0x1
 4452 0425 25       		.uleb128 0x25
 4453 0426 F7       		.byte	0xf7
 4454 0427 33       		.uleb128 0x33
 4455 0428 F7       		.byte	0xf7
 4456 0429 00       		.uleb128 0
 4457 042a 9F       		.byte	0x9f
 4458 042b 00000000 		.4byte	0
 4459 042f 00000000 		.4byte	0
 4460              	.LVUS16:
 4461 0433 00       		.uleb128 0
 4462 0434 00       		.uleb128 .LVU189
 4463 0435 00       		.uleb128 .LVU189
 4464 0436 00       		.uleb128 .LVU192
 4465 0437 00       		.uleb128 .LVU192
 4466 0438 00       		.uleb128 .LVU200
 4467 0439 00       		.uleb128 .LVU200
 4468 043a 00       		.uleb128 0
 4469              	.LLST16:
 4470 043b 86010000 		.4byte	.LVL45-.Ltext0
 4471 043f A0010000 		.4byte	.LVL50-.Ltext0
 4472 0443 0100     		.2byte	0x1
 4473 0445 52       		.byte	0x52
 4474 0446 A0010000 		.4byte	.LVL50-.Ltext0
 4475 044a A6010000 		.4byte	.LVL52-.Ltext0
 4476 044e 0A00     		.2byte	0xa
 4477 0450 F3       		.byte	0xf3
 4478 0451 03       		.uleb128 0x3
 4479 0452 F5       		.byte	0xf5
 4480 0453 02       		.uleb128 0x2
 4481 0454 25       		.uleb128 0x25
 4482 0455 F7       		.byte	0xf7
 4483 0456 3A       		.uleb128 0x3a
 4484 0457 F7       		.byte	0xf7
 4485 0458 00       		.uleb128 0
 4486 0459 9F       		.byte	0x9f
 4487 045a A6010000 		.4byte	.LVL52-.Ltext0
 4488 045e B2010000 		.4byte	.LVL56-.Ltext0
 4489 0462 0100     		.2byte	0x1
 4490 0464 52       		.byte	0x52
 4491 0465 B2010000 		.4byte	.LVL56-.Ltext0
 4492 0469 B8010000 		.4byte	.LFE35-.Ltext0
 4493 046d 0A00     		.2byte	0xa
 4494 046f F3       		.byte	0xf3
ARM GAS  /tmp/cc7usaPi.s 			page 100


 4495 0470 03       		.uleb128 0x3
 4496 0471 F5       		.byte	0xf5
 4497 0472 02       		.uleb128 0x2
 4498 0473 25       		.uleb128 0x25
 4499 0474 F7       		.byte	0xf7
 4500 0475 3A       		.uleb128 0x3a
 4501 0476 F7       		.byte	0xf7
 4502 0477 00       		.uleb128 0
 4503 0478 9F       		.byte	0x9f
 4504 0479 00000000 		.4byte	0
 4505 047d 00000000 		.4byte	0
 4506              	.LVUS17:
 4507 0481 02       		.uleb128 .LVU166
 4508 0482 00       		.uleb128 .LVU177
 4509 0483 00       		.uleb128 .LVU177
 4510 0484 00       		.uleb128 0
 4511              	.LLST17:
 4512 0485 86010000 		.4byte	.LVL45-.Ltext0
 4513 0489 8E010000 		.4byte	.LVL46-.Ltext0
 4514 048d 0200     		.2byte	0x2
 4515 048f 30       		.byte	0x30
 4516 0490 9F       		.byte	0x9f
 4517 0491 8E010000 		.4byte	.LVL46-.Ltext0
 4518 0495 B8010000 		.4byte	.LFE35-.Ltext0
 4519 0499 0600     		.2byte	0x6
 4520 049b 74       		.byte	0x74
 4521 049c 00       		.sleb128 0
 4522 049d 08       		.byte	0x8
 4523 049e FF       		.byte	0xff
 4524 049f 1A       		.byte	0x1a
 4525 04a0 9F       		.byte	0x9f
 4526 04a1 00000000 		.4byte	0
 4527 04a5 00000000 		.4byte	0
 4528              	.LVUS18:
 4529 04a9 02       		.uleb128 .LVU166
 4530 04aa 01       		.uleb128 .LVU178
 4531 04ab 01       		.uleb128 .LVU178
 4532 04ac 00       		.uleb128 .LVU181
 4533 04ad 00       		.uleb128 .LVU181
 4534 04ae 00       		.uleb128 0
 4535              	.LLST18:
 4536 04af 86010000 		.4byte	.LVL45-.Ltext0
 4537 04b3 8E010000 		.4byte	.LVL46-.Ltext0
 4538 04b7 0200     		.2byte	0x2
 4539 04b9 30       		.byte	0x30
 4540 04ba 9F       		.byte	0x9f
 4541 04bb 8E010000 		.4byte	.LVL46-.Ltext0
 4542 04bf 94010000 		.4byte	.LVL47-.Ltext0
 4543 04c3 0C00     		.2byte	0xc
 4544 04c5 F3       		.byte	0xf3
 4545 04c6 03       		.uleb128 0x3
 4546 04c7 F5       		.byte	0xf5
 4547 04c8 01       		.uleb128 0x1
 4548 04c9 25       		.uleb128 0x25
 4549 04ca F7       		.byte	0xf7
 4550 04cb 2C       		.uleb128 0x2c
 4551 04cc F7       		.byte	0xf7
ARM GAS  /tmp/cc7usaPi.s 			page 101


 4552 04cd 00       		.uleb128 0
 4553 04ce 4F       		.byte	0x4f
 4554 04cf 1A       		.byte	0x1a
 4555 04d0 9F       		.byte	0x9f
 4556 04d1 94010000 		.4byte	.LVL47-.Ltext0
 4557 04d5 B8010000 		.4byte	.LFE35-.Ltext0
 4558 04d9 0100     		.2byte	0x1
 4559 04db 51       		.byte	0x51
 4560 04dc 00000000 		.4byte	0
 4561 04e0 00000000 		.4byte	0
 4562              	.LVUS19:
 4563 04e4 02       		.uleb128 .LVU166
 4564 04e5 00       		.uleb128 .LVU182
 4565 04e6 00       		.uleb128 .LVU182
 4566 04e7 00       		.uleb128 .LVU190
 4567 04e8 00       		.uleb128 .LVU190
 4568 04e9 00       		.uleb128 .LVU192
 4569 04ea 00       		.uleb128 .LVU192
 4570 04eb 00       		.uleb128 .LVU201
 4571 04ec 00       		.uleb128 .LVU201
 4572 04ed 00       		.uleb128 0
 4573              	.LLST19:
 4574 04ee 86010000 		.4byte	.LVL45-.Ltext0
 4575 04f2 98010000 		.4byte	.LVL48-.Ltext0
 4576 04f6 0200     		.2byte	0x2
 4577 04f8 30       		.byte	0x30
 4578 04f9 9F       		.byte	0x9f
 4579 04fa 98010000 		.4byte	.LVL48-.Ltext0
 4580 04fe A2010000 		.4byte	.LVL51-.Ltext0
 4581 0502 0100     		.2byte	0x1
 4582 0504 53       		.byte	0x53
 4583 0505 A2010000 		.4byte	.LVL51-.Ltext0
 4584 0509 A6010000 		.4byte	.LVL52-.Ltext0
 4585 050d 0500     		.2byte	0x5
 4586 050f 31       		.byte	0x31
 4587 0510 71       		.byte	0x71
 4588 0511 00       		.sleb128 0
 4589 0512 24       		.byte	0x24
 4590 0513 9F       		.byte	0x9f
 4591 0514 A6010000 		.4byte	.LVL52-.Ltext0
 4592 0518 B6010000 		.4byte	.LVL57-.Ltext0
 4593 051c 0100     		.2byte	0x1
 4594 051e 53       		.byte	0x53
 4595 051f B6010000 		.4byte	.LVL57-.Ltext0
 4596 0523 B8010000 		.4byte	.LFE35-.Ltext0
 4597 0527 0500     		.2byte	0x5
 4598 0529 31       		.byte	0x31
 4599 052a 71       		.byte	0x71
 4600 052b 00       		.sleb128 0
 4601 052c 24       		.byte	0x24
 4602 052d 9F       		.byte	0x9f
 4603 052e 00000000 		.4byte	0
 4604 0532 00000000 		.4byte	0
 4605              	.LVUS20:
 4606 0536 03       		.uleb128 .LVU167
 4607 0537 09       		.uleb128 .LVU173
 4608 0538 09       		.uleb128 .LVU173
ARM GAS  /tmp/cc7usaPi.s 			page 102


 4609 0539 00       		.uleb128 .LVU198
 4610 053a 00       		.uleb128 .LVU199
 4611 053b 00       		.uleb128 0
 4612              	.LLST20:
 4613 053c 86010000 		.4byte	.LVL45-.Ltext0
 4614 0540 86010000 		.4byte	.LVL45-.Ltext0
 4615 0544 0200     		.2byte	0x2
 4616 0546 30       		.byte	0x30
 4617 0547 9F       		.byte	0x9f
 4618 0548 86010000 		.4byte	.LVL45-.Ltext0
 4619 054c AE010000 		.4byte	.LVL54-.Ltext0
 4620 0550 0100     		.2byte	0x1
 4621 0552 50       		.byte	0x50
 4622 0553 B0010000 		.4byte	.LVL55-.Ltext0
 4623 0557 B8010000 		.4byte	.LFE35-.Ltext0
 4624 055b 0100     		.2byte	0x1
 4625 055d 50       		.byte	0x50
 4626 055e 00000000 		.4byte	0
 4627 0562 00000000 		.4byte	0
 4628              	.LLST10:
 4629 0566 4C010000 		.4byte	.LFB32-.Ltext0
 4630 056a 50010000 		.4byte	.LCFI8-.Ltext0
 4631 056e 0200     		.2byte	0x2
 4632 0570 7D       		.byte	0x7d
 4633 0571 00       		.sleb128 0
 4634 0572 50010000 		.4byte	.LCFI8-.Ltext0
 4635 0576 68010000 		.4byte	.LFE32-.Ltext0
 4636 057a 0200     		.2byte	0x2
 4637 057c 7D       		.byte	0x7d
 4638 057d 08       		.sleb128 8
 4639 057e 00000000 		.4byte	0
 4640 0582 00000000 		.4byte	0
 4641              	.LVUS11:
 4642 0586 00       		.uleb128 0
 4643 0587 00       		.uleb128 .LVU137
 4644 0588 00       		.uleb128 .LVU137
 4645 0589 00       		.uleb128 0
 4646              	.LLST11:
 4647 058a 4C010000 		.4byte	.LVL38-.Ltext0
 4648 058e 5A010000 		.4byte	.LVL40-.Ltext0
 4649 0592 0100     		.2byte	0x1
 4650 0594 51       		.byte	0x51
 4651 0595 5A010000 		.4byte	.LVL40-.Ltext0
 4652 0599 68010000 		.4byte	.LFE32-.Ltext0
 4653 059d 0A00     		.2byte	0xa
 4654 059f F3       		.byte	0xf3
 4655 05a0 03       		.uleb128 0x3
 4656 05a1 F5       		.byte	0xf5
 4657 05a2 01       		.uleb128 0x1
 4658 05a3 25       		.uleb128 0x25
 4659 05a4 F7       		.byte	0xf7
 4660 05a5 2C       		.uleb128 0x2c
 4661 05a6 F7       		.byte	0xf7
 4662 05a7 00       		.uleb128 0
 4663 05a8 9F       		.byte	0x9f
 4664 05a9 00000000 		.4byte	0
 4665 05ad 00000000 		.4byte	0
ARM GAS  /tmp/cc7usaPi.s 			page 103


 4666              	.LVUS12:
 4667 05b1 02       		.uleb128 .LVU124
 4668 05b2 00       		.uleb128 .LVU134
 4669 05b3 00       		.uleb128 .LVU134
 4670 05b4 01       		.uleb128 .LVU135
 4671 05b5 01       		.uleb128 .LVU135
 4672 05b6 00       		.uleb128 .LVU138
 4673 05b7 00       		.uleb128 .LVU139
 4674 05b8 00       		.uleb128 0
 4675              	.LLST12:
 4676 05b9 4C010000 		.4byte	.LVL38-.Ltext0
 4677 05bd 54010000 		.4byte	.LVL39-.Ltext0
 4678 05c1 0200     		.2byte	0x2
 4679 05c3 30       		.byte	0x30
 4680 05c4 9F       		.byte	0x9f
 4681 05c5 54010000 		.4byte	.LVL39-.Ltext0
 4682 05c9 54010000 		.4byte	.LVL39-.Ltext0
 4683 05cd 0700     		.2byte	0x7
 4684 05cf 72       		.byte	0x72
 4685 05d0 00       		.sleb128 0
 4686 05d1 0A       		.byte	0xa
 4687 05d2 FFFF     		.2byte	0xffff
 4688 05d4 1A       		.byte	0x1a
 4689 05d5 9F       		.byte	0x9f
 4690 05d6 54010000 		.4byte	.LVL39-.Ltext0
 4691 05da 62010000 		.4byte	.LVL41-.Ltext0
 4692 05de 0B00     		.2byte	0xb
 4693 05e0 72       		.byte	0x72
 4694 05e1 00       		.sleb128 0
 4695 05e2 0B       		.byte	0xb
 4696 05e3 FFF0     		.2byte	0xf0ff
 4697 05e5 1A       		.byte	0x1a
 4698 05e6 0A       		.byte	0xa
 4699 05e7 FFFF     		.2byte	0xffff
 4700 05e9 1A       		.byte	0x1a
 4701 05ea 9F       		.byte	0x9f
 4702 05eb 64010000 		.4byte	.LVL42-.Ltext0
 4703 05ef 68010000 		.4byte	.LFE32-.Ltext0
 4704 05f3 0700     		.2byte	0x7
 4705 05f5 73       		.byte	0x73
 4706 05f6 00       		.sleb128 0
 4707 05f7 0A       		.byte	0xa
 4708 05f8 FFFF     		.2byte	0xffff
 4709 05fa 1A       		.byte	0x1a
 4710 05fb 9F       		.byte	0x9f
 4711 05fc 00000000 		.4byte	0
 4712 0600 00000000 		.4byte	0
 4713              	.LLST2:
 4714 0604 9C000000 		.4byte	.LFB30-.Ltext0
 4715 0608 9E000000 		.4byte	.LCFI5-.Ltext0
 4716 060c 0200     		.2byte	0x2
 4717 060e 7D       		.byte	0x7d
 4718 060f 00       		.sleb128 0
 4719 0610 9E000000 		.4byte	.LCFI5-.Ltext0
 4720 0614 AC000000 		.4byte	.LCFI6-.Ltext0
 4721 0618 0200     		.2byte	0x2
 4722 061a 7D       		.byte	0x7d
ARM GAS  /tmp/cc7usaPi.s 			page 104


 4723 061b 0C       		.sleb128 12
 4724 061c AC000000 		.4byte	.LCFI6-.Ltext0
 4725 0620 30010000 		.4byte	.LCFI7-.Ltext0
 4726 0624 0200     		.2byte	0x2
 4727 0626 7D       		.byte	0x7d
 4728 0627 28       		.sleb128 40
 4729 0628 30010000 		.4byte	.LCFI7-.Ltext0
 4730 062c 38010000 		.4byte	.LFE30-.Ltext0
 4731 0630 0200     		.2byte	0x2
 4732 0632 7D       		.byte	0x7d
 4733 0633 0C       		.sleb128 12
 4734 0634 00000000 		.4byte	0
 4735 0638 00000000 		.4byte	0
 4736              	.LVUS3:
 4737 063c 00       		.uleb128 0
 4738 063d 00       		.uleb128 .LVU74
 4739 063e 00       		.uleb128 .LVU74
 4740 063f 00       		.uleb128 .LVU109
 4741 0640 00       		.uleb128 .LVU109
 4742 0641 00       		.uleb128 0
 4743              	.LLST3:
 4744 0642 9C000000 		.4byte	.LVL16-.Ltext0
 4745 0646 D6000000 		.4byte	.LVL26-.Ltext0
 4746 064a 0100     		.2byte	0x1
 4747 064c 50       		.byte	0x50
 4748 064d D6000000 		.4byte	.LVL26-.Ltext0
 4749 0651 32010000 		.4byte	.LVL36-.Ltext0
 4750 0655 0100     		.2byte	0x1
 4751 0657 54       		.byte	0x54
 4752 0658 32010000 		.4byte	.LVL36-.Ltext0
 4753 065c 38010000 		.4byte	.LFE30-.Ltext0
 4754 0660 0A00     		.2byte	0xa
 4755 0662 F3       		.byte	0xf3
 4756 0663 03       		.uleb128 0x3
 4757 0664 F5       		.byte	0xf5
 4758 0665 00       		.uleb128 0
 4759 0666 25       		.uleb128 0x25
 4760 0667 F7       		.byte	0xf7
 4761 0668 2C       		.uleb128 0x2c
 4762 0669 F7       		.byte	0xf7
 4763 066a 00       		.uleb128 0
 4764 066b 9F       		.byte	0x9f
 4765 066c 00000000 		.4byte	0
 4766 0670 00000000 		.4byte	0
 4767              	.LVUS4:
 4768 0674 00       		.uleb128 0
 4769 0675 00       		.uleb128 .LVU75
 4770 0676 00       		.uleb128 .LVU75
 4771 0677 00       		.uleb128 .LVU109
 4772 0678 00       		.uleb128 .LVU109
 4773 0679 00       		.uleb128 0
 4774              	.LLST4:
 4775 067a 9C000000 		.4byte	.LVL16-.Ltext0
 4776 067e D9000000 		.4byte	.LVL27-1-.Ltext0
 4777 0682 0100     		.2byte	0x1
 4778 0684 51       		.byte	0x51
 4779 0685 D9000000 		.4byte	.LVL27-1-.Ltext0
ARM GAS  /tmp/cc7usaPi.s 			page 105


 4780 0689 32010000 		.4byte	.LVL36-.Ltext0
 4781 068d 0100     		.2byte	0x1
 4782 068f 55       		.byte	0x55
 4783 0690 32010000 		.4byte	.LVL36-.Ltext0
 4784 0694 38010000 		.4byte	.LFE30-.Ltext0
 4785 0698 0A00     		.2byte	0xa
 4786 069a F3       		.byte	0xf3
 4787 069b 03       		.uleb128 0x3
 4788 069c F5       		.byte	0xf5
 4789 069d 01       		.uleb128 0x1
 4790 069e 25       		.uleb128 0x25
 4791 069f F7       		.byte	0xf7
 4792 06a0 2C       		.uleb128 0x2c
 4793 06a1 F7       		.byte	0xf7
 4794 06a2 00       		.uleb128 0
 4795 06a3 9F       		.byte	0x9f
 4796 06a4 00000000 		.4byte	0
 4797 06a8 00000000 		.4byte	0
 4798              	.LVUS5:
 4799 06ac 02       		.uleb128 .LVU35
 4800 06ad 00       		.uleb128 .LVU52
 4801 06ae 00       		.uleb128 .LVU52
 4802 06af 01       		.uleb128 .LVU53
 4803 06b0 01       		.uleb128 .LVU53
 4804 06b1 00       		.uleb128 .LVU54
 4805 06b2 00       		.uleb128 .LVU55
 4806 06b3 01       		.uleb128 .LVU61
 4807 06b4 01       		.uleb128 .LVU61
 4808 06b5 00       		.uleb128 .LVU62
 4809 06b6 00       		.uleb128 .LVU64
 4810 06b7 01       		.uleb128 .LVU69
 4811 06b8 01       		.uleb128 .LVU69
 4812 06b9 00       		.uleb128 .LVU70
 4813 06ba 00       		.uleb128 .LVU71
 4814 06bb 00       		.uleb128 .LVU75
 4815 06bc 00       		.uleb128 .LVU91
 4816 06bd 00       		.uleb128 .LVU106
 4817 06be 00       		.uleb128 .LVU106
 4818 06bf 00       		.uleb128 0
 4819              	.LLST5:
 4820 06c0 9C000000 		.4byte	.LVL16-.Ltext0
 4821 06c4 A2000000 		.4byte	.LVL17-.Ltext0
 4822 06c8 0200     		.2byte	0x2
 4823 06ca 30       		.byte	0x30
 4824 06cb 9F       		.byte	0x9f
 4825 06cc A2000000 		.4byte	.LVL17-.Ltext0
 4826 06d0 A2000000 		.4byte	.LVL17-.Ltext0
 4827 06d4 0700     		.2byte	0x7
 4828 06d6 73       		.byte	0x73
 4829 06d7 00       		.sleb128 0
 4830 06d8 0A       		.byte	0xa
 4831 06d9 FFFF     		.2byte	0xffff
 4832 06db 1A       		.byte	0x1a
 4833 06dc 9F       		.byte	0x9f
 4834 06dd A2000000 		.4byte	.LVL17-.Ltext0
 4835 06e1 A8000000 		.4byte	.LVL18-.Ltext0
 4836 06e5 0B00     		.2byte	0xb
ARM GAS  /tmp/cc7usaPi.s 			page 106


 4837 06e7 73       		.byte	0x73
 4838 06e8 00       		.sleb128 0
 4839 06e9 0B       		.byte	0xb
 4840 06ea FFCF     		.2byte	0xcfff
 4841 06ec 1A       		.byte	0x1a
 4842 06ed 0A       		.byte	0xa
 4843 06ee FFFF     		.2byte	0xffff
 4844 06f0 1A       		.byte	0x1a
 4845 06f1 9F       		.byte	0x9f
 4846 06f2 AA000000 		.4byte	.LVL19-.Ltext0
 4847 06f6 B0000000 		.4byte	.LVL20-.Ltext0
 4848 06fa 0700     		.2byte	0x7
 4849 06fc 73       		.byte	0x73
 4850 06fd 00       		.sleb128 0
 4851 06fe 0A       		.byte	0xa
 4852 06ff FFFF     		.2byte	0xffff
 4853 0701 1A       		.byte	0x1a
 4854 0702 9F       		.byte	0x9f
 4855 0703 B0000000 		.4byte	.LVL20-.Ltext0
 4856 0707 B6000000 		.4byte	.LVL21-.Ltext0
 4857 070b 0B00     		.2byte	0xb
 4858 070d 73       		.byte	0x73
 4859 070e 00       		.sleb128 0
 4860 070f 0B       		.byte	0xb
 4861 0710 F3E9     		.2byte	0xe9f3
 4862 0712 1A       		.byte	0x1a
 4863 0713 0A       		.byte	0xa
 4864 0714 FFFF     		.2byte	0xffff
 4865 0716 1A       		.byte	0x1a
 4866 0717 9F       		.byte	0x9f
 4867 0718 C6000000 		.4byte	.LVL22-.Ltext0
 4868 071c CA000000 		.4byte	.LVL23-.Ltext0
 4869 0720 0700     		.2byte	0x7
 4870 0722 73       		.byte	0x73
 4871 0723 00       		.sleb128 0
 4872 0724 0A       		.byte	0xa
 4873 0725 FFFF     		.2byte	0xffff
 4874 0727 1A       		.byte	0x1a
 4875 0728 9F       		.byte	0x9f
 4876 0729 CA000000 		.4byte	.LVL23-.Ltext0
 4877 072d D0000000 		.4byte	.LVL24-.Ltext0
 4878 0731 0B00     		.2byte	0xb
 4879 0733 73       		.byte	0x73
 4880 0734 00       		.sleb128 0
 4881 0735 0B       		.byte	0xb
 4882 0736 FFFC     		.2byte	0xfcff
 4883 0738 1A       		.byte	0x1a
 4884 0739 0A       		.byte	0xa
 4885 073a FFFF     		.2byte	0xffff
 4886 073c 1A       		.byte	0x1a
 4887 073d 9F       		.byte	0x9f
 4888 073e D2000000 		.4byte	.LVL25-.Ltext0
 4889 0742 D9000000 		.4byte	.LVL27-1-.Ltext0
 4890 0746 0700     		.2byte	0x7
 4891 0748 73       		.byte	0x73
 4892 0749 00       		.sleb128 0
 4893 074a 0A       		.byte	0xa
ARM GAS  /tmp/cc7usaPi.s 			page 107


 4894 074b FFFF     		.2byte	0xffff
 4895 074d 1A       		.byte	0x1a
 4896 074e 9F       		.byte	0x9f
 4897 074f 02010000 		.4byte	.LVL31-.Ltext0
 4898 0753 2C010000 		.4byte	.LVL35-.Ltext0
 4899 0757 0500     		.2byte	0x5
 4900 0759 72       		.byte	0x72
 4901 075a 00       		.sleb128 0
 4902 075b 34       		.byte	0x34
 4903 075c 24       		.byte	0x24
 4904 075d 9F       		.byte	0x9f
 4905 075e 2C010000 		.4byte	.LVL35-.Ltext0
 4906 0762 38010000 		.4byte	.LFE30-.Ltext0
 4907 0766 0100     		.2byte	0x1
 4908 0768 52       		.byte	0x52
 4909 0769 00000000 		.4byte	0
 4910 076d 00000000 		.4byte	0
 4911              	.LVUS6:
 4912 0771 02       		.uleb128 .LVU35
 4913 0772 00       		.uleb128 .LVU77
 4914 0773 00       		.uleb128 .LVU77
 4915 0774 00       		.uleb128 .LVU81
 4916 0775 00       		.uleb128 .LVU81
 4917 0776 00       		.uleb128 .LVU109
 4918 0777 00       		.uleb128 .LVU109
 4919 0778 00       		.uleb128 0
 4920              	.LLST6:
 4921 0779 9C000000 		.4byte	.LVL16-.Ltext0
 4922 077d E6000000 		.4byte	.LVL28-.Ltext0
 4923 0781 0200     		.2byte	0x2
 4924 0783 30       		.byte	0x30
 4925 0784 9F       		.byte	0x9f
 4926 0785 E6000000 		.4byte	.LVL28-.Ltext0
 4927 0789 EE000000 		.4byte	.LVL29-.Ltext0
 4928 078d 0100     		.2byte	0x1
 4929 078f 53       		.byte	0x53
 4930 0790 EE000000 		.4byte	.LVL29-.Ltext0
 4931 0794 32010000 		.4byte	.LVL36-.Ltext0
 4932 0798 1400     		.2byte	0x14
 4933 079a 91       		.byte	0x91
 4934 079b 68       		.sleb128 -24
 4935 079c 06       		.byte	0x6
 4936 079d 91       		.byte	0x91
 4937 079e 64       		.sleb128 -28
 4938 079f 06       		.byte	0x6
 4939 07a0 74       		.byte	0x74
 4940 07a1 00       		.sleb128 0
 4941 07a2 0C       		.byte	0xc
 4942 07a3 00380140 		.4byte	0x40013800
 4943 07a7 29       		.byte	0x29
 4944 07a8 28       		.byte	0x28
 4945 07a9 0100     		.2byte	0x1
 4946 07ab 16       		.byte	0x16
 4947 07ac 13       		.byte	0x13
 4948 07ad 9F       		.byte	0x9f
 4949 07ae 32010000 		.4byte	.LVL36-.Ltext0
 4950 07b2 38010000 		.4byte	.LFE30-.Ltext0
ARM GAS  /tmp/cc7usaPi.s 			page 108


 4951 07b6 1B00     		.2byte	0x1b
 4952 07b8 7D       		.byte	0x7d
 4953 07b9 68       		.sleb128 -24
 4954 07ba 06       		.byte	0x6
 4955 07bb 7D       		.byte	0x7d
 4956 07bc 64       		.sleb128 -28
 4957 07bd 06       		.byte	0x6
 4958 07be F3       		.byte	0xf3
 4959 07bf 03       		.uleb128 0x3
 4960 07c0 F5       		.byte	0xf5
 4961 07c1 00       		.uleb128 0
 4962 07c2 25       		.uleb128 0x25
 4963 07c3 F7       		.byte	0xf7
 4964 07c4 2C       		.uleb128 0x2c
 4965 07c5 F7       		.byte	0xf7
 4966 07c6 00       		.uleb128 0
 4967 07c7 0C       		.byte	0xc
 4968 07c8 00380140 		.4byte	0x40013800
 4969 07cc 29       		.byte	0x29
 4970 07cd 28       		.byte	0x28
 4971 07ce 0100     		.2byte	0x1
 4972 07d0 16       		.byte	0x16
 4973 07d1 13       		.byte	0x13
 4974 07d2 9F       		.byte	0x9f
 4975 07d3 00000000 		.4byte	0
 4976 07d7 00000000 		.4byte	0
 4977              	.LVUS7:
 4978 07db 03       		.uleb128 .LVU36
 4979 07dc 00       		.uleb128 .LVU89
 4980 07dd 00       		.uleb128 .LVU89
 4981 07de 00       		.uleb128 .LVU93
 4982              	.LLST7:
 4983 07df 9C000000 		.4byte	.LVL16-.Ltext0
 4984 07e3 FE000000 		.4byte	.LVL30-.Ltext0
 4985 07e7 0200     		.2byte	0x2
 4986 07e9 30       		.byte	0x30
 4987 07ea 9F       		.byte	0x9f
 4988 07eb FE000000 		.4byte	.LVL30-.Ltext0
 4989 07ef 06010000 		.4byte	.LVL32-.Ltext0
 4990 07f3 0100     		.2byte	0x1
 4991 07f5 53       		.byte	0x53
 4992 07f6 00000000 		.4byte	0
 4993 07fa 00000000 		.4byte	0
 4994              	.LVUS8:
 4995 07fe 04       		.uleb128 .LVU37
 4996 07ff 00       		.uleb128 .LVU93
 4997 0800 00       		.uleb128 .LVU93
 4998 0801 00       		.uleb128 .LVU97
 4999              	.LLST8:
 5000 0802 9C000000 		.4byte	.LVL16-.Ltext0
 5001 0806 06010000 		.4byte	.LVL32-.Ltext0
 5002 080a 0200     		.2byte	0x2
 5003 080c 30       		.byte	0x30
 5004 080d 9F       		.byte	0x9f
 5005 080e 06010000 		.4byte	.LVL32-.Ltext0
 5006 0812 10010000 		.4byte	.LVL34-.Ltext0
 5007 0816 0100     		.2byte	0x1
ARM GAS  /tmp/cc7usaPi.s 			page 109


 5008 0818 53       		.byte	0x53
 5009 0819 00000000 		.4byte	0
 5010 081d 00000000 		.4byte	0
 5011              	.LVUS9:
 5012 0821 10       		.uleb128 .LVU49
 5013 0822 00       		.uleb128 .LVU74
 5014 0823 00       		.uleb128 .LVU74
 5015 0824 00       		.uleb128 .LVU109
 5016 0825 00       		.uleb128 .LVU109
 5017 0826 00       		.uleb128 0
 5018              	.LLST9:
 5019 0827 9C000000 		.4byte	.LVL16-.Ltext0
 5020 082b D6000000 		.4byte	.LVL26-.Ltext0
 5021 082f 0100     		.2byte	0x1
 5022 0831 50       		.byte	0x50
 5023 0832 D6000000 		.4byte	.LVL26-.Ltext0
 5024 0836 32010000 		.4byte	.LVL36-.Ltext0
 5025 083a 0100     		.2byte	0x1
 5026 083c 54       		.byte	0x54
 5027 083d 32010000 		.4byte	.LVL36-.Ltext0
 5028 0841 38010000 		.4byte	.LFE30-.Ltext0
 5029 0845 0A00     		.2byte	0xa
 5030 0847 F3       		.byte	0xf3
 5031 0848 03       		.uleb128 0x3
 5032 0849 F5       		.byte	0xf5
 5033 084a 00       		.uleb128 0
 5034 084b 25       		.uleb128 0x25
 5035 084c F7       		.byte	0xf7
 5036 084d 2C       		.uleb128 0x2c
 5037 084e F7       		.byte	0xf7
 5038 084f 00       		.uleb128 0
 5039 0850 9F       		.byte	0x9f
 5040 0851 00000000 		.4byte	0
 5041 0855 00000000 		.4byte	0
 5042              	.LLST0:
 5043 0859 00000000 		.4byte	.LFB29-.Ltext0
 5044 085d 02000000 		.4byte	.LCFI0-.Ltext0
 5045 0861 0200     		.2byte	0x2
 5046 0863 7D       		.byte	0x7d
 5047 0864 00       		.sleb128 0
 5048 0865 02000000 		.4byte	.LCFI0-.Ltext0
 5049 0869 16000000 		.4byte	.LCFI1-.Ltext0
 5050 086d 0200     		.2byte	0x2
 5051 086f 7D       		.byte	0x7d
 5052 0870 08       		.sleb128 8
 5053 0871 16000000 		.4byte	.LCFI1-.Ltext0
 5054 0875 20000000 		.4byte	.LCFI2-.Ltext0
 5055 0879 0200     		.2byte	0x2
 5056 087b 7D       		.byte	0x7d
 5057 087c 00       		.sleb128 0
 5058 087d 20000000 		.4byte	.LCFI2-.Ltext0
 5059 0881 3A000000 		.4byte	.LCFI3-.Ltext0
 5060 0885 0200     		.2byte	0x2
 5061 0887 7D       		.byte	0x7d
 5062 0888 08       		.sleb128 8
 5063 0889 3A000000 		.4byte	.LCFI3-.Ltext0
 5064 088d 3E000000 		.4byte	.LCFI4-.Ltext0
ARM GAS  /tmp/cc7usaPi.s 			page 110


 5065 0891 0200     		.2byte	0x2
 5066 0893 7D       		.byte	0x7d
 5067 0894 00       		.sleb128 0
 5068 0895 3E000000 		.4byte	.LCFI4-.Ltext0
 5069 0899 9C000000 		.4byte	.LFE29-.Ltext0
 5070 089d 0200     		.2byte	0x2
 5071 089f 7D       		.byte	0x7d
 5072 08a0 08       		.sleb128 8
 5073 08a1 00000000 		.4byte	0
 5074 08a5 00000000 		.4byte	0
 5075              	.LVUS1:
 5076 08a9 00       		.uleb128 0
 5077 08aa 00       		.uleb128 .LVU6
 5078 08ab 00       		.uleb128 .LVU6
 5079 08ac 00       		.uleb128 .LVU10
 5080 08ad 00       		.uleb128 .LVU10
 5081 08ae 00       		.uleb128 .LVU13
 5082 08af 00       		.uleb128 .LVU13
 5083 08b0 00       		.uleb128 .LVU17
 5084 08b1 00       		.uleb128 .LVU17
 5085 08b2 00       		.uleb128 .LVU20
 5086 08b3 00       		.uleb128 .LVU20
 5087 08b4 00       		.uleb128 .LVU22
 5088 08b5 00       		.uleb128 .LVU22
 5089 08b6 00       		.uleb128 .LVU25
 5090 08b7 00       		.uleb128 .LVU25
 5091 08b8 00       		.uleb128 .LVU27
 5092 08b9 00       		.uleb128 .LVU27
 5093 08ba 00       		.uleb128 .LVU30
 5094 08bb 00       		.uleb128 .LVU30
 5095 08bc 00       		.uleb128 .LVU32
 5096 08bd 00       		.uleb128 .LVU32
 5097 08be 00       		.uleb128 0
 5098              	.LLST1:
 5099 08bf 00000000 		.4byte	.LVL0-.Ltext0
 5100 08c3 0E000000 		.4byte	.LVL1-.Ltext0
 5101 08c7 0100     		.2byte	0x1
 5102 08c9 50       		.byte	0x50
 5103 08ca 0E000000 		.4byte	.LVL1-.Ltext0
 5104 08ce 20000000 		.4byte	.LVL3-.Ltext0
 5105 08d2 0A00     		.2byte	0xa
 5106 08d4 F3       		.byte	0xf3
 5107 08d5 03       		.uleb128 0x3
 5108 08d6 F5       		.byte	0xf5
 5109 08d7 00       		.uleb128 0
 5110 08d8 25       		.uleb128 0x25
 5111 08d9 F7       		.byte	0xf7
 5112 08da 2C       		.uleb128 0x2c
 5113 08db F7       		.byte	0xf7
 5114 08dc 00       		.uleb128 0
 5115 08dd 9F       		.byte	0x9f
 5116 08de 20000000 		.4byte	.LVL3-.Ltext0
 5117 08e2 2C000000 		.4byte	.LVL4-.Ltext0
 5118 08e6 0100     		.2byte	0x1
 5119 08e8 50       		.byte	0x50
 5120 08e9 2C000000 		.4byte	.LVL4-.Ltext0
 5121 08ed 3E000000 		.4byte	.LVL6-.Ltext0
ARM GAS  /tmp/cc7usaPi.s 			page 111


 5122 08f1 0A00     		.2byte	0xa
 5123 08f3 F3       		.byte	0xf3
 5124 08f4 03       		.uleb128 0x3
 5125 08f5 F5       		.byte	0xf5
 5126 08f6 00       		.uleb128 0
 5127 08f7 25       		.uleb128 0x25
 5128 08f8 F7       		.byte	0xf7
 5129 08f9 2C       		.uleb128 0x2c
 5130 08fa F7       		.byte	0xf7
 5131 08fb 00       		.uleb128 0
 5132 08fc 9F       		.byte	0x9f
 5133 08fd 3E000000 		.4byte	.LVL6-.Ltext0
 5134 0901 4A000000 		.4byte	.LVL7-.Ltext0
 5135 0905 0100     		.2byte	0x1
 5136 0907 50       		.byte	0x50
 5137 0908 4A000000 		.4byte	.LVL7-.Ltext0
 5138 090c 56000000 		.4byte	.LVL9-.Ltext0
 5139 0910 0A00     		.2byte	0xa
 5140 0912 F3       		.byte	0xf3
 5141 0913 03       		.uleb128 0x3
 5142 0914 F5       		.byte	0xf5
 5143 0915 00       		.uleb128 0
 5144 0916 25       		.uleb128 0x25
 5145 0917 F7       		.byte	0xf7
 5146 0918 2C       		.uleb128 0x2c
 5147 0919 F7       		.byte	0xf7
 5148 091a 00       		.uleb128 0
 5149 091b 9F       		.byte	0x9f
 5150 091c 56000000 		.4byte	.LVL9-.Ltext0
 5151 0920 62000000 		.4byte	.LVL10-.Ltext0
 5152 0924 0100     		.2byte	0x1
 5153 0926 50       		.byte	0x50
 5154 0927 62000000 		.4byte	.LVL10-.Ltext0
 5155 092b 6E000000 		.4byte	.LVL12-.Ltext0
 5156 092f 0A00     		.2byte	0xa
 5157 0931 F3       		.byte	0xf3
 5158 0932 03       		.uleb128 0x3
 5159 0933 F5       		.byte	0xf5
 5160 0934 00       		.uleb128 0
 5161 0935 25       		.uleb128 0x25
 5162 0936 F7       		.byte	0xf7
 5163 0937 2C       		.uleb128 0x2c
 5164 0938 F7       		.byte	0xf7
 5165 0939 00       		.uleb128 0
 5166 093a 9F       		.byte	0x9f
 5167 093b 6E000000 		.4byte	.LVL12-.Ltext0
 5168 093f 7A000000 		.4byte	.LVL13-.Ltext0
 5169 0943 0100     		.2byte	0x1
 5170 0945 50       		.byte	0x50
 5171 0946 7A000000 		.4byte	.LVL13-.Ltext0
 5172 094a 86000000 		.4byte	.LVL15-.Ltext0
 5173 094e 0A00     		.2byte	0xa
 5174 0950 F3       		.byte	0xf3
 5175 0951 03       		.uleb128 0x3
 5176 0952 F5       		.byte	0xf5
 5177 0953 00       		.uleb128 0
 5178 0954 25       		.uleb128 0x25
ARM GAS  /tmp/cc7usaPi.s 			page 112


 5179 0955 F7       		.byte	0xf7
 5180 0956 2C       		.uleb128 0x2c
 5181 0957 F7       		.byte	0xf7
 5182 0958 00       		.uleb128 0
 5183 0959 9F       		.byte	0x9f
 5184 095a 86000000 		.4byte	.LVL15-.Ltext0
 5185 095e 9C000000 		.4byte	.LFE29-.Ltext0
 5186 0962 0100     		.2byte	0x1
 5187 0964 50       		.byte	0x50
 5188 0965 00000000 		.4byte	0
 5189 0969 00000000 		.4byte	0
 5190              		.section	.debug_aranges,"",%progbits
 5191 0000 1C000000 		.4byte	0x1c
 5192 0004 0200     		.2byte	0x2
 5193 0006 00000000 		.4byte	.Ldebug_info0
 5194 000a 04       		.byte	0x4
 5195 000b 00       		.byte	0
 5196 000c 0000     		.2byte	0
 5197 000e 0000     		.2byte	0
 5198 0010 00000000 		.4byte	.Ltext0
 5199 0014 2E030000 		.4byte	.Letext0-.Ltext0
 5200 0018 00000000 		.4byte	0
 5201 001c 00000000 		.4byte	0
 5202              		.section	.debug_line,"",%progbits
 5203              	.Ldebug_line0:
 5204 0000 CE070000 		.section	.debug_str,"MS",%progbits,1
 5204      03005301 
 5204      00000201 
 5204      FB0E0D00 
 5204      01010101 
 5205              	.LASF101:
 5206 0000 696E7465 		.ascii	"integerdivider\000"
 5206      67657264 
 5206      69766964 
 5206      657200
 5207              	.LASF14:
 5208 000f 75696E74 		.ascii	"uint32_t\000"
 5208      33325F74 
 5208      00
 5209              	.LASF45:
 5210 0018 55534152 		.ascii	"USART_CPHA\000"
 5210      545F4350 
 5210      484100
 5211              	.LASF18:
 5212 0023 44495341 		.ascii	"DISABLE\000"
 5212      424C4500 
 5213              	.LASF27:
 5214 002b 47545052 		.ascii	"GTPR\000"
 5214      00
 5215              	.LASF90:
 5216 0030 6974706F 		.ascii	"itpos\000"
 5216      7300
 5217              	.LASF82:
 5218 0036 55534152 		.ascii	"USART_ReceiverWakeUpCmd\000"
 5218      545F5265 
 5218      63656976 
 5218      65725761 
ARM GAS  /tmp/cc7usaPi.s 			page 113


 5218      6B655570 
 5219              	.LASF30:
 5220 004e 53595343 		.ascii	"SYSCLK_Frequency\000"
 5220      4C4B5F46 
 5220      72657175 
 5220      656E6379 
 5220      00
 5221              	.LASF71:
 5222 005f 55534152 		.ascii	"USART_SetPrescaler\000"
 5222      545F5365 
 5222      74507265 
 5222      7363616C 
 5222      657200
 5223              	.LASF104:
 5224 0072 73746D33 		.ascii	"stm32f10x_lib/STM32F10x_StdPeriph_Driver/src/stm32f"
 5224      32663130 
 5224      785F6C69 
 5224      622F5354 
 5224      4D333246 
 5225 00a5 3130785F 		.ascii	"10x_usart.c\000"
 5225      75736172 
 5225      742E6300 
 5226              	.LASF99:
 5227 00b1 55534152 		.ascii	"USART_Init\000"
 5227      545F496E 
 5227      697400
 5228              	.LASF31:
 5229 00bc 48434C4B 		.ascii	"HCLK_Frequency\000"
 5229      5F467265 
 5229      7175656E 
 5229      637900
 5230              	.LASF81:
 5231 00cb 55534152 		.ascii	"USART_LINBreakDetectLength\000"
 5231      545F4C49 
 5231      4E427265 
 5231      616B4465 
 5231      74656374 
 5232              	.LASF66:
 5233 00e6 55534152 		.ascii	"USART_OneBitMethodCmd\000"
 5233      545F4F6E 
 5233      65426974 
 5233      4D657468 
 5233      6F64436D 
 5234              	.LASF16:
 5235 00fc 466C6167 		.ascii	"FlagStatus\000"
 5235      53746174 
 5235      757300
 5236              	.LASF7:
 5237 0107 5F5F7569 		.ascii	"__uint16_t\000"
 5237      6E743136 
 5237      5F7400
 5238              	.LASF29:
 5239 0112 55534152 		.ascii	"USART_TypeDef\000"
 5239      545F5479 
 5239      70654465 
 5239      6600
 5240              	.LASF38:
ARM GAS  /tmp/cc7usaPi.s 			page 114


 5241 0120 55534152 		.ascii	"USART_StopBits\000"
 5241      545F5374 
 5241      6F704269 
 5241      747300
 5242              	.LASF5:
 5243 012f 73686F72 		.ascii	"short int\000"
 5243      7420696E 
 5243      7400
 5244              	.LASF47:
 5245 0139 55534152 		.ascii	"USART_ClockInitTypeDef\000"
 5245      545F436C 
 5245      6F636B49 
 5245      6E697454 
 5245      79706544 
 5246              	.LASF92:
 5247 0150 55534152 		.ascii	"USART_Cmd\000"
 5247      545F436D 
 5247      6400
 5248              	.LASF77:
 5249 015a 55534152 		.ascii	"USART_SendData\000"
 5249      545F5365 
 5249      6E644461 
 5249      746100
 5250              	.LASF12:
 5251 0169 75696E74 		.ascii	"uint8_t\000"
 5251      385F7400 
 5252              	.LASF53:
 5253 0171 55534152 		.ascii	"USART_IT\000"
 5253      545F4954 
 5253      00
 5254              	.LASF84:
 5255 017a 55534152 		.ascii	"USART_WakeUp\000"
 5255      545F5761 
 5255      6B655570 
 5255      00
 5256              	.LASF37:
 5257 0187 55534152 		.ascii	"USART_WordLength\000"
 5257      545F576F 
 5257      72644C65 
 5257      6E677468 
 5257      00
 5258              	.LASF63:
 5259 0198 4E657753 		.ascii	"NewState\000"
 5259      74617465 
 5259      00
 5260              	.LASF87:
 5261 01a1 55534152 		.ascii	"USART_DMACmd\000"
 5261      545F444D 
 5261      41436D64 
 5261      00
 5262              	.LASF105:
 5263 01ae 2F686F6D 		.ascii	"/home/yaolin/project/stm32/stm32f10x_makefile_templ"
 5263      652F7961 
 5263      6F6C696E 
 5263      2F70726F 
 5263      6A656374 
 5264 01e1 61746500 		.ascii	"ate\000"
ARM GAS  /tmp/cc7usaPi.s 			page 115


 5265              	.LASF4:
 5266 01e5 7369676E 		.ascii	"signed char\000"
 5266      65642063 
 5266      68617200 
 5267              	.LASF46:
 5268 01f1 55534152 		.ascii	"USART_LastBit\000"
 5268      545F4C61 
 5268      73744269 
 5268      7400
 5269              	.LASF36:
 5270 01ff 55534152 		.ascii	"USART_BaudRate\000"
 5270      545F4261 
 5270      75645261 
 5270      746500
 5271              	.LASF65:
 5272 020e 55534152 		.ascii	"USART_IrDAMode\000"
 5272      545F4972 
 5272      44414D6F 
 5272      646500
 5273              	.LASF100:
 5274 021d 61706263 		.ascii	"apbclock\000"
 5274      6C6F636B 
 5274      00
 5275              	.LASF11:
 5276 0226 6C6F6E67 		.ascii	"long long int\000"
 5276      206C6F6E 
 5276      6720696E 
 5276      7400
 5277              	.LASF49:
 5278 0234 5243435F 		.ascii	"RCC_APB1PeriphResetCmd\000"
 5278      41504231 
 5278      50657269 
 5278      70685265 
 5278      73657443 
 5279              	.LASF17:
 5280 024b 49545374 		.ascii	"ITStatus\000"
 5280      61747573 
 5280      00
 5281              	.LASF8:
 5282 0254 6C6F6E67 		.ascii	"long int\000"
 5282      20696E74 
 5282      00
 5283              	.LASF57:
 5284 025d 55534152 		.ascii	"USART_ClearITPendingBit\000"
 5284      545F436C 
 5284      65617249 
 5284      5450656E 
 5284      64696E67 
 5285              	.LASF74:
 5286 0275 55534152 		.ascii	"USART_GuardTime\000"
 5286      545F4775 
 5286      61726454 
 5286      696D6500 
 5287              	.LASF80:
 5288 0285 55534152 		.ascii	"USART_LINBreakDetectLengthConfig\000"
 5288      545F4C49 
 5288      4E427265 
ARM GAS  /tmp/cc7usaPi.s 			page 116


 5288      616B4465 
 5288      74656374 
 5289              	.LASF6:
 5290 02a6 5F5F7569 		.ascii	"__uint8_t\000"
 5290      6E74385F 
 5290      7400
 5291              	.LASF59:
 5292 02b0 55534152 		.ascii	"USART_FLAG\000"
 5292      545F464C 
 5292      414700
 5293              	.LASF107:
 5294 02bb 55534152 		.ascii	"USART_DeInit\000"
 5294      545F4465 
 5294      496E6974 
 5294      00
 5295              	.LASF94:
 5296 02c8 55534152 		.ascii	"USART_ClockInitStruct\000"
 5296      545F436C 
 5296      6F636B49 
 5296      6E697453 
 5296      74727563 
 5297              	.LASF78:
 5298 02de 44617461 		.ascii	"Data\000"
 5298      00
 5299              	.LASF96:
 5300 02e3 746D7072 		.ascii	"tmpreg\000"
 5300      656700
 5301              	.LASF39:
 5302 02ea 55534152 		.ascii	"USART_Parity\000"
 5302      545F5061 
 5302      72697479 
 5302      00
 5303              	.LASF93:
 5304 02f7 55534152 		.ascii	"USART_ClockStructInit\000"
 5304      545F436C 
 5304      6F636B53 
 5304      74727563 
 5304      74496E69 
 5305              	.LASF3:
 5306 030d 756E7369 		.ascii	"unsigned char\000"
 5306      676E6564 
 5306      20636861 
 5306      7200
 5307              	.LASF91:
 5308 031b 75736172 		.ascii	"usartxbase\000"
 5308      74786261 
 5308      736500
 5309              	.LASF58:
 5310 0326 55534152 		.ascii	"USART_ClearFlag\000"
 5310      545F436C 
 5310      65617246 
 5310      6C616700 
 5311              	.LASF85:
 5312 0336 55534152 		.ascii	"USART_SetAddress\000"
 5312      545F5365 
 5312      74416464 
 5312      72657373 
ARM GAS  /tmp/cc7usaPi.s 			page 117


 5312      00
 5313              	.LASF0:
 5314 0347 6C6F6E67 		.ascii	"long long unsigned int\000"
 5314      206C6F6E 
 5314      6720756E 
 5314      7369676E 
 5314      65642069 
 5315              	.LASF34:
 5316 035e 41444343 		.ascii	"ADCCLK_Frequency\000"
 5316      4C4B5F46 
 5316      72657175 
 5316      656E6379 
 5316      00
 5317              	.LASF73:
 5318 036f 55534152 		.ascii	"USART_SetGuardTime\000"
 5318      545F5365 
 5318      74477561 
 5318      72645469 
 5318      6D6500
 5319              	.LASF1:
 5320 0382 756E7369 		.ascii	"unsigned int\000"
 5320      676E6564 
 5320      20696E74 
 5320      00
 5321              	.LASF13:
 5322 038f 75696E74 		.ascii	"uint16_t\000"
 5322      31365F74 
 5322      00
 5323              	.LASF10:
 5324 0398 6C6F6E67 		.ascii	"long unsigned int\000"
 5324      20756E73 
 5324      69676E65 
 5324      6420696E 
 5324      7400
 5325              	.LASF75:
 5326 03aa 55534152 		.ascii	"USART_SendBreak\000"
 5326      545F5365 
 5326      6E644272 
 5326      65616B00 
 5327              	.LASF42:
 5328 03ba 55534152 		.ascii	"USART_InitTypeDef\000"
 5328      545F496E 
 5328      69745479 
 5328      70654465 
 5328      6600
 5329              	.LASF50:
 5330 03cc 5243435F 		.ascii	"RCC_APB2PeriphResetCmd\000"
 5330      41504232 
 5330      50657269 
 5330      70685265 
 5330      73657443 
 5331              	.LASF89:
 5332 03e3 55534152 		.ascii	"USART_ITConfig\000"
 5332      545F4954 
 5332      436F6E66 
 5332      696700
 5333              	.LASF35:
ARM GAS  /tmp/cc7usaPi.s 			page 118


 5334 03f2 5243435F 		.ascii	"RCC_ClocksTypeDef\000"
 5334      436C6F63 
 5334      6B735479 
 5334      70654465 
 5334      6600
 5335              	.LASF88:
 5336 0404 55534152 		.ascii	"USART_DMAReq\000"
 5336      545F444D 
 5336      41526571 
 5336      00
 5337              	.LASF54:
 5338 0411 55534152 		.ascii	"USARTx\000"
 5338      547800
 5339              	.LASF41:
 5340 0418 55534152 		.ascii	"USART_HardwareFlowControl\000"
 5340      545F4861 
 5340      72647761 
 5340      7265466C 
 5340      6F77436F 
 5341              	.LASF70:
 5342 0432 55534152 		.ascii	"USART_SmartCardCmd\000"
 5342      545F536D 
 5342      61727443 
 5342      61726443 
 5342      6D6400
 5343              	.LASF40:
 5344 0445 55534152 		.ascii	"USART_Mode\000"
 5344      545F4D6F 
 5344      646500
 5345              	.LASF86:
 5346 0450 55534152 		.ascii	"USART_Address\000"
 5346      545F4164 
 5346      64726573 
 5346      7300
 5347              	.LASF51:
 5348 045e 62697470 		.ascii	"bitpos\000"
 5348      6F7300
 5349              	.LASF67:
 5350 0465 55534152 		.ascii	"USART_OverSampling8Cmd\000"
 5350      545F4F76 
 5350      65725361 
 5350      6D706C69 
 5350      6E673843 
 5351              	.LASF2:
 5352 047c 73686F72 		.ascii	"short unsigned int\000"
 5352      7420756E 
 5352      7369676E 
 5352      65642069 
 5352      6E7400
 5353              	.LASF60:
 5354 048f 55534152 		.ascii	"USART_GetITStatus\000"
 5354      545F4765 
 5354      74495453 
 5354      74617475 
 5354      7300
 5355              	.LASF79:
 5356 04a1 55534152 		.ascii	"USART_LINCmd\000"
ARM GAS  /tmp/cc7usaPi.s 			page 119


 5356      545F4C49 
 5356      4E436D64 
 5356      00
 5357              	.LASF64:
 5358 04ae 55534152 		.ascii	"USART_IrDAConfig\000"
 5358      545F4972 
 5358      4441436F 
 5358      6E666967 
 5358      00
 5359              	.LASF15:
 5360 04bf 52455345 		.ascii	"RESET\000"
 5360      5400
 5361              	.LASF33:
 5362 04c5 50434C4B 		.ascii	"PCLK2_Frequency\000"
 5362      325F4672 
 5362      65717565 
 5362      6E637900 
 5363              	.LASF43:
 5364 04d5 55534152 		.ascii	"USART_Clock\000"
 5364      545F436C 
 5364      6F636B00 
 5365              	.LASF21:
 5366 04e1 52455345 		.ascii	"RESERVED0\000"
 5366      52564544 
 5366      3000
 5367              	.LASF22:
 5368 04eb 52455345 		.ascii	"RESERVED1\000"
 5368      52564544 
 5368      3100
 5369              	.LASF23:
 5370 04f5 52455345 		.ascii	"RESERVED2\000"
 5370      52564544 
 5370      3200
 5371              	.LASF24:
 5372 04ff 52455345 		.ascii	"RESERVED3\000"
 5372      52564544 
 5372      3300
 5373              	.LASF25:
 5374 0509 52455345 		.ascii	"RESERVED4\000"
 5374      52564544 
 5374      3400
 5375              	.LASF26:
 5376 0513 52455345 		.ascii	"RESERVED5\000"
 5376      52564544 
 5376      3500
 5377              	.LASF28:
 5378 051d 52455345 		.ascii	"RESERVED6\000"
 5378      52564544 
 5378      3600
 5379              	.LASF62:
 5380 0527 55534152 		.ascii	"USART_IrDACmd\000"
 5380      545F4972 
 5380      4441436D 
 5380      6400
 5381              	.LASF102:
 5382 0535 66726163 		.ascii	"fractionaldivider\000"
 5382      74696F6E 
ARM GAS  /tmp/cc7usaPi.s 			page 120


 5382      616C6469 
 5382      76696465 
 5382      7200
 5383              	.LASF20:
 5384 0547 46756E63 		.ascii	"FunctionalState\000"
 5384      74696F6E 
 5384      616C5374 
 5384      61746500 
 5385              	.LASF69:
 5386 0557 55534152 		.ascii	"USART_SmartCardNACKCmd\000"
 5386      545F536D 
 5386      61727443 
 5386      6172644E 
 5386      41434B43 
 5387              	.LASF9:
 5388 056e 5F5F7569 		.ascii	"__uint32_t\000"
 5388      6E743332 
 5388      5F7400
 5389              	.LASF32:
 5390 0579 50434C4B 		.ascii	"PCLK1_Frequency\000"
 5390      315F4672 
 5390      65717565 
 5390      6E637900 
 5391              	.LASF61:
 5392 0589 55534152 		.ascii	"USART_GetFlagStatus\000"
 5392      545F4765 
 5392      74466C61 
 5392      67537461 
 5392      74757300 
 5393              	.LASF48:
 5394 059d 5243435F 		.ascii	"RCC_GetClocksFreq\000"
 5394      47657443 
 5394      6C6F636B 
 5394      73467265 
 5394      7100
 5395              	.LASF98:
 5396 05af 55534152 		.ascii	"USART_InitStruct\000"
 5396      545F496E 
 5396      69745374 
 5396      72756374 
 5396      00
 5397              	.LASF106:
 5398 05c0 5243435F 		.ascii	"RCC_ClocksStatus\000"
 5398      436C6F63 
 5398      6B735374 
 5398      61747573 
 5398      00
 5399              	.LASF95:
 5400 05d1 55534152 		.ascii	"USART_ClockInit\000"
 5400      545F436C 
 5400      6F636B49 
 5400      6E697400 
 5401              	.LASF83:
 5402 05e1 55534152 		.ascii	"USART_WakeUpConfig\000"
 5402      545F5761 
 5402      6B655570 
 5402      436F6E66 
ARM GAS  /tmp/cc7usaPi.s 			page 121


 5402      696700
 5403              	.LASF68:
 5404 05f4 55534152 		.ascii	"USART_HalfDuplexCmd\000"
 5404      545F4861 
 5404      6C664475 
 5404      706C6578 
 5404      436D6400 
 5405              	.LASF97:
 5406 0608 55534152 		.ascii	"USART_StructInit\000"
 5406      545F5374 
 5406      72756374 
 5406      496E6974 
 5406      00
 5407              	.LASF72:
 5408 0619 55534152 		.ascii	"USART_Prescaler\000"
 5408      545F5072 
 5408      65736361 
 5408      6C657200 
 5409              	.LASF44:
 5410 0629 55534152 		.ascii	"USART_CPOL\000"
 5410      545F4350 
 5410      4F4C00
 5411              	.LASF52:
 5412 0634 69746D61 		.ascii	"itmask\000"
 5412      736B00
 5413              	.LASF56:
 5414 063b 62697473 		.ascii	"bitstatus\000"
 5414      74617475 
 5414      7300
 5415              	.LASF103:
 5416 0645 474E5520 		.ascii	"GNU C23 16.2.0 -mcpu=cortex-m3 -mthumb -mfloat-abi="
 5416      43323320 
 5416      31362E32 
 5416      2E30202D 
 5416      6D637075 
 5417 0678 736F6674 		.ascii	"soft -march=armv7-m -g -gdwarf-2 -Os -fomit-frame-p"
 5417      202D6D61 
 5417      7263683D 
 5417      61726D76 
 5417      372D6D20 
 5418 06ab 6F696E74 		.ascii	"ointer\000"
 5418      657200
 5419              	.LASF76:
 5420 06b2 55534152 		.ascii	"USART_ReceiveData\000"
 5420      545F5265 
 5420      63656976 
 5420      65446174 
 5420      6100
 5421              	.LASF55:
 5422 06c4 75736172 		.ascii	"usartreg\000"
 5422      74726567 
 5422      00
 5423              	.LASF19:
 5424 06cd 454E4142 		.ascii	"ENABLE\000"
 5424      4C4500
 5425              		.ident	"GCC: (Arch Repository) 16.2.0"
ARM GAS  /tmp/cc7usaPi.s 			page 122


DEFINED SYMBOLS
                            *ABS*:00000000 stm32f10x_usart.c
     /tmp/cc7usaPi.s:23     .text:00000000 $t
     /tmp/cc7usaPi.s:29     .text:00000000 USART_DeInit
     /tmp/cc7usaPi.s:170    .text:00000088 $d
     /tmp/cc7usaPi.s:178    .text:0000009c $t
     /tmp/cc7usaPi.s:184    .text:0000009c USART_Init
     /tmp/cc7usaPi.s:392    .text:00000134 $d
     /tmp/cc7usaPi.s:396    .text:00000138 $t
     /tmp/cc7usaPi.s:402    .text:00000138 USART_StructInit
     /tmp/cc7usaPi.s:442    .text:0000014c USART_ClockInit
     /tmp/cc7usaPi.s:505    .text:00000168 USART_ClockStructInit
     /tmp/cc7usaPi.s:542    .text:00000174 USART_Cmd
     /tmp/cc7usaPi.s:585    .text:00000186 USART_ITConfig
     /tmp/cc7usaPi.s:695    .text:000001b8 USART_DMACmd
     /tmp/cc7usaPi.s:739    .text:000001c8 USART_SetAddress
     /tmp/cc7usaPi.s:779    .text:000001d8 USART_WakeUpConfig
     /tmp/cc7usaPi.s:817    .text:000001e8 USART_ReceiverWakeUpCmd
     /tmp/cc7usaPi.s:860    .text:000001fa USART_LINBreakDetectLengthConfig
     /tmp/cc7usaPi.s:898    .text:0000020a USART_LINCmd
     /tmp/cc7usaPi.s:941    .text:0000021c USART_SendData
     /tmp/cc7usaPi.s:971    .text:00000224 USART_ReceiveData
     /tmp/cc7usaPi.s:998    .text:0000022c USART_SendBreak
     /tmp/cc7usaPi.s:1027   .text:00000236 USART_SetGuardTime
     /tmp/cc7usaPi.s:1064   .text:00000246 USART_SetPrescaler
     /tmp/cc7usaPi.s:1103   .text:00000256 USART_SmartCardCmd
     /tmp/cc7usaPi.s:1146   .text:00000268 USART_SmartCardNACKCmd
     /tmp/cc7usaPi.s:1189   .text:0000027a USART_HalfDuplexCmd
     /tmp/cc7usaPi.s:1232   .text:0000028c USART_OverSampling8Cmd
     /tmp/cc7usaPi.s:1276   .text:000002a2 USART_OneBitMethodCmd
     /tmp/cc7usaPi.s:1319   .text:000002b4 USART_IrDAConfig
     /tmp/cc7usaPi.s:1357   .text:000002c4 USART_IrDACmd
     /tmp/cc7usaPi.s:1400   .text:000002d6 USART_GetFlagStatus
     /tmp/cc7usaPi.s:1439   .text:000002e2 USART_ClearFlag
     /tmp/cc7usaPi.s:1471   .text:000002e8 USART_GetITStatus
     /tmp/cc7usaPi.s:1585   .text:00000322 USART_ClearITPendingBit

UNDEFINED SYMBOLS
RCC_APB2PeriphResetCmd
RCC_APB1PeriphResetCmd
RCC_GetClocksFreq
