ARM GAS  /tmp/ccnG0Tvv.s 			page 1


   1              		.cpu cortex-m3
   2              		.arch armv7-m
   3              		.fpu softvfp
   4              		.eabi_attribute 20, 1	@ Tag_ABI_FP_denormal
   5              		.eabi_attribute 21, 1	@ Tag_ABI_FP_exceptions
   6              		.eabi_attribute 23, 3	@ Tag_ABI_FP_number_model
   7              		.eabi_attribute 24, 1	@ Tag_ABI_align8_needed
   8              		.eabi_attribute 25, 1	@ Tag_ABI_align8_preserved
   9              		.eabi_attribute 26, 1	@ Tag_ABI_enum_size
  10              		.eabi_attribute 30, 4	@ Tag_ABI_optimization_goals
  11              		.eabi_attribute 34, 1	@ Tag_CPU_unaligned_access
  12              		.eabi_attribute 18, 4	@ Tag_ABI_PCS_wchar_t
  13              		.file	"stm32f10x_gpio.c"
  14              	@ GNU C23 (Arch Repository) version 16.2.0 (arm-none-eabi)
  15              	@	compiled by GNU C version 16.2.1 20260810, GMP version 6.3.0, MPFR version 4.2.2, MPC version 1.4
  16              	
  17              	@ GGC heuristics: --param ggc-min-expand=100 --param ggc-min-heapsize=131072
  18              	@ options passed: -mcpu=cortex-m3 -mthumb -mfloat-abi=soft -march=armv7-m -g -gdwarf-2 -Os -fomit-f
  19              		.text
  20              	.Ltext0:
  21              		.cfi_sections	.debug_frame
  22              		.file 1 "stm32f10x_lib/STM32F10x_StdPeriph_Driver/src/stm32f10x_gpio.c"
  23              		.align	1
  24              		.global	GPIO_DeInit
  25              		.syntax unified
  26              		.thumb
  27              		.thumb_func
  28              		.type	GPIO_DeInit, %function
  29              	GPIO_DeInit:
  30              	.LVL0:
  31              	.LFB29:
   1:stm32f10x_lib/STM32F10x_StdPeriph_Driver/src/stm32f10x_gpio.c **** /**
   2:stm32f10x_lib/STM32F10x_StdPeriph_Driver/src/stm32f10x_gpio.c ****   ******************************************************************************
   3:stm32f10x_lib/STM32F10x_StdPeriph_Driver/src/stm32f10x_gpio.c ****   * @file    stm32f10x_gpio.c
   4:stm32f10x_lib/STM32F10x_StdPeriph_Driver/src/stm32f10x_gpio.c ****   * @author  MCD Application Team
   5:stm32f10x_lib/STM32F10x_StdPeriph_Driver/src/stm32f10x_gpio.c ****   * @version V3.5.0
   6:stm32f10x_lib/STM32F10x_StdPeriph_Driver/src/stm32f10x_gpio.c ****   * @date    11-March-2011
   7:stm32f10x_lib/STM32F10x_StdPeriph_Driver/src/stm32f10x_gpio.c ****   * @brief   This file provides all the GPIO firmware functions.
   8:stm32f10x_lib/STM32F10x_StdPeriph_Driver/src/stm32f10x_gpio.c ****   ******************************************************************************
   9:stm32f10x_lib/STM32F10x_StdPeriph_Driver/src/stm32f10x_gpio.c ****   * @attention
  10:stm32f10x_lib/STM32F10x_StdPeriph_Driver/src/stm32f10x_gpio.c ****   *
  11:stm32f10x_lib/STM32F10x_StdPeriph_Driver/src/stm32f10x_gpio.c ****   * THE PRESENT FIRMWARE WHICH IS FOR GUIDANCE ONLY AIMS AT PROVIDING CUSTOMERS
  12:stm32f10x_lib/STM32F10x_StdPeriph_Driver/src/stm32f10x_gpio.c ****   * WITH CODING INFORMATION REGARDING THEIR PRODUCTS IN ORDER FOR THEM TO SAVE
  13:stm32f10x_lib/STM32F10x_StdPeriph_Driver/src/stm32f10x_gpio.c ****   * TIME. AS A RESULT, STMICROELECTRONICS SHALL NOT BE HELD LIABLE FOR ANY
  14:stm32f10x_lib/STM32F10x_StdPeriph_Driver/src/stm32f10x_gpio.c ****   * DIRECT, INDIRECT OR CONSEQUENTIAL DAMAGES WITH RESPECT TO ANY CLAIMS ARISING
  15:stm32f10x_lib/STM32F10x_StdPeriph_Driver/src/stm32f10x_gpio.c ****   * FROM THE CONTENT OF SUCH FIRMWARE AND/OR THE USE MADE BY CUSTOMERS OF THE
  16:stm32f10x_lib/STM32F10x_StdPeriph_Driver/src/stm32f10x_gpio.c ****   * CODING INFORMATION CONTAINED HEREIN IN CONNECTION WITH THEIR PRODUCTS.
  17:stm32f10x_lib/STM32F10x_StdPeriph_Driver/src/stm32f10x_gpio.c ****   *
  18:stm32f10x_lib/STM32F10x_StdPeriph_Driver/src/stm32f10x_gpio.c ****   * <h2><center>&copy; COPYRIGHT 2011 STMicroelectronics</center></h2>
  19:stm32f10x_lib/STM32F10x_StdPeriph_Driver/src/stm32f10x_gpio.c ****   ******************************************************************************
  20:stm32f10x_lib/STM32F10x_StdPeriph_Driver/src/stm32f10x_gpio.c ****   */
  21:stm32f10x_lib/STM32F10x_StdPeriph_Driver/src/stm32f10x_gpio.c **** 
  22:stm32f10x_lib/STM32F10x_StdPeriph_Driver/src/stm32f10x_gpio.c **** /* Includes ------------------------------------------------------------------*/
  23:stm32f10x_lib/STM32F10x_StdPeriph_Driver/src/stm32f10x_gpio.c **** #include "stm32f10x_gpio.h"
  24:stm32f10x_lib/STM32F10x_StdPeriph_Driver/src/stm32f10x_gpio.c **** #include "stm32f10x_rcc.h"
  25:stm32f10x_lib/STM32F10x_StdPeriph_Driver/src/stm32f10x_gpio.c **** 
  26:stm32f10x_lib/STM32F10x_StdPeriph_Driver/src/stm32f10x_gpio.c **** /** @addtogroup STM32F10x_StdPeriph_Driver
ARM GAS  /tmp/ccnG0Tvv.s 			page 2


  27:stm32f10x_lib/STM32F10x_StdPeriph_Driver/src/stm32f10x_gpio.c ****   * @{
  28:stm32f10x_lib/STM32F10x_StdPeriph_Driver/src/stm32f10x_gpio.c ****   */
  29:stm32f10x_lib/STM32F10x_StdPeriph_Driver/src/stm32f10x_gpio.c **** 
  30:stm32f10x_lib/STM32F10x_StdPeriph_Driver/src/stm32f10x_gpio.c **** /** @defgroup GPIO 
  31:stm32f10x_lib/STM32F10x_StdPeriph_Driver/src/stm32f10x_gpio.c ****   * @brief GPIO driver modules
  32:stm32f10x_lib/STM32F10x_StdPeriph_Driver/src/stm32f10x_gpio.c ****   * @{
  33:stm32f10x_lib/STM32F10x_StdPeriph_Driver/src/stm32f10x_gpio.c ****   */ 
  34:stm32f10x_lib/STM32F10x_StdPeriph_Driver/src/stm32f10x_gpio.c **** 
  35:stm32f10x_lib/STM32F10x_StdPeriph_Driver/src/stm32f10x_gpio.c **** /** @defgroup GPIO_Private_TypesDefinitions
  36:stm32f10x_lib/STM32F10x_StdPeriph_Driver/src/stm32f10x_gpio.c ****   * @{
  37:stm32f10x_lib/STM32F10x_StdPeriph_Driver/src/stm32f10x_gpio.c ****   */
  38:stm32f10x_lib/STM32F10x_StdPeriph_Driver/src/stm32f10x_gpio.c **** 
  39:stm32f10x_lib/STM32F10x_StdPeriph_Driver/src/stm32f10x_gpio.c **** /**
  40:stm32f10x_lib/STM32F10x_StdPeriph_Driver/src/stm32f10x_gpio.c ****   * @}
  41:stm32f10x_lib/STM32F10x_StdPeriph_Driver/src/stm32f10x_gpio.c ****   */
  42:stm32f10x_lib/STM32F10x_StdPeriph_Driver/src/stm32f10x_gpio.c **** 
  43:stm32f10x_lib/STM32F10x_StdPeriph_Driver/src/stm32f10x_gpio.c **** /** @defgroup GPIO_Private_Defines
  44:stm32f10x_lib/STM32F10x_StdPeriph_Driver/src/stm32f10x_gpio.c ****   * @{
  45:stm32f10x_lib/STM32F10x_StdPeriph_Driver/src/stm32f10x_gpio.c ****   */
  46:stm32f10x_lib/STM32F10x_StdPeriph_Driver/src/stm32f10x_gpio.c **** 
  47:stm32f10x_lib/STM32F10x_StdPeriph_Driver/src/stm32f10x_gpio.c **** /* ------------ RCC registers bit address in the alias region ----------------*/
  48:stm32f10x_lib/STM32F10x_StdPeriph_Driver/src/stm32f10x_gpio.c **** #define AFIO_OFFSET                 (AFIO_BASE - PERIPH_BASE)
  49:stm32f10x_lib/STM32F10x_StdPeriph_Driver/src/stm32f10x_gpio.c **** 
  50:stm32f10x_lib/STM32F10x_StdPeriph_Driver/src/stm32f10x_gpio.c **** /* --- EVENTCR Register -----*/
  51:stm32f10x_lib/STM32F10x_StdPeriph_Driver/src/stm32f10x_gpio.c **** 
  52:stm32f10x_lib/STM32F10x_StdPeriph_Driver/src/stm32f10x_gpio.c **** /* Alias word address of EVOE bit */
  53:stm32f10x_lib/STM32F10x_StdPeriph_Driver/src/stm32f10x_gpio.c **** #define EVCR_OFFSET                 (AFIO_OFFSET + 0x00)
  54:stm32f10x_lib/STM32F10x_StdPeriph_Driver/src/stm32f10x_gpio.c **** #define EVOE_BitNumber              ((uint8_t)0x07)
  55:stm32f10x_lib/STM32F10x_StdPeriph_Driver/src/stm32f10x_gpio.c **** #define EVCR_EVOE_BB                (PERIPH_BB_BASE + (EVCR_OFFSET * 32) + (EVOE_BitNumber * 4))
  56:stm32f10x_lib/STM32F10x_StdPeriph_Driver/src/stm32f10x_gpio.c **** 
  57:stm32f10x_lib/STM32F10x_StdPeriph_Driver/src/stm32f10x_gpio.c **** 
  58:stm32f10x_lib/STM32F10x_StdPeriph_Driver/src/stm32f10x_gpio.c **** /* ---  MAPR Register ---*/ 
  59:stm32f10x_lib/STM32F10x_StdPeriph_Driver/src/stm32f10x_gpio.c **** /* Alias word address of MII_RMII_SEL bit */ 
  60:stm32f10x_lib/STM32F10x_StdPeriph_Driver/src/stm32f10x_gpio.c **** #define MAPR_OFFSET                 (AFIO_OFFSET + 0x04) 
  61:stm32f10x_lib/STM32F10x_StdPeriph_Driver/src/stm32f10x_gpio.c **** #define MII_RMII_SEL_BitNumber      ((u8)0x17) 
  62:stm32f10x_lib/STM32F10x_StdPeriph_Driver/src/stm32f10x_gpio.c **** #define MAPR_MII_RMII_SEL_BB        (PERIPH_BB_BASE + (MAPR_OFFSET * 32) + (MII_RMII_SEL_BitNumber 
  63:stm32f10x_lib/STM32F10x_StdPeriph_Driver/src/stm32f10x_gpio.c **** 
  64:stm32f10x_lib/STM32F10x_StdPeriph_Driver/src/stm32f10x_gpio.c **** 
  65:stm32f10x_lib/STM32F10x_StdPeriph_Driver/src/stm32f10x_gpio.c **** #define EVCR_PORTPINCONFIG_MASK     ((uint16_t)0xFF80)
  66:stm32f10x_lib/STM32F10x_StdPeriph_Driver/src/stm32f10x_gpio.c **** #define LSB_MASK                    ((uint16_t)0xFFFF)
  67:stm32f10x_lib/STM32F10x_StdPeriph_Driver/src/stm32f10x_gpio.c **** #define DBGAFR_POSITION_MASK        ((uint32_t)0x000F0000)
  68:stm32f10x_lib/STM32F10x_StdPeriph_Driver/src/stm32f10x_gpio.c **** #define DBGAFR_SWJCFG_MASK          ((uint32_t)0xF0FFFFFF)
  69:stm32f10x_lib/STM32F10x_StdPeriph_Driver/src/stm32f10x_gpio.c **** #define DBGAFR_LOCATION_MASK        ((uint32_t)0x00200000)
  70:stm32f10x_lib/STM32F10x_StdPeriph_Driver/src/stm32f10x_gpio.c **** #define DBGAFR_NUMBITS_MASK         ((uint32_t)0x00100000)
  71:stm32f10x_lib/STM32F10x_StdPeriph_Driver/src/stm32f10x_gpio.c **** /**
  72:stm32f10x_lib/STM32F10x_StdPeriph_Driver/src/stm32f10x_gpio.c ****   * @}
  73:stm32f10x_lib/STM32F10x_StdPeriph_Driver/src/stm32f10x_gpio.c ****   */
  74:stm32f10x_lib/STM32F10x_StdPeriph_Driver/src/stm32f10x_gpio.c **** 
  75:stm32f10x_lib/STM32F10x_StdPeriph_Driver/src/stm32f10x_gpio.c **** /** @defgroup GPIO_Private_Macros
  76:stm32f10x_lib/STM32F10x_StdPeriph_Driver/src/stm32f10x_gpio.c ****   * @{
  77:stm32f10x_lib/STM32F10x_StdPeriph_Driver/src/stm32f10x_gpio.c ****   */
  78:stm32f10x_lib/STM32F10x_StdPeriph_Driver/src/stm32f10x_gpio.c **** 
  79:stm32f10x_lib/STM32F10x_StdPeriph_Driver/src/stm32f10x_gpio.c **** /**
  80:stm32f10x_lib/STM32F10x_StdPeriph_Driver/src/stm32f10x_gpio.c ****   * @}
  81:stm32f10x_lib/STM32F10x_StdPeriph_Driver/src/stm32f10x_gpio.c ****   */
  82:stm32f10x_lib/STM32F10x_StdPeriph_Driver/src/stm32f10x_gpio.c **** 
  83:stm32f10x_lib/STM32F10x_StdPeriph_Driver/src/stm32f10x_gpio.c **** /** @defgroup GPIO_Private_Variables
ARM GAS  /tmp/ccnG0Tvv.s 			page 3


  84:stm32f10x_lib/STM32F10x_StdPeriph_Driver/src/stm32f10x_gpio.c ****   * @{
  85:stm32f10x_lib/STM32F10x_StdPeriph_Driver/src/stm32f10x_gpio.c ****   */
  86:stm32f10x_lib/STM32F10x_StdPeriph_Driver/src/stm32f10x_gpio.c **** 
  87:stm32f10x_lib/STM32F10x_StdPeriph_Driver/src/stm32f10x_gpio.c **** /**
  88:stm32f10x_lib/STM32F10x_StdPeriph_Driver/src/stm32f10x_gpio.c ****   * @}
  89:stm32f10x_lib/STM32F10x_StdPeriph_Driver/src/stm32f10x_gpio.c ****   */
  90:stm32f10x_lib/STM32F10x_StdPeriph_Driver/src/stm32f10x_gpio.c **** 
  91:stm32f10x_lib/STM32F10x_StdPeriph_Driver/src/stm32f10x_gpio.c **** /** @defgroup GPIO_Private_FunctionPrototypes
  92:stm32f10x_lib/STM32F10x_StdPeriph_Driver/src/stm32f10x_gpio.c ****   * @{
  93:stm32f10x_lib/STM32F10x_StdPeriph_Driver/src/stm32f10x_gpio.c ****   */
  94:stm32f10x_lib/STM32F10x_StdPeriph_Driver/src/stm32f10x_gpio.c **** 
  95:stm32f10x_lib/STM32F10x_StdPeriph_Driver/src/stm32f10x_gpio.c **** /**
  96:stm32f10x_lib/STM32F10x_StdPeriph_Driver/src/stm32f10x_gpio.c ****   * @}
  97:stm32f10x_lib/STM32F10x_StdPeriph_Driver/src/stm32f10x_gpio.c ****   */
  98:stm32f10x_lib/STM32F10x_StdPeriph_Driver/src/stm32f10x_gpio.c **** 
  99:stm32f10x_lib/STM32F10x_StdPeriph_Driver/src/stm32f10x_gpio.c **** /** @defgroup GPIO_Private_Functions
 100:stm32f10x_lib/STM32F10x_StdPeriph_Driver/src/stm32f10x_gpio.c ****   * @{
 101:stm32f10x_lib/STM32F10x_StdPeriph_Driver/src/stm32f10x_gpio.c ****   */
 102:stm32f10x_lib/STM32F10x_StdPeriph_Driver/src/stm32f10x_gpio.c **** 
 103:stm32f10x_lib/STM32F10x_StdPeriph_Driver/src/stm32f10x_gpio.c **** /**
 104:stm32f10x_lib/STM32F10x_StdPeriph_Driver/src/stm32f10x_gpio.c ****   * @brief  Deinitializes the GPIOx peripheral registers to their default reset values.
 105:stm32f10x_lib/STM32F10x_StdPeriph_Driver/src/stm32f10x_gpio.c ****   * @param  GPIOx: where x can be (A..G) to select the GPIO peripheral.
 106:stm32f10x_lib/STM32F10x_StdPeriph_Driver/src/stm32f10x_gpio.c ****   * @retval None
 107:stm32f10x_lib/STM32F10x_StdPeriph_Driver/src/stm32f10x_gpio.c ****   */
 108:stm32f10x_lib/STM32F10x_StdPeriph_Driver/src/stm32f10x_gpio.c **** void GPIO_DeInit(GPIO_TypeDef* GPIOx)
 109:stm32f10x_lib/STM32F10x_StdPeriph_Driver/src/stm32f10x_gpio.c **** {
  32              		.loc 1 109 1 view -0
  33              		.cfi_startproc
  34              		@ args = 0, pretend = 0, frame = 0
  35              		@ frame_needed = 0, uses_anonymous_args = 0
 110:stm32f10x_lib/STM32F10x_StdPeriph_Driver/src/stm32f10x_gpio.c ****   /* Check the parameters */
 111:stm32f10x_lib/STM32F10x_StdPeriph_Driver/src/stm32f10x_gpio.c ****   assert_param(IS_GPIO_ALL_PERIPH(GPIOx));
  36              		.loc 1 111 3 view .LVU1
 112:stm32f10x_lib/STM32F10x_StdPeriph_Driver/src/stm32f10x_gpio.c ****   
 113:stm32f10x_lib/STM32F10x_StdPeriph_Driver/src/stm32f10x_gpio.c ****   if (GPIOx == GPIOA)
  37              		.loc 1 113 3 view .LVU2
  38              	@ stm32f10x_lib/STM32F10x_StdPeriph_Driver/src/stm32f10x_gpio.c:109: {
 109:stm32f10x_lib/STM32F10x_StdPeriph_Driver/src/stm32f10x_gpio.c ****   /* Check the parameters */
  39              		.loc 1 109 1 is_stmt 0 view .LVU3
  40 0000 08B5     		push	{r3, lr}	@
  41              	.LCFI0:
  42              		.cfi_def_cfa_offset 8
  43              		.cfi_offset 3, -8
  44              		.cfi_offset 14, -4
  45              	@ stm32f10x_lib/STM32F10x_StdPeriph_Driver/src/stm32f10x_gpio.c:113:   if (GPIOx == GPIOA)
  46              		.loc 1 113 6 view .LVU4
  47 0002 264B     		ldr	r3, .L10	@ tmp95,
  48 0004 9842     		cmp	r0, r3	@ GPIOx, tmp95
  49 0006 09D1     		bne	.L2		@,
 114:stm32f10x_lib/STM32F10x_StdPeriph_Driver/src/stm32f10x_gpio.c ****   {
 115:stm32f10x_lib/STM32F10x_StdPeriph_Driver/src/stm32f10x_gpio.c ****     RCC_APB2PeriphResetCmd(RCC_APB2Periph_GPIOA, ENABLE);
  50              		.loc 1 115 5 is_stmt 1 view .LVU5
  51 0008 0121     		movs	r1, #1	@,
  52 000a 0420     		movs	r0, #4	@,
  53              	.LVL1:
  54              		.loc 1 115 5 is_stmt 0 view .LVU6
  55 000c FFF7FEFF 		bl	RCC_APB2PeriphResetCmd		@
ARM GAS  /tmp/ccnG0Tvv.s 			page 4


  56              	.LVL2:
 116:stm32f10x_lib/STM32F10x_StdPeriph_Driver/src/stm32f10x_gpio.c ****     RCC_APB2PeriphResetCmd(RCC_APB2Periph_GPIOA, DISABLE);
  57              		.loc 1 116 5 is_stmt 1 view .LVU7
  58 0010 0021     		movs	r1, #0	@,
  59 0012 0420     		movs	r0, #4	@,
  60              	.L9:
  61              	@ stm32f10x_lib/STM32F10x_StdPeriph_Driver/src/stm32f10x_gpio.c:151: }
 117:stm32f10x_lib/STM32F10x_StdPeriph_Driver/src/stm32f10x_gpio.c ****   }
 118:stm32f10x_lib/STM32F10x_StdPeriph_Driver/src/stm32f10x_gpio.c ****   else if (GPIOx == GPIOB)
 119:stm32f10x_lib/STM32F10x_StdPeriph_Driver/src/stm32f10x_gpio.c ****   {
 120:stm32f10x_lib/STM32F10x_StdPeriph_Driver/src/stm32f10x_gpio.c ****     RCC_APB2PeriphResetCmd(RCC_APB2Periph_GPIOB, ENABLE);
 121:stm32f10x_lib/STM32F10x_StdPeriph_Driver/src/stm32f10x_gpio.c ****     RCC_APB2PeriphResetCmd(RCC_APB2Periph_GPIOB, DISABLE);
 122:stm32f10x_lib/STM32F10x_StdPeriph_Driver/src/stm32f10x_gpio.c ****   }
 123:stm32f10x_lib/STM32F10x_StdPeriph_Driver/src/stm32f10x_gpio.c ****   else if (GPIOx == GPIOC)
 124:stm32f10x_lib/STM32F10x_StdPeriph_Driver/src/stm32f10x_gpio.c ****   {
 125:stm32f10x_lib/STM32F10x_StdPeriph_Driver/src/stm32f10x_gpio.c ****     RCC_APB2PeriphResetCmd(RCC_APB2Periph_GPIOC, ENABLE);
 126:stm32f10x_lib/STM32F10x_StdPeriph_Driver/src/stm32f10x_gpio.c ****     RCC_APB2PeriphResetCmd(RCC_APB2Periph_GPIOC, DISABLE);
 127:stm32f10x_lib/STM32F10x_StdPeriph_Driver/src/stm32f10x_gpio.c ****   }
 128:stm32f10x_lib/STM32F10x_StdPeriph_Driver/src/stm32f10x_gpio.c ****   else if (GPIOx == GPIOD)
 129:stm32f10x_lib/STM32F10x_StdPeriph_Driver/src/stm32f10x_gpio.c ****   {
 130:stm32f10x_lib/STM32F10x_StdPeriph_Driver/src/stm32f10x_gpio.c ****     RCC_APB2PeriphResetCmd(RCC_APB2Periph_GPIOD, ENABLE);
 131:stm32f10x_lib/STM32F10x_StdPeriph_Driver/src/stm32f10x_gpio.c ****     RCC_APB2PeriphResetCmd(RCC_APB2Periph_GPIOD, DISABLE);
 132:stm32f10x_lib/STM32F10x_StdPeriph_Driver/src/stm32f10x_gpio.c ****   }    
 133:stm32f10x_lib/STM32F10x_StdPeriph_Driver/src/stm32f10x_gpio.c ****   else if (GPIOx == GPIOE)
 134:stm32f10x_lib/STM32F10x_StdPeriph_Driver/src/stm32f10x_gpio.c ****   {
 135:stm32f10x_lib/STM32F10x_StdPeriph_Driver/src/stm32f10x_gpio.c ****     RCC_APB2PeriphResetCmd(RCC_APB2Periph_GPIOE, ENABLE);
 136:stm32f10x_lib/STM32F10x_StdPeriph_Driver/src/stm32f10x_gpio.c ****     RCC_APB2PeriphResetCmd(RCC_APB2Periph_GPIOE, DISABLE);
 137:stm32f10x_lib/STM32F10x_StdPeriph_Driver/src/stm32f10x_gpio.c ****   } 
 138:stm32f10x_lib/STM32F10x_StdPeriph_Driver/src/stm32f10x_gpio.c ****   else if (GPIOx == GPIOF)
 139:stm32f10x_lib/STM32F10x_StdPeriph_Driver/src/stm32f10x_gpio.c ****   {
 140:stm32f10x_lib/STM32F10x_StdPeriph_Driver/src/stm32f10x_gpio.c ****     RCC_APB2PeriphResetCmd(RCC_APB2Periph_GPIOF, ENABLE);
 141:stm32f10x_lib/STM32F10x_StdPeriph_Driver/src/stm32f10x_gpio.c ****     RCC_APB2PeriphResetCmd(RCC_APB2Periph_GPIOF, DISABLE);
 142:stm32f10x_lib/STM32F10x_StdPeriph_Driver/src/stm32f10x_gpio.c ****   }
 143:stm32f10x_lib/STM32F10x_StdPeriph_Driver/src/stm32f10x_gpio.c ****   else
 144:stm32f10x_lib/STM32F10x_StdPeriph_Driver/src/stm32f10x_gpio.c ****   {
 145:stm32f10x_lib/STM32F10x_StdPeriph_Driver/src/stm32f10x_gpio.c ****     if (GPIOx == GPIOG)
 146:stm32f10x_lib/STM32F10x_StdPeriph_Driver/src/stm32f10x_gpio.c ****     {
 147:stm32f10x_lib/STM32F10x_StdPeriph_Driver/src/stm32f10x_gpio.c ****       RCC_APB2PeriphResetCmd(RCC_APB2Periph_GPIOG, ENABLE);
 148:stm32f10x_lib/STM32F10x_StdPeriph_Driver/src/stm32f10x_gpio.c ****       RCC_APB2PeriphResetCmd(RCC_APB2Periph_GPIOG, DISABLE);
 149:stm32f10x_lib/STM32F10x_StdPeriph_Driver/src/stm32f10x_gpio.c ****     }
 150:stm32f10x_lib/STM32F10x_StdPeriph_Driver/src/stm32f10x_gpio.c ****   }
 151:stm32f10x_lib/STM32F10x_StdPeriph_Driver/src/stm32f10x_gpio.c **** }
  62              		.loc 1 151 1 is_stmt 0 view .LVU8
  63 0014 BDE80840 		pop	{r3, lr}	@
  64              	.LCFI1:
  65              		.cfi_remember_state
  66              		.cfi_restore 14
  67              		.cfi_restore 3
  68              		.cfi_def_cfa_offset 0
  69              	@ stm32f10x_lib/STM32F10x_StdPeriph_Driver/src/stm32f10x_gpio.c:148:       RCC_APB2PeriphResetCmd(R
 148:stm32f10x_lib/STM32F10x_StdPeriph_Driver/src/stm32f10x_gpio.c ****     }
  70              		.loc 1 148 7 view .LVU9
  71 0018 FFF7FEBF 		b	RCC_APB2PeriphResetCmd		@
  72              	.LVL3:
  73              	.L2:
  74              	.LCFI2:
  75              		.cfi_restore_state
ARM GAS  /tmp/ccnG0Tvv.s 			page 5


 118:stm32f10x_lib/STM32F10x_StdPeriph_Driver/src/stm32f10x_gpio.c ****   {
  76              		.loc 1 118 8 is_stmt 1 view .LVU10
  77              	@ stm32f10x_lib/STM32F10x_StdPeriph_Driver/src/stm32f10x_gpio.c:118:   else if (GPIOx == GPIOB)
 118:stm32f10x_lib/STM32F10x_StdPeriph_Driver/src/stm32f10x_gpio.c ****   {
  78              		.loc 1 118 11 is_stmt 0 view .LVU11
  79 001c 204B     		ldr	r3, .L10+4	@ tmp96,
  80 001e 9842     		cmp	r0, r3	@ GPIOx, tmp96
  81 0020 06D1     		bne	.L3		@,
 120:stm32f10x_lib/STM32F10x_StdPeriph_Driver/src/stm32f10x_gpio.c ****     RCC_APB2PeriphResetCmd(RCC_APB2Periph_GPIOB, DISABLE);
  82              		.loc 1 120 5 is_stmt 1 view .LVU12
  83 0022 0121     		movs	r1, #1	@,
  84 0024 0820     		movs	r0, #8	@,
  85              	.LVL4:
 120:stm32f10x_lib/STM32F10x_StdPeriph_Driver/src/stm32f10x_gpio.c ****     RCC_APB2PeriphResetCmd(RCC_APB2Periph_GPIOB, DISABLE);
  86              		.loc 1 120 5 is_stmt 0 view .LVU13
  87 0026 FFF7FEFF 		bl	RCC_APB2PeriphResetCmd		@
  88              	.LVL5:
 121:stm32f10x_lib/STM32F10x_StdPeriph_Driver/src/stm32f10x_gpio.c ****   }
  89              		.loc 1 121 5 is_stmt 1 view .LVU14
  90 002a 0021     		movs	r1, #0	@,
  91 002c 0820     		movs	r0, #8	@,
  92 002e F1E7     		b	.L9		@
  93              	.LVL6:
  94              	.L3:
 123:stm32f10x_lib/STM32F10x_StdPeriph_Driver/src/stm32f10x_gpio.c ****   {
  95              		.loc 1 123 8 view .LVU15
  96              	@ stm32f10x_lib/STM32F10x_StdPeriph_Driver/src/stm32f10x_gpio.c:123:   else if (GPIOx == GPIOC)
 123:stm32f10x_lib/STM32F10x_StdPeriph_Driver/src/stm32f10x_gpio.c ****   {
  97              		.loc 1 123 11 is_stmt 0 view .LVU16
  98 0030 1C4B     		ldr	r3, .L10+8	@ tmp97,
  99 0032 9842     		cmp	r0, r3	@ GPIOx, tmp97
 100 0034 06D1     		bne	.L4		@,
 125:stm32f10x_lib/STM32F10x_StdPeriph_Driver/src/stm32f10x_gpio.c ****     RCC_APB2PeriphResetCmd(RCC_APB2Periph_GPIOC, DISABLE);
 101              		.loc 1 125 5 is_stmt 1 view .LVU17
 102 0036 0121     		movs	r1, #1	@,
 103 0038 1020     		movs	r0, #16	@,
 104              	.LVL7:
 125:stm32f10x_lib/STM32F10x_StdPeriph_Driver/src/stm32f10x_gpio.c ****     RCC_APB2PeriphResetCmd(RCC_APB2Periph_GPIOC, DISABLE);
 105              		.loc 1 125 5 is_stmt 0 view .LVU18
 106 003a FFF7FEFF 		bl	RCC_APB2PeriphResetCmd		@
 107              	.LVL8:
 126:stm32f10x_lib/STM32F10x_StdPeriph_Driver/src/stm32f10x_gpio.c ****   }
 108              		.loc 1 126 5 is_stmt 1 view .LVU19
 109 003e 0021     		movs	r1, #0	@,
 110 0040 1020     		movs	r0, #16	@,
 111 0042 E7E7     		b	.L9		@
 112              	.LVL9:
 113              	.L4:
 128:stm32f10x_lib/STM32F10x_StdPeriph_Driver/src/stm32f10x_gpio.c ****   {
 114              		.loc 1 128 8 view .LVU20
 115              	@ stm32f10x_lib/STM32F10x_StdPeriph_Driver/src/stm32f10x_gpio.c:128:   else if (GPIOx == GPIOD)
 128:stm32f10x_lib/STM32F10x_StdPeriph_Driver/src/stm32f10x_gpio.c ****   {
 116              		.loc 1 128 11 is_stmt 0 view .LVU21
 117 0044 184B     		ldr	r3, .L10+12	@ tmp98,
 118 0046 9842     		cmp	r0, r3	@ GPIOx, tmp98
 119 0048 06D1     		bne	.L5		@,
 130:stm32f10x_lib/STM32F10x_StdPeriph_Driver/src/stm32f10x_gpio.c ****     RCC_APB2PeriphResetCmd(RCC_APB2Periph_GPIOD, DISABLE);
ARM GAS  /tmp/ccnG0Tvv.s 			page 6


 120              		.loc 1 130 5 is_stmt 1 view .LVU22
 121 004a 0121     		movs	r1, #1	@,
 122 004c 2020     		movs	r0, #32	@,
 123              	.LVL10:
 130:stm32f10x_lib/STM32F10x_StdPeriph_Driver/src/stm32f10x_gpio.c ****     RCC_APB2PeriphResetCmd(RCC_APB2Periph_GPIOD, DISABLE);
 124              		.loc 1 130 5 is_stmt 0 view .LVU23
 125 004e FFF7FEFF 		bl	RCC_APB2PeriphResetCmd		@
 126              	.LVL11:
 131:stm32f10x_lib/STM32F10x_StdPeriph_Driver/src/stm32f10x_gpio.c ****   }    
 127              		.loc 1 131 5 is_stmt 1 view .LVU24
 128 0052 0021     		movs	r1, #0	@,
 129 0054 2020     		movs	r0, #32	@,
 130 0056 DDE7     		b	.L9		@
 131              	.LVL12:
 132              	.L5:
 133:stm32f10x_lib/STM32F10x_StdPeriph_Driver/src/stm32f10x_gpio.c ****   {
 133              		.loc 1 133 8 view .LVU25
 134              	@ stm32f10x_lib/STM32F10x_StdPeriph_Driver/src/stm32f10x_gpio.c:133:   else if (GPIOx == GPIOE)
 133:stm32f10x_lib/STM32F10x_StdPeriph_Driver/src/stm32f10x_gpio.c ****   {
 135              		.loc 1 133 11 is_stmt 0 view .LVU26
 136 0058 144B     		ldr	r3, .L10+16	@ tmp99,
 137 005a 9842     		cmp	r0, r3	@ GPIOx, tmp99
 138 005c 06D1     		bne	.L6		@,
 135:stm32f10x_lib/STM32F10x_StdPeriph_Driver/src/stm32f10x_gpio.c ****     RCC_APB2PeriphResetCmd(RCC_APB2Periph_GPIOE, DISABLE);
 139              		.loc 1 135 5 is_stmt 1 view .LVU27
 140 005e 0121     		movs	r1, #1	@,
 141 0060 4020     		movs	r0, #64	@,
 142              	.LVL13:
 135:stm32f10x_lib/STM32F10x_StdPeriph_Driver/src/stm32f10x_gpio.c ****     RCC_APB2PeriphResetCmd(RCC_APB2Periph_GPIOE, DISABLE);
 143              		.loc 1 135 5 is_stmt 0 view .LVU28
 144 0062 FFF7FEFF 		bl	RCC_APB2PeriphResetCmd		@
 145              	.LVL14:
 136:stm32f10x_lib/STM32F10x_StdPeriph_Driver/src/stm32f10x_gpio.c ****   } 
 146              		.loc 1 136 5 is_stmt 1 view .LVU29
 147 0066 0021     		movs	r1, #0	@,
 148 0068 4020     		movs	r0, #64	@,
 149 006a D3E7     		b	.L9		@
 150              	.LVL15:
 151              	.L6:
 138:stm32f10x_lib/STM32F10x_StdPeriph_Driver/src/stm32f10x_gpio.c ****   {
 152              		.loc 1 138 8 view .LVU30
 153              	@ stm32f10x_lib/STM32F10x_StdPeriph_Driver/src/stm32f10x_gpio.c:138:   else if (GPIOx == GPIOF)
 138:stm32f10x_lib/STM32F10x_StdPeriph_Driver/src/stm32f10x_gpio.c ****   {
 154              		.loc 1 138 11 is_stmt 0 view .LVU31
 155 006c 104B     		ldr	r3, .L10+20	@ tmp100,
 156 006e 9842     		cmp	r0, r3	@ GPIOx, tmp100
 157 0070 06D1     		bne	.L7		@,
 140:stm32f10x_lib/STM32F10x_StdPeriph_Driver/src/stm32f10x_gpio.c ****     RCC_APB2PeriphResetCmd(RCC_APB2Periph_GPIOF, DISABLE);
 158              		.loc 1 140 5 is_stmt 1 view .LVU32
 159 0072 0121     		movs	r1, #1	@,
 160 0074 8020     		movs	r0, #128	@,
 161              	.LVL16:
 140:stm32f10x_lib/STM32F10x_StdPeriph_Driver/src/stm32f10x_gpio.c ****     RCC_APB2PeriphResetCmd(RCC_APB2Periph_GPIOF, DISABLE);
 162              		.loc 1 140 5 is_stmt 0 view .LVU33
 163 0076 FFF7FEFF 		bl	RCC_APB2PeriphResetCmd		@
 164              	.LVL17:
 141:stm32f10x_lib/STM32F10x_StdPeriph_Driver/src/stm32f10x_gpio.c ****   }
ARM GAS  /tmp/ccnG0Tvv.s 			page 7


 165              		.loc 1 141 5 is_stmt 1 view .LVU34
 166 007a 0021     		movs	r1, #0	@,
 167 007c 8020     		movs	r0, #128	@,
 168 007e C9E7     		b	.L9		@
 169              	.LVL18:
 170              	.L7:
 145:stm32f10x_lib/STM32F10x_StdPeriph_Driver/src/stm32f10x_gpio.c ****     {
 171              		.loc 1 145 5 view .LVU35
 172              	@ stm32f10x_lib/STM32F10x_StdPeriph_Driver/src/stm32f10x_gpio.c:145:     if (GPIOx == GPIOG)
 145:stm32f10x_lib/STM32F10x_StdPeriph_Driver/src/stm32f10x_gpio.c ****     {
 173              		.loc 1 145 8 is_stmt 0 view .LVU36
 174 0080 0C4B     		ldr	r3, .L10+24	@ tmp101,
 175 0082 9842     		cmp	r0, r3	@ GPIOx, tmp101
 176 0084 08D1     		bne	.L1		@,
 147:stm32f10x_lib/STM32F10x_StdPeriph_Driver/src/stm32f10x_gpio.c ****       RCC_APB2PeriphResetCmd(RCC_APB2Periph_GPIOG, DISABLE);
 177              		.loc 1 147 7 is_stmt 1 view .LVU37
 178 0086 0121     		movs	r1, #1	@,
 179 0088 4FF48070 		mov	r0, #256	@,
 180              	.LVL19:
 147:stm32f10x_lib/STM32F10x_StdPeriph_Driver/src/stm32f10x_gpio.c ****       RCC_APB2PeriphResetCmd(RCC_APB2Periph_GPIOG, DISABLE);
 181              		.loc 1 147 7 is_stmt 0 view .LVU38
 182 008c FFF7FEFF 		bl	RCC_APB2PeriphResetCmd		@
 183              	.LVL20:
 148:stm32f10x_lib/STM32F10x_StdPeriph_Driver/src/stm32f10x_gpio.c ****     }
 184              		.loc 1 148 7 is_stmt 1 view .LVU39
 185 0090 0021     		movs	r1, #0	@,
 186 0092 4FF48070 		mov	r0, #256	@,
 187 0096 BDE7     		b	.L9		@
 188              	.LVL21:
 189              	.L1:
 190              	@ stm32f10x_lib/STM32F10x_StdPeriph_Driver/src/stm32f10x_gpio.c:151: }
 191              		.loc 1 151 1 is_stmt 0 view .LVU40
 192 0098 08BD     		pop	{r3, pc}	@
 193              	.L11:
 194 009a 00BF     		.align	2
 195              	.L10:
 196 009c 00080140 		.word	1073809408
 197 00a0 000C0140 		.word	1073810432
 198 00a4 00100140 		.word	1073811456
 199 00a8 00140140 		.word	1073812480
 200 00ac 00180140 		.word	1073813504
 201 00b0 001C0140 		.word	1073814528
 202 00b4 00200140 		.word	1073815552
 203              		.cfi_endproc
 204              	.LFE29:
 205              		.size	GPIO_DeInit, .-GPIO_DeInit
 206              		.align	1
 207              		.global	GPIO_AFIODeInit
 208              		.syntax unified
 209              		.thumb
 210              		.thumb_func
 211              		.type	GPIO_AFIODeInit, %function
 212              	GPIO_AFIODeInit:
 213              	.LFB30:
 152:stm32f10x_lib/STM32F10x_StdPeriph_Driver/src/stm32f10x_gpio.c **** 
 153:stm32f10x_lib/STM32F10x_StdPeriph_Driver/src/stm32f10x_gpio.c **** /**
 154:stm32f10x_lib/STM32F10x_StdPeriph_Driver/src/stm32f10x_gpio.c ****   * @brief  Deinitializes the Alternate Functions (remap, event control
ARM GAS  /tmp/ccnG0Tvv.s 			page 8


 155:stm32f10x_lib/STM32F10x_StdPeriph_Driver/src/stm32f10x_gpio.c ****   *   and EXTI configuration) registers to their default reset values.
 156:stm32f10x_lib/STM32F10x_StdPeriph_Driver/src/stm32f10x_gpio.c ****   * @param  None
 157:stm32f10x_lib/STM32F10x_StdPeriph_Driver/src/stm32f10x_gpio.c ****   * @retval None
 158:stm32f10x_lib/STM32F10x_StdPeriph_Driver/src/stm32f10x_gpio.c ****   */
 159:stm32f10x_lib/STM32F10x_StdPeriph_Driver/src/stm32f10x_gpio.c **** void GPIO_AFIODeInit(void)
 160:stm32f10x_lib/STM32F10x_StdPeriph_Driver/src/stm32f10x_gpio.c **** {
 214              		.loc 1 160 1 is_stmt 1 view -0
 215              		.cfi_startproc
 216              		@ args = 0, pretend = 0, frame = 0
 217              		@ frame_needed = 0, uses_anonymous_args = 0
 161:stm32f10x_lib/STM32F10x_StdPeriph_Driver/src/stm32f10x_gpio.c ****   RCC_APB2PeriphResetCmd(RCC_APB2Periph_AFIO, ENABLE);
 218              		.loc 1 161 3 view .LVU42
 219 00b8 0121     		movs	r1, #1	@,
 220              	@ stm32f10x_lib/STM32F10x_StdPeriph_Driver/src/stm32f10x_gpio.c:160: {
 160:stm32f10x_lib/STM32F10x_StdPeriph_Driver/src/stm32f10x_gpio.c ****   RCC_APB2PeriphResetCmd(RCC_APB2Periph_AFIO, ENABLE);
 221              		.loc 1 160 1 is_stmt 0 view .LVU43
 222 00ba 08B5     		push	{r3, lr}	@
 223              	.LCFI3:
 224              		.cfi_def_cfa_offset 8
 225              		.cfi_offset 3, -8
 226              		.cfi_offset 14, -4
 227              	@ stm32f10x_lib/STM32F10x_StdPeriph_Driver/src/stm32f10x_gpio.c:161:   RCC_APB2PeriphResetCmd(RCC_A
 228              		.loc 1 161 3 view .LVU44
 229 00bc 0846     		mov	r0, r1	@,
 230 00be FFF7FEFF 		bl	RCC_APB2PeriphResetCmd		@
 231              	.LVL22:
 162:stm32f10x_lib/STM32F10x_StdPeriph_Driver/src/stm32f10x_gpio.c ****   RCC_APB2PeriphResetCmd(RCC_APB2Periph_AFIO, DISABLE);
 232              		.loc 1 162 3 is_stmt 1 view .LVU45
 233              	@ stm32f10x_lib/STM32F10x_StdPeriph_Driver/src/stm32f10x_gpio.c:163: }
 163:stm32f10x_lib/STM32F10x_StdPeriph_Driver/src/stm32f10x_gpio.c **** }
 234              		.loc 1 163 1 is_stmt 0 view .LVU46
 235 00c2 BDE80840 		pop	{r3, lr}	@
 236              	.LCFI4:
 237              		.cfi_restore 14
 238              		.cfi_restore 3
 239              		.cfi_def_cfa_offset 0
 240              	@ stm32f10x_lib/STM32F10x_StdPeriph_Driver/src/stm32f10x_gpio.c:162:   RCC_APB2PeriphResetCmd(RCC_A
 162:stm32f10x_lib/STM32F10x_StdPeriph_Driver/src/stm32f10x_gpio.c ****   RCC_APB2PeriphResetCmd(RCC_APB2Periph_AFIO, DISABLE);
 241              		.loc 1 162 3 view .LVU47
 242 00c6 0021     		movs	r1, #0	@,
 243 00c8 0120     		movs	r0, #1	@,
 244 00ca FFF7FEBF 		b	RCC_APB2PeriphResetCmd		@
 245              	.LVL23:
 246              		.cfi_endproc
 247              	.LFE30:
 248              		.size	GPIO_AFIODeInit, .-GPIO_AFIODeInit
 249              		.align	1
 250              		.global	GPIO_Init
 251              		.syntax unified
 252              		.thumb
 253              		.thumb_func
 254              		.type	GPIO_Init, %function
 255              	GPIO_Init:
 256              	.LVL24:
 257              	.LFB31:
 164:stm32f10x_lib/STM32F10x_StdPeriph_Driver/src/stm32f10x_gpio.c **** 
 165:stm32f10x_lib/STM32F10x_StdPeriph_Driver/src/stm32f10x_gpio.c **** /**
ARM GAS  /tmp/ccnG0Tvv.s 			page 9


 166:stm32f10x_lib/STM32F10x_StdPeriph_Driver/src/stm32f10x_gpio.c ****   * @brief  Initializes the GPIOx peripheral according to the specified
 167:stm32f10x_lib/STM32F10x_StdPeriph_Driver/src/stm32f10x_gpio.c ****   *         parameters in the GPIO_InitStruct.
 168:stm32f10x_lib/STM32F10x_StdPeriph_Driver/src/stm32f10x_gpio.c ****   * @param  GPIOx: where x can be (A..G) to select the GPIO peripheral.
 169:stm32f10x_lib/STM32F10x_StdPeriph_Driver/src/stm32f10x_gpio.c ****   * @param  GPIO_InitStruct: pointer to a GPIO_InitTypeDef structure that
 170:stm32f10x_lib/STM32F10x_StdPeriph_Driver/src/stm32f10x_gpio.c ****   *         contains the configuration information for the specified GPIO peripheral.
 171:stm32f10x_lib/STM32F10x_StdPeriph_Driver/src/stm32f10x_gpio.c ****   * @retval None
 172:stm32f10x_lib/STM32F10x_StdPeriph_Driver/src/stm32f10x_gpio.c ****   */
 173:stm32f10x_lib/STM32F10x_StdPeriph_Driver/src/stm32f10x_gpio.c **** void GPIO_Init(GPIO_TypeDef* GPIOx, GPIO_InitTypeDef* GPIO_InitStruct)
 174:stm32f10x_lib/STM32F10x_StdPeriph_Driver/src/stm32f10x_gpio.c **** {
 258              		.loc 1 174 1 is_stmt 1 view -0
 259              		.cfi_startproc
 260              		@ args = 0, pretend = 0, frame = 0
 261              		@ frame_needed = 0, uses_anonymous_args = 0
 175:stm32f10x_lib/STM32F10x_StdPeriph_Driver/src/stm32f10x_gpio.c ****   uint32_t currentmode = 0x00, currentpin = 0x00, pinpos = 0x00, pos = 0x00;
 262              		.loc 1 175 3 view .LVU49
 176:stm32f10x_lib/STM32F10x_StdPeriph_Driver/src/stm32f10x_gpio.c ****   uint32_t tmpreg = 0x00, pinmask = 0x00;
 263              		.loc 1 176 3 view .LVU50
 177:stm32f10x_lib/STM32F10x_StdPeriph_Driver/src/stm32f10x_gpio.c ****   /* Check the parameters */
 178:stm32f10x_lib/STM32F10x_StdPeriph_Driver/src/stm32f10x_gpio.c ****   assert_param(IS_GPIO_ALL_PERIPH(GPIOx));
 264              		.loc 1 178 3 view .LVU51
 179:stm32f10x_lib/STM32F10x_StdPeriph_Driver/src/stm32f10x_gpio.c ****   assert_param(IS_GPIO_MODE(GPIO_InitStruct->GPIO_Mode));
 265              		.loc 1 179 3 view .LVU52
 180:stm32f10x_lib/STM32F10x_StdPeriph_Driver/src/stm32f10x_gpio.c ****   assert_param(IS_GPIO_PIN(GPIO_InitStruct->GPIO_Pin));  
 266              		.loc 1 180 3 view .LVU53
 181:stm32f10x_lib/STM32F10x_StdPeriph_Driver/src/stm32f10x_gpio.c ****   
 182:stm32f10x_lib/STM32F10x_StdPeriph_Driver/src/stm32f10x_gpio.c **** /*---------------------------- GPIO Mode Configuration -----------------------*/
 183:stm32f10x_lib/STM32F10x_StdPeriph_Driver/src/stm32f10x_gpio.c ****   currentmode = ((uint32_t)GPIO_InitStruct->GPIO_Mode) & ((uint32_t)0x0F);
 267              		.loc 1 183 3 view .LVU54
 268              	@ stm32f10x_lib/STM32F10x_StdPeriph_Driver/src/stm32f10x_gpio.c:174: {
 174:stm32f10x_lib/STM32F10x_StdPeriph_Driver/src/stm32f10x_gpio.c ****   uint32_t currentmode = 0x00, currentpin = 0x00, pinpos = 0x00, pos = 0x00;
 269              		.loc 1 174 1 is_stmt 0 view .LVU55
 270 00ce 2DE9F041 		push	{r4, r5, r6, r7, r8, lr}	@
 271              	.LCFI5:
 272              		.cfi_def_cfa_offset 24
 273              		.cfi_offset 4, -24
 274              		.cfi_offset 5, -20
 275              		.cfi_offset 6, -16
 276              		.cfi_offset 7, -12
 277              		.cfi_offset 8, -8
 278              		.cfi_offset 14, -4
 279              	@ stm32f10x_lib/STM32F10x_StdPeriph_Driver/src/stm32f10x_gpio.c:183:   currentmode = ((uint32_t)GPI
 280              		.loc 1 183 43 view .LVU56
 281 00d2 CB78     		ldrb	r3, [r1, #3]	@ zero_extendqisi2	@ _1, GPIO_InitStruct_28(D)->GPIO_Mode
 282              	@ stm32f10x_lib/STM32F10x_StdPeriph_Driver/src/stm32f10x_gpio.c:193:   if (((uint32_t)GPIO_InitStru
 184:stm32f10x_lib/STM32F10x_StdPeriph_Driver/src/stm32f10x_gpio.c ****   if ((((uint32_t)GPIO_InitStruct->GPIO_Mode) & ((uint32_t)0x10)) != 0x00)
 185:stm32f10x_lib/STM32F10x_StdPeriph_Driver/src/stm32f10x_gpio.c ****   { 
 186:stm32f10x_lib/STM32F10x_StdPeriph_Driver/src/stm32f10x_gpio.c ****     /* Check the parameters */
 187:stm32f10x_lib/STM32F10x_StdPeriph_Driver/src/stm32f10x_gpio.c ****     assert_param(IS_GPIO_SPEED(GPIO_InitStruct->GPIO_Speed));
 188:stm32f10x_lib/STM32F10x_StdPeriph_Driver/src/stm32f10x_gpio.c ****     /* Output mode */
 189:stm32f10x_lib/STM32F10x_StdPeriph_Driver/src/stm32f10x_gpio.c ****     currentmode |= (uint32_t)GPIO_InitStruct->GPIO_Speed;
 190:stm32f10x_lib/STM32F10x_StdPeriph_Driver/src/stm32f10x_gpio.c ****   }
 191:stm32f10x_lib/STM32F10x_StdPeriph_Driver/src/stm32f10x_gpio.c **** /*---------------------------- GPIO CRL Configuration ------------------------*/
 192:stm32f10x_lib/STM32F10x_StdPeriph_Driver/src/stm32f10x_gpio.c ****   /* Configure the eight low port pins */
 193:stm32f10x_lib/STM32F10x_StdPeriph_Driver/src/stm32f10x_gpio.c ****   if (((uint32_t)GPIO_InitStruct->GPIO_Pin & ((uint32_t)0x00FF)) != 0x00)
 283              		.loc 1 193 33 view .LVU57
 284 00d4 0F88     		ldrh	r7, [r1]	@ _3, GPIO_InitStruct_28(D)->GPIO_Pin
 285              	@ stm32f10x_lib/STM32F10x_StdPeriph_Driver/src/stm32f10x_gpio.c:184:   if ((((uint32_t)GPIO_InitStr
ARM GAS  /tmp/ccnG0Tvv.s 			page 10


 184:stm32f10x_lib/STM32F10x_StdPeriph_Driver/src/stm32f10x_gpio.c ****   if ((((uint32_t)GPIO_InitStruct->GPIO_Mode) & ((uint32_t)0x10)) != 0x00)
 286              		.loc 1 184 6 view .LVU58
 287 00d6 DA06     		lsls	r2, r3, #27	@, _1,
 288 00d8 48BF     		it	mi
 289 00da 8A78     		ldrbmi	r2, [r1, #2]	@ zero_extendqisi2	@ tmp130, GPIO_InitStruct_28(D)->GPIO_Speed
 290 00dc 03F00F05 		and	r5, r3, #15	@ _45, _1,
 291              	.LVL25:
 184:stm32f10x_lib/STM32F10x_StdPeriph_Driver/src/stm32f10x_gpio.c ****   if ((((uint32_t)GPIO_InitStruct->GPIO_Mode) & ((uint32_t)0x10)) != 0x00)
 292              		.loc 1 184 3 is_stmt 1 view .LVU59
 187:stm32f10x_lib/STM32F10x_StdPeriph_Driver/src/stm32f10x_gpio.c ****     /* Output mode */
 293              		.loc 1 187 5 view .LVU60
 189:stm32f10x_lib/STM32F10x_StdPeriph_Driver/src/stm32f10x_gpio.c ****   }
 294              		.loc 1 189 5 view .LVU61
 189:stm32f10x_lib/STM32F10x_StdPeriph_Driver/src/stm32f10x_gpio.c ****   }
 295              		.loc 1 189 5 is_stmt 0 view .LVU62
 296 00e0 48BF     		it	mi
 297 00e2 1543     		orrmi	r5, r5, r2	@ _45, _45, tmp130
 298              	.LVL26:
 299              		.loc 1 193 3 is_stmt 1 view .LVU63
 300              	@ stm32f10x_lib/STM32F10x_StdPeriph_Driver/src/stm32f10x_gpio.c:193:   if (((uint32_t)GPIO_InitStru
 301              		.loc 1 193 6 is_stmt 0 view .LVU64
 302 00e4 0A78     		ldrb	r2, [r1]	@ zero_extendqisi2	@ _3, GPIO_InitStruct_28(D)->GPIO_Pin
 303 00e6 D2B1     		cbz	r2, .L15	@ _3,
 194:stm32f10x_lib/STM32F10x_StdPeriph_Driver/src/stm32f10x_gpio.c ****   {
 195:stm32f10x_lib/STM32F10x_StdPeriph_Driver/src/stm32f10x_gpio.c ****     tmpreg = GPIOx->CRL;
 304              		.loc 1 195 5 is_stmt 1 view .LVU65
 305              	@ stm32f10x_lib/STM32F10x_StdPeriph_Driver/src/stm32f10x_gpio.c:196:     for (pinpos = 0x00; pinpos
 196:stm32f10x_lib/STM32F10x_StdPeriph_Driver/src/stm32f10x_gpio.c ****     for (pinpos = 0x00; pinpos < 0x08; pinpos++)
 306              		.loc 1 196 17 is_stmt 0 view .LVU66
 307 00e8 0021     		movs	r1, #0	@ pinpos,
 308              	.LVL27:
 309              	@ stm32f10x_lib/STM32F10x_StdPeriph_Driver/src/stm32f10x_gpio.c:198:       pos = ((uint32_t)0x01) <
 197:stm32f10x_lib/STM32F10x_StdPeriph_Driver/src/stm32f10x_gpio.c ****     {
 198:stm32f10x_lib/STM32F10x_StdPeriph_Driver/src/stm32f10x_gpio.c ****       pos = ((uint32_t)0x01) << pinpos;
 310              		.loc 1 198 11 view .LVU67
 311 00ea 4FF0010C 		mov	ip, #1	@ tmp134,
 312              	@ stm32f10x_lib/STM32F10x_StdPeriph_Driver/src/stm32f10x_gpio.c:205:         pinmask = ((uint32_t)0
 199:stm32f10x_lib/STM32F10x_StdPeriph_Driver/src/stm32f10x_gpio.c ****       /* Get the port pins position */
 200:stm32f10x_lib/STM32F10x_StdPeriph_Driver/src/stm32f10x_gpio.c ****       currentpin = (GPIO_InitStruct->GPIO_Pin) & pos;
 201:stm32f10x_lib/STM32F10x_StdPeriph_Driver/src/stm32f10x_gpio.c ****       if (currentpin == pos)
 202:stm32f10x_lib/STM32F10x_StdPeriph_Driver/src/stm32f10x_gpio.c ****       {
 203:stm32f10x_lib/STM32F10x_StdPeriph_Driver/src/stm32f10x_gpio.c ****         pos = pinpos << 2;
 204:stm32f10x_lib/STM32F10x_StdPeriph_Driver/src/stm32f10x_gpio.c ****         /* Clear the corresponding low control register bits */
 205:stm32f10x_lib/STM32F10x_StdPeriph_Driver/src/stm32f10x_gpio.c ****         pinmask = ((uint32_t)0x0F) << pos;
 313              		.loc 1 205 17 view .LVU68
 314 00ee 4FF00F0E 		mov	lr, #15	@ tmp148,
 315              	@ stm32f10x_lib/STM32F10x_StdPeriph_Driver/src/stm32f10x_gpio.c:195:     tmpreg = GPIOx->CRL;
 195:stm32f10x_lib/STM32F10x_StdPeriph_Driver/src/stm32f10x_gpio.c ****     for (pinpos = 0x00; pinpos < 0x08; pinpos++)
 316              		.loc 1 195 12 view .LVU69
 317 00f2 0268     		ldr	r2, [r0]	@ tmpreg, GPIOx_31(D)->CRL
 318              	.LVL28:
 196:stm32f10x_lib/STM32F10x_StdPeriph_Driver/src/stm32f10x_gpio.c ****     {
 319              		.loc 1 196 5 is_stmt 1 view .LVU70
 196:stm32f10x_lib/STM32F10x_StdPeriph_Driver/src/stm32f10x_gpio.c ****     {
 320              		.loc 1 196 32 discriminator 2 view .LVU71
 321              	.L20:
 198:stm32f10x_lib/STM32F10x_StdPeriph_Driver/src/stm32f10x_gpio.c ****       /* Get the port pins position */
ARM GAS  /tmp/ccnG0Tvv.s 			page 11


 322              		.loc 1 198 7 view .LVU72
 323              	@ stm32f10x_lib/STM32F10x_StdPeriph_Driver/src/stm32f10x_gpio.c:198:       pos = ((uint32_t)0x01) <
 198:stm32f10x_lib/STM32F10x_StdPeriph_Driver/src/stm32f10x_gpio.c ****       /* Get the port pins position */
 324              		.loc 1 198 11 is_stmt 0 view .LVU73
 325 00f4 0CFA01F6 		lsl	r6, ip, r1	@ pos, tmp134, pinpos
 326              	.LVL29:
 200:stm32f10x_lib/STM32F10x_StdPeriph_Driver/src/stm32f10x_gpio.c ****       if (currentpin == pos)
 327              		.loc 1 200 7 is_stmt 1 view .LVU74
 201:stm32f10x_lib/STM32F10x_StdPeriph_Driver/src/stm32f10x_gpio.c ****       {
 328              		.loc 1 201 7 view .LVU75
 329              	@ stm32f10x_lib/STM32F10x_StdPeriph_Driver/src/stm32f10x_gpio.c:201:       if (currentpin == pos)
 201:stm32f10x_lib/STM32F10x_StdPeriph_Driver/src/stm32f10x_gpio.c ****       {
 330              		.loc 1 201 10 is_stmt 0 view .LVU76
 331 00f8 36EA0704 		bics	r4, r6, r7	@ tmp153, pos, _3
 332 00fc 0BD1     		bne	.L16		@,
 203:stm32f10x_lib/STM32F10x_StdPeriph_Driver/src/stm32f10x_gpio.c ****         /* Clear the corresponding low control register bits */
 333              		.loc 1 203 9 is_stmt 1 view .LVU77
 334 00fe 8C00     		lsls	r4, r1, #2	@ _15, pinpos,
 335              	.LVL30:
 336              		.loc 1 205 9 view .LVU78
 206:stm32f10x_lib/STM32F10x_StdPeriph_Driver/src/stm32f10x_gpio.c ****         tmpreg &= ~pinmask;
 337              		.loc 1 206 9 view .LVU79
 338              	@ stm32f10x_lib/STM32F10x_StdPeriph_Driver/src/stm32f10x_gpio.c:205:         pinmask = ((uint32_t)0
 205:stm32f10x_lib/STM32F10x_StdPeriph_Driver/src/stm32f10x_gpio.c ****         tmpreg &= ~pinmask;
 339              		.loc 1 205 17 is_stmt 0 view .LVU80
 340 0100 0EFA04F8 		lsl	r8, lr, r4	@ pinmask_38, tmp148, _15
 341              	@ stm32f10x_lib/STM32F10x_StdPeriph_Driver/src/stm32f10x_gpio.c:206:         tmpreg &= ~pinmask;
 342              		.loc 1 206 16 view .LVU81
 343 0104 22EA0802 		bic	r2, r2, r8	@ tmpreg, tmpreg, pinmask_38
 344              	.LVL31:
 207:stm32f10x_lib/STM32F10x_StdPeriph_Driver/src/stm32f10x_gpio.c ****         /* Write the mode configuration in the corresponding bits */
 208:stm32f10x_lib/STM32F10x_StdPeriph_Driver/src/stm32f10x_gpio.c ****         tmpreg |= (currentmode << pos);
 345              		.loc 1 208 9 is_stmt 1 view .LVU82
 346              	@ stm32f10x_lib/STM32F10x_StdPeriph_Driver/src/stm32f10x_gpio.c:208:         tmpreg |= (currentmode
 347              		.loc 1 208 32 is_stmt 0 view .LVU83
 348 0108 05FA04F4 		lsl	r4, r5, r4	@ _6, _45, _15
 349              	.LVL32:
 350              	@ stm32f10x_lib/STM32F10x_StdPeriph_Driver/src/stm32f10x_gpio.c:210:         if (GPIO_InitStruct->G
 209:stm32f10x_lib/STM32F10x_StdPeriph_Driver/src/stm32f10x_gpio.c ****         /* Reset the corresponding ODR bit */
 210:stm32f10x_lib/STM32F10x_StdPeriph_Driver/src/stm32f10x_gpio.c ****         if (GPIO_InitStruct->GPIO_Mode == GPIO_Mode_IPD)
 351              		.loc 1 210 12 view .LVU84
 352 010c 282B     		cmp	r3, #40	@ _1,
 353              	@ stm32f10x_lib/STM32F10x_StdPeriph_Driver/src/stm32f10x_gpio.c:208:         tmpreg |= (currentmode
 208:stm32f10x_lib/STM32F10x_StdPeriph_Driver/src/stm32f10x_gpio.c ****         /* Reset the corresponding ODR bit */
 354              		.loc 1 208 16 view .LVU85
 355 010e 42EA0402 		orr	r2, r2, r4	@ tmpreg, tmpreg, _6
 356              	.LVL33:
 357              		.loc 1 210 9 is_stmt 1 view .LVU86
 358              	@ stm32f10x_lib/STM32F10x_StdPeriph_Driver/src/stm32f10x_gpio.c:210:         if (GPIO_InitStruct->G
 359              		.loc 1 210 12 is_stmt 0 view .LVU87
 360 0112 25D1     		bne	.L17		@,
 211:stm32f10x_lib/STM32F10x_StdPeriph_Driver/src/stm32f10x_gpio.c ****         {
 212:stm32f10x_lib/STM32F10x_StdPeriph_Driver/src/stm32f10x_gpio.c ****           GPIOx->BRR = (((uint32_t)0x01) << pinpos);
 361              		.loc 1 212 11 is_stmt 1 view .LVU88
 362              	@ stm32f10x_lib/STM32F10x_StdPeriph_Driver/src/stm32f10x_gpio.c:212:           GPIOx->BRR = (((uint
 363              		.loc 1 212 22 is_stmt 0 view .LVU89
 364 0114 4661     		str	r6, [r0, #20]	@ pos, GPIOx_31(D)->BRR
ARM GAS  /tmp/ccnG0Tvv.s 			page 12


 365              	.LVL34:
 366              	.L16:
 196:stm32f10x_lib/STM32F10x_StdPeriph_Driver/src/stm32f10x_gpio.c ****     {
 367              		.loc 1 196 46 is_stmt 1 discriminator 1 view .LVU90
 368 0116 0131     		adds	r1, r1, #1	@ pinpos, pinpos,
 369              	.LVL35:
 196:stm32f10x_lib/STM32F10x_StdPeriph_Driver/src/stm32f10x_gpio.c ****     {
 370              		.loc 1 196 32 discriminator 2 view .LVU91
 371 0118 0829     		cmp	r1, #8	@ pinpos,
 372 011a EBD1     		bne	.L20		@,
 213:stm32f10x_lib/STM32F10x_StdPeriph_Driver/src/stm32f10x_gpio.c ****         }
 214:stm32f10x_lib/STM32F10x_StdPeriph_Driver/src/stm32f10x_gpio.c ****         else
 215:stm32f10x_lib/STM32F10x_StdPeriph_Driver/src/stm32f10x_gpio.c ****         {
 216:stm32f10x_lib/STM32F10x_StdPeriph_Driver/src/stm32f10x_gpio.c ****           /* Set the corresponding ODR bit */
 217:stm32f10x_lib/STM32F10x_StdPeriph_Driver/src/stm32f10x_gpio.c ****           if (GPIO_InitStruct->GPIO_Mode == GPIO_Mode_IPU)
 218:stm32f10x_lib/STM32F10x_StdPeriph_Driver/src/stm32f10x_gpio.c ****           {
 219:stm32f10x_lib/STM32F10x_StdPeriph_Driver/src/stm32f10x_gpio.c ****             GPIOx->BSRR = (((uint32_t)0x01) << pinpos);
 220:stm32f10x_lib/STM32F10x_StdPeriph_Driver/src/stm32f10x_gpio.c ****           }
 221:stm32f10x_lib/STM32F10x_StdPeriph_Driver/src/stm32f10x_gpio.c ****         }
 222:stm32f10x_lib/STM32F10x_StdPeriph_Driver/src/stm32f10x_gpio.c ****       }
 223:stm32f10x_lib/STM32F10x_StdPeriph_Driver/src/stm32f10x_gpio.c ****     }
 224:stm32f10x_lib/STM32F10x_StdPeriph_Driver/src/stm32f10x_gpio.c ****     GPIOx->CRL = tmpreg;
 373              		.loc 1 224 5 view .LVU92
 374              	@ stm32f10x_lib/STM32F10x_StdPeriph_Driver/src/stm32f10x_gpio.c:224:     GPIOx->CRL = tmpreg;
 375              		.loc 1 224 16 is_stmt 0 view .LVU93
 376 011c 0260     		str	r2, [r0]	@ tmpreg, GPIOx_31(D)->CRL
 377              	.LVL36:
 378              	.L15:
 225:stm32f10x_lib/STM32F10x_StdPeriph_Driver/src/stm32f10x_gpio.c ****   }
 226:stm32f10x_lib/STM32F10x_StdPeriph_Driver/src/stm32f10x_gpio.c **** /*---------------------------- GPIO CRH Configuration ------------------------*/
 227:stm32f10x_lib/STM32F10x_StdPeriph_Driver/src/stm32f10x_gpio.c ****   /* Configure the eight high port pins */
 228:stm32f10x_lib/STM32F10x_StdPeriph_Driver/src/stm32f10x_gpio.c ****   if (GPIO_InitStruct->GPIO_Pin > 0x00FF)
 379              		.loc 1 228 3 is_stmt 1 view .LVU94
 380              	@ stm32f10x_lib/STM32F10x_StdPeriph_Driver/src/stm32f10x_gpio.c:228:   if (GPIO_InitStruct->GPIO_Pi
 381              		.loc 1 228 6 is_stmt 0 view .LVU95
 382 011e FF2F     		cmp	r7, #255	@ _3,
 383 0120 1CD9     		bls	.L13		@,
 229:stm32f10x_lib/STM32F10x_StdPeriph_Driver/src/stm32f10x_gpio.c ****   {
 230:stm32f10x_lib/STM32F10x_StdPeriph_Driver/src/stm32f10x_gpio.c ****     tmpreg = GPIOx->CRH;
 384              		.loc 1 230 5 is_stmt 1 view .LVU96
 385              	@ stm32f10x_lib/STM32F10x_StdPeriph_Driver/src/stm32f10x_gpio.c:231:     for (pinpos = 0x00; pinpos
 231:stm32f10x_lib/STM32F10x_StdPeriph_Driver/src/stm32f10x_gpio.c ****     for (pinpos = 0x00; pinpos < 0x08; pinpos++)
 386              		.loc 1 231 17 is_stmt 0 view .LVU97
 387 0122 0021     		movs	r1, #0	@ pinpos,
 388              	@ stm32f10x_lib/STM32F10x_StdPeriph_Driver/src/stm32f10x_gpio.c:233:       pos = (((uint32_t)0x01) 
 232:stm32f10x_lib/STM32F10x_StdPeriph_Driver/src/stm32f10x_gpio.c ****     {
 233:stm32f10x_lib/STM32F10x_StdPeriph_Driver/src/stm32f10x_gpio.c ****       pos = (((uint32_t)0x01) << (pinpos + 0x08));
 389              		.loc 1 233 11 view .LVU98
 390 0124 4FF0010C 		mov	ip, #1	@ tmp141,
 391              	@ stm32f10x_lib/STM32F10x_StdPeriph_Driver/src/stm32f10x_gpio.c:240:         pinmask = ((uint32_t)0
 234:stm32f10x_lib/STM32F10x_StdPeriph_Driver/src/stm32f10x_gpio.c ****       /* Get the port pins position */
 235:stm32f10x_lib/STM32F10x_StdPeriph_Driver/src/stm32f10x_gpio.c ****       currentpin = ((GPIO_InitStruct->GPIO_Pin) & pos);
 236:stm32f10x_lib/STM32F10x_StdPeriph_Driver/src/stm32f10x_gpio.c ****       if (currentpin == pos)
 237:stm32f10x_lib/STM32F10x_StdPeriph_Driver/src/stm32f10x_gpio.c ****       {
 238:stm32f10x_lib/STM32F10x_StdPeriph_Driver/src/stm32f10x_gpio.c ****         pos = pinpos << 2;
 239:stm32f10x_lib/STM32F10x_StdPeriph_Driver/src/stm32f10x_gpio.c ****         /* Clear the corresponding high control register bits */
 240:stm32f10x_lib/STM32F10x_StdPeriph_Driver/src/stm32f10x_gpio.c ****         pinmask = ((uint32_t)0x0F) << pos;
ARM GAS  /tmp/ccnG0Tvv.s 			page 13


 392              		.loc 1 240 17 view .LVU99
 393 0128 4FF00F0E 		mov	lr, #15	@ tmp147,
 394              	@ stm32f10x_lib/STM32F10x_StdPeriph_Driver/src/stm32f10x_gpio.c:230:     tmpreg = GPIOx->CRH;
 230:stm32f10x_lib/STM32F10x_StdPeriph_Driver/src/stm32f10x_gpio.c ****     for (pinpos = 0x00; pinpos < 0x08; pinpos++)
 395              		.loc 1 230 12 view .LVU100
 396 012c 4268     		ldr	r2, [r0, #4]	@ tmpreg, GPIOx_31(D)->CRH
 231:stm32f10x_lib/STM32F10x_StdPeriph_Driver/src/stm32f10x_gpio.c ****     {
 397              		.loc 1 231 5 is_stmt 1 view .LVU101
 398              	.LVL37:
 231:stm32f10x_lib/STM32F10x_StdPeriph_Driver/src/stm32f10x_gpio.c ****     {
 399              		.loc 1 231 32 discriminator 2 view .LVU102
 400              	.L25:
 233:stm32f10x_lib/STM32F10x_StdPeriph_Driver/src/stm32f10x_gpio.c ****       /* Get the port pins position */
 401              		.loc 1 233 7 view .LVU103
 402              	@ stm32f10x_lib/STM32F10x_StdPeriph_Driver/src/stm32f10x_gpio.c:233:       pos = (((uint32_t)0x01) 
 233:stm32f10x_lib/STM32F10x_StdPeriph_Driver/src/stm32f10x_gpio.c ****       /* Get the port pins position */
 403              		.loc 1 233 42 is_stmt 0 view .LVU104
 404 012e 01F10804 		add	r4, r1, #8	@ _7, pinpos,
 405              	@ stm32f10x_lib/STM32F10x_StdPeriph_Driver/src/stm32f10x_gpio.c:233:       pos = (((uint32_t)0x01) 
 233:stm32f10x_lib/STM32F10x_StdPeriph_Driver/src/stm32f10x_gpio.c ****       /* Get the port pins position */
 406              		.loc 1 233 11 view .LVU105
 407 0132 0CFA04F4 		lsl	r4, ip, r4	@ pos, tmp141, _7
 408              	.LVL38:
 235:stm32f10x_lib/STM32F10x_StdPeriph_Driver/src/stm32f10x_gpio.c ****       if (currentpin == pos)
 409              		.loc 1 235 7 is_stmt 1 view .LVU106
 236:stm32f10x_lib/STM32F10x_StdPeriph_Driver/src/stm32f10x_gpio.c ****       {
 410              		.loc 1 236 7 view .LVU107
 411              	@ stm32f10x_lib/STM32F10x_StdPeriph_Driver/src/stm32f10x_gpio.c:236:       if (currentpin == pos)
 236:stm32f10x_lib/STM32F10x_StdPeriph_Driver/src/stm32f10x_gpio.c ****       {
 412              		.loc 1 236 10 is_stmt 0 view .LVU108
 413 0136 34EA0706 		bics	r6, r4, r7	@ tmp154, pos, _3
 414 013a 0BD1     		bne	.L22		@,
 238:stm32f10x_lib/STM32F10x_StdPeriph_Driver/src/stm32f10x_gpio.c ****         /* Clear the corresponding high control register bits */
 415              		.loc 1 238 9 is_stmt 1 view .LVU109
 416 013c 8E00     		lsls	r6, r1, #2	@ _19, pinpos,
 417              	.LVL39:
 418              		.loc 1 240 9 view .LVU110
 241:stm32f10x_lib/STM32F10x_StdPeriph_Driver/src/stm32f10x_gpio.c ****         tmpreg &= ~pinmask;
 419              		.loc 1 241 9 view .LVU111
 420              	@ stm32f10x_lib/STM32F10x_StdPeriph_Driver/src/stm32f10x_gpio.c:240:         pinmask = ((uint32_t)0
 240:stm32f10x_lib/STM32F10x_StdPeriph_Driver/src/stm32f10x_gpio.c ****         tmpreg &= ~pinmask;
 421              		.loc 1 240 17 is_stmt 0 view .LVU112
 422 013e 0EFA06F8 		lsl	r8, lr, r6	@ pinmask_50, tmp147, _19
 423              	@ stm32f10x_lib/STM32F10x_StdPeriph_Driver/src/stm32f10x_gpio.c:241:         tmpreg &= ~pinmask;
 424              		.loc 1 241 16 view .LVU113
 425 0142 22EA0802 		bic	r2, r2, r8	@ tmpreg, tmpreg, pinmask_50
 426              	.LVL40:
 242:stm32f10x_lib/STM32F10x_StdPeriph_Driver/src/stm32f10x_gpio.c ****         /* Write the mode configuration in the corresponding bits */
 243:stm32f10x_lib/STM32F10x_StdPeriph_Driver/src/stm32f10x_gpio.c ****         tmpreg |= (currentmode << pos);
 427              		.loc 1 243 9 is_stmt 1 view .LVU114
 428              	@ stm32f10x_lib/STM32F10x_StdPeriph_Driver/src/stm32f10x_gpio.c:243:         tmpreg |= (currentmode
 429              		.loc 1 243 32 is_stmt 0 view .LVU115
 430 0146 05FA06F6 		lsl	r6, r5, r6	@ _10, _45, _19
 431              	.LVL41:
 432              	@ stm32f10x_lib/STM32F10x_StdPeriph_Driver/src/stm32f10x_gpio.c:245:         if (GPIO_InitStruct->G
 244:stm32f10x_lib/STM32F10x_StdPeriph_Driver/src/stm32f10x_gpio.c ****         /* Reset the corresponding ODR bit */
 245:stm32f10x_lib/STM32F10x_StdPeriph_Driver/src/stm32f10x_gpio.c ****         if (GPIO_InitStruct->GPIO_Mode == GPIO_Mode_IPD)
ARM GAS  /tmp/ccnG0Tvv.s 			page 14


 433              		.loc 1 245 12 view .LVU116
 434 014a 282B     		cmp	r3, #40	@ _1,
 435              	@ stm32f10x_lib/STM32F10x_StdPeriph_Driver/src/stm32f10x_gpio.c:243:         tmpreg |= (currentmode
 243:stm32f10x_lib/STM32F10x_StdPeriph_Driver/src/stm32f10x_gpio.c ****         /* Reset the corresponding ODR bit */
 436              		.loc 1 243 16 view .LVU117
 437 014c 42EA0602 		orr	r2, r2, r6	@ tmpreg, tmpreg, _10
 438              	.LVL42:
 439              		.loc 1 245 9 is_stmt 1 view .LVU118
 440              	@ stm32f10x_lib/STM32F10x_StdPeriph_Driver/src/stm32f10x_gpio.c:245:         if (GPIO_InitStruct->G
 441              		.loc 1 245 12 is_stmt 0 view .LVU119
 442 0150 0AD1     		bne	.L23		@,
 246:stm32f10x_lib/STM32F10x_StdPeriph_Driver/src/stm32f10x_gpio.c ****         {
 247:stm32f10x_lib/STM32F10x_StdPeriph_Driver/src/stm32f10x_gpio.c ****           GPIOx->BRR = (((uint32_t)0x01) << (pinpos + 0x08));
 443              		.loc 1 247 11 is_stmt 1 view .LVU120
 444              	@ stm32f10x_lib/STM32F10x_StdPeriph_Driver/src/stm32f10x_gpio.c:247:           GPIOx->BRR = (((uint
 445              		.loc 1 247 22 is_stmt 0 view .LVU121
 446 0152 4461     		str	r4, [r0, #20]	@ pos, GPIOx_31(D)->BRR
 248:stm32f10x_lib/STM32F10x_StdPeriph_Driver/src/stm32f10x_gpio.c ****         }
 249:stm32f10x_lib/STM32F10x_StdPeriph_Driver/src/stm32f10x_gpio.c ****         /* Set the corresponding ODR bit */
 250:stm32f10x_lib/STM32F10x_StdPeriph_Driver/src/stm32f10x_gpio.c ****         if (GPIO_InitStruct->GPIO_Mode == GPIO_Mode_IPU)
 447              		.loc 1 250 9 is_stmt 1 view .LVU122
 448              	.LVL43:
 449              	.L22:
 231:stm32f10x_lib/STM32F10x_StdPeriph_Driver/src/stm32f10x_gpio.c ****     {
 450              		.loc 1 231 46 discriminator 1 view .LVU123
 451 0154 0131     		adds	r1, r1, #1	@ pinpos, pinpos,
 452              	.LVL44:
 231:stm32f10x_lib/STM32F10x_StdPeriph_Driver/src/stm32f10x_gpio.c ****     {
 453              		.loc 1 231 32 discriminator 2 view .LVU124
 454 0156 0829     		cmp	r1, #8	@ pinpos,
 455 0158 E9D1     		bne	.L25		@,
 251:stm32f10x_lib/STM32F10x_StdPeriph_Driver/src/stm32f10x_gpio.c ****         {
 252:stm32f10x_lib/STM32F10x_StdPeriph_Driver/src/stm32f10x_gpio.c ****           GPIOx->BSRR = (((uint32_t)0x01) << (pinpos + 0x08));
 253:stm32f10x_lib/STM32F10x_StdPeriph_Driver/src/stm32f10x_gpio.c ****         }
 254:stm32f10x_lib/STM32F10x_StdPeriph_Driver/src/stm32f10x_gpio.c ****       }
 255:stm32f10x_lib/STM32F10x_StdPeriph_Driver/src/stm32f10x_gpio.c ****     }
 256:stm32f10x_lib/STM32F10x_StdPeriph_Driver/src/stm32f10x_gpio.c ****     GPIOx->CRH = tmpreg;
 456              		.loc 1 256 5 view .LVU125
 457              	@ stm32f10x_lib/STM32F10x_StdPeriph_Driver/src/stm32f10x_gpio.c:256:     GPIOx->CRH = tmpreg;
 458              		.loc 1 256 16 is_stmt 0 view .LVU126
 459 015a 4260     		str	r2, [r0, #4]	@ tmpreg, GPIOx_31(D)->CRH
 460              	.LVL45:
 461              	.L13:
 462              	@ stm32f10x_lib/STM32F10x_StdPeriph_Driver/src/stm32f10x_gpio.c:258: }
 257:stm32f10x_lib/STM32F10x_StdPeriph_Driver/src/stm32f10x_gpio.c ****   }
 258:stm32f10x_lib/STM32F10x_StdPeriph_Driver/src/stm32f10x_gpio.c **** }
 463              		.loc 1 258 1 view .LVU127
 464 015c BDE8F081 		pop	{r4, r5, r6, r7, r8, pc}	@
 465              	.LVL46:
 466              	.L17:
 217:stm32f10x_lib/STM32F10x_StdPeriph_Driver/src/stm32f10x_gpio.c ****           {
 467              		.loc 1 217 11 is_stmt 1 view .LVU128
 468              	@ stm32f10x_lib/STM32F10x_StdPeriph_Driver/src/stm32f10x_gpio.c:217:           if (GPIO_InitStruct-
 217:stm32f10x_lib/STM32F10x_StdPeriph_Driver/src/stm32f10x_gpio.c ****           {
 469              		.loc 1 217 14 is_stmt 0 view .LVU129
 470 0160 482B     		cmp	r3, #72	@ _1,
 219:stm32f10x_lib/STM32F10x_StdPeriph_Driver/src/stm32f10x_gpio.c ****           }
ARM GAS  /tmp/ccnG0Tvv.s 			page 15


 471              		.loc 1 219 13 is_stmt 1 view .LVU130
 472              	@ stm32f10x_lib/STM32F10x_StdPeriph_Driver/src/stm32f10x_gpio.c:219:             GPIOx->BSRR = (((u
 219:stm32f10x_lib/STM32F10x_StdPeriph_Driver/src/stm32f10x_gpio.c ****           }
 473              		.loc 1 219 25 is_stmt 0 view .LVU131
 474 0162 08BF     		it	eq
 475 0164 0661     		streq	r6, [r0, #16]	@ pos, GPIOx_31(D)->BSRR
 476 0166 D6E7     		b	.L16		@
 477              	.LVL47:
 478              	.L23:
 250:stm32f10x_lib/STM32F10x_StdPeriph_Driver/src/stm32f10x_gpio.c ****         {
 479              		.loc 1 250 9 is_stmt 1 view .LVU132
 480              	@ stm32f10x_lib/STM32F10x_StdPeriph_Driver/src/stm32f10x_gpio.c:250:         if (GPIO_InitStruct->G
 250:stm32f10x_lib/STM32F10x_StdPeriph_Driver/src/stm32f10x_gpio.c ****         {
 481              		.loc 1 250 12 is_stmt 0 view .LVU133
 482 0168 482B     		cmp	r3, #72	@ _1,
 252:stm32f10x_lib/STM32F10x_StdPeriph_Driver/src/stm32f10x_gpio.c ****         }
 483              		.loc 1 252 11 is_stmt 1 view .LVU134
 484              	@ stm32f10x_lib/STM32F10x_StdPeriph_Driver/src/stm32f10x_gpio.c:252:           GPIOx->BSRR = (((uin
 252:stm32f10x_lib/STM32F10x_StdPeriph_Driver/src/stm32f10x_gpio.c ****         }
 485              		.loc 1 252 23 is_stmt 0 view .LVU135
 486 016a 08BF     		it	eq
 487 016c 0461     		streq	r4, [r0, #16]	@ pos, GPIOx_31(D)->BSRR
 488 016e F1E7     		b	.L22		@
 489              		.cfi_endproc
 490              	.LFE31:
 491              		.size	GPIO_Init, .-GPIO_Init
 492              		.align	1
 493              		.global	GPIO_StructInit
 494              		.syntax unified
 495              		.thumb
 496              		.thumb_func
 497              		.type	GPIO_StructInit, %function
 498              	GPIO_StructInit:
 499              	.LVL48:
 500              	.LFB32:
 259:stm32f10x_lib/STM32F10x_StdPeriph_Driver/src/stm32f10x_gpio.c **** 
 260:stm32f10x_lib/STM32F10x_StdPeriph_Driver/src/stm32f10x_gpio.c **** /**
 261:stm32f10x_lib/STM32F10x_StdPeriph_Driver/src/stm32f10x_gpio.c ****   * @brief  Fills each GPIO_InitStruct member with its default value.
 262:stm32f10x_lib/STM32F10x_StdPeriph_Driver/src/stm32f10x_gpio.c ****   * @param  GPIO_InitStruct : pointer to a GPIO_InitTypeDef structure which will
 263:stm32f10x_lib/STM32F10x_StdPeriph_Driver/src/stm32f10x_gpio.c ****   *         be initialized.
 264:stm32f10x_lib/STM32F10x_StdPeriph_Driver/src/stm32f10x_gpio.c ****   * @retval None
 265:stm32f10x_lib/STM32F10x_StdPeriph_Driver/src/stm32f10x_gpio.c ****   */
 266:stm32f10x_lib/STM32F10x_StdPeriph_Driver/src/stm32f10x_gpio.c **** void GPIO_StructInit(GPIO_InitTypeDef* GPIO_InitStruct)
 267:stm32f10x_lib/STM32F10x_StdPeriph_Driver/src/stm32f10x_gpio.c **** {
 501              		.loc 1 267 1 is_stmt 1 view -0
 502              		.cfi_startproc
 503              		@ args = 0, pretend = 0, frame = 0
 504              		@ frame_needed = 0, uses_anonymous_args = 0
 505              		@ link register save eliminated.
 268:stm32f10x_lib/STM32F10x_StdPeriph_Driver/src/stm32f10x_gpio.c ****   /* Reset GPIO init structure parameters values */
 269:stm32f10x_lib/STM32F10x_StdPeriph_Driver/src/stm32f10x_gpio.c ****   GPIO_InitStruct->GPIO_Pin  = GPIO_Pin_All;
 506              		.loc 1 269 3 view .LVU137
 270:stm32f10x_lib/STM32F10x_StdPeriph_Driver/src/stm32f10x_gpio.c ****   GPIO_InitStruct->GPIO_Speed = GPIO_Speed_2MHz;
 507              		.loc 1 270 3 view .LVU138
 271:stm32f10x_lib/STM32F10x_StdPeriph_Driver/src/stm32f10x_gpio.c ****   GPIO_InitStruct->GPIO_Mode = GPIO_Mode_IN_FLOATING;
 508              		.loc 1 271 3 view .LVU139
 509              	@ stm32f10x_lib/STM32F10x_StdPeriph_Driver/src/stm32f10x_gpio.c:269:   GPIO_InitStruct->GPIO_Pin  =
ARM GAS  /tmp/ccnG0Tvv.s 			page 16


 269:stm32f10x_lib/STM32F10x_StdPeriph_Driver/src/stm32f10x_gpio.c ****   GPIO_InitStruct->GPIO_Speed = GPIO_Speed_2MHz;
 510              		.loc 1 269 30 is_stmt 0 view .LVU140
 511 0170 4FF6FF73 		movw	r3, #65535	@ tmp96,
 512 0174 0380     		strh	r3, [r0]	@ movhi	@ tmp96, GPIO_InitStruct_2(D)->GPIO_Pin
 513              	@ stm32f10x_lib/STM32F10x_StdPeriph_Driver/src/stm32f10x_gpio.c:270:   GPIO_InitStruct->GPIO_Speed 
 270:stm32f10x_lib/STM32F10x_StdPeriph_Driver/src/stm32f10x_gpio.c ****   GPIO_InitStruct->GPIO_Speed = GPIO_Speed_2MHz;
 514              		.loc 1 270 31 view .LVU141
 515 0176 40F20243 		movw	r3, #1026	@ tmp98,
 516 017a 4380     		strh	r3, [r0, #2]	@ movhi	@ tmp98, MEM <unsigned short> [(void *)GPIO_InitStruct_2(D) + 2B]
 517              	@ stm32f10x_lib/STM32F10x_StdPeriph_Driver/src/stm32f10x_gpio.c:272: }
 272:stm32f10x_lib/STM32F10x_StdPeriph_Driver/src/stm32f10x_gpio.c **** }
 518              		.loc 1 272 1 view .LVU142
 519 017c 7047     		bx	lr	@
 520              		.cfi_endproc
 521              	.LFE32:
 522              		.size	GPIO_StructInit, .-GPIO_StructInit
 523              		.align	1
 524              		.global	GPIO_ReadInputDataBit
 525              		.syntax unified
 526              		.thumb
 527              		.thumb_func
 528              		.type	GPIO_ReadInputDataBit, %function
 529              	GPIO_ReadInputDataBit:
 530              	.LVL49:
 531              	.LFB33:
 273:stm32f10x_lib/STM32F10x_StdPeriph_Driver/src/stm32f10x_gpio.c **** 
 274:stm32f10x_lib/STM32F10x_StdPeriph_Driver/src/stm32f10x_gpio.c **** /**
 275:stm32f10x_lib/STM32F10x_StdPeriph_Driver/src/stm32f10x_gpio.c ****   * @brief  Reads the specified input port pin.
 276:stm32f10x_lib/STM32F10x_StdPeriph_Driver/src/stm32f10x_gpio.c ****   * @param  GPIOx: where x can be (A..G) to select the GPIO peripheral.
 277:stm32f10x_lib/STM32F10x_StdPeriph_Driver/src/stm32f10x_gpio.c ****   * @param  GPIO_Pin:  specifies the port bit to read.
 278:stm32f10x_lib/STM32F10x_StdPeriph_Driver/src/stm32f10x_gpio.c ****   *   This parameter can be GPIO_Pin_x where x can be (0..15).
 279:stm32f10x_lib/STM32F10x_StdPeriph_Driver/src/stm32f10x_gpio.c ****   * @retval The input port pin value.
 280:stm32f10x_lib/STM32F10x_StdPeriph_Driver/src/stm32f10x_gpio.c ****   */
 281:stm32f10x_lib/STM32F10x_StdPeriph_Driver/src/stm32f10x_gpio.c **** uint8_t GPIO_ReadInputDataBit(GPIO_TypeDef* GPIOx, uint16_t GPIO_Pin)
 282:stm32f10x_lib/STM32F10x_StdPeriph_Driver/src/stm32f10x_gpio.c **** {
 532              		.loc 1 282 1 is_stmt 1 view -0
 533              		.cfi_startproc
 534              		@ args = 0, pretend = 0, frame = 0
 535              		@ frame_needed = 0, uses_anonymous_args = 0
 536              		@ link register save eliminated.
 283:stm32f10x_lib/STM32F10x_StdPeriph_Driver/src/stm32f10x_gpio.c ****   uint8_t bitstatus = 0x00;
 537              		.loc 1 283 3 view .LVU144
 284:stm32f10x_lib/STM32F10x_StdPeriph_Driver/src/stm32f10x_gpio.c ****   
 285:stm32f10x_lib/STM32F10x_StdPeriph_Driver/src/stm32f10x_gpio.c ****   /* Check the parameters */
 286:stm32f10x_lib/STM32F10x_StdPeriph_Driver/src/stm32f10x_gpio.c ****   assert_param(IS_GPIO_ALL_PERIPH(GPIOx));
 538              		.loc 1 286 3 view .LVU145
 287:stm32f10x_lib/STM32F10x_StdPeriph_Driver/src/stm32f10x_gpio.c ****   assert_param(IS_GET_GPIO_PIN(GPIO_Pin)); 
 539              		.loc 1 287 3 view .LVU146
 288:stm32f10x_lib/STM32F10x_StdPeriph_Driver/src/stm32f10x_gpio.c ****   
 289:stm32f10x_lib/STM32F10x_StdPeriph_Driver/src/stm32f10x_gpio.c ****   if ((GPIOx->IDR & GPIO_Pin) != (uint32_t)Bit_RESET)
 540              		.loc 1 289 3 view .LVU147
 541              	@ stm32f10x_lib/STM32F10x_StdPeriph_Driver/src/stm32f10x_gpio.c:289:   if ((GPIOx->IDR & GPIO_Pin) 
 542              		.loc 1 289 13 is_stmt 0 view .LVU148
 543 017e 8368     		ldr	r3, [r0, #8]	@ _1, GPIOx_6(D)->IDR
 544              	.LVL50:
 290:stm32f10x_lib/STM32F10x_StdPeriph_Driver/src/stm32f10x_gpio.c ****   {
 291:stm32f10x_lib/STM32F10x_StdPeriph_Driver/src/stm32f10x_gpio.c ****     bitstatus = (uint8_t)Bit_SET;
ARM GAS  /tmp/ccnG0Tvv.s 			page 17


 292:stm32f10x_lib/STM32F10x_StdPeriph_Driver/src/stm32f10x_gpio.c ****   }
 293:stm32f10x_lib/STM32F10x_StdPeriph_Driver/src/stm32f10x_gpio.c ****   else
 294:stm32f10x_lib/STM32F10x_StdPeriph_Driver/src/stm32f10x_gpio.c ****   {
 295:stm32f10x_lib/STM32F10x_StdPeriph_Driver/src/stm32f10x_gpio.c ****     bitstatus = (uint8_t)Bit_RESET;
 296:stm32f10x_lib/STM32F10x_StdPeriph_Driver/src/stm32f10x_gpio.c ****   }
 297:stm32f10x_lib/STM32F10x_StdPeriph_Driver/src/stm32f10x_gpio.c ****   return bitstatus;
 545              		.loc 1 297 3 is_stmt 1 view .LVU149
 546              	@ stm32f10x_lib/STM32F10x_StdPeriph_Driver/src/stm32f10x_gpio.c:289:   if ((GPIOx->IDR & GPIO_Pin) 
 289:stm32f10x_lib/STM32F10x_StdPeriph_Driver/src/stm32f10x_gpio.c ****   {
 547              		.loc 1 289 6 is_stmt 0 view .LVU150
 548 0180 1942     		tst	r1, r3	@ GPIO_Pin, _1
 549              	@ stm32f10x_lib/STM32F10x_StdPeriph_Driver/src/stm32f10x_gpio.c:298: }
 298:stm32f10x_lib/STM32F10x_StdPeriph_Driver/src/stm32f10x_gpio.c **** }
 550              		.loc 1 298 1 view .LVU151
 551 0182 14BF     		ite	ne
 552 0184 0120     		movne	r0, #1	@,
 553              	.LVL51:
 554              		.loc 1 298 1 view .LVU152
 555 0186 0020     		moveq	r0, #0	@,
 556 0188 7047     		bx	lr	@
 557              		.cfi_endproc
 558              	.LFE33:
 559              		.size	GPIO_ReadInputDataBit, .-GPIO_ReadInputDataBit
 560              		.align	1
 561              		.global	GPIO_ReadInputData
 562              		.syntax unified
 563              		.thumb
 564              		.thumb_func
 565              		.type	GPIO_ReadInputData, %function
 566              	GPIO_ReadInputData:
 567              	.LVL52:
 568              	.LFB34:
 299:stm32f10x_lib/STM32F10x_StdPeriph_Driver/src/stm32f10x_gpio.c **** 
 300:stm32f10x_lib/STM32F10x_StdPeriph_Driver/src/stm32f10x_gpio.c **** /**
 301:stm32f10x_lib/STM32F10x_StdPeriph_Driver/src/stm32f10x_gpio.c ****   * @brief  Reads the specified GPIO input data port.
 302:stm32f10x_lib/STM32F10x_StdPeriph_Driver/src/stm32f10x_gpio.c ****   * @param  GPIOx: where x can be (A..G) to select the GPIO peripheral.
 303:stm32f10x_lib/STM32F10x_StdPeriph_Driver/src/stm32f10x_gpio.c ****   * @retval GPIO input data port value.
 304:stm32f10x_lib/STM32F10x_StdPeriph_Driver/src/stm32f10x_gpio.c ****   */
 305:stm32f10x_lib/STM32F10x_StdPeriph_Driver/src/stm32f10x_gpio.c **** uint16_t GPIO_ReadInputData(GPIO_TypeDef* GPIOx)
 306:stm32f10x_lib/STM32F10x_StdPeriph_Driver/src/stm32f10x_gpio.c **** {
 569              		.loc 1 306 1 is_stmt 1 view -0
 570              		.cfi_startproc
 571              		@ args = 0, pretend = 0, frame = 0
 572              		@ frame_needed = 0, uses_anonymous_args = 0
 573              		@ link register save eliminated.
 307:stm32f10x_lib/STM32F10x_StdPeriph_Driver/src/stm32f10x_gpio.c ****   /* Check the parameters */
 308:stm32f10x_lib/STM32F10x_StdPeriph_Driver/src/stm32f10x_gpio.c ****   assert_param(IS_GPIO_ALL_PERIPH(GPIOx));
 574              		.loc 1 308 3 view .LVU154
 309:stm32f10x_lib/STM32F10x_StdPeriph_Driver/src/stm32f10x_gpio.c ****   
 310:stm32f10x_lib/STM32F10x_StdPeriph_Driver/src/stm32f10x_gpio.c ****   return ((uint16_t)GPIOx->IDR);
 575              		.loc 1 310 3 view .LVU155
 576              	@ stm32f10x_lib/STM32F10x_StdPeriph_Driver/src/stm32f10x_gpio.c:310:   return ((uint16_t)GPIOx->IDR
 577              		.loc 1 310 26 is_stmt 0 view .LVU156
 578 018a 8068     		ldr	r0, [r0, #8]	@ _1, GPIOx_3(D)->IDR
 579              	.LVL53:
 580              	@ stm32f10x_lib/STM32F10x_StdPeriph_Driver/src/stm32f10x_gpio.c:311: }
 311:stm32f10x_lib/STM32F10x_StdPeriph_Driver/src/stm32f10x_gpio.c **** }
ARM GAS  /tmp/ccnG0Tvv.s 			page 18


 581              		.loc 1 311 1 view .LVU157
 582 018c 80B2     		uxth	r0, r0	@, _1
 583 018e 7047     		bx	lr	@
 584              		.cfi_endproc
 585              	.LFE34:
 586              		.size	GPIO_ReadInputData, .-GPIO_ReadInputData
 587              		.align	1
 588              		.global	GPIO_ReadOutputDataBit
 589              		.syntax unified
 590              		.thumb
 591              		.thumb_func
 592              		.type	GPIO_ReadOutputDataBit, %function
 593              	GPIO_ReadOutputDataBit:
 594              	.LVL54:
 595              	.LFB35:
 312:stm32f10x_lib/STM32F10x_StdPeriph_Driver/src/stm32f10x_gpio.c **** 
 313:stm32f10x_lib/STM32F10x_StdPeriph_Driver/src/stm32f10x_gpio.c **** /**
 314:stm32f10x_lib/STM32F10x_StdPeriph_Driver/src/stm32f10x_gpio.c ****   * @brief  Reads the specified output data port bit.
 315:stm32f10x_lib/STM32F10x_StdPeriph_Driver/src/stm32f10x_gpio.c ****   * @param  GPIOx: where x can be (A..G) to select the GPIO peripheral.
 316:stm32f10x_lib/STM32F10x_StdPeriph_Driver/src/stm32f10x_gpio.c ****   * @param  GPIO_Pin:  specifies the port bit to read.
 317:stm32f10x_lib/STM32F10x_StdPeriph_Driver/src/stm32f10x_gpio.c ****   *   This parameter can be GPIO_Pin_x where x can be (0..15).
 318:stm32f10x_lib/STM32F10x_StdPeriph_Driver/src/stm32f10x_gpio.c ****   * @retval The output port pin value.
 319:stm32f10x_lib/STM32F10x_StdPeriph_Driver/src/stm32f10x_gpio.c ****   */
 320:stm32f10x_lib/STM32F10x_StdPeriph_Driver/src/stm32f10x_gpio.c **** uint8_t GPIO_ReadOutputDataBit(GPIO_TypeDef* GPIOx, uint16_t GPIO_Pin)
 321:stm32f10x_lib/STM32F10x_StdPeriph_Driver/src/stm32f10x_gpio.c **** {
 596              		.loc 1 321 1 is_stmt 1 view -0
 597              		.cfi_startproc
 598              		@ args = 0, pretend = 0, frame = 0
 599              		@ frame_needed = 0, uses_anonymous_args = 0
 600              		@ link register save eliminated.
 322:stm32f10x_lib/STM32F10x_StdPeriph_Driver/src/stm32f10x_gpio.c ****   uint8_t bitstatus = 0x00;
 601              		.loc 1 322 3 view .LVU159
 323:stm32f10x_lib/STM32F10x_StdPeriph_Driver/src/stm32f10x_gpio.c ****   /* Check the parameters */
 324:stm32f10x_lib/STM32F10x_StdPeriph_Driver/src/stm32f10x_gpio.c ****   assert_param(IS_GPIO_ALL_PERIPH(GPIOx));
 602              		.loc 1 324 3 view .LVU160
 325:stm32f10x_lib/STM32F10x_StdPeriph_Driver/src/stm32f10x_gpio.c ****   assert_param(IS_GET_GPIO_PIN(GPIO_Pin)); 
 603              		.loc 1 325 3 view .LVU161
 326:stm32f10x_lib/STM32F10x_StdPeriph_Driver/src/stm32f10x_gpio.c ****   
 327:stm32f10x_lib/STM32F10x_StdPeriph_Driver/src/stm32f10x_gpio.c ****   if ((GPIOx->ODR & GPIO_Pin) != (uint32_t)Bit_RESET)
 604              		.loc 1 327 3 view .LVU162
 605              	@ stm32f10x_lib/STM32F10x_StdPeriph_Driver/src/stm32f10x_gpio.c:327:   if ((GPIOx->ODR & GPIO_Pin) 
 606              		.loc 1 327 13 is_stmt 0 view .LVU163
 607 0190 C368     		ldr	r3, [r0, #12]	@ _1, GPIOx_6(D)->ODR
 608              	.LVL55:
 328:stm32f10x_lib/STM32F10x_StdPeriph_Driver/src/stm32f10x_gpio.c ****   {
 329:stm32f10x_lib/STM32F10x_StdPeriph_Driver/src/stm32f10x_gpio.c ****     bitstatus = (uint8_t)Bit_SET;
 330:stm32f10x_lib/STM32F10x_StdPeriph_Driver/src/stm32f10x_gpio.c ****   }
 331:stm32f10x_lib/STM32F10x_StdPeriph_Driver/src/stm32f10x_gpio.c ****   else
 332:stm32f10x_lib/STM32F10x_StdPeriph_Driver/src/stm32f10x_gpio.c ****   {
 333:stm32f10x_lib/STM32F10x_StdPeriph_Driver/src/stm32f10x_gpio.c ****     bitstatus = (uint8_t)Bit_RESET;
 334:stm32f10x_lib/STM32F10x_StdPeriph_Driver/src/stm32f10x_gpio.c ****   }
 335:stm32f10x_lib/STM32F10x_StdPeriph_Driver/src/stm32f10x_gpio.c ****   return bitstatus;
 609              		.loc 1 335 3 is_stmt 1 view .LVU164
 610              	@ stm32f10x_lib/STM32F10x_StdPeriph_Driver/src/stm32f10x_gpio.c:327:   if ((GPIOx->ODR & GPIO_Pin) 
 327:stm32f10x_lib/STM32F10x_StdPeriph_Driver/src/stm32f10x_gpio.c ****   {
 611              		.loc 1 327 6 is_stmt 0 view .LVU165
 612 0192 1942     		tst	r1, r3	@ GPIO_Pin, _1
ARM GAS  /tmp/ccnG0Tvv.s 			page 19


 613              	@ stm32f10x_lib/STM32F10x_StdPeriph_Driver/src/stm32f10x_gpio.c:336: }
 336:stm32f10x_lib/STM32F10x_StdPeriph_Driver/src/stm32f10x_gpio.c **** }
 614              		.loc 1 336 1 view .LVU166
 615 0194 14BF     		ite	ne
 616 0196 0120     		movne	r0, #1	@,
 617              	.LVL56:
 618              		.loc 1 336 1 view .LVU167
 619 0198 0020     		moveq	r0, #0	@,
 620 019a 7047     		bx	lr	@
 621              		.cfi_endproc
 622              	.LFE35:
 623              		.size	GPIO_ReadOutputDataBit, .-GPIO_ReadOutputDataBit
 624              		.align	1
 625              		.global	GPIO_ReadOutputData
 626              		.syntax unified
 627              		.thumb
 628              		.thumb_func
 629              		.type	GPIO_ReadOutputData, %function
 630              	GPIO_ReadOutputData:
 631              	.LVL57:
 632              	.LFB36:
 337:stm32f10x_lib/STM32F10x_StdPeriph_Driver/src/stm32f10x_gpio.c **** 
 338:stm32f10x_lib/STM32F10x_StdPeriph_Driver/src/stm32f10x_gpio.c **** /**
 339:stm32f10x_lib/STM32F10x_StdPeriph_Driver/src/stm32f10x_gpio.c ****   * @brief  Reads the specified GPIO output data port.
 340:stm32f10x_lib/STM32F10x_StdPeriph_Driver/src/stm32f10x_gpio.c ****   * @param  GPIOx: where x can be (A..G) to select the GPIO peripheral.
 341:stm32f10x_lib/STM32F10x_StdPeriph_Driver/src/stm32f10x_gpio.c ****   * @retval GPIO output data port value.
 342:stm32f10x_lib/STM32F10x_StdPeriph_Driver/src/stm32f10x_gpio.c ****   */
 343:stm32f10x_lib/STM32F10x_StdPeriph_Driver/src/stm32f10x_gpio.c **** uint16_t GPIO_ReadOutputData(GPIO_TypeDef* GPIOx)
 344:stm32f10x_lib/STM32F10x_StdPeriph_Driver/src/stm32f10x_gpio.c **** {
 633              		.loc 1 344 1 is_stmt 1 view -0
 634              		.cfi_startproc
 635              		@ args = 0, pretend = 0, frame = 0
 636              		@ frame_needed = 0, uses_anonymous_args = 0
 637              		@ link register save eliminated.
 345:stm32f10x_lib/STM32F10x_StdPeriph_Driver/src/stm32f10x_gpio.c ****   /* Check the parameters */
 346:stm32f10x_lib/STM32F10x_StdPeriph_Driver/src/stm32f10x_gpio.c ****   assert_param(IS_GPIO_ALL_PERIPH(GPIOx));
 638              		.loc 1 346 3 view .LVU169
 347:stm32f10x_lib/STM32F10x_StdPeriph_Driver/src/stm32f10x_gpio.c ****     
 348:stm32f10x_lib/STM32F10x_StdPeriph_Driver/src/stm32f10x_gpio.c ****   return ((uint16_t)GPIOx->ODR);
 639              		.loc 1 348 3 view .LVU170
 640              	@ stm32f10x_lib/STM32F10x_StdPeriph_Driver/src/stm32f10x_gpio.c:348:   return ((uint16_t)GPIOx->ODR
 641              		.loc 1 348 26 is_stmt 0 view .LVU171
 642 019c C068     		ldr	r0, [r0, #12]	@ _1, GPIOx_3(D)->ODR
 643              	.LVL58:
 644              	@ stm32f10x_lib/STM32F10x_StdPeriph_Driver/src/stm32f10x_gpio.c:349: }
 349:stm32f10x_lib/STM32F10x_StdPeriph_Driver/src/stm32f10x_gpio.c **** }
 645              		.loc 1 349 1 view .LVU172
 646 019e 80B2     		uxth	r0, r0	@, _1
 647 01a0 7047     		bx	lr	@
 648              		.cfi_endproc
 649              	.LFE36:
 650              		.size	GPIO_ReadOutputData, .-GPIO_ReadOutputData
 651              		.align	1
 652              		.global	GPIO_SetBits
 653              		.syntax unified
 654              		.thumb
 655              		.thumb_func
ARM GAS  /tmp/ccnG0Tvv.s 			page 20


 656              		.type	GPIO_SetBits, %function
 657              	GPIO_SetBits:
 658              	.LVL59:
 659              	.LFB37:
 350:stm32f10x_lib/STM32F10x_StdPeriph_Driver/src/stm32f10x_gpio.c **** 
 351:stm32f10x_lib/STM32F10x_StdPeriph_Driver/src/stm32f10x_gpio.c **** /**
 352:stm32f10x_lib/STM32F10x_StdPeriph_Driver/src/stm32f10x_gpio.c ****   * @brief  Sets the selected data port bits.
 353:stm32f10x_lib/STM32F10x_StdPeriph_Driver/src/stm32f10x_gpio.c ****   * @param  GPIOx: where x can be (A..G) to select the GPIO peripheral.
 354:stm32f10x_lib/STM32F10x_StdPeriph_Driver/src/stm32f10x_gpio.c ****   * @param  GPIO_Pin: specifies the port bits to be written.
 355:stm32f10x_lib/STM32F10x_StdPeriph_Driver/src/stm32f10x_gpio.c ****   *   This parameter can be any combination of GPIO_Pin_x where x can be (0..15).
 356:stm32f10x_lib/STM32F10x_StdPeriph_Driver/src/stm32f10x_gpio.c ****   * @retval None
 357:stm32f10x_lib/STM32F10x_StdPeriph_Driver/src/stm32f10x_gpio.c ****   */
 358:stm32f10x_lib/STM32F10x_StdPeriph_Driver/src/stm32f10x_gpio.c **** void GPIO_SetBits(GPIO_TypeDef* GPIOx, uint16_t GPIO_Pin)
 359:stm32f10x_lib/STM32F10x_StdPeriph_Driver/src/stm32f10x_gpio.c **** {
 660              		.loc 1 359 1 is_stmt 1 view -0
 661              		.cfi_startproc
 662              		@ args = 0, pretend = 0, frame = 0
 663              		@ frame_needed = 0, uses_anonymous_args = 0
 664              		@ link register save eliminated.
 360:stm32f10x_lib/STM32F10x_StdPeriph_Driver/src/stm32f10x_gpio.c ****   /* Check the parameters */
 361:stm32f10x_lib/STM32F10x_StdPeriph_Driver/src/stm32f10x_gpio.c ****   assert_param(IS_GPIO_ALL_PERIPH(GPIOx));
 665              		.loc 1 361 3 view .LVU174
 362:stm32f10x_lib/STM32F10x_StdPeriph_Driver/src/stm32f10x_gpio.c ****   assert_param(IS_GPIO_PIN(GPIO_Pin));
 666              		.loc 1 362 3 view .LVU175
 363:stm32f10x_lib/STM32F10x_StdPeriph_Driver/src/stm32f10x_gpio.c ****   
 364:stm32f10x_lib/STM32F10x_StdPeriph_Driver/src/stm32f10x_gpio.c ****   GPIOx->BSRR = GPIO_Pin;
 667              		.loc 1 364 3 view .LVU176
 668              	@ stm32f10x_lib/STM32F10x_StdPeriph_Driver/src/stm32f10x_gpio.c:364:   GPIOx->BSRR = GPIO_Pin;
 669              		.loc 1 364 15 is_stmt 0 view .LVU177
 670 01a2 0161     		str	r1, [r0, #16]	@ GPIO_Pin, GPIOx_4(D)->BSRR
 671              	@ stm32f10x_lib/STM32F10x_StdPeriph_Driver/src/stm32f10x_gpio.c:365: }
 365:stm32f10x_lib/STM32F10x_StdPeriph_Driver/src/stm32f10x_gpio.c **** }
 672              		.loc 1 365 1 view .LVU178
 673 01a4 7047     		bx	lr	@
 674              		.cfi_endproc
 675              	.LFE37:
 676              		.size	GPIO_SetBits, .-GPIO_SetBits
 677              		.align	1
 678              		.global	GPIO_ResetBits
 679              		.syntax unified
 680              		.thumb
 681              		.thumb_func
 682              		.type	GPIO_ResetBits, %function
 683              	GPIO_ResetBits:
 684              	.LVL60:
 685              	.LFB38:
 366:stm32f10x_lib/STM32F10x_StdPeriph_Driver/src/stm32f10x_gpio.c **** 
 367:stm32f10x_lib/STM32F10x_StdPeriph_Driver/src/stm32f10x_gpio.c **** /**
 368:stm32f10x_lib/STM32F10x_StdPeriph_Driver/src/stm32f10x_gpio.c ****   * @brief  Clears the selected data port bits.
 369:stm32f10x_lib/STM32F10x_StdPeriph_Driver/src/stm32f10x_gpio.c ****   * @param  GPIOx: where x can be (A..G) to select the GPIO peripheral.
 370:stm32f10x_lib/STM32F10x_StdPeriph_Driver/src/stm32f10x_gpio.c ****   * @param  GPIO_Pin: specifies the port bits to be written.
 371:stm32f10x_lib/STM32F10x_StdPeriph_Driver/src/stm32f10x_gpio.c ****   *   This parameter can be any combination of GPIO_Pin_x where x can be (0..15).
 372:stm32f10x_lib/STM32F10x_StdPeriph_Driver/src/stm32f10x_gpio.c ****   * @retval None
 373:stm32f10x_lib/STM32F10x_StdPeriph_Driver/src/stm32f10x_gpio.c ****   */
 374:stm32f10x_lib/STM32F10x_StdPeriph_Driver/src/stm32f10x_gpio.c **** void GPIO_ResetBits(GPIO_TypeDef* GPIOx, uint16_t GPIO_Pin)
 375:stm32f10x_lib/STM32F10x_StdPeriph_Driver/src/stm32f10x_gpio.c **** {
 686              		.loc 1 375 1 is_stmt 1 view -0
ARM GAS  /tmp/ccnG0Tvv.s 			page 21


 687              		.cfi_startproc
 688              		@ args = 0, pretend = 0, frame = 0
 689              		@ frame_needed = 0, uses_anonymous_args = 0
 690              		@ link register save eliminated.
 376:stm32f10x_lib/STM32F10x_StdPeriph_Driver/src/stm32f10x_gpio.c ****   /* Check the parameters */
 377:stm32f10x_lib/STM32F10x_StdPeriph_Driver/src/stm32f10x_gpio.c ****   assert_param(IS_GPIO_ALL_PERIPH(GPIOx));
 691              		.loc 1 377 3 view .LVU180
 378:stm32f10x_lib/STM32F10x_StdPeriph_Driver/src/stm32f10x_gpio.c ****   assert_param(IS_GPIO_PIN(GPIO_Pin));
 692              		.loc 1 378 3 view .LVU181
 379:stm32f10x_lib/STM32F10x_StdPeriph_Driver/src/stm32f10x_gpio.c ****   
 380:stm32f10x_lib/STM32F10x_StdPeriph_Driver/src/stm32f10x_gpio.c ****   GPIOx->BRR = GPIO_Pin;
 693              		.loc 1 380 3 view .LVU182
 694              	@ stm32f10x_lib/STM32F10x_StdPeriph_Driver/src/stm32f10x_gpio.c:380:   GPIOx->BRR = GPIO_Pin;
 695              		.loc 1 380 14 is_stmt 0 view .LVU183
 696 01a6 4161     		str	r1, [r0, #20]	@ GPIO_Pin, GPIOx_4(D)->BRR
 697              	@ stm32f10x_lib/STM32F10x_StdPeriph_Driver/src/stm32f10x_gpio.c:381: }
 381:stm32f10x_lib/STM32F10x_StdPeriph_Driver/src/stm32f10x_gpio.c **** }
 698              		.loc 1 381 1 view .LVU184
 699 01a8 7047     		bx	lr	@
 700              		.cfi_endproc
 701              	.LFE38:
 702              		.size	GPIO_ResetBits, .-GPIO_ResetBits
 703              		.align	1
 704              		.global	GPIO_WriteBit
 705              		.syntax unified
 706              		.thumb
 707              		.thumb_func
 708              		.type	GPIO_WriteBit, %function
 709              	GPIO_WriteBit:
 710              	.LVL61:
 711              	.LFB39:
 382:stm32f10x_lib/STM32F10x_StdPeriph_Driver/src/stm32f10x_gpio.c **** 
 383:stm32f10x_lib/STM32F10x_StdPeriph_Driver/src/stm32f10x_gpio.c **** /**
 384:stm32f10x_lib/STM32F10x_StdPeriph_Driver/src/stm32f10x_gpio.c ****   * @brief  Sets or clears the selected data port bit.
 385:stm32f10x_lib/STM32F10x_StdPeriph_Driver/src/stm32f10x_gpio.c ****   * @param  GPIOx: where x can be (A..G) to select the GPIO peripheral.
 386:stm32f10x_lib/STM32F10x_StdPeriph_Driver/src/stm32f10x_gpio.c ****   * @param  GPIO_Pin: specifies the port bit to be written.
 387:stm32f10x_lib/STM32F10x_StdPeriph_Driver/src/stm32f10x_gpio.c ****   *   This parameter can be one of GPIO_Pin_x where x can be (0..15).
 388:stm32f10x_lib/STM32F10x_StdPeriph_Driver/src/stm32f10x_gpio.c ****   * @param  BitVal: specifies the value to be written to the selected bit.
 389:stm32f10x_lib/STM32F10x_StdPeriph_Driver/src/stm32f10x_gpio.c ****   *   This parameter can be one of the BitAction enum values:
 390:stm32f10x_lib/STM32F10x_StdPeriph_Driver/src/stm32f10x_gpio.c ****   *     @arg Bit_RESET: to clear the port pin
 391:stm32f10x_lib/STM32F10x_StdPeriph_Driver/src/stm32f10x_gpio.c ****   *     @arg Bit_SET: to set the port pin
 392:stm32f10x_lib/STM32F10x_StdPeriph_Driver/src/stm32f10x_gpio.c ****   * @retval None
 393:stm32f10x_lib/STM32F10x_StdPeriph_Driver/src/stm32f10x_gpio.c ****   */
 394:stm32f10x_lib/STM32F10x_StdPeriph_Driver/src/stm32f10x_gpio.c **** void GPIO_WriteBit(GPIO_TypeDef* GPIOx, uint16_t GPIO_Pin, BitAction BitVal)
 395:stm32f10x_lib/STM32F10x_StdPeriph_Driver/src/stm32f10x_gpio.c **** {
 712              		.loc 1 395 1 is_stmt 1 view -0
 713              		.cfi_startproc
 714              		@ args = 0, pretend = 0, frame = 0
 715              		@ frame_needed = 0, uses_anonymous_args = 0
 716              		@ link register save eliminated.
 396:stm32f10x_lib/STM32F10x_StdPeriph_Driver/src/stm32f10x_gpio.c ****   /* Check the parameters */
 397:stm32f10x_lib/STM32F10x_StdPeriph_Driver/src/stm32f10x_gpio.c ****   assert_param(IS_GPIO_ALL_PERIPH(GPIOx));
 717              		.loc 1 397 3 view .LVU186
 398:stm32f10x_lib/STM32F10x_StdPeriph_Driver/src/stm32f10x_gpio.c ****   assert_param(IS_GET_GPIO_PIN(GPIO_Pin));
 718              		.loc 1 398 3 view .LVU187
 399:stm32f10x_lib/STM32F10x_StdPeriph_Driver/src/stm32f10x_gpio.c ****   assert_param(IS_GPIO_BIT_ACTION(BitVal)); 
 719              		.loc 1 399 3 view .LVU188
ARM GAS  /tmp/ccnG0Tvv.s 			page 22


 400:stm32f10x_lib/STM32F10x_StdPeriph_Driver/src/stm32f10x_gpio.c ****   
 401:stm32f10x_lib/STM32F10x_StdPeriph_Driver/src/stm32f10x_gpio.c ****   if (BitVal != Bit_RESET)
 720              		.loc 1 401 3 view .LVU189
 721              	@ stm32f10x_lib/STM32F10x_StdPeriph_Driver/src/stm32f10x_gpio.c:401:   if (BitVal != Bit_RESET)
 722              		.loc 1 401 6 is_stmt 0 view .LVU190
 723 01aa 0AB1     		cbz	r2, .L42	@ BitVal,
 402:stm32f10x_lib/STM32F10x_StdPeriph_Driver/src/stm32f10x_gpio.c ****   {
 403:stm32f10x_lib/STM32F10x_StdPeriph_Driver/src/stm32f10x_gpio.c ****     GPIOx->BSRR = GPIO_Pin;
 724              		.loc 1 403 5 is_stmt 1 view .LVU191
 725              	@ stm32f10x_lib/STM32F10x_StdPeriph_Driver/src/stm32f10x_gpio.c:403:     GPIOx->BSRR = GPIO_Pin;
 726              		.loc 1 403 17 is_stmt 0 view .LVU192
 727 01ac 0161     		str	r1, [r0, #16]	@ GPIO_Pin, GPIOx_7(D)->BSRR
 728 01ae 7047     		bx	lr	@
 729              	.L42:
 404:stm32f10x_lib/STM32F10x_StdPeriph_Driver/src/stm32f10x_gpio.c ****   }
 405:stm32f10x_lib/STM32F10x_StdPeriph_Driver/src/stm32f10x_gpio.c ****   else
 406:stm32f10x_lib/STM32F10x_StdPeriph_Driver/src/stm32f10x_gpio.c ****   {
 407:stm32f10x_lib/STM32F10x_StdPeriph_Driver/src/stm32f10x_gpio.c ****     GPIOx->BRR = GPIO_Pin;
 730              		.loc 1 407 5 is_stmt 1 view .LVU193
 731              	@ stm32f10x_lib/STM32F10x_StdPeriph_Driver/src/stm32f10x_gpio.c:407:     GPIOx->BRR = GPIO_Pin;
 732              		.loc 1 407 16 is_stmt 0 view .LVU194
 733 01b0 4161     		str	r1, [r0, #20]	@ GPIO_Pin, GPIOx_7(D)->BRR
 734              	@ stm32f10x_lib/STM32F10x_StdPeriph_Driver/src/stm32f10x_gpio.c:409: }
 408:stm32f10x_lib/STM32F10x_StdPeriph_Driver/src/stm32f10x_gpio.c ****   }
 409:stm32f10x_lib/STM32F10x_StdPeriph_Driver/src/stm32f10x_gpio.c **** }
 735              		.loc 1 409 1 view .LVU195
 736 01b2 7047     		bx	lr	@
 737              		.cfi_endproc
 738              	.LFE39:
 739              		.size	GPIO_WriteBit, .-GPIO_WriteBit
 740              		.align	1
 741              		.global	GPIO_Write
 742              		.syntax unified
 743              		.thumb
 744              		.thumb_func
 745              		.type	GPIO_Write, %function
 746              	GPIO_Write:
 747              	.LVL62:
 748              	.LFB40:
 410:stm32f10x_lib/STM32F10x_StdPeriph_Driver/src/stm32f10x_gpio.c **** 
 411:stm32f10x_lib/STM32F10x_StdPeriph_Driver/src/stm32f10x_gpio.c **** /**
 412:stm32f10x_lib/STM32F10x_StdPeriph_Driver/src/stm32f10x_gpio.c ****   * @brief  Writes data to the specified GPIO data port.
 413:stm32f10x_lib/STM32F10x_StdPeriph_Driver/src/stm32f10x_gpio.c ****   * @param  GPIOx: where x can be (A..G) to select the GPIO peripheral.
 414:stm32f10x_lib/STM32F10x_StdPeriph_Driver/src/stm32f10x_gpio.c ****   * @param  PortVal: specifies the value to be written to the port output data register.
 415:stm32f10x_lib/STM32F10x_StdPeriph_Driver/src/stm32f10x_gpio.c ****   * @retval None
 416:stm32f10x_lib/STM32F10x_StdPeriph_Driver/src/stm32f10x_gpio.c ****   */
 417:stm32f10x_lib/STM32F10x_StdPeriph_Driver/src/stm32f10x_gpio.c **** void GPIO_Write(GPIO_TypeDef* GPIOx, uint16_t PortVal)
 418:stm32f10x_lib/STM32F10x_StdPeriph_Driver/src/stm32f10x_gpio.c **** {
 749              		.loc 1 418 1 is_stmt 1 view -0
 750              		.cfi_startproc
 751              		@ args = 0, pretend = 0, frame = 0
 752              		@ frame_needed = 0, uses_anonymous_args = 0
 753              		@ link register save eliminated.
 419:stm32f10x_lib/STM32F10x_StdPeriph_Driver/src/stm32f10x_gpio.c ****   /* Check the parameters */
 420:stm32f10x_lib/STM32F10x_StdPeriph_Driver/src/stm32f10x_gpio.c ****   assert_param(IS_GPIO_ALL_PERIPH(GPIOx));
 754              		.loc 1 420 3 view .LVU197
 421:stm32f10x_lib/STM32F10x_StdPeriph_Driver/src/stm32f10x_gpio.c ****   
ARM GAS  /tmp/ccnG0Tvv.s 			page 23


 422:stm32f10x_lib/STM32F10x_StdPeriph_Driver/src/stm32f10x_gpio.c ****   GPIOx->ODR = PortVal;
 755              		.loc 1 422 3 view .LVU198
 756              	@ stm32f10x_lib/STM32F10x_StdPeriph_Driver/src/stm32f10x_gpio.c:422:   GPIOx->ODR = PortVal;
 757              		.loc 1 422 14 is_stmt 0 view .LVU199
 758 01b4 C160     		str	r1, [r0, #12]	@ PortVal, GPIOx_4(D)->ODR
 759              	@ stm32f10x_lib/STM32F10x_StdPeriph_Driver/src/stm32f10x_gpio.c:423: }
 423:stm32f10x_lib/STM32F10x_StdPeriph_Driver/src/stm32f10x_gpio.c **** }
 760              		.loc 1 423 1 view .LVU200
 761 01b6 7047     		bx	lr	@
 762              		.cfi_endproc
 763              	.LFE40:
 764              		.size	GPIO_Write, .-GPIO_Write
 765              		.align	1
 766              		.global	GPIO_PinLockConfig
 767              		.syntax unified
 768              		.thumb
 769              		.thumb_func
 770              		.type	GPIO_PinLockConfig, %function
 771              	GPIO_PinLockConfig:
 772              	.LVL63:
 773              	.LFB41:
 424:stm32f10x_lib/STM32F10x_StdPeriph_Driver/src/stm32f10x_gpio.c **** 
 425:stm32f10x_lib/STM32F10x_StdPeriph_Driver/src/stm32f10x_gpio.c **** /**
 426:stm32f10x_lib/STM32F10x_StdPeriph_Driver/src/stm32f10x_gpio.c ****   * @brief  Locks GPIO Pins configuration registers.
 427:stm32f10x_lib/STM32F10x_StdPeriph_Driver/src/stm32f10x_gpio.c ****   * @param  GPIOx: where x can be (A..G) to select the GPIO peripheral.
 428:stm32f10x_lib/STM32F10x_StdPeriph_Driver/src/stm32f10x_gpio.c ****   * @param  GPIO_Pin: specifies the port bit to be written.
 429:stm32f10x_lib/STM32F10x_StdPeriph_Driver/src/stm32f10x_gpio.c ****   *   This parameter can be any combination of GPIO_Pin_x where x can be (0..15).
 430:stm32f10x_lib/STM32F10x_StdPeriph_Driver/src/stm32f10x_gpio.c ****   * @retval None
 431:stm32f10x_lib/STM32F10x_StdPeriph_Driver/src/stm32f10x_gpio.c ****   */
 432:stm32f10x_lib/STM32F10x_StdPeriph_Driver/src/stm32f10x_gpio.c **** void GPIO_PinLockConfig(GPIO_TypeDef* GPIOx, uint16_t GPIO_Pin)
 433:stm32f10x_lib/STM32F10x_StdPeriph_Driver/src/stm32f10x_gpio.c **** {
 774              		.loc 1 433 1 is_stmt 1 view -0
 775              		.cfi_startproc
 776              		@ args = 0, pretend = 0, frame = 0
 777              		@ frame_needed = 0, uses_anonymous_args = 0
 778              		@ link register save eliminated.
 434:stm32f10x_lib/STM32F10x_StdPeriph_Driver/src/stm32f10x_gpio.c ****   uint32_t tmp = 0x00010000;
 779              		.loc 1 434 3 view .LVU202
 435:stm32f10x_lib/STM32F10x_StdPeriph_Driver/src/stm32f10x_gpio.c ****   
 436:stm32f10x_lib/STM32F10x_StdPeriph_Driver/src/stm32f10x_gpio.c ****   /* Check the parameters */
 437:stm32f10x_lib/STM32F10x_StdPeriph_Driver/src/stm32f10x_gpio.c ****   assert_param(IS_GPIO_ALL_PERIPH(GPIOx));
 780              		.loc 1 437 3 view .LVU203
 438:stm32f10x_lib/STM32F10x_StdPeriph_Driver/src/stm32f10x_gpio.c ****   assert_param(IS_GPIO_PIN(GPIO_Pin));
 781              		.loc 1 438 3 view .LVU204
 439:stm32f10x_lib/STM32F10x_StdPeriph_Driver/src/stm32f10x_gpio.c ****   
 440:stm32f10x_lib/STM32F10x_StdPeriph_Driver/src/stm32f10x_gpio.c ****   tmp |= GPIO_Pin;
 782              		.loc 1 440 3 view .LVU205
 783              	@ stm32f10x_lib/STM32F10x_StdPeriph_Driver/src/stm32f10x_gpio.c:440:   tmp |= GPIO_Pin;
 784              		.loc 1 440 7 is_stmt 0 view .LVU206
 785 01b8 41F48033 		orr	r3, r1, #65536	@ tmp, GPIO_Pin,
 786              	.LVL64:
 441:stm32f10x_lib/STM32F10x_StdPeriph_Driver/src/stm32f10x_gpio.c ****   /* Set LCKK bit */
 442:stm32f10x_lib/STM32F10x_StdPeriph_Driver/src/stm32f10x_gpio.c ****   GPIOx->LCKR = tmp;
 787              		.loc 1 442 3 is_stmt 1 view .LVU207
 788              	@ stm32f10x_lib/STM32F10x_StdPeriph_Driver/src/stm32f10x_gpio.c:442:   GPIOx->LCKR = tmp;
 789              		.loc 1 442 15 is_stmt 0 view .LVU208
 790 01bc 8361     		str	r3, [r0, #24]	@ tmp, GPIOx_5(D)->LCKR
ARM GAS  /tmp/ccnG0Tvv.s 			page 24


 443:stm32f10x_lib/STM32F10x_StdPeriph_Driver/src/stm32f10x_gpio.c ****   /* Reset LCKK bit */
 444:stm32f10x_lib/STM32F10x_StdPeriph_Driver/src/stm32f10x_gpio.c ****   GPIOx->LCKR =  GPIO_Pin;
 791              		.loc 1 444 3 is_stmt 1 view .LVU209
 792              	@ stm32f10x_lib/STM32F10x_StdPeriph_Driver/src/stm32f10x_gpio.c:444:   GPIOx->LCKR =  GPIO_Pin;
 793              		.loc 1 444 15 is_stmt 0 view .LVU210
 794 01be 8161     		str	r1, [r0, #24]	@ GPIO_Pin, GPIOx_5(D)->LCKR
 445:stm32f10x_lib/STM32F10x_StdPeriph_Driver/src/stm32f10x_gpio.c ****   /* Set LCKK bit */
 446:stm32f10x_lib/STM32F10x_StdPeriph_Driver/src/stm32f10x_gpio.c ****   GPIOx->LCKR = tmp;
 795              		.loc 1 446 3 is_stmt 1 view .LVU211
 796              	@ stm32f10x_lib/STM32F10x_StdPeriph_Driver/src/stm32f10x_gpio.c:446:   GPIOx->LCKR = tmp;
 797              		.loc 1 446 15 is_stmt 0 view .LVU212
 798 01c0 8361     		str	r3, [r0, #24]	@ tmp, GPIOx_5(D)->LCKR
 447:stm32f10x_lib/STM32F10x_StdPeriph_Driver/src/stm32f10x_gpio.c ****   /* Read LCKK bit*/
 448:stm32f10x_lib/STM32F10x_StdPeriph_Driver/src/stm32f10x_gpio.c ****   tmp = GPIOx->LCKR;
 799              		.loc 1 448 3 is_stmt 1 view .LVU213
 800              	@ stm32f10x_lib/STM32F10x_StdPeriph_Driver/src/stm32f10x_gpio.c:448:   tmp = GPIOx->LCKR;
 801              		.loc 1 448 7 is_stmt 0 view .LVU214
 802 01c2 8369     		ldr	r3, [r0, #24]	@ tmp, GPIOx_5(D)->LCKR
 803              	.LVL65:
 449:stm32f10x_lib/STM32F10x_StdPeriph_Driver/src/stm32f10x_gpio.c ****   /* Read LCKK bit*/
 450:stm32f10x_lib/STM32F10x_StdPeriph_Driver/src/stm32f10x_gpio.c ****   tmp = GPIOx->LCKR;
 804              		.loc 1 450 3 is_stmt 1 view .LVU215
 805              	@ stm32f10x_lib/STM32F10x_StdPeriph_Driver/src/stm32f10x_gpio.c:450:   tmp = GPIOx->LCKR;
 806              		.loc 1 450 7 is_stmt 0 view .LVU216
 807 01c4 8369     		ldr	r3, [r0, #24]	@ tmp, GPIOx_5(D)->LCKR
 808              	@ stm32f10x_lib/STM32F10x_StdPeriph_Driver/src/stm32f10x_gpio.c:451: }
 451:stm32f10x_lib/STM32F10x_StdPeriph_Driver/src/stm32f10x_gpio.c **** }
 809              		.loc 1 451 1 view .LVU217
 810 01c6 7047     		bx	lr	@
 811              		.cfi_endproc
 812              	.LFE41:
 813              		.size	GPIO_PinLockConfig, .-GPIO_PinLockConfig
 814              		.align	1
 815              		.global	GPIO_EventOutputConfig
 816              		.syntax unified
 817              		.thumb
 818              		.thumb_func
 819              		.type	GPIO_EventOutputConfig, %function
 820              	GPIO_EventOutputConfig:
 821              	.LVL66:
 822              	.LFB42:
 452:stm32f10x_lib/STM32F10x_StdPeriph_Driver/src/stm32f10x_gpio.c **** 
 453:stm32f10x_lib/STM32F10x_StdPeriph_Driver/src/stm32f10x_gpio.c **** /**
 454:stm32f10x_lib/STM32F10x_StdPeriph_Driver/src/stm32f10x_gpio.c ****   * @brief  Selects the GPIO pin used as Event output.
 455:stm32f10x_lib/STM32F10x_StdPeriph_Driver/src/stm32f10x_gpio.c ****   * @param  GPIO_PortSource: selects the GPIO port to be used as source
 456:stm32f10x_lib/STM32F10x_StdPeriph_Driver/src/stm32f10x_gpio.c ****   *   for Event output.
 457:stm32f10x_lib/STM32F10x_StdPeriph_Driver/src/stm32f10x_gpio.c ****   *   This parameter can be GPIO_PortSourceGPIOx where x can be (A..E).
 458:stm32f10x_lib/STM32F10x_StdPeriph_Driver/src/stm32f10x_gpio.c ****   * @param  GPIO_PinSource: specifies the pin for the Event output.
 459:stm32f10x_lib/STM32F10x_StdPeriph_Driver/src/stm32f10x_gpio.c ****   *   This parameter can be GPIO_PinSourcex where x can be (0..15).
 460:stm32f10x_lib/STM32F10x_StdPeriph_Driver/src/stm32f10x_gpio.c ****   * @retval None
 461:stm32f10x_lib/STM32F10x_StdPeriph_Driver/src/stm32f10x_gpio.c ****   */
 462:stm32f10x_lib/STM32F10x_StdPeriph_Driver/src/stm32f10x_gpio.c **** void GPIO_EventOutputConfig(uint8_t GPIO_PortSource, uint8_t GPIO_PinSource)
 463:stm32f10x_lib/STM32F10x_StdPeriph_Driver/src/stm32f10x_gpio.c **** {
 823              		.loc 1 463 1 is_stmt 1 view -0
 824              		.cfi_startproc
 825              		@ args = 0, pretend = 0, frame = 0
 826              		@ frame_needed = 0, uses_anonymous_args = 0
ARM GAS  /tmp/ccnG0Tvv.s 			page 25


 827              		@ link register save eliminated.
 464:stm32f10x_lib/STM32F10x_StdPeriph_Driver/src/stm32f10x_gpio.c ****   uint32_t tmpreg = 0x00;
 828              		.loc 1 464 3 view .LVU219
 465:stm32f10x_lib/STM32F10x_StdPeriph_Driver/src/stm32f10x_gpio.c ****   /* Check the parameters */
 466:stm32f10x_lib/STM32F10x_StdPeriph_Driver/src/stm32f10x_gpio.c ****   assert_param(IS_GPIO_EVENTOUT_PORT_SOURCE(GPIO_PortSource));
 829              		.loc 1 466 3 view .LVU220
 467:stm32f10x_lib/STM32F10x_StdPeriph_Driver/src/stm32f10x_gpio.c ****   assert_param(IS_GPIO_PIN_SOURCE(GPIO_PinSource));
 830              		.loc 1 467 3 view .LVU221
 468:stm32f10x_lib/STM32F10x_StdPeriph_Driver/src/stm32f10x_gpio.c ****     
 469:stm32f10x_lib/STM32F10x_StdPeriph_Driver/src/stm32f10x_gpio.c ****   tmpreg = AFIO->EVCR;
 831              		.loc 1 469 3 view .LVU222
 832              	@ stm32f10x_lib/STM32F10x_StdPeriph_Driver/src/stm32f10x_gpio.c:469:   tmpreg = AFIO->EVCR;
 833              		.loc 1 469 10 is_stmt 0 view .LVU223
 834 01c8 054A     		ldr	r2, .L47	@ tmp103,
 835 01ca 1368     		ldr	r3, [r2]	@ tmpreg, MEM[(struct AFIO_TypeDef *)1073807360B].EVCR
 836              	.LVL67:
 470:stm32f10x_lib/STM32F10x_StdPeriph_Driver/src/stm32f10x_gpio.c ****   /* Clear the PORT[6:4] and PIN[3:0] bits */
 471:stm32f10x_lib/STM32F10x_StdPeriph_Driver/src/stm32f10x_gpio.c ****   tmpreg &= EVCR_PORTPINCONFIG_MASK;
 837              		.loc 1 471 3 is_stmt 1 view .LVU224
 472:stm32f10x_lib/STM32F10x_StdPeriph_Driver/src/stm32f10x_gpio.c ****   tmpreg |= (uint32_t)GPIO_PortSource << 0x04;
 838              		.loc 1 472 3 view .LVU225
 473:stm32f10x_lib/STM32F10x_StdPeriph_Driver/src/stm32f10x_gpio.c ****   tmpreg |= GPIO_PinSource;
 839              		.loc 1 473 3 view .LVU226
 840              	@ stm32f10x_lib/STM32F10x_StdPeriph_Driver/src/stm32f10x_gpio.c:471:   tmpreg &= EVCR_PORTPINCONFIG
 471:stm32f10x_lib/STM32F10x_StdPeriph_Driver/src/stm32f10x_gpio.c ****   tmpreg |= (uint32_t)GPIO_PortSource << 0x04;
 841              		.loc 1 471 10 is_stmt 0 view .LVU227
 842 01cc 23F07F03 		bic	r3, r3, #127	@ tmpreg_6, tmpreg,
 843              	.LVL68:
 471:stm32f10x_lib/STM32F10x_StdPeriph_Driver/src/stm32f10x_gpio.c ****   tmpreg |= (uint32_t)GPIO_PortSource << 0x04;
 844              		.loc 1 471 10 view .LVU228
 845 01d0 1B04     		lsls	r3, r3, #16	@ tmpreg_6, tmpreg_6,
 846 01d2 1B0C     		lsrs	r3, r3, #16	@ tmpreg_6, tmpreg_6,
 847 01d4 0B43     		orrs	r3, r3, r1	@, _12, tmpreg_6, GPIO_PinSource
 848              	@ stm32f10x_lib/STM32F10x_StdPeriph_Driver/src/stm32f10x_gpio.c:473:   tmpreg |= GPIO_PinSource;
 849              		.loc 1 473 10 view .LVU229
 850 01d6 43EA0013 		orr	r3, r3, r0, lsl #4	@ tmpreg, _12, GPIO_PortSource,
 851              	.LVL69:
 474:stm32f10x_lib/STM32F10x_StdPeriph_Driver/src/stm32f10x_gpio.c ****   AFIO->EVCR = tmpreg;
 852              		.loc 1 474 3 is_stmt 1 view .LVU230
 853              	@ stm32f10x_lib/STM32F10x_StdPeriph_Driver/src/stm32f10x_gpio.c:474:   AFIO->EVCR = tmpreg;
 854              		.loc 1 474 14 is_stmt 0 view .LVU231
 855 01da 1360     		str	r3, [r2]	@ tmpreg, MEM[(struct AFIO_TypeDef *)1073807360B].EVCR
 856              	@ stm32f10x_lib/STM32F10x_StdPeriph_Driver/src/stm32f10x_gpio.c:475: }
 475:stm32f10x_lib/STM32F10x_StdPeriph_Driver/src/stm32f10x_gpio.c **** }
 857              		.loc 1 475 1 view .LVU232
 858 01dc 7047     		bx	lr	@
 859              	.L48:
 860 01de 00BF     		.align	2
 861              	.L47:
 862 01e0 00000140 		.word	1073807360
 863              		.cfi_endproc
 864              	.LFE42:
 865              		.size	GPIO_EventOutputConfig, .-GPIO_EventOutputConfig
 866              		.align	1
 867              		.global	GPIO_EventOutputCmd
 868              		.syntax unified
 869              		.thumb
ARM GAS  /tmp/ccnG0Tvv.s 			page 26


 870              		.thumb_func
 871              		.type	GPIO_EventOutputCmd, %function
 872              	GPIO_EventOutputCmd:
 873              	.LVL70:
 874              	.LFB43:
 476:stm32f10x_lib/STM32F10x_StdPeriph_Driver/src/stm32f10x_gpio.c **** 
 477:stm32f10x_lib/STM32F10x_StdPeriph_Driver/src/stm32f10x_gpio.c **** /**
 478:stm32f10x_lib/STM32F10x_StdPeriph_Driver/src/stm32f10x_gpio.c ****   * @brief  Enables or disables the Event Output.
 479:stm32f10x_lib/STM32F10x_StdPeriph_Driver/src/stm32f10x_gpio.c ****   * @param  NewState: new state of the Event output.
 480:stm32f10x_lib/STM32F10x_StdPeriph_Driver/src/stm32f10x_gpio.c ****   *   This parameter can be: ENABLE or DISABLE.
 481:stm32f10x_lib/STM32F10x_StdPeriph_Driver/src/stm32f10x_gpio.c ****   * @retval None
 482:stm32f10x_lib/STM32F10x_StdPeriph_Driver/src/stm32f10x_gpio.c ****   */
 483:stm32f10x_lib/STM32F10x_StdPeriph_Driver/src/stm32f10x_gpio.c **** void GPIO_EventOutputCmd(FunctionalState NewState)
 484:stm32f10x_lib/STM32F10x_StdPeriph_Driver/src/stm32f10x_gpio.c **** {
 875              		.loc 1 484 1 is_stmt 1 view -0
 876              		.cfi_startproc
 877              		@ args = 0, pretend = 0, frame = 0
 878              		@ frame_needed = 0, uses_anonymous_args = 0
 879              		@ link register save eliminated.
 485:stm32f10x_lib/STM32F10x_StdPeriph_Driver/src/stm32f10x_gpio.c ****   /* Check the parameters */
 486:stm32f10x_lib/STM32F10x_StdPeriph_Driver/src/stm32f10x_gpio.c ****   assert_param(IS_FUNCTIONAL_STATE(NewState));
 880              		.loc 1 486 3 view .LVU234
 487:stm32f10x_lib/STM32F10x_StdPeriph_Driver/src/stm32f10x_gpio.c ****   
 488:stm32f10x_lib/STM32F10x_StdPeriph_Driver/src/stm32f10x_gpio.c ****   *(__IO uint32_t *) EVCR_EVOE_BB = (uint32_t)NewState;
 881              		.loc 1 488 3 view .LVU235
 882              	@ stm32f10x_lib/STM32F10x_StdPeriph_Driver/src/stm32f10x_gpio.c:488:   *(__IO uint32_t *) EVCR_EVOE
 883              		.loc 1 488 35 is_stmt 0 view .LVU236
 884 01e4 014B     		ldr	r3, .L50	@ tmp96,
 885 01e6 D861     		str	r0, [r3, #28]	@ NewState, MEM[(volatile uint32_t *)1109393436B]
 886              	@ stm32f10x_lib/STM32F10x_StdPeriph_Driver/src/stm32f10x_gpio.c:489: }
 489:stm32f10x_lib/STM32F10x_StdPeriph_Driver/src/stm32f10x_gpio.c **** }
 887              		.loc 1 489 1 view .LVU237
 888 01e8 7047     		bx	lr	@
 889              	.L51:
 890 01ea 00BF     		.align	2
 891              	.L50:
 892 01ec 00002042 		.word	1109393408
 893              		.cfi_endproc
 894              	.LFE43:
 895              		.size	GPIO_EventOutputCmd, .-GPIO_EventOutputCmd
 896              		.align	1
 897              		.global	GPIO_PinRemapConfig
 898              		.syntax unified
 899              		.thumb
 900              		.thumb_func
 901              		.type	GPIO_PinRemapConfig, %function
 902              	GPIO_PinRemapConfig:
 903              	.LVL71:
 904              	.LFB44:
 490:stm32f10x_lib/STM32F10x_StdPeriph_Driver/src/stm32f10x_gpio.c **** 
 491:stm32f10x_lib/STM32F10x_StdPeriph_Driver/src/stm32f10x_gpio.c **** /**
 492:stm32f10x_lib/STM32F10x_StdPeriph_Driver/src/stm32f10x_gpio.c ****   * @brief  Changes the mapping of the specified pin.
 493:stm32f10x_lib/STM32F10x_StdPeriph_Driver/src/stm32f10x_gpio.c ****   * @param  GPIO_Remap: selects the pin to remap.
 494:stm32f10x_lib/STM32F10x_StdPeriph_Driver/src/stm32f10x_gpio.c ****   *   This parameter can be one of the following values:
 495:stm32f10x_lib/STM32F10x_StdPeriph_Driver/src/stm32f10x_gpio.c ****   *     @arg GPIO_Remap_SPI1             : SPI1 Alternate Function mapping
 496:stm32f10x_lib/STM32F10x_StdPeriph_Driver/src/stm32f10x_gpio.c ****   *     @arg GPIO_Remap_I2C1             : I2C1 Alternate Function mapping
 497:stm32f10x_lib/STM32F10x_StdPeriph_Driver/src/stm32f10x_gpio.c ****   *     @arg GPIO_Remap_USART1           : USART1 Alternate Function mapping
ARM GAS  /tmp/ccnG0Tvv.s 			page 27


 498:stm32f10x_lib/STM32F10x_StdPeriph_Driver/src/stm32f10x_gpio.c ****   *     @arg GPIO_Remap_USART2           : USART2 Alternate Function mapping
 499:stm32f10x_lib/STM32F10x_StdPeriph_Driver/src/stm32f10x_gpio.c ****   *     @arg GPIO_PartialRemap_USART3    : USART3 Partial Alternate Function mapping
 500:stm32f10x_lib/STM32F10x_StdPeriph_Driver/src/stm32f10x_gpio.c ****   *     @arg GPIO_FullRemap_USART3       : USART3 Full Alternate Function mapping
 501:stm32f10x_lib/STM32F10x_StdPeriph_Driver/src/stm32f10x_gpio.c ****   *     @arg GPIO_PartialRemap_TIM1      : TIM1 Partial Alternate Function mapping
 502:stm32f10x_lib/STM32F10x_StdPeriph_Driver/src/stm32f10x_gpio.c ****   *     @arg GPIO_FullRemap_TIM1         : TIM1 Full Alternate Function mapping
 503:stm32f10x_lib/STM32F10x_StdPeriph_Driver/src/stm32f10x_gpio.c ****   *     @arg GPIO_PartialRemap1_TIM2     : TIM2 Partial1 Alternate Function mapping
 504:stm32f10x_lib/STM32F10x_StdPeriph_Driver/src/stm32f10x_gpio.c ****   *     @arg GPIO_PartialRemap2_TIM2     : TIM2 Partial2 Alternate Function mapping
 505:stm32f10x_lib/STM32F10x_StdPeriph_Driver/src/stm32f10x_gpio.c ****   *     @arg GPIO_FullRemap_TIM2         : TIM2 Full Alternate Function mapping
 506:stm32f10x_lib/STM32F10x_StdPeriph_Driver/src/stm32f10x_gpio.c ****   *     @arg GPIO_PartialRemap_TIM3      : TIM3 Partial Alternate Function mapping
 507:stm32f10x_lib/STM32F10x_StdPeriph_Driver/src/stm32f10x_gpio.c ****   *     @arg GPIO_FullRemap_TIM3         : TIM3 Full Alternate Function mapping
 508:stm32f10x_lib/STM32F10x_StdPeriph_Driver/src/stm32f10x_gpio.c ****   *     @arg GPIO_Remap_TIM4             : TIM4 Alternate Function mapping
 509:stm32f10x_lib/STM32F10x_StdPeriph_Driver/src/stm32f10x_gpio.c ****   *     @arg GPIO_Remap1_CAN1            : CAN1 Alternate Function mapping
 510:stm32f10x_lib/STM32F10x_StdPeriph_Driver/src/stm32f10x_gpio.c ****   *     @arg GPIO_Remap2_CAN1            : CAN1 Alternate Function mapping
 511:stm32f10x_lib/STM32F10x_StdPeriph_Driver/src/stm32f10x_gpio.c ****   *     @arg GPIO_Remap_PD01             : PD01 Alternate Function mapping
 512:stm32f10x_lib/STM32F10x_StdPeriph_Driver/src/stm32f10x_gpio.c ****   *     @arg GPIO_Remap_TIM5CH4_LSI      : LSI connected to TIM5 Channel4 input capture for calibra
 513:stm32f10x_lib/STM32F10x_StdPeriph_Driver/src/stm32f10x_gpio.c ****   *     @arg GPIO_Remap_ADC1_ETRGINJ     : ADC1 External Trigger Injected Conversion remapping
 514:stm32f10x_lib/STM32F10x_StdPeriph_Driver/src/stm32f10x_gpio.c ****   *     @arg GPIO_Remap_ADC1_ETRGREG     : ADC1 External Trigger Regular Conversion remapping
 515:stm32f10x_lib/STM32F10x_StdPeriph_Driver/src/stm32f10x_gpio.c ****   *     @arg GPIO_Remap_ADC2_ETRGINJ     : ADC2 External Trigger Injected Conversion remapping
 516:stm32f10x_lib/STM32F10x_StdPeriph_Driver/src/stm32f10x_gpio.c ****   *     @arg GPIO_Remap_ADC2_ETRGREG     : ADC2 External Trigger Regular Conversion remapping
 517:stm32f10x_lib/STM32F10x_StdPeriph_Driver/src/stm32f10x_gpio.c ****   *     @arg GPIO_Remap_ETH              : Ethernet remapping (only for Connectivity line devices)
 518:stm32f10x_lib/STM32F10x_StdPeriph_Driver/src/stm32f10x_gpio.c ****   *     @arg GPIO_Remap_CAN2             : CAN2 remapping (only for Connectivity line devices)
 519:stm32f10x_lib/STM32F10x_StdPeriph_Driver/src/stm32f10x_gpio.c ****   *     @arg GPIO_Remap_SWJ_NoJTRST      : Full SWJ Enabled (JTAG-DP + SW-DP) but without JTRST
 520:stm32f10x_lib/STM32F10x_StdPeriph_Driver/src/stm32f10x_gpio.c ****   *     @arg GPIO_Remap_SWJ_JTAGDisable  : JTAG-DP Disabled and SW-DP Enabled
 521:stm32f10x_lib/STM32F10x_StdPeriph_Driver/src/stm32f10x_gpio.c ****   *     @arg GPIO_Remap_SWJ_Disable      : Full SWJ Disabled (JTAG-DP + SW-DP)
 522:stm32f10x_lib/STM32F10x_StdPeriph_Driver/src/stm32f10x_gpio.c ****   *     @arg GPIO_Remap_SPI3             : SPI3/I2S3 Alternate Function mapping (only for Connectiv
 523:stm32f10x_lib/STM32F10x_StdPeriph_Driver/src/stm32f10x_gpio.c ****   *                                        When the SPI3/I2S3 is remapped using this function, the 
 524:stm32f10x_lib/STM32F10x_StdPeriph_Driver/src/stm32f10x_gpio.c ****   *                                        to Full SWJ Enabled (JTAG-DP + SW-DP) but without JTRST.
 525:stm32f10x_lib/STM32F10x_StdPeriph_Driver/src/stm32f10x_gpio.c ****   *     @arg GPIO_Remap_TIM2ITR1_PTP_SOF : Ethernet PTP output or USB OTG SOF (Start of Frame) conn
 526:stm32f10x_lib/STM32F10x_StdPeriph_Driver/src/stm32f10x_gpio.c ****   *                                        to TIM2 Internal Trigger 1 for calibration (only for Con
 527:stm32f10x_lib/STM32F10x_StdPeriph_Driver/src/stm32f10x_gpio.c ****   *                                        If the GPIO_Remap_TIM2ITR1_PTP_SOF is enabled the TIM2 I
 528:stm32f10x_lib/STM32F10x_StdPeriph_Driver/src/stm32f10x_gpio.c ****   *                                        Ethernet PTP output. When Reset TIM2 ITR1 is connected t
 529:stm32f10x_lib/STM32F10x_StdPeriph_Driver/src/stm32f10x_gpio.c ****   *     @arg GPIO_Remap_PTP_PPS          : Ethernet MAC PPS_PTS output on PB05 (only for Connectivi
 530:stm32f10x_lib/STM32F10x_StdPeriph_Driver/src/stm32f10x_gpio.c ****   *     @arg GPIO_Remap_TIM15            : TIM15 Alternate Function mapping (only for Value line de
 531:stm32f10x_lib/STM32F10x_StdPeriph_Driver/src/stm32f10x_gpio.c ****   *     @arg GPIO_Remap_TIM16            : TIM16 Alternate Function mapping (only for Value line de
 532:stm32f10x_lib/STM32F10x_StdPeriph_Driver/src/stm32f10x_gpio.c ****   *     @arg GPIO_Remap_TIM17            : TIM17 Alternate Function mapping (only for Value line de
 533:stm32f10x_lib/STM32F10x_StdPeriph_Driver/src/stm32f10x_gpio.c ****   *     @arg GPIO_Remap_CEC              : CEC Alternate Function mapping (only for Value line devi
 534:stm32f10x_lib/STM32F10x_StdPeriph_Driver/src/stm32f10x_gpio.c ****   *     @arg GPIO_Remap_TIM1_DMA         : TIM1 DMA requests mapping (only for Value line devices)
 535:stm32f10x_lib/STM32F10x_StdPeriph_Driver/src/stm32f10x_gpio.c ****   *     @arg GPIO_Remap_TIM9             : TIM9 Alternate Function mapping (only for XL-density dev
 536:stm32f10x_lib/STM32F10x_StdPeriph_Driver/src/stm32f10x_gpio.c ****   *     @arg GPIO_Remap_TIM10            : TIM10 Alternate Function mapping (only for XL-density de
 537:stm32f10x_lib/STM32F10x_StdPeriph_Driver/src/stm32f10x_gpio.c ****   *     @arg GPIO_Remap_TIM11            : TIM11 Alternate Function mapping (only for XL-density de
 538:stm32f10x_lib/STM32F10x_StdPeriph_Driver/src/stm32f10x_gpio.c ****   *     @arg GPIO_Remap_TIM13            : TIM13 Alternate Function mapping (only for High density 
 539:stm32f10x_lib/STM32F10x_StdPeriph_Driver/src/stm32f10x_gpio.c ****   *     @arg GPIO_Remap_TIM14            : TIM14 Alternate Function mapping (only for High density 
 540:stm32f10x_lib/STM32F10x_StdPeriph_Driver/src/stm32f10x_gpio.c ****   *     @arg GPIO_Remap_FSMC_NADV        : FSMC_NADV Alternate Function mapping (only for High dens
 541:stm32f10x_lib/STM32F10x_StdPeriph_Driver/src/stm32f10x_gpio.c ****   *     @arg GPIO_Remap_TIM67_DAC_DMA    : TIM6/TIM7 and DAC DMA requests remapping (only for High 
 542:stm32f10x_lib/STM32F10x_StdPeriph_Driver/src/stm32f10x_gpio.c ****   *     @arg GPIO_Remap_TIM12            : TIM12 Alternate Function mapping (only for High density 
 543:stm32f10x_lib/STM32F10x_StdPeriph_Driver/src/stm32f10x_gpio.c ****   *     @arg GPIO_Remap_MISC             : Miscellaneous Remap (DMA2 Channel5 Position and DAC Trig
 544:stm32f10x_lib/STM32F10x_StdPeriph_Driver/src/stm32f10x_gpio.c ****   *                                        only for High density Value line devices)     
 545:stm32f10x_lib/STM32F10x_StdPeriph_Driver/src/stm32f10x_gpio.c ****   * @param  NewState: new state of the port pin remapping.
 546:stm32f10x_lib/STM32F10x_StdPeriph_Driver/src/stm32f10x_gpio.c ****   *   This parameter can be: ENABLE or DISABLE.
 547:stm32f10x_lib/STM32F10x_StdPeriph_Driver/src/stm32f10x_gpio.c ****   * @retval None
 548:stm32f10x_lib/STM32F10x_StdPeriph_Driver/src/stm32f10x_gpio.c ****   */
 549:stm32f10x_lib/STM32F10x_StdPeriph_Driver/src/stm32f10x_gpio.c **** void GPIO_PinRemapConfig(uint32_t GPIO_Remap, FunctionalState NewState)
 550:stm32f10x_lib/STM32F10x_StdPeriph_Driver/src/stm32f10x_gpio.c **** {
 905              		.loc 1 550 1 is_stmt 1 view -0
 906              		.cfi_startproc
 907              		@ args = 0, pretend = 0, frame = 0
 908              		@ frame_needed = 0, uses_anonymous_args = 0
ARM GAS  /tmp/ccnG0Tvv.s 			page 28


 551:stm32f10x_lib/STM32F10x_StdPeriph_Driver/src/stm32f10x_gpio.c ****   uint32_t tmp = 0x00, tmp1 = 0x00, tmpreg = 0x00, tmpmask = 0x00;
 909              		.loc 1 551 3 view .LVU239
 552:stm32f10x_lib/STM32F10x_StdPeriph_Driver/src/stm32f10x_gpio.c **** 
 553:stm32f10x_lib/STM32F10x_StdPeriph_Driver/src/stm32f10x_gpio.c ****   /* Check the parameters */
 554:stm32f10x_lib/STM32F10x_StdPeriph_Driver/src/stm32f10x_gpio.c ****   assert_param(IS_GPIO_REMAP(GPIO_Remap));
 910              		.loc 1 554 3 view .LVU240
 555:stm32f10x_lib/STM32F10x_StdPeriph_Driver/src/stm32f10x_gpio.c ****   assert_param(IS_FUNCTIONAL_STATE(NewState));  
 911              		.loc 1 555 3 view .LVU241
 556:stm32f10x_lib/STM32F10x_StdPeriph_Driver/src/stm32f10x_gpio.c ****   
 557:stm32f10x_lib/STM32F10x_StdPeriph_Driver/src/stm32f10x_gpio.c ****   if((GPIO_Remap & 0x80000000) == 0x80000000)
 912              		.loc 1 557 3 view .LVU242
 913              	@ stm32f10x_lib/STM32F10x_StdPeriph_Driver/src/stm32f10x_gpio.c:557:   if((GPIO_Remap & 0x80000000)
 914              		.loc 1 557 5 is_stmt 0 view .LVU243
 915 01f0 0028     		cmp	r0, #0	@ GPIO_Remap
 916              	@ stm32f10x_lib/STM32F10x_StdPeriph_Driver/src/stm32f10x_gpio.c:550: {
 550:stm32f10x_lib/STM32F10x_StdPeriph_Driver/src/stm32f10x_gpio.c ****   uint32_t tmp = 0x00, tmp1 = 0x00, tmpreg = 0x00, tmpmask = 0x00;
 917              		.loc 1 550 1 view .LVU244
 918 01f2 30B5     		push	{r4, r5, lr}	@
 919              	.LCFI6:
 920              		.cfi_def_cfa_offset 12
 921              		.cfi_offset 4, -12
 922              		.cfi_offset 5, -8
 923              		.cfi_offset 14, -4
 924 01f4 164C     		ldr	r4, .L64	@ tmp138,
 558:stm32f10x_lib/STM32F10x_StdPeriph_Driver/src/stm32f10x_gpio.c ****   {
 559:stm32f10x_lib/STM32F10x_StdPeriph_Driver/src/stm32f10x_gpio.c ****     tmpreg = AFIO->MAPR2;
 925              		.loc 1 559 5 is_stmt 1 view .LVU245
 926              	@ stm32f10x_lib/STM32F10x_StdPeriph_Driver/src/stm32f10x_gpio.c:569:   if ((GPIO_Remap & (DBGAFR_LO
 560:stm32f10x_lib/STM32F10x_StdPeriph_Driver/src/stm32f10x_gpio.c ****   }
 561:stm32f10x_lib/STM32F10x_StdPeriph_Driver/src/stm32f10x_gpio.c ****   else
 562:stm32f10x_lib/STM32F10x_StdPeriph_Driver/src/stm32f10x_gpio.c ****   {
 563:stm32f10x_lib/STM32F10x_StdPeriph_Driver/src/stm32f10x_gpio.c ****     tmpreg = AFIO->MAPR;
 564:stm32f10x_lib/STM32F10x_StdPeriph_Driver/src/stm32f10x_gpio.c ****   }
 565:stm32f10x_lib/STM32F10x_StdPeriph_Driver/src/stm32f10x_gpio.c **** 
 566:stm32f10x_lib/STM32F10x_StdPeriph_Driver/src/stm32f10x_gpio.c ****   tmpmask = (GPIO_Remap & DBGAFR_POSITION_MASK) >> 0x10;
 567:stm32f10x_lib/STM32F10x_StdPeriph_Driver/src/stm32f10x_gpio.c ****   tmp = GPIO_Remap & LSB_MASK;
 568:stm32f10x_lib/STM32F10x_StdPeriph_Driver/src/stm32f10x_gpio.c **** 
 569:stm32f10x_lib/STM32F10x_StdPeriph_Driver/src/stm32f10x_gpio.c ****   if ((GPIO_Remap & (DBGAFR_LOCATION_MASK | DBGAFR_NUMBITS_MASK)) == (DBGAFR_LOCATION_MASK | DBGAFR
 927              		.loc 1 569 19 is_stmt 0 view .LVU246
 928 01f6 00F44015 		and	r5, r0, #3145728	@ _3, GPIO_Remap,
 929              	@ stm32f10x_lib/STM32F10x_StdPeriph_Driver/src/stm32f10x_gpio.c:559:     tmpreg = AFIO->MAPR2;
 559:stm32f10x_lib/STM32F10x_StdPeriph_Driver/src/stm32f10x_gpio.c ****   }
 930              		.loc 1 559 12 view .LVU247
 931 01fa B4BF     		ite	lt
 932 01fc E369     		ldrlt	r3, [r4, #28]	@ tmpreg, MEM[(struct AFIO_TypeDef *)1073807360B].MAPR2
 933              	.LVL72:
 563:stm32f10x_lib/STM32F10x_StdPeriph_Driver/src/stm32f10x_gpio.c ****   }
 934              		.loc 1 563 5 is_stmt 1 view .LVU248
 935              	@ stm32f10x_lib/STM32F10x_StdPeriph_Driver/src/stm32f10x_gpio.c:563:     tmpreg = AFIO->MAPR;
 563:stm32f10x_lib/STM32F10x_StdPeriph_Driver/src/stm32f10x_gpio.c ****   }
 936              		.loc 1 563 12 is_stmt 0 view .LVU249
 937 01fe 6368     		ldrge	r3, [r4, #4]	@ tmpreg, MEM[(struct AFIO_TypeDef *)1073807360B].MAPR
 938              	.LVL73:
 566:stm32f10x_lib/STM32F10x_StdPeriph_Driver/src/stm32f10x_gpio.c ****   tmp = GPIO_Remap & LSB_MASK;
 939              		.loc 1 566 3 is_stmt 1 view .LVU250
 567:stm32f10x_lib/STM32F10x_StdPeriph_Driver/src/stm32f10x_gpio.c **** 
 940              		.loc 1 567 3 view .LVU251
ARM GAS  /tmp/ccnG0Tvv.s 			page 29


 941              	@ stm32f10x_lib/STM32F10x_StdPeriph_Driver/src/stm32f10x_gpio.c:569:   if ((GPIO_Remap & (DBGAFR_LO
 942              		.loc 1 569 6 is_stmt 0 view .LVU252
 943 0200 B5F5401F 		cmp	r5, #3145728	@ _3,
 944              	@ stm32f10x_lib/STM32F10x_StdPeriph_Driver/src/stm32f10x_gpio.c:567:   tmp = GPIO_Remap & LSB_MASK;
 567:stm32f10x_lib/STM32F10x_StdPeriph_Driver/src/stm32f10x_gpio.c **** 
 945              		.loc 1 567 7 view .LVU253
 946 0204 82B2     		uxth	r2, r0	@ tmp, GPIO_Remap
 947              	.LVL74:
 948              		.loc 1 569 3 is_stmt 1 view .LVU254
 949              	@ stm32f10x_lib/STM32F10x_StdPeriph_Driver/src/stm32f10x_gpio.c:569:   if ((GPIO_Remap & (DBGAFR_LO
 950              		.loc 1 569 6 is_stmt 0 view .LVU255
 951 0206 12D1     		bne	.L55		@,
 570:stm32f10x_lib/STM32F10x_StdPeriph_Driver/src/stm32f10x_gpio.c ****   {
 571:stm32f10x_lib/STM32F10x_StdPeriph_Driver/src/stm32f10x_gpio.c ****     tmpreg &= DBGAFR_SWJCFG_MASK;
 952              		.loc 1 571 5 is_stmt 1 view .LVU256
 953              	@ stm32f10x_lib/STM32F10x_StdPeriph_Driver/src/stm32f10x_gpio.c:572:     AFIO->MAPR &= DBGAFR_SWJCF
 572:stm32f10x_lib/STM32F10x_StdPeriph_Driver/src/stm32f10x_gpio.c ****     AFIO->MAPR &= DBGAFR_SWJCFG_MASK;
 954              		.loc 1 572 9 is_stmt 0 view .LVU257
 955 0208 6568     		ldr	r5, [r4, #4]	@ _4, MEM[(struct AFIO_TypeDef *)1073807360B].MAPR
 956              	@ stm32f10x_lib/STM32F10x_StdPeriph_Driver/src/stm32f10x_gpio.c:571:     tmpreg &= DBGAFR_SWJCFG_MA
 571:stm32f10x_lib/STM32F10x_StdPeriph_Driver/src/stm32f10x_gpio.c ****     AFIO->MAPR &= DBGAFR_SWJCFG_MASK;
 957              		.loc 1 571 12 view .LVU258
 958 020a 23F07063 		bic	r3, r3, #251658240	@ tmpreg, tmpreg,
 959              	.LVL75:
 960              		.loc 1 572 5 is_stmt 1 view .LVU259
 961              	@ stm32f10x_lib/STM32F10x_StdPeriph_Driver/src/stm32f10x_gpio.c:572:     AFIO->MAPR &= DBGAFR_SWJCF
 962              		.loc 1 572 16 is_stmt 0 view .LVU260
 963 020e 25F07065 		bic	r5, r5, #251658240	@ _5, _4,
 964 0212 6560     		str	r5, [r4, #4]	@ _5, MEM[(struct AFIO_TypeDef *)1073807360B].MAPR
 965              	.LVL76:
 966              	.L56:
 573:stm32f10x_lib/STM32F10x_StdPeriph_Driver/src/stm32f10x_gpio.c ****   }
 574:stm32f10x_lib/STM32F10x_StdPeriph_Driver/src/stm32f10x_gpio.c ****   else if ((GPIO_Remap & DBGAFR_NUMBITS_MASK) == DBGAFR_NUMBITS_MASK)
 575:stm32f10x_lib/STM32F10x_StdPeriph_Driver/src/stm32f10x_gpio.c ****   {
 576:stm32f10x_lib/STM32F10x_StdPeriph_Driver/src/stm32f10x_gpio.c ****     tmp1 = ((uint32_t)0x03) << tmpmask;
 577:stm32f10x_lib/STM32F10x_StdPeriph_Driver/src/stm32f10x_gpio.c ****     tmpreg &= ~tmp1;
 578:stm32f10x_lib/STM32F10x_StdPeriph_Driver/src/stm32f10x_gpio.c ****     tmpreg |= ~DBGAFR_SWJCFG_MASK;
 579:stm32f10x_lib/STM32F10x_StdPeriph_Driver/src/stm32f10x_gpio.c ****   }
 580:stm32f10x_lib/STM32F10x_StdPeriph_Driver/src/stm32f10x_gpio.c ****   else
 581:stm32f10x_lib/STM32F10x_StdPeriph_Driver/src/stm32f10x_gpio.c ****   {
 582:stm32f10x_lib/STM32F10x_StdPeriph_Driver/src/stm32f10x_gpio.c ****     tmpreg &= ~(tmp << ((GPIO_Remap >> 0x15)*0x10));
 583:stm32f10x_lib/STM32F10x_StdPeriph_Driver/src/stm32f10x_gpio.c ****     tmpreg |= ~DBGAFR_SWJCFG_MASK;
 584:stm32f10x_lib/STM32F10x_StdPeriph_Driver/src/stm32f10x_gpio.c ****   }
 585:stm32f10x_lib/STM32F10x_StdPeriph_Driver/src/stm32f10x_gpio.c **** 
 586:stm32f10x_lib/STM32F10x_StdPeriph_Driver/src/stm32f10x_gpio.c ****   if (NewState != DISABLE)
 967              		.loc 1 586 3 is_stmt 1 view .LVU261
 968              	@ stm32f10x_lib/STM32F10x_StdPeriph_Driver/src/stm32f10x_gpio.c:588:     tmpreg |= (tmp << ((GPIO_R
 587:stm32f10x_lib/STM32F10x_StdPeriph_Driver/src/stm32f10x_gpio.c ****   {
 588:stm32f10x_lib/STM32F10x_StdPeriph_Driver/src/stm32f10x_gpio.c ****     tmpreg |= (tmp << ((GPIO_Remap >> 0x15)*0x10));
 969              		.loc 1 588 12 is_stmt 0 view .LVU262
 970 0214 440D     		lsrs	r4, r0, #21	@ _12, GPIO_Remap,
 971 0216 2401     		lsls	r4, r4, #4	@ _13, _12,
 972 0218 A240     		lsls	r2, r2, r4	@ _14, tmp, _13
 973              	.LVL77:
 974              		.loc 1 588 12 view .LVU263
 975 021a 1A43     		orrs	r2, r2, r3	@, tmp143, _14, tmpreg
 976 021c 0029     		cmp	r1, #0	@ NewState,
ARM GAS  /tmp/ccnG0Tvv.s 			page 30


 977 021e 18BF     		it	ne		@
 978 0220 1346     		movne	r3, r2	@, tmpreg, tmp143
 979              	.LVL78:
 589:stm32f10x_lib/STM32F10x_StdPeriph_Driver/src/stm32f10x_gpio.c ****   }
 590:stm32f10x_lib/STM32F10x_StdPeriph_Driver/src/stm32f10x_gpio.c **** 
 591:stm32f10x_lib/STM32F10x_StdPeriph_Driver/src/stm32f10x_gpio.c ****   if((GPIO_Remap & 0x80000000) == 0x80000000)
 980              		.loc 1 591 3 is_stmt 1 view .LVU264
 981 0222 0B4A     		ldr	r2, .L64	@ tmp139,
 592:stm32f10x_lib/STM32F10x_StdPeriph_Driver/src/stm32f10x_gpio.c ****   {
 593:stm32f10x_lib/STM32F10x_StdPeriph_Driver/src/stm32f10x_gpio.c ****     AFIO->MAPR2 = tmpreg;
 982              		.loc 1 593 5 view .LVU265
 983              	@ stm32f10x_lib/STM32F10x_StdPeriph_Driver/src/stm32f10x_gpio.c:591:   if((GPIO_Remap & 0x80000000)
 591:stm32f10x_lib/STM32F10x_StdPeriph_Driver/src/stm32f10x_gpio.c ****   {
 984              		.loc 1 591 5 is_stmt 0 view .LVU266
 985 0224 0028     		cmp	r0, #0	@ GPIO_Remap,
 986              	@ stm32f10x_lib/STM32F10x_StdPeriph_Driver/src/stm32f10x_gpio.c:593:     AFIO->MAPR2 = tmpreg;
 987              		.loc 1 593 17 view .LVU267
 988 0226 B4BF     		ite	lt
 989 0228 D361     		strlt	r3, [r2, #28]	@ tmpreg, MEM[(struct AFIO_TypeDef *)1073807360B].MAPR2
 594:stm32f10x_lib/STM32F10x_StdPeriph_Driver/src/stm32f10x_gpio.c ****   }
 595:stm32f10x_lib/STM32F10x_StdPeriph_Driver/src/stm32f10x_gpio.c ****   else
 596:stm32f10x_lib/STM32F10x_StdPeriph_Driver/src/stm32f10x_gpio.c ****   {
 597:stm32f10x_lib/STM32F10x_StdPeriph_Driver/src/stm32f10x_gpio.c ****     AFIO->MAPR = tmpreg;
 990              		.loc 1 597 5 is_stmt 1 view .LVU268
 991              	@ stm32f10x_lib/STM32F10x_StdPeriph_Driver/src/stm32f10x_gpio.c:597:     AFIO->MAPR = tmpreg;
 992              		.loc 1 597 16 is_stmt 0 view .LVU269
 993 022a 5360     		strge	r3, [r2, #4]	@ tmpreg, MEM[(struct AFIO_TypeDef *)1073807360B].MAPR
 994              	@ stm32f10x_lib/STM32F10x_StdPeriph_Driver/src/stm32f10x_gpio.c:599: }
 598:stm32f10x_lib/STM32F10x_StdPeriph_Driver/src/stm32f10x_gpio.c ****   }  
 599:stm32f10x_lib/STM32F10x_StdPeriph_Driver/src/stm32f10x_gpio.c **** }
 995              		.loc 1 599 1 view .LVU270
 996 022c 30BD     		pop	{r4, r5, pc}	@
 997              	.LVL79:
 998              	.L55:
 574:stm32f10x_lib/STM32F10x_StdPeriph_Driver/src/stm32f10x_gpio.c ****   {
 999              		.loc 1 574 8 is_stmt 1 view .LVU271
 1000              	@ stm32f10x_lib/STM32F10x_StdPeriph_Driver/src/stm32f10x_gpio.c:574:   else if ((GPIO_Remap & DBGAF
 574:stm32f10x_lib/STM32F10x_StdPeriph_Driver/src/stm32f10x_gpio.c ****   {
 1001              		.loc 1 574 11 is_stmt 0 view .LVU272
 1002 022e C402     		lsls	r4, r0, #11	@, GPIO_Remap,
 576:stm32f10x_lib/STM32F10x_StdPeriph_Driver/src/stm32f10x_gpio.c ****     tmpreg &= ~tmp1;
 1003              		.loc 1 576 5 is_stmt 1 view .LVU273
 1004              	.LVL80:
 577:stm32f10x_lib/STM32F10x_StdPeriph_Driver/src/stm32f10x_gpio.c ****     tmpreg |= ~DBGAFR_SWJCFG_MASK;
 1005              		.loc 1 577 5 view .LVU274
 1006              	@ stm32f10x_lib/STM32F10x_StdPeriph_Driver/src/stm32f10x_gpio.c:576:     tmp1 = ((uint32_t)0x03) <<
 576:stm32f10x_lib/STM32F10x_StdPeriph_Driver/src/stm32f10x_gpio.c ****     tmpreg &= ~tmp1;
 1007              		.loc 1 576 10 is_stmt 0 view .LVU275
 1008 0230 4DBF     		iteet	mi
 1009 0232 0324     		movmi	r4, #3	@ tmp127,
 1010              	@ stm32f10x_lib/STM32F10x_StdPeriph_Driver/src/stm32f10x_gpio.c:582:     tmpreg &= ~(tmp << ((GPIO_
 582:stm32f10x_lib/STM32F10x_StdPeriph_Driver/src/stm32f10x_gpio.c ****     tmpreg |= ~DBGAFR_SWJCFG_MASK;
 1011              		.loc 1 582 37 view .LVU276
 1012 0234 440D     		lsrpl	r4, r0, #21	@ _8, GPIO_Remap,
 1013              	@ stm32f10x_lib/STM32F10x_StdPeriph_Driver/src/stm32f10x_gpio.c:582:     tmpreg &= ~(tmp << ((GPIO_
 582:stm32f10x_lib/STM32F10x_StdPeriph_Driver/src/stm32f10x_gpio.c ****     tmpreg |= ~DBGAFR_SWJCFG_MASK;
 1014              		.loc 1 582 45 view .LVU277
ARM GAS  /tmp/ccnG0Tvv.s 			page 31


 1015 0236 2401     		lslpl	r4, r4, #4	@ _9, _8,
 1016              	@ stm32f10x_lib/STM32F10x_StdPeriph_Driver/src/stm32f10x_gpio.c:566:   tmpmask = (GPIO_Remap & DBGA
 566:stm32f10x_lib/STM32F10x_StdPeriph_Driver/src/stm32f10x_gpio.c ****   tmp = GPIO_Remap & LSB_MASK;
 1017              		.loc 1 566 11 view .LVU278
 1018 0238 C0F30345 		ubfxmi	r5, r0, #16, #4	@ tmpmask_24, GPIO_Remap,,
 1019              	@ stm32f10x_lib/STM32F10x_StdPeriph_Driver/src/stm32f10x_gpio.c:576:     tmp1 = ((uint32_t)0x03) <<
 576:stm32f10x_lib/STM32F10x_StdPeriph_Driver/src/stm32f10x_gpio.c ****     tmpreg &= ~tmp1;
 1020              		.loc 1 576 10 view .LVU279
 1021 023c 4CBF     		ite	mi
 1022 023e AC40     		lslmi	r4, r4, r5	@ tmp1_28, tmp127, tmpmask_24
 582:stm32f10x_lib/STM32F10x_StdPeriph_Driver/src/stm32f10x_gpio.c ****     tmpreg |= ~DBGAFR_SWJCFG_MASK;
 1023              		.loc 1 582 5 is_stmt 1 view .LVU280
 1024              	@ stm32f10x_lib/STM32F10x_StdPeriph_Driver/src/stm32f10x_gpio.c:582:     tmpreg &= ~(tmp << ((GPIO_
 582:stm32f10x_lib/STM32F10x_StdPeriph_Driver/src/stm32f10x_gpio.c ****     tmpreg |= ~DBGAFR_SWJCFG_MASK;
 1025              		.loc 1 582 21 is_stmt 0 view .LVU281
 1026 0240 02FA04F4 		lslpl	r4, r2, r4	@ _10, tmp, _9
 1027              	@ stm32f10x_lib/STM32F10x_StdPeriph_Driver/src/stm32f10x_gpio.c:582:     tmpreg &= ~(tmp << ((GPIO_
 582:stm32f10x_lib/STM32F10x_StdPeriph_Driver/src/stm32f10x_gpio.c ****     tmpreg |= ~DBGAFR_SWJCFG_MASK;
 1028              		.loc 1 582 12 view .LVU282
 1029 0244 23EA0403 		bic	r3, r3, r4	@ tmpreg, tmpreg, _10
 1030              	.LVL81:
 583:stm32f10x_lib/STM32F10x_StdPeriph_Driver/src/stm32f10x_gpio.c ****   }
 1031              		.loc 1 583 5 is_stmt 1 view .LVU283
 1032              	@ stm32f10x_lib/STM32F10x_StdPeriph_Driver/src/stm32f10x_gpio.c:583:     tmpreg |= ~DBGAFR_SWJCFG_M
 583:stm32f10x_lib/STM32F10x_StdPeriph_Driver/src/stm32f10x_gpio.c ****   }
 1033              		.loc 1 583 12 is_stmt 0 view .LVU284
 1034 0248 43F07063 		orr	r3, r3, #251658240	@ tmpreg, tmpreg,
 1035              	.LVL82:
 583:stm32f10x_lib/STM32F10x_StdPeriph_Driver/src/stm32f10x_gpio.c ****   }
 1036              		.loc 1 583 12 view .LVU285
 1037 024c E2E7     		b	.L56		@
 1038              	.L65:
 1039 024e 00BF     		.align	2
 1040              	.L64:
 1041 0250 00000140 		.word	1073807360
 1042              		.cfi_endproc
 1043              	.LFE44:
 1044              		.size	GPIO_PinRemapConfig, .-GPIO_PinRemapConfig
 1045              		.align	1
 1046              		.global	GPIO_EXTILineConfig
 1047              		.syntax unified
 1048              		.thumb
 1049              		.thumb_func
 1050              		.type	GPIO_EXTILineConfig, %function
 1051              	GPIO_EXTILineConfig:
 1052              	.LVL83:
 1053              	.LFB45:
 600:stm32f10x_lib/STM32F10x_StdPeriph_Driver/src/stm32f10x_gpio.c **** 
 601:stm32f10x_lib/STM32F10x_StdPeriph_Driver/src/stm32f10x_gpio.c **** /**
 602:stm32f10x_lib/STM32F10x_StdPeriph_Driver/src/stm32f10x_gpio.c ****   * @brief  Selects the GPIO pin used as EXTI Line.
 603:stm32f10x_lib/STM32F10x_StdPeriph_Driver/src/stm32f10x_gpio.c ****   * @param  GPIO_PortSource: selects the GPIO port to be used as source for EXTI lines.
 604:stm32f10x_lib/STM32F10x_StdPeriph_Driver/src/stm32f10x_gpio.c ****   *   This parameter can be GPIO_PortSourceGPIOx where x can be (A..G).
 605:stm32f10x_lib/STM32F10x_StdPeriph_Driver/src/stm32f10x_gpio.c ****   * @param  GPIO_PinSource: specifies the EXTI line to be configured.
 606:stm32f10x_lib/STM32F10x_StdPeriph_Driver/src/stm32f10x_gpio.c ****   *   This parameter can be GPIO_PinSourcex where x can be (0..15).
 607:stm32f10x_lib/STM32F10x_StdPeriph_Driver/src/stm32f10x_gpio.c ****   * @retval None
 608:stm32f10x_lib/STM32F10x_StdPeriph_Driver/src/stm32f10x_gpio.c ****   */
 609:stm32f10x_lib/STM32F10x_StdPeriph_Driver/src/stm32f10x_gpio.c **** void GPIO_EXTILineConfig(uint8_t GPIO_PortSource, uint8_t GPIO_PinSource)
ARM GAS  /tmp/ccnG0Tvv.s 			page 32


 610:stm32f10x_lib/STM32F10x_StdPeriph_Driver/src/stm32f10x_gpio.c **** {
 1054              		.loc 1 610 1 is_stmt 1 view -0
 1055              		.cfi_startproc
 1056              		@ args = 0, pretend = 0, frame = 0
 1057              		@ frame_needed = 0, uses_anonymous_args = 0
 611:stm32f10x_lib/STM32F10x_StdPeriph_Driver/src/stm32f10x_gpio.c ****   uint32_t tmp = 0x00;
 1058              		.loc 1 611 3 view .LVU287
 612:stm32f10x_lib/STM32F10x_StdPeriph_Driver/src/stm32f10x_gpio.c ****   /* Check the parameters */
 613:stm32f10x_lib/STM32F10x_StdPeriph_Driver/src/stm32f10x_gpio.c ****   assert_param(IS_GPIO_EXTI_PORT_SOURCE(GPIO_PortSource));
 1059              		.loc 1 613 3 view .LVU288
 614:stm32f10x_lib/STM32F10x_StdPeriph_Driver/src/stm32f10x_gpio.c ****   assert_param(IS_GPIO_PIN_SOURCE(GPIO_PinSource));
 1060              		.loc 1 614 3 view .LVU289
 615:stm32f10x_lib/STM32F10x_StdPeriph_Driver/src/stm32f10x_gpio.c ****   
 616:stm32f10x_lib/STM32F10x_StdPeriph_Driver/src/stm32f10x_gpio.c ****   tmp = ((uint32_t)0x0F) << (0x04 * (GPIO_PinSource & (uint8_t)0x03));
 1061              		.loc 1 616 3 view .LVU290
 1062              	@ stm32f10x_lib/STM32F10x_StdPeriph_Driver/src/stm32f10x_gpio.c:610: {
 610:stm32f10x_lib/STM32F10x_StdPeriph_Driver/src/stm32f10x_gpio.c ****   uint32_t tmp = 0x00;
 1063              		.loc 1 610 1 is_stmt 0 view .LVU291
 1064 0254 10B5     		push	{r4, lr}	@
 1065              	.LCFI7:
 1066              		.cfi_def_cfa_offset 8
 1067              		.cfi_offset 4, -8
 1068              		.cfi_offset 14, -4
 1069              	@ stm32f10x_lib/STM32F10x_StdPeriph_Driver/src/stm32f10x_gpio.c:616:   tmp = ((uint32_t)0x0F) << (0
 1070              		.loc 1 616 7 view .LVU292
 1071 0256 0F24     		movs	r4, #15	@ tmp120,
 1072              	@ stm32f10x_lib/STM32F10x_StdPeriph_Driver/src/stm32f10x_gpio.c:616:   tmp = ((uint32_t)0x0F) << (0
 1073              		.loc 1 616 53 view .LVU293
 1074 0258 01F00303 		and	r3, r1, #3	@ _1, GPIO_PinSource,
 1075 025c 01F0FC01 		and	r1, r1, #252	@ _20, GPIO_PinSource,
 1076              	.LVL84:
 1077              		.loc 1 616 53 view .LVU294
 1078 0260 01F18041 		add	r1, r1, #1073741824	@ _21, _20,
 1079 0264 01F58031 		add	r1, r1, #65536	@ _21, _21,
 1080              	@ stm32f10x_lib/STM32F10x_StdPeriph_Driver/src/stm32f10x_gpio.c:617:   AFIO->EXTICR[GPIO_PinSource 
 617:stm32f10x_lib/STM32F10x_StdPeriph_Driver/src/stm32f10x_gpio.c ****   AFIO->EXTICR[GPIO_PinSource >> 0x02] &= ~tmp;
 1081              		.loc 1 617 15 view .LVU295
 1082 0268 8A68     		ldr	r2, [r1, #8]	@ _5, MEM <volatile uint32_t> [(struct AFIO_TypeDef *)_21 + 8B]
 1083              	@ stm32f10x_lib/STM32F10x_StdPeriph_Driver/src/stm32f10x_gpio.c:616:   tmp = ((uint32_t)0x0F) << (0
 616:stm32f10x_lib/STM32F10x_StdPeriph_Driver/src/stm32f10x_gpio.c ****   AFIO->EXTICR[GPIO_PinSource >> 0x02] &= ~tmp;
 1084              		.loc 1 616 35 view .LVU296
 1085 026a 9B00     		lsls	r3, r3, #2	@ _2, _1,
 1086              	.LVL85:
 1087              		.loc 1 617 3 is_stmt 1 view .LVU297
 1088              	@ stm32f10x_lib/STM32F10x_StdPeriph_Driver/src/stm32f10x_gpio.c:616:   tmp = ((uint32_t)0x0F) << (0
 616:stm32f10x_lib/STM32F10x_StdPeriph_Driver/src/stm32f10x_gpio.c ****   AFIO->EXTICR[GPIO_PinSource >> 0x02] &= ~tmp;
 1089              		.loc 1 616 7 is_stmt 0 view .LVU298
 1090 026c 9C40     		lsls	r4, r4, r3	@ tmp_14, tmp120, _2
 1091              	.LVL86:
 1092              	@ stm32f10x_lib/STM32F10x_StdPeriph_Driver/src/stm32f10x_gpio.c:617:   AFIO->EXTICR[GPIO_PinSource 
 1093              		.loc 1 617 40 view .LVU299
 1094 026e 22EA0402 		bic	r2, r2, r4	@ _7, _5, tmp_14
 1095 0272 8A60     		str	r2, [r1, #8]	@ _7, MEM <volatile uint32_t> [(struct AFIO_TypeDef *)_21 + 8B]
 618:stm32f10x_lib/STM32F10x_StdPeriph_Driver/src/stm32f10x_gpio.c ****   AFIO->EXTICR[GPIO_PinSource >> 0x02] |= (((uint32_t)GPIO_PortSource) << (0x04 * (GPIO_PinSource &
 1096              		.loc 1 618 3 is_stmt 1 view .LVU300
 1097              	@ stm32f10x_lib/STM32F10x_StdPeriph_Driver/src/stm32f10x_gpio.c:618:   AFIO->EXTICR[GPIO_PinSource 
 1098              		.loc 1 618 15 is_stmt 0 view .LVU301
ARM GAS  /tmp/ccnG0Tvv.s 			page 33


 1099 0274 8A68     		ldr	r2, [r1, #8]	@ _8, MEM <volatile uint32_t> [(struct AFIO_TypeDef *)_21 + 8B]
 1100              	@ stm32f10x_lib/STM32F10x_StdPeriph_Driver/src/stm32f10x_gpio.c:618:   AFIO->EXTICR[GPIO_PinSource 
 1101              		.loc 1 618 72 view .LVU302
 1102 0276 9840     		lsls	r0, r0, r3	@ _10, GPIO_PortSource, _2
 1103              	.LVL87:
 1104              	@ stm32f10x_lib/STM32F10x_StdPeriph_Driver/src/stm32f10x_gpio.c:618:   AFIO->EXTICR[GPIO_PinSource 
 1105              		.loc 1 618 40 view .LVU303
 1106 0278 1043     		orrs	r0, r0, r2	@, _11, _10, _8
 1107 027a 8860     		str	r0, [r1, #8]	@ _11, MEM <volatile uint32_t> [(struct AFIO_TypeDef *)_21 + 8B]
 1108              	@ stm32f10x_lib/STM32F10x_StdPeriph_Driver/src/stm32f10x_gpio.c:619: }
 619:stm32f10x_lib/STM32F10x_StdPeriph_Driver/src/stm32f10x_gpio.c **** }
 1109              		.loc 1 619 1 view .LVU304
 1110 027c 10BD     		pop	{r4, pc}	@
 1111              		.loc 1 619 1 view .LVU305
 1112              		.cfi_endproc
 1113              	.LFE45:
 1114              		.size	GPIO_EXTILineConfig, .-GPIO_EXTILineConfig
 1115              		.align	1
 1116              		.global	GPIO_ETH_MediaInterfaceConfig
 1117              		.syntax unified
 1118              		.thumb
 1119              		.thumb_func
 1120              		.type	GPIO_ETH_MediaInterfaceConfig, %function
 1121              	GPIO_ETH_MediaInterfaceConfig:
 1122              	.LVL88:
 1123              	.LFB46:
 620:stm32f10x_lib/STM32F10x_StdPeriph_Driver/src/stm32f10x_gpio.c **** 
 621:stm32f10x_lib/STM32F10x_StdPeriph_Driver/src/stm32f10x_gpio.c **** /**
 622:stm32f10x_lib/STM32F10x_StdPeriph_Driver/src/stm32f10x_gpio.c ****   * @brief  Selects the Ethernet media interface.
 623:stm32f10x_lib/STM32F10x_StdPeriph_Driver/src/stm32f10x_gpio.c ****   * @note   This function applies only to STM32 Connectivity line devices.  
 624:stm32f10x_lib/STM32F10x_StdPeriph_Driver/src/stm32f10x_gpio.c ****   * @param  GPIO_ETH_MediaInterface: specifies the Media Interface mode.
 625:stm32f10x_lib/STM32F10x_StdPeriph_Driver/src/stm32f10x_gpio.c ****   *   This parameter can be one of the following values:
 626:stm32f10x_lib/STM32F10x_StdPeriph_Driver/src/stm32f10x_gpio.c ****   *     @arg GPIO_ETH_MediaInterface_MII: MII mode
 627:stm32f10x_lib/STM32F10x_StdPeriph_Driver/src/stm32f10x_gpio.c ****   *     @arg GPIO_ETH_MediaInterface_RMII: RMII mode    
 628:stm32f10x_lib/STM32F10x_StdPeriph_Driver/src/stm32f10x_gpio.c ****   * @retval None
 629:stm32f10x_lib/STM32F10x_StdPeriph_Driver/src/stm32f10x_gpio.c ****   */
 630:stm32f10x_lib/STM32F10x_StdPeriph_Driver/src/stm32f10x_gpio.c **** void GPIO_ETH_MediaInterfaceConfig(uint32_t GPIO_ETH_MediaInterface) 
 631:stm32f10x_lib/STM32F10x_StdPeriph_Driver/src/stm32f10x_gpio.c **** { 
 1124              		.loc 1 631 1 is_stmt 1 view -0
 1125              		.cfi_startproc
 1126              		@ args = 0, pretend = 0, frame = 0
 1127              		@ frame_needed = 0, uses_anonymous_args = 0
 1128              		@ link register save eliminated.
 632:stm32f10x_lib/STM32F10x_StdPeriph_Driver/src/stm32f10x_gpio.c ****   assert_param(IS_GPIO_ETH_MEDIA_INTERFACE(GPIO_ETH_MediaInterface)); 
 1129              		.loc 1 632 3 view .LVU307
 633:stm32f10x_lib/STM32F10x_StdPeriph_Driver/src/stm32f10x_gpio.c **** 
 634:stm32f10x_lib/STM32F10x_StdPeriph_Driver/src/stm32f10x_gpio.c ****   /* Configure MII_RMII selection bit */ 
 635:stm32f10x_lib/STM32F10x_StdPeriph_Driver/src/stm32f10x_gpio.c ****   *(__IO uint32_t *) MAPR_MII_RMII_SEL_BB = GPIO_ETH_MediaInterface; 
 1130              		.loc 1 635 3 view .LVU308
 1131              	@ stm32f10x_lib/STM32F10x_StdPeriph_Driver/src/stm32f10x_gpio.c:635:   *(__IO uint32_t *) MAPR_MII_
 1132              		.loc 1 635 43 is_stmt 0 view .LVU309
 1133 027e 024B     		ldr	r3, .L68	@ tmp95,
 1134 0280 C3F8DC00 		str	r0, [r3, #220]	@ GPIO_ETH_MediaInterface, MEM[(volatile uint32_t *)1109393628B]
 1135              	@ stm32f10x_lib/STM32F10x_StdPeriph_Driver/src/stm32f10x_gpio.c:636: }
 636:stm32f10x_lib/STM32F10x_StdPeriph_Driver/src/stm32f10x_gpio.c **** }
 1136              		.loc 1 636 1 view .LVU310
 1137 0284 7047     		bx	lr	@
ARM GAS  /tmp/ccnG0Tvv.s 			page 34


 1138              	.L69:
 1139 0286 00BF     		.align	2
 1140              	.L68:
 1141 0288 00002042 		.word	1109393408
 1142              		.cfi_endproc
 1143              	.LFE46:
 1144              		.size	GPIO_ETH_MediaInterfaceConfig, .-GPIO_ETH_MediaInterfaceConfig
 1145              	.Letext0:
 1146              		.file 2 "/usr/arm-none-eabi/include/machine/_default_types.h"
 1147              		.file 3 "/usr/arm-none-eabi/include/sys/_stdint.h"
 1148              		.file 4 "./stm32f10x_lib/CMSIS/CM3/DeviceSupport/ST/STM32F10x/stm32f10x.h"
 1149              		.file 5 "./stm32f10x_lib/STM32F10x_StdPeriph_Driver/inc/stm32f10x_gpio.h"
 1150              		.file 6 "./stm32f10x_lib/STM32F10x_StdPeriph_Driver/inc/stm32f10x_rcc.h"
 1151              		.section	.debug_info,"",%progbits
 1152              	.Ldebug_info0:
 1153 0000 F3080000 		.4byte	0x8f3
 1154 0004 0200     		.2byte	0x2
 1155 0006 00000000 		.4byte	.Ldebug_abbrev0
 1156 000a 04       		.byte	0x4
 1157 000b 01       		.uleb128 0x1
 1158 000c 86040000 		.4byte	.LASF81
 1159 0010 0C       		.byte	0xc
 1160 0011 93030000 		.4byte	.LASF82
 1161 0015 10010000 		.4byte	.LASF83
 1162 0019 00000000 		.4byte	.Ltext0
 1163 001d 8C020000 		.4byte	.Letext0
 1164 0021 00000000 		.4byte	.Ldebug_line0
 1165 0025 02       		.uleb128 0x2
 1166 0026 08       		.byte	0x8
 1167 0027 07       		.byte	0x7
 1168 0028 2C020000 		.4byte	.LASF0
 1169 002c 02       		.uleb128 0x2
 1170 002d 04       		.byte	0x4
 1171 002e 07       		.byte	0x7
 1172 002f 5C020000 		.4byte	.LASF1
 1173 0033 02       		.uleb128 0x2
 1174 0034 01       		.byte	0x1
 1175 0035 08       		.byte	0x8
 1176 0036 FA010000 		.4byte	.LASF2
 1177 003a 02       		.uleb128 0x2
 1178 003b 01       		.byte	0x1
 1179 003c 06       		.byte	0x6
 1180 003d 47010000 		.4byte	.LASF3
 1181 0041 03       		.uleb128 0x3
 1182 0042 A2010000 		.4byte	.LASF5
 1183 0046 02       		.byte	0x2
 1184 0047 2B       		.byte	0x2b
 1185 0048 18       		.byte	0x18
 1186 0049 33000000 		.4byte	0x33
 1187 004d 02       		.uleb128 0x2
 1188 004e 02       		.byte	0x2
 1189 004f 05       		.byte	0x5
 1190 0050 65000000 		.4byte	.LASF4
 1191 0054 03       		.uleb128 0x3
 1192 0055 A9000000 		.4byte	.LASF6
 1193 0059 02       		.byte	0x2
 1194 005a 39       		.byte	0x39
ARM GAS  /tmp/ccnG0Tvv.s 			page 35


 1195 005b 19       		.byte	0x19
 1196 005c 60000000 		.4byte	0x60
 1197 0060 02       		.uleb128 0x2
 1198 0061 02       		.byte	0x2
 1199 0062 07       		.byte	0x7
 1200 0063 09030000 		.4byte	.LASF7
 1201 0067 02       		.uleb128 0x2
 1202 0068 04       		.byte	0x4
 1203 0069 05       		.byte	0x5
 1204 006a 71010000 		.4byte	.LASF8
 1205 006e 03       		.uleb128 0x3
 1206 006f 9E000000 		.4byte	.LASF9
 1207 0073 02       		.byte	0x2
 1208 0074 4F       		.byte	0x4f
 1209 0075 19       		.byte	0x19
 1210 0076 7A000000 		.4byte	0x7a
 1211 007a 02       		.uleb128 0x2
 1212 007b 04       		.byte	0x4
 1213 007c 07       		.byte	0x7
 1214 007d 81030000 		.4byte	.LASF10
 1215 0081 02       		.uleb128 0x2
 1216 0082 08       		.byte	0x8
 1217 0083 05       		.byte	0x5
 1218 0084 63010000 		.4byte	.LASF11
 1219 0088 04       		.uleb128 0x4
 1220 0089 04       		.byte	0x4
 1221 008a 05       		.byte	0x5
 1222 008b 696E7400 		.ascii	"int\000"
 1223 008f 03       		.uleb128 0x3
 1224 0090 E8000000 		.4byte	.LASF12
 1225 0094 03       		.byte	0x3
 1226 0095 18       		.byte	0x18
 1227 0096 13       		.byte	0x13
 1228 0097 41000000 		.4byte	0x41
 1229 009b 03       		.uleb128 0x3
 1230 009c 69020000 		.4byte	.LASF13
 1231 00a0 03       		.byte	0x3
 1232 00a1 24       		.byte	0x24
 1233 00a2 14       		.byte	0x14
 1234 00a3 54000000 		.4byte	0x54
 1235 00a7 03       		.uleb128 0x3
 1236 00a8 43020000 		.4byte	.LASF14
 1237 00ac 03       		.byte	0x3
 1238 00ad 30       		.byte	0x30
 1239 00ae 14       		.byte	0x14
 1240 00af 6E000000 		.4byte	0x6e
 1241 00b3 05       		.uleb128 0x5
 1242 00b4 A7000000 		.4byte	0xa7
 1243 00b8 06       		.uleb128 0x6
 1244 00b9 753800   		.ascii	"u8\000"
 1245 00bc 04       		.byte	0x4
 1246 00bd F901     		.2byte	0x1f9
 1247 00bf 12       		.byte	0x12
 1248 00c0 8F000000 		.4byte	0x8f
 1249 00c4 07       		.uleb128 0x7
 1250 00c5 07       		.byte	0x7
 1251 00c6 01       		.byte	0x1
ARM GAS  /tmp/ccnG0Tvv.s 			page 36


 1252 00c7 33000000 		.4byte	0x33
 1253 00cb 04       		.byte	0x4
 1254 00cc 0902     		.2byte	0x209
 1255 00ce 0E       		.byte	0xe
 1256 00cf E0000000 		.4byte	0xe0
 1257 00d3 08       		.uleb128 0x8
 1258 00d4 EE020000 		.4byte	.LASF15
 1259 00d8 00       		.byte	0
 1260 00d9 08       		.uleb128 0x8
 1261 00da CC000000 		.4byte	.LASF16
 1262 00de 01       		.byte	0x1
 1263 00df 00       		.byte	0
 1264 00e0 09       		.uleb128 0x9
 1265 00e1 ED030000 		.4byte	.LASF17
 1266 00e5 04       		.byte	0x4
 1267 00e6 0902     		.2byte	0x209
 1268 00e8 2F       		.byte	0x2f
 1269 00e9 C4000000 		.4byte	0xc4
 1270 00ed 0A       		.uleb128 0xa
 1271 00ee 1C       		.byte	0x1c
 1272 00ef 04       		.byte	0x4
 1273 00f0 E903     		.2byte	0x3e9
 1274 00f2 09       		.byte	0x9
 1275 00f3 68010000 		.4byte	0x168
 1276 00f7 0B       		.uleb128 0xb
 1277 00f8 43524C00 		.ascii	"CRL\000"
 1278 00fc 04       		.byte	0x4
 1279 00fd EB03     		.2byte	0x3eb
 1280 00ff 11       		.byte	0x11
 1281 0100 B3000000 		.4byte	0xb3
 1282 0104 02       		.byte	0x2
 1283 0105 23       		.byte	0x23
 1284 0106 00       		.uleb128 0
 1285 0107 0B       		.uleb128 0xb
 1286 0108 43524800 		.ascii	"CRH\000"
 1287 010c 04       		.byte	0x4
 1288 010d EC03     		.2byte	0x3ec
 1289 010f 11       		.byte	0x11
 1290 0110 B3000000 		.4byte	0xb3
 1291 0114 02       		.byte	0x2
 1292 0115 23       		.byte	0x23
 1293 0116 04       		.uleb128 0x4
 1294 0117 0B       		.uleb128 0xb
 1295 0118 49445200 		.ascii	"IDR\000"
 1296 011c 04       		.byte	0x4
 1297 011d ED03     		.2byte	0x3ed
 1298 011f 11       		.byte	0x11
 1299 0120 B3000000 		.4byte	0xb3
 1300 0124 02       		.byte	0x2
 1301 0125 23       		.byte	0x23
 1302 0126 08       		.uleb128 0x8
 1303 0127 0B       		.uleb128 0xb
 1304 0128 4F445200 		.ascii	"ODR\000"
 1305 012c 04       		.byte	0x4
 1306 012d EE03     		.2byte	0x3ee
 1307 012f 11       		.byte	0x11
 1308 0130 B3000000 		.4byte	0xb3
ARM GAS  /tmp/ccnG0Tvv.s 			page 37


 1309 0134 02       		.byte	0x2
 1310 0135 23       		.byte	0x23
 1311 0136 0C       		.uleb128 0xc
 1312 0137 0C       		.uleb128 0xc
 1313 0138 9D010000 		.4byte	.LASF18
 1314 013c 04       		.byte	0x4
 1315 013d EF03     		.2byte	0x3ef
 1316 013f 11       		.byte	0x11
 1317 0140 B3000000 		.4byte	0xb3
 1318 0144 02       		.byte	0x2
 1319 0145 23       		.byte	0x23
 1320 0146 10       		.uleb128 0x10
 1321 0147 0B       		.uleb128 0xb
 1322 0148 42525200 		.ascii	"BRR\000"
 1323 014c 04       		.byte	0x4
 1324 014d F003     		.2byte	0x3f0
 1325 014f 11       		.byte	0x11
 1326 0150 B3000000 		.4byte	0xb3
 1327 0154 02       		.byte	0x2
 1328 0155 23       		.byte	0x23
 1329 0156 14       		.uleb128 0x14
 1330 0157 0C       		.uleb128 0xc
 1331 0158 9A020000 		.4byte	.LASF19
 1332 015c 04       		.byte	0x4
 1333 015d F103     		.2byte	0x3f1
 1334 015f 11       		.byte	0x11
 1335 0160 B3000000 		.4byte	0xb3
 1336 0164 02       		.byte	0x2
 1337 0165 23       		.byte	0x23
 1338 0166 18       		.uleb128 0x18
 1339 0167 00       		.byte	0
 1340 0168 09       		.uleb128 0x9
 1341 0169 00000000 		.4byte	.LASF20
 1342 016d 04       		.byte	0x4
 1343 016e F203     		.2byte	0x3f2
 1344 0170 03       		.byte	0x3
 1345 0171 ED000000 		.4byte	0xed
 1346 0175 0A       		.uleb128 0xa
 1347 0176 20       		.byte	0x20
 1348 0177 04       		.byte	0x4
 1349 0178 F803     		.2byte	0x3f8
 1350 017a 09       		.byte	0x9
 1351 017b D0010000 		.4byte	0x1d0
 1352 017f 0C       		.uleb128 0xc
 1353 0180 19040000 		.4byte	.LASF21
 1354 0184 04       		.byte	0x4
 1355 0185 FA03     		.2byte	0x3fa
 1356 0187 11       		.byte	0x11
 1357 0188 B3000000 		.4byte	0xb3
 1358 018c 02       		.byte	0x2
 1359 018d 23       		.byte	0x23
 1360 018e 00       		.uleb128 0
 1361 018f 0C       		.uleb128 0xc
 1362 0190 FD030000 		.4byte	.LASF22
 1363 0194 04       		.byte	0x4
 1364 0195 FB03     		.2byte	0x3fb
 1365 0197 11       		.byte	0x11
ARM GAS  /tmp/ccnG0Tvv.s 			page 38


 1366 0198 B3000000 		.4byte	0xb3
 1367 019c 02       		.byte	0x2
 1368 019d 23       		.byte	0x23
 1369 019e 04       		.uleb128 0x4
 1370 019f 0C       		.uleb128 0xc
 1371 01a0 F0000000 		.4byte	.LASF23
 1372 01a4 04       		.byte	0x4
 1373 01a5 FC03     		.2byte	0x3fc
 1374 01a7 11       		.byte	0x11
 1375 01a8 E0010000 		.4byte	0x1e0
 1376 01ac 02       		.byte	0x2
 1377 01ad 23       		.byte	0x23
 1378 01ae 08       		.uleb128 0x8
 1379 01af 0C       		.uleb128 0xc
 1380 01b0 4B030000 		.4byte	.LASF24
 1381 01b4 04       		.byte	0x4
 1382 01b5 FD03     		.2byte	0x3fd
 1383 01b7 0C       		.byte	0xc
 1384 01b8 A7000000 		.4byte	0xa7
 1385 01bc 02       		.byte	0x2
 1386 01bd 23       		.byte	0x23
 1387 01be 18       		.uleb128 0x18
 1388 01bf 0C       		.uleb128 0xc
 1389 01c0 45030000 		.4byte	.LASF25
 1390 01c4 04       		.byte	0x4
 1391 01c5 FE03     		.2byte	0x3fe
 1392 01c7 11       		.byte	0x11
 1393 01c8 B3000000 		.4byte	0xb3
 1394 01cc 02       		.byte	0x2
 1395 01cd 23       		.byte	0x23
 1396 01ce 1C       		.uleb128 0x1c
 1397 01cf 00       		.byte	0
 1398 01d0 0D       		.uleb128 0xd
 1399 01d1 B3000000 		.4byte	0xb3
 1400 01d5 E0010000 		.4byte	0x1e0
 1401 01d9 0E       		.uleb128 0xe
 1402 01da 2C000000 		.4byte	0x2c
 1403 01de 03       		.byte	0x3
 1404 01df 00       		.byte	0
 1405 01e0 05       		.uleb128 0x5
 1406 01e1 D0010000 		.4byte	0x1d0
 1407 01e5 09       		.uleb128 0x9
 1408 01e6 C2010000 		.4byte	.LASF26
 1409 01ea 04       		.byte	0x4
 1410 01eb FF03     		.2byte	0x3ff
 1411 01ed 03       		.byte	0x3
 1412 01ee 75010000 		.4byte	0x175
 1413 01f2 0F       		.uleb128 0xf
 1414 01f3 07       		.byte	0x7
 1415 01f4 01       		.byte	0x1
 1416 01f5 33000000 		.4byte	0x33
 1417 01f9 05       		.byte	0x5
 1418 01fa 3B       		.byte	0x3b
 1419 01fb 01       		.byte	0x1
 1420 01fc 13020000 		.4byte	0x213
 1421 0200 08       		.uleb128 0x8
 1422 0201 CF010000 		.4byte	.LASF27
ARM GAS  /tmp/ccnG0Tvv.s 			page 39


 1423 0205 01       		.byte	0x1
 1424 0206 08       		.uleb128 0x8
 1425 0207 1C020000 		.4byte	.LASF28
 1426 020b 02       		.byte	0x2
 1427 020c 08       		.uleb128 0x8
 1428 020d 1E040000 		.4byte	.LASF29
 1429 0211 03       		.byte	0x3
 1430 0212 00       		.byte	0
 1431 0213 03       		.uleb128 0x3
 1432 0214 DB030000 		.4byte	.LASF30
 1433 0218 05       		.byte	0x5
 1434 0219 3F       		.byte	0x3f
 1435 021a 02       		.byte	0x2
 1436 021b F2010000 		.4byte	0x1f2
 1437 021f 0F       		.uleb128 0xf
 1438 0220 07       		.byte	0x7
 1439 0221 01       		.byte	0x1
 1440 0222 33000000 		.4byte	0x33
 1441 0226 05       		.byte	0x5
 1442 0227 48       		.byte	0x48
 1443 0228 01       		.byte	0x1
 1444 0229 5E020000 		.4byte	0x25e
 1445 022d 08       		.uleb128 0x8
 1446 022e 55030000 		.4byte	.LASF31
 1447 0232 00       		.byte	0
 1448 0233 08       		.uleb128 0x8
 1449 0234 70040000 		.4byte	.LASF32
 1450 0238 04       		.byte	0x4
 1451 0239 08       		.uleb128 0x8
 1452 023a E0020000 		.4byte	.LASF33
 1453 023e 28       		.byte	0x28
 1454 023f 08       		.uleb128 0x8
 1455 0240 32030000 		.4byte	.LASF34
 1456 0244 48       		.byte	0x48
 1457 0245 08       		.uleb128 0x8
 1458 0246 F7000000 		.4byte	.LASF35
 1459 024a 14       		.byte	0x14
 1460 024b 08       		.uleb128 0x8
 1461 024c 08040000 		.4byte	.LASF36
 1462 0250 10       		.byte	0x10
 1463 0251 08       		.uleb128 0x8
 1464 0252 1A050000 		.4byte	.LASF37
 1465 0256 1C       		.byte	0x1c
 1466 0257 08       		.uleb128 0x8
 1467 0258 53010000 		.4byte	.LASF38
 1468 025c 18       		.byte	0x18
 1469 025d 00       		.byte	0
 1470 025e 03       		.uleb128 0x3
 1471 025f 50040000 		.4byte	.LASF39
 1472 0263 05       		.byte	0x5
 1473 0264 50       		.byte	0x50
 1474 0265 02       		.byte	0x2
 1475 0266 1F020000 		.4byte	0x21f
 1476 026a 10       		.uleb128 0x10
 1477 026b 04       		.byte	0x4
 1478 026c 05       		.byte	0x5
 1479 026d 5B       		.byte	0x5b
ARM GAS  /tmp/ccnG0Tvv.s 			page 40


 1480 026e 09       		.byte	0x9
 1481 026f A1020000 		.4byte	0x2a1
 1482 0273 11       		.uleb128 0x11
 1483 0274 14000000 		.4byte	.LASF40
 1484 0278 05       		.byte	0x5
 1485 0279 5D       		.byte	0x5d
 1486 027a 0C       		.byte	0xc
 1487 027b 9B000000 		.4byte	0x9b
 1488 027f 02       		.byte	0x2
 1489 0280 23       		.byte	0x23
 1490 0281 00       		.uleb128 0
 1491 0282 11       		.uleb128 0x11
 1492 0283 D3000000 		.4byte	.LASF41
 1493 0287 05       		.byte	0x5
 1494 0288 60       		.byte	0x60
 1495 0289 15       		.byte	0x15
 1496 028a 13020000 		.4byte	0x213
 1497 028e 02       		.byte	0x2
 1498 028f 23       		.byte	0x23
 1499 0290 02       		.uleb128 0x2
 1500 0291 11       		.uleb128 0x11
 1501 0292 2A050000 		.4byte	.LASF42
 1502 0296 05       		.byte	0x5
 1503 0297 63       		.byte	0x63
 1504 0298 14       		.byte	0x14
 1505 0299 5E020000 		.4byte	0x25e
 1506 029d 02       		.byte	0x2
 1507 029e 23       		.byte	0x23
 1508 029f 03       		.uleb128 0x3
 1509 02a0 00       		.byte	0
 1510 02a1 03       		.uleb128 0x3
 1511 02a2 3F040000 		.4byte	.LASF43
 1512 02a6 05       		.byte	0x5
 1513 02a7 65       		.byte	0x65
 1514 02a8 02       		.byte	0x2
 1515 02a9 6A020000 		.4byte	0x26a
 1516 02ad 0F       		.uleb128 0xf
 1517 02ae 07       		.byte	0x7
 1518 02af 01       		.byte	0x1
 1519 02b0 33000000 		.4byte	0x33
 1520 02b4 05       		.byte	0x5
 1521 02b5 6D       		.byte	0x6d
 1522 02b6 01       		.byte	0x1
 1523 02b7 C8020000 		.4byte	0x2c8
 1524 02bb 08       		.uleb128 0x8
 1525 02bc 86000000 		.4byte	.LASF44
 1526 02c0 00       		.byte	0
 1527 02c1 08       		.uleb128 0x8
 1528 02c2 1D000000 		.4byte	.LASF45
 1529 02c6 01       		.byte	0x1
 1530 02c7 00       		.byte	0
 1531 02c8 03       		.uleb128 0x3
 1532 02c9 D1030000 		.4byte	.LASF46
 1533 02cd 05       		.byte	0x5
 1534 02ce 6F       		.byte	0x6f
 1535 02cf 02       		.byte	0x2
 1536 02d0 AD020000 		.4byte	0x2ad
ARM GAS  /tmp/ccnG0Tvv.s 			page 41


 1537 02d4 12       		.uleb128 0x12
 1538 02d5 01       		.byte	0x1
 1539 02d6 AE020000 		.4byte	.LASF84
 1540 02da 06       		.byte	0x6
 1541 02db BC02     		.2byte	0x2bc
 1542 02dd 06       		.byte	0x6
 1543 02de 01       		.byte	0x1
 1544 02df 01       		.byte	0x1
 1545 02e0 EF020000 		.4byte	0x2ef
 1546 02e4 13       		.uleb128 0x13
 1547 02e5 A7000000 		.4byte	0xa7
 1548 02e9 13       		.uleb128 0x13
 1549 02ea E0000000 		.4byte	0xe0
 1550 02ee 00       		.byte	0
 1551 02ef 14       		.uleb128 0x14
 1552 02f0 01       		.byte	0x1
 1553 02f1 63030000 		.4byte	.LASF47
 1554 02f5 01       		.byte	0x1
 1555 02f6 7602     		.2byte	0x276
 1556 02f8 06       		.byte	0x6
 1557 02f9 01       		.byte	0x1
 1558 02fa 7E020000 		.4byte	.LFB46
 1559 02fe 8C020000 		.4byte	.LFE46
 1560 0302 02       		.byte	0x2
 1561 0303 7D       		.byte	0x7d
 1562 0304 00       		.sleb128 0
 1563 0305 01       		.byte	0x1
 1564 0306 1A030000 		.4byte	0x31a
 1565 030a 15       		.uleb128 0x15
 1566 030b B4000000 		.4byte	.LASF52
 1567 030f 01       		.byte	0x1
 1568 0310 7602     		.2byte	0x276
 1569 0312 2D       		.byte	0x2d
 1570 0313 A7000000 		.4byte	0xa7
 1571 0317 01       		.byte	0x1
 1572 0318 50       		.byte	0x50
 1573 0319 00       		.byte	0
 1574 031a 16       		.uleb128 0x16
 1575 031b 01       		.byte	0x1
 1576 031c 08020000 		.4byte	.LASF48
 1577 0320 01       		.byte	0x1
 1578 0321 6102     		.2byte	0x261
 1579 0323 06       		.byte	0x6
 1580 0324 01       		.byte	0x1
 1581 0325 54020000 		.4byte	.LFB45
 1582 0329 7E020000 		.4byte	.LFE45
 1583 032d 00000000 		.4byte	.LLST24
 1584 0331 01       		.byte	0x1
 1585 0332 76030000 		.4byte	0x376
 1586 0336 17       		.uleb128 0x17
 1587 0337 2F040000 		.4byte	.LASF49
 1588 033b 01       		.byte	0x1
 1589 033c 6102     		.2byte	0x261
 1590 033e 22       		.byte	0x22
 1591 033f 8F000000 		.4byte	0x8f
 1592 0343 24000000 		.4byte	.LLST25
 1593 0347 20000000 		.4byte	.LVUS25
ARM GAS  /tmp/ccnG0Tvv.s 			page 42


 1594 034b 17       		.uleb128 0x17
 1595 034c 9F020000 		.4byte	.LASF50
 1596 0350 01       		.byte	0x1
 1597 0351 6102     		.2byte	0x261
 1598 0353 3B       		.byte	0x3b
 1599 0354 8F000000 		.4byte	0x8f
 1600 0358 4F000000 		.4byte	.LLST26
 1601 035c 4B000000 		.4byte	.LVUS26
 1602 0360 18       		.uleb128 0x18
 1603 0361 746D7000 		.ascii	"tmp\000"
 1604 0365 01       		.byte	0x1
 1605 0366 6302     		.2byte	0x263
 1606 0368 0C       		.byte	0xc
 1607 0369 A7000000 		.4byte	0xa7
 1608 036d 7C000000 		.4byte	.LLST27
 1609 0371 76000000 		.4byte	.LVUS27
 1610 0375 00       		.byte	0
 1611 0376 16       		.uleb128 0x16
 1612 0377 01       		.byte	0x1
 1613 0378 86020000 		.4byte	.LASF51
 1614 037c 01       		.byte	0x1
 1615 037d 2502     		.2byte	0x225
 1616 037f 06       		.byte	0x6
 1617 0380 01       		.byte	0x1
 1618 0381 F0010000 		.4byte	.LFB44
 1619 0385 54020000 		.4byte	.LFE44
 1620 0389 AA000000 		.4byte	.LLST19
 1621 038d 01       		.byte	0x1
 1622 038e 05040000 		.4byte	0x405
 1623 0392 15       		.uleb128 0x15
 1624 0393 4D000000 		.4byte	.LASF53
 1625 0397 01       		.byte	0x1
 1626 0398 2502     		.2byte	0x225
 1627 039a 23       		.byte	0x23
 1628 039b A7000000 		.4byte	0xa7
 1629 039f 01       		.byte	0x1
 1630 03a0 50       		.byte	0x50
 1631 03a1 15       		.uleb128 0x15
 1632 03a2 F1010000 		.4byte	.LASF54
 1633 03a6 01       		.byte	0x1
 1634 03a7 2502     		.2byte	0x225
 1635 03a9 3F       		.byte	0x3f
 1636 03aa E0000000 		.4byte	0xe0
 1637 03ae 01       		.byte	0x1
 1638 03af 51       		.byte	0x51
 1639 03b0 18       		.uleb128 0x18
 1640 03b1 746D7000 		.ascii	"tmp\000"
 1641 03b5 01       		.byte	0x1
 1642 03b6 2702     		.2byte	0x227
 1643 03b8 0C       		.byte	0xc
 1644 03b9 A7000000 		.4byte	0xa7
 1645 03bd D2000000 		.4byte	.LLST20
 1646 03c1 CA000000 		.4byte	.LVUS20
 1647 03c5 19       		.uleb128 0x19
 1648 03c6 40030000 		.4byte	.LASF55
 1649 03ca 01       		.byte	0x1
 1650 03cb 2702     		.2byte	0x227
ARM GAS  /tmp/ccnG0Tvv.s 			page 43


 1651 03cd 18       		.byte	0x18
 1652 03ce A7000000 		.4byte	0xa7
 1653 03d2 13010000 		.4byte	.LLST21
 1654 03d6 0D010000 		.4byte	.LVUS21
 1655 03da 19       		.uleb128 0x19
 1656 03db E0010000 		.4byte	.LASF56
 1657 03df 01       		.byte	0x1
 1658 03e0 2702     		.2byte	0x227
 1659 03e2 25       		.byte	0x25
 1660 03e3 A7000000 		.4byte	0xa7
 1661 03e7 4A010000 		.4byte	.LLST22
 1662 03eb 46010000 		.4byte	.LVUS22
 1663 03ef 19       		.uleb128 0x19
 1664 03f0 D8020000 		.4byte	.LASF57
 1665 03f4 01       		.byte	0x1
 1666 03f5 2702     		.2byte	0x227
 1667 03f7 34       		.byte	0x34
 1668 03f8 A7000000 		.4byte	0xa7
 1669 03fc 6D010000 		.4byte	.LLST23
 1670 0400 69010000 		.4byte	.LVUS23
 1671 0404 00       		.byte	0
 1672 0405 14       		.uleb128 0x14
 1673 0406 01       		.byte	0x1
 1674 0407 39000000 		.4byte	.LASF58
 1675 040b 01       		.byte	0x1
 1676 040c E301     		.2byte	0x1e3
 1677 040e 06       		.byte	0x6
 1678 040f 01       		.byte	0x1
 1679 0410 E4010000 		.4byte	.LFB43
 1680 0414 F0010000 		.4byte	.LFE43
 1681 0418 02       		.byte	0x2
 1682 0419 7D       		.byte	0x7d
 1683 041a 00       		.sleb128 0
 1684 041b 01       		.byte	0x1
 1685 041c 30040000 		.4byte	0x430
 1686 0420 15       		.uleb128 0x15
 1687 0421 F1010000 		.4byte	.LASF54
 1688 0425 01       		.byte	0x1
 1689 0426 E301     		.2byte	0x1e3
 1690 0428 2A       		.byte	0x2a
 1691 0429 E0000000 		.4byte	0xe0
 1692 042d 01       		.byte	0x1
 1693 042e 50       		.byte	0x50
 1694 042f 00       		.byte	0
 1695 0430 14       		.uleb128 0x14
 1696 0431 01       		.byte	0x1
 1697 0432 86010000 		.4byte	.LASF59
 1698 0436 01       		.byte	0x1
 1699 0437 CE01     		.2byte	0x1ce
 1700 0439 06       		.byte	0x6
 1701 043a 01       		.byte	0x1
 1702 043b C8010000 		.4byte	.LFB42
 1703 043f E4010000 		.4byte	.LFE42
 1704 0443 02       		.byte	0x2
 1705 0444 7D       		.byte	0x7d
 1706 0445 00       		.sleb128 0
 1707 0446 01       		.byte	0x1
ARM GAS  /tmp/ccnG0Tvv.s 			page 44


 1708 0447 7F040000 		.4byte	0x47f
 1709 044b 15       		.uleb128 0x15
 1710 044c 2F040000 		.4byte	.LASF49
 1711 0450 01       		.byte	0x1
 1712 0451 CE01     		.2byte	0x1ce
 1713 0453 25       		.byte	0x25
 1714 0454 8F000000 		.4byte	0x8f
 1715 0458 01       		.byte	0x1
 1716 0459 50       		.byte	0x50
 1717 045a 15       		.uleb128 0x15
 1718 045b 9F020000 		.4byte	.LASF50
 1719 045f 01       		.byte	0x1
 1720 0460 CE01     		.2byte	0x1ce
 1721 0462 3E       		.byte	0x3e
 1722 0463 8F000000 		.4byte	0x8f
 1723 0467 01       		.byte	0x1
 1724 0468 51       		.byte	0x51
 1725 0469 19       		.uleb128 0x19
 1726 046a E0010000 		.4byte	.LASF56
 1727 046e 01       		.byte	0x1
 1728 046f D001     		.2byte	0x1d0
 1729 0471 0C       		.byte	0xc
 1730 0472 A7000000 		.4byte	0xa7
 1731 0476 9C010000 		.4byte	.LLST18
 1732 047a 92010000 		.4byte	.LVUS18
 1733 047e 00       		.byte	0
 1734 047f 14       		.uleb128 0x14
 1735 0480 01       		.byte	0x1
 1736 0481 F6020000 		.4byte	.LASF60
 1737 0485 01       		.byte	0x1
 1738 0486 B001     		.2byte	0x1b0
 1739 0488 06       		.byte	0x6
 1740 0489 01       		.byte	0x1
 1741 048a B8010000 		.4byte	.LFB41
 1742 048e C8010000 		.4byte	.LFE41
 1743 0492 02       		.byte	0x2
 1744 0493 7D       		.byte	0x7d
 1745 0494 00       		.sleb128 0
 1746 0495 01       		.byte	0x1
 1747 0496 CE040000 		.4byte	0x4ce
 1748 049a 15       		.uleb128 0x15
 1749 049b 02040000 		.4byte	.LASF61
 1750 049f 01       		.byte	0x1
 1751 04a0 B001     		.2byte	0x1b0
 1752 04a2 27       		.byte	0x27
 1753 04a3 CE040000 		.4byte	0x4ce
 1754 04a7 01       		.byte	0x1
 1755 04a8 50       		.byte	0x50
 1756 04a9 15       		.uleb128 0x15
 1757 04aa 14000000 		.4byte	.LASF40
 1758 04ae 01       		.byte	0x1
 1759 04af B001     		.2byte	0x1b0
 1760 04b1 37       		.byte	0x37
 1761 04b2 9B000000 		.4byte	0x9b
 1762 04b6 01       		.byte	0x1
 1763 04b7 51       		.byte	0x51
 1764 04b8 18       		.uleb128 0x18
ARM GAS  /tmp/ccnG0Tvv.s 			page 45


 1765 04b9 746D7000 		.ascii	"tmp\000"
 1766 04bd 01       		.byte	0x1
 1767 04be B201     		.2byte	0x1b2
 1768 04c0 0C       		.byte	0xc
 1769 04c1 A7000000 		.4byte	0xa7
 1770 04c5 F8010000 		.4byte	.LLST17
 1771 04c9 F4010000 		.4byte	.LVUS17
 1772 04cd 00       		.byte	0
 1773 04ce 1A       		.uleb128 0x1a
 1774 04cf 04       		.byte	0x4
 1775 04d0 68010000 		.4byte	0x168
 1776 04d4 14       		.uleb128 0x14
 1777 04d5 01       		.byte	0x1
 1778 04d6 27030000 		.4byte	.LASF62
 1779 04da 01       		.byte	0x1
 1780 04db A101     		.2byte	0x1a1
 1781 04dd 06       		.byte	0x6
 1782 04de 01       		.byte	0x1
 1783 04df B4010000 		.4byte	.LFB40
 1784 04e3 B8010000 		.4byte	.LFE40
 1785 04e7 02       		.byte	0x2
 1786 04e8 7D       		.byte	0x7d
 1787 04e9 00       		.sleb128 0
 1788 04ea 01       		.byte	0x1
 1789 04eb 0E050000 		.4byte	0x50e
 1790 04ef 15       		.uleb128 0x15
 1791 04f0 02040000 		.4byte	.LASF61
 1792 04f4 01       		.byte	0x1
 1793 04f5 A101     		.2byte	0x1a1
 1794 04f7 1F       		.byte	0x1f
 1795 04f8 CE040000 		.4byte	0x4ce
 1796 04fc 01       		.byte	0x1
 1797 04fd 50       		.byte	0x50
 1798 04fe 15       		.uleb128 0x15
 1799 04ff 72020000 		.4byte	.LASF63
 1800 0503 01       		.byte	0x1
 1801 0504 A101     		.2byte	0x1a1
 1802 0506 2F       		.byte	0x2f
 1803 0507 9B000000 		.4byte	0x9b
 1804 050b 01       		.byte	0x1
 1805 050c 51       		.byte	0x51
 1806 050d 00       		.byte	0
 1807 050e 14       		.uleb128 0x14
 1808 050f 01       		.byte	0x1
 1809 0510 90000000 		.4byte	.LASF64
 1810 0514 01       		.byte	0x1
 1811 0515 8A01     		.2byte	0x18a
 1812 0517 06       		.byte	0x6
 1813 0518 01       		.byte	0x1
 1814 0519 AA010000 		.4byte	.LFB39
 1815 051d B4010000 		.4byte	.LFE39
 1816 0521 02       		.byte	0x2
 1817 0522 7D       		.byte	0x7d
 1818 0523 00       		.sleb128 0
 1819 0524 01       		.byte	0x1
 1820 0525 57050000 		.4byte	0x557
 1821 0529 15       		.uleb128 0x15
ARM GAS  /tmp/ccnG0Tvv.s 			page 46


 1822 052a 02040000 		.4byte	.LASF61
 1823 052e 01       		.byte	0x1
 1824 052f 8A01     		.2byte	0x18a
 1825 0531 22       		.byte	0x22
 1826 0532 CE040000 		.4byte	0x4ce
 1827 0536 01       		.byte	0x1
 1828 0537 50       		.byte	0x50
 1829 0538 15       		.uleb128 0x15
 1830 0539 14000000 		.4byte	.LASF40
 1831 053d 01       		.byte	0x1
 1832 053e 8A01     		.2byte	0x18a
 1833 0540 32       		.byte	0x32
 1834 0541 9B000000 		.4byte	0x9b
 1835 0545 01       		.byte	0x1
 1836 0546 51       		.byte	0x51
 1837 0547 15       		.uleb128 0x15
 1838 0548 7F000000 		.4byte	.LASF65
 1839 054c 01       		.byte	0x1
 1840 054d 8A01     		.2byte	0x18a
 1841 054f 46       		.byte	0x46
 1842 0550 C8020000 		.4byte	0x2c8
 1843 0554 01       		.byte	0x1
 1844 0555 52       		.byte	0x52
 1845 0556 00       		.byte	0
 1846 0557 14       		.uleb128 0x14
 1847 0558 01       		.byte	0x1
 1848 0559 61040000 		.4byte	.LASF66
 1849 055d 01       		.byte	0x1
 1850 055e 7601     		.2byte	0x176
 1851 0560 06       		.byte	0x6
 1852 0561 01       		.byte	0x1
 1853 0562 A6010000 		.4byte	.LFB38
 1854 0566 AA010000 		.4byte	.LFE38
 1855 056a 02       		.byte	0x2
 1856 056b 7D       		.byte	0x7d
 1857 056c 00       		.sleb128 0
 1858 056d 01       		.byte	0x1
 1859 056e 91050000 		.4byte	0x591
 1860 0572 15       		.uleb128 0x15
 1861 0573 02040000 		.4byte	.LASF61
 1862 0577 01       		.byte	0x1
 1863 0578 7601     		.2byte	0x176
 1864 057a 23       		.byte	0x23
 1865 057b CE040000 		.4byte	0x4ce
 1866 057f 01       		.byte	0x1
 1867 0580 50       		.byte	0x50
 1868 0581 15       		.uleb128 0x15
 1869 0582 14000000 		.4byte	.LASF40
 1870 0586 01       		.byte	0x1
 1871 0587 7601     		.2byte	0x176
 1872 0589 33       		.byte	0x33
 1873 058a 9B000000 		.4byte	0x9b
 1874 058e 01       		.byte	0x1
 1875 058f 51       		.byte	0x51
 1876 0590 00       		.byte	0
 1877 0591 14       		.uleb128 0x14
 1878 0592 01       		.byte	0x1
ARM GAS  /tmp/ccnG0Tvv.s 			page 47


 1879 0593 58000000 		.4byte	.LASF67
 1880 0597 01       		.byte	0x1
 1881 0598 6601     		.2byte	0x166
 1882 059a 06       		.byte	0x6
 1883 059b 01       		.byte	0x1
 1884 059c A2010000 		.4byte	.LFB37
 1885 05a0 A6010000 		.4byte	.LFE37
 1886 05a4 02       		.byte	0x2
 1887 05a5 7D       		.byte	0x7d
 1888 05a6 00       		.sleb128 0
 1889 05a7 01       		.byte	0x1
 1890 05a8 CB050000 		.4byte	0x5cb
 1891 05ac 15       		.uleb128 0x15
 1892 05ad 02040000 		.4byte	.LASF61
 1893 05b1 01       		.byte	0x1
 1894 05b2 6601     		.2byte	0x166
 1895 05b4 21       		.byte	0x21
 1896 05b5 CE040000 		.4byte	0x4ce
 1897 05b9 01       		.byte	0x1
 1898 05ba 50       		.byte	0x50
 1899 05bb 15       		.uleb128 0x15
 1900 05bc 14000000 		.4byte	.LASF40
 1901 05c0 01       		.byte	0x1
 1902 05c1 6601     		.2byte	0x166
 1903 05c3 31       		.byte	0x31
 1904 05c4 9B000000 		.4byte	0x9b
 1905 05c8 01       		.byte	0x1
 1906 05c9 51       		.byte	0x51
 1907 05ca 00       		.byte	0
 1908 05cb 1B       		.uleb128 0x1b
 1909 05cc 01       		.byte	0x1
 1910 05cd 25000000 		.4byte	.LASF68
 1911 05d1 01       		.byte	0x1
 1912 05d2 5701     		.2byte	0x157
 1913 05d4 0A       		.byte	0xa
 1914 05d5 01       		.byte	0x1
 1915 05d6 9B000000 		.4byte	0x9b
 1916 05da 9C010000 		.4byte	.LFB36
 1917 05de A2010000 		.4byte	.LFE36
 1918 05e2 02       		.byte	0x2
 1919 05e3 7D       		.byte	0x7d
 1920 05e4 00       		.sleb128 0
 1921 05e5 01       		.byte	0x1
 1922 05e6 00060000 		.4byte	0x600
 1923 05ea 17       		.uleb128 0x17
 1924 05eb 02040000 		.4byte	.LASF61
 1925 05ef 01       		.byte	0x1
 1926 05f0 5701     		.2byte	0x157
 1927 05f2 2C       		.byte	0x2c
 1928 05f3 CE040000 		.4byte	0x4ce
 1929 05f7 1D020000 		.4byte	.LLST16
 1930 05fb 19020000 		.4byte	.LVUS16
 1931 05ff 00       		.byte	0
 1932 0600 1B       		.uleb128 0x1b
 1933 0601 01       		.byte	0x1
 1934 0602 F3040000 		.4byte	.LASF69
 1935 0606 01       		.byte	0x1
ARM GAS  /tmp/ccnG0Tvv.s 			page 48


 1936 0607 4001     		.2byte	0x140
 1937 0609 09       		.byte	0x9
 1938 060a 01       		.byte	0x1
 1939 060b 8F000000 		.4byte	0x8f
 1940 060f 90010000 		.4byte	.LFB35
 1941 0613 9C010000 		.4byte	.LFE35
 1942 0617 02       		.byte	0x2
 1943 0618 7D       		.byte	0x7d
 1944 0619 00       		.sleb128 0
 1945 061a 01       		.byte	0x1
 1946 061b 59060000 		.4byte	0x659
 1947 061f 17       		.uleb128 0x17
 1948 0620 02040000 		.4byte	.LASF61
 1949 0624 01       		.byte	0x1
 1950 0625 4001     		.2byte	0x140
 1951 0627 2E       		.byte	0x2e
 1952 0628 CE040000 		.4byte	0x4ce
 1953 062c 48020000 		.4byte	.LLST14
 1954 0630 44020000 		.4byte	.LVUS14
 1955 0634 15       		.uleb128 0x15
 1956 0635 14000000 		.4byte	.LASF40
 1957 0639 01       		.byte	0x1
 1958 063a 4001     		.2byte	0x140
 1959 063c 3E       		.byte	0x3e
 1960 063d 9B000000 		.4byte	0x9b
 1961 0641 01       		.byte	0x1
 1962 0642 51       		.byte	0x51
 1963 0643 19       		.uleb128 0x19
 1964 0644 E7010000 		.4byte	.LASF70
 1965 0648 01       		.byte	0x1
 1966 0649 4201     		.2byte	0x142
 1967 064b 0B       		.byte	0xb
 1968 064c 8F000000 		.4byte	0x8f
 1969 0650 73020000 		.4byte	.LLST15
 1970 0654 6F020000 		.4byte	.LVUS15
 1971 0658 00       		.byte	0
 1972 0659 1B       		.uleb128 0x1b
 1973 065a 01       		.byte	0x1
 1974 065b C5020000 		.4byte	.LASF71
 1975 065f 01       		.byte	0x1
 1976 0660 3101     		.2byte	0x131
 1977 0662 0A       		.byte	0xa
 1978 0663 01       		.byte	0x1
 1979 0664 9B000000 		.4byte	0x9b
 1980 0668 8A010000 		.4byte	.LFB34
 1981 066c 90010000 		.4byte	.LFE34
 1982 0670 02       		.byte	0x2
 1983 0671 7D       		.byte	0x7d
 1984 0672 00       		.sleb128 0
 1985 0673 01       		.byte	0x1
 1986 0674 8E060000 		.4byte	0x68e
 1987 0678 17       		.uleb128 0x17
 1988 0679 02040000 		.4byte	.LASF61
 1989 067d 01       		.byte	0x1
 1990 067e 3101     		.2byte	0x131
 1991 0680 2B       		.byte	0x2b
 1992 0681 CE040000 		.4byte	0x4ce
ARM GAS  /tmp/ccnG0Tvv.s 			page 49


 1993 0685 A4020000 		.4byte	.LLST13
 1994 0689 A0020000 		.4byte	.LVUS13
 1995 068d 00       		.byte	0
 1996 068e 1B       		.uleb128 0x1b
 1997 068f 01       		.byte	0x1
 1998 0690 AC010000 		.4byte	.LASF72
 1999 0694 01       		.byte	0x1
 2000 0695 1901     		.2byte	0x119
 2001 0697 09       		.byte	0x9
 2002 0698 01       		.byte	0x1
 2003 0699 8F000000 		.4byte	0x8f
 2004 069d 7E010000 		.4byte	.LFB33
 2005 06a1 8A010000 		.4byte	.LFE33
 2006 06a5 02       		.byte	0x2
 2007 06a6 7D       		.byte	0x7d
 2008 06a7 00       		.sleb128 0
 2009 06a8 01       		.byte	0x1
 2010 06a9 E7060000 		.4byte	0x6e7
 2011 06ad 17       		.uleb128 0x17
 2012 06ae 02040000 		.4byte	.LASF61
 2013 06b2 01       		.byte	0x1
 2014 06b3 1901     		.2byte	0x119
 2015 06b5 2D       		.byte	0x2d
 2016 06b6 CE040000 		.4byte	0x4ce
 2017 06ba CF020000 		.4byte	.LLST11
 2018 06be CB020000 		.4byte	.LVUS11
 2019 06c2 15       		.uleb128 0x15
 2020 06c3 14000000 		.4byte	.LASF40
 2021 06c7 01       		.byte	0x1
 2022 06c8 1901     		.2byte	0x119
 2023 06ca 3D       		.byte	0x3d
 2024 06cb 9B000000 		.4byte	0x9b
 2025 06cf 01       		.byte	0x1
 2026 06d0 51       		.byte	0x51
 2027 06d1 19       		.uleb128 0x19
 2028 06d2 E7010000 		.4byte	.LASF70
 2029 06d6 01       		.byte	0x1
 2030 06d7 1B01     		.2byte	0x11b
 2031 06d9 0B       		.byte	0xb
 2032 06da 8F000000 		.4byte	0x8f
 2033 06de FA020000 		.4byte	.LLST12
 2034 06e2 F6020000 		.4byte	.LVUS12
 2035 06e6 00       		.byte	0
 2036 06e7 14       		.uleb128 0x14
 2037 06e8 01       		.byte	0x1
 2038 06e9 6F000000 		.4byte	.LASF73
 2039 06ed 01       		.byte	0x1
 2040 06ee 0A01     		.2byte	0x10a
 2041 06f0 06       		.byte	0x6
 2042 06f1 01       		.byte	0x1
 2043 06f2 70010000 		.4byte	.LFB32
 2044 06f6 7E010000 		.4byte	.LFE32
 2045 06fa 02       		.byte	0x2
 2046 06fb 7D       		.byte	0x7d
 2047 06fc 00       		.sleb128 0
 2048 06fd 01       		.byte	0x1
 2049 06fe 12070000 		.4byte	0x712
ARM GAS  /tmp/ccnG0Tvv.s 			page 50


 2050 0702 15       		.uleb128 0x15
 2051 0703 4C020000 		.4byte	.LASF74
 2052 0707 01       		.byte	0x1
 2053 0708 0A01     		.2byte	0x10a
 2054 070a 28       		.byte	0x28
 2055 070b 12070000 		.4byte	0x712
 2056 070f 01       		.byte	0x1
 2057 0710 50       		.byte	0x50
 2058 0711 00       		.byte	0
 2059 0712 1A       		.uleb128 0x1a
 2060 0713 04       		.byte	0x4
 2061 0714 A1020000 		.4byte	0x2a1
 2062 0718 1C       		.uleb128 0x1c
 2063 0719 01       		.byte	0x1
 2064 071a DE000000 		.4byte	.LASF75
 2065 071e 01       		.byte	0x1
 2066 071f AD       		.byte	0xad
 2067 0720 06       		.byte	0x6
 2068 0721 01       		.byte	0x1
 2069 0722 CE000000 		.4byte	.LFB31
 2070 0726 70010000 		.4byte	.LFE31
 2071 072a 27030000 		.4byte	.LLST3
 2072 072e 01       		.byte	0x1
 2073 072f CE070000 		.4byte	0x7ce
 2074 0733 1D       		.uleb128 0x1d
 2075 0734 02040000 		.4byte	.LASF61
 2076 0738 01       		.byte	0x1
 2077 0739 AD       		.byte	0xad
 2078 073a 1E       		.byte	0x1e
 2079 073b CE040000 		.4byte	0x4ce
 2080 073f 01       		.byte	0x1
 2081 0740 50       		.byte	0x50
 2082 0741 1E       		.uleb128 0x1e
 2083 0742 4C020000 		.4byte	.LASF74
 2084 0746 01       		.byte	0x1
 2085 0747 AD       		.byte	0xad
 2086 0748 37       		.byte	0x37
 2087 0749 12070000 		.4byte	0x712
 2088 074d 4B030000 		.4byte	.LLST4
 2089 0751 47030000 		.4byte	.LVUS4
 2090 0755 1F       		.uleb128 0x1f
 2091 0756 7A020000 		.4byte	.LASF76
 2092 075a 01       		.byte	0x1
 2093 075b AF       		.byte	0xaf
 2094 075c 0C       		.byte	0xc
 2095 075d A7000000 		.4byte	0xa7
 2096 0761 7C030000 		.4byte	.LLST5
 2097 0765 72030000 		.4byte	.LVUS5
 2098 0769 1F       		.uleb128 0x1f
 2099 076a 1C030000 		.4byte	.LASF77
 2100 076e 01       		.byte	0x1
 2101 076f AF       		.byte	0xaf
 2102 0770 20       		.byte	0x20
 2103 0771 A7000000 		.4byte	0xa7
 2104 0775 F0030000 		.4byte	.LLST6
 2105 0779 E6030000 		.4byte	.LVUS6
 2106 077d 1F       		.uleb128 0x1f
ARM GAS  /tmp/ccnG0Tvv.s 			page 51


 2107 077e 0D000000 		.4byte	.LASF78
 2108 0782 01       		.byte	0x1
 2109 0783 AF       		.byte	0xaf
 2110 0784 33       		.byte	0x33
 2111 0785 A7000000 		.4byte	0xa7
 2112 0789 4E040000 		.4byte	.LLST7
 2113 078d 44040000 		.4byte	.LVUS7
 2114 0791 20       		.uleb128 0x20
 2115 0792 706F7300 		.ascii	"pos\000"
 2116 0796 01       		.byte	0x1
 2117 0797 AF       		.byte	0xaf
 2118 0798 42       		.byte	0x42
 2119 0799 A7000000 		.4byte	0xa7
 2120 079d 9F040000 		.4byte	.LLST8
 2121 07a1 8F040000 		.4byte	.LVUS8
 2122 07a5 1F       		.uleb128 0x1f
 2123 07a6 E0010000 		.4byte	.LASF56
 2124 07aa 01       		.byte	0x1
 2125 07ab B0       		.byte	0xb0
 2126 07ac 0C       		.byte	0xc
 2127 07ad A7000000 		.4byte	0xa7
 2128 07b1 14050000 		.4byte	.LLST9
 2129 07b5 0C050000 		.4byte	.LVUS9
 2130 07b9 1F       		.uleb128 0x1f
 2131 07ba 08010000 		.4byte	.LASF79
 2132 07be 01       		.byte	0x1
 2133 07bf B0       		.byte	0xb0
 2134 07c0 1B       		.byte	0x1b
 2135 07c1 A7000000 		.4byte	0xa7
 2136 07c5 55050000 		.4byte	.LLST10
 2137 07c9 49050000 		.4byte	.LVUS10
 2138 07cd 00       		.byte	0
 2139 07ce 1C       		.uleb128 0x1c
 2140 07cf 01       		.byte	0x1
 2141 07d0 0A050000 		.4byte	.LASF80
 2142 07d4 01       		.byte	0x1
 2143 07d5 9F       		.byte	0x9f
 2144 07d6 06       		.byte	0x6
 2145 07d7 01       		.byte	0x1
 2146 07d8 B8000000 		.4byte	.LFB30
 2147 07dc CE000000 		.4byte	.LFE30
 2148 07e0 BA050000 		.4byte	.LLST2
 2149 07e4 01       		.byte	0x1
 2150 07e5 17080000 		.4byte	0x817
 2151 07e9 21       		.uleb128 0x21
 2152 07ea C2000000 		.4byte	.LVL22
 2153 07ee D4020000 		.4byte	0x2d4
 2154 07f2 01080000 		.4byte	0x801
 2155 07f6 22       		.uleb128 0x22
 2156 07f7 01       		.byte	0x1
 2157 07f8 50       		.byte	0x50
 2158 07f9 01       		.byte	0x1
 2159 07fa 31       		.byte	0x31
 2160 07fb 22       		.uleb128 0x22
 2161 07fc 01       		.byte	0x1
 2162 07fd 51       		.byte	0x51
 2163 07fe 01       		.byte	0x1
ARM GAS  /tmp/ccnG0Tvv.s 			page 52


 2164 07ff 31       		.byte	0x31
 2165 0800 00       		.byte	0
 2166 0801 23       		.uleb128 0x23
 2167 0802 CE000000 		.4byte	.LVL23
 2168 0806 01       		.byte	0x1
 2169 0807 D4020000 		.4byte	0x2d4
 2170 080b 22       		.uleb128 0x22
 2171 080c 01       		.byte	0x1
 2172 080d 50       		.byte	0x50
 2173 080e 01       		.byte	0x1
 2174 080f 31       		.byte	0x31
 2175 0810 22       		.uleb128 0x22
 2176 0811 01       		.byte	0x1
 2177 0812 51       		.byte	0x51
 2178 0813 01       		.byte	0x1
 2179 0814 30       		.byte	0x30
 2180 0815 00       		.byte	0
 2181 0816 00       		.byte	0
 2182 0817 24       		.uleb128 0x24
 2183 0818 01       		.byte	0x1
 2184 0819 7A010000 		.4byte	.LASF85
 2185 081d 01       		.byte	0x1
 2186 081e 6C       		.byte	0x6c
 2187 081f 06       		.byte	0x6
 2188 0820 01       		.byte	0x1
 2189 0821 00000000 		.4byte	.LFB29
 2190 0825 B8000000 		.4byte	.LFE29
 2191 0829 E6050000 		.4byte	.LLST0
 2192 082d 01       		.byte	0x1
 2193 082e 1E       		.uleb128 0x1e
 2194 082f 02040000 		.4byte	.LASF61
 2195 0833 01       		.byte	0x1
 2196 0834 6C       		.byte	0x6c
 2197 0835 20       		.byte	0x20
 2198 0836 CE040000 		.4byte	0x4ce
 2199 083a 3C060000 		.4byte	.LLST1
 2200 083e 1E060000 		.4byte	.LVUS1
 2201 0842 21       		.uleb128 0x21
 2202 0843 10000000 		.4byte	.LVL2
 2203 0847 D4020000 		.4byte	0x2d4
 2204 084b 5A080000 		.4byte	0x85a
 2205 084f 22       		.uleb128 0x22
 2206 0850 01       		.byte	0x1
 2207 0851 50       		.byte	0x50
 2208 0852 01       		.byte	0x1
 2209 0853 34       		.byte	0x34
 2210 0854 22       		.uleb128 0x22
 2211 0855 01       		.byte	0x1
 2212 0856 51       		.byte	0x51
 2213 0857 01       		.byte	0x1
 2214 0858 31       		.byte	0x31
 2215 0859 00       		.byte	0
 2216 085a 25       		.uleb128 0x25
 2217 085b 1C000000 		.4byte	.LVL3
 2218 085f 01       		.byte	0x1
 2219 0860 D4020000 		.4byte	0x2d4
 2220 0864 21       		.uleb128 0x21
ARM GAS  /tmp/ccnG0Tvv.s 			page 53


 2221 0865 2A000000 		.4byte	.LVL5
 2222 0869 D4020000 		.4byte	0x2d4
 2223 086d 7C080000 		.4byte	0x87c
 2224 0871 22       		.uleb128 0x22
 2225 0872 01       		.byte	0x1
 2226 0873 50       		.byte	0x50
 2227 0874 01       		.byte	0x1
 2228 0875 38       		.byte	0x38
 2229 0876 22       		.uleb128 0x22
 2230 0877 01       		.byte	0x1
 2231 0878 51       		.byte	0x51
 2232 0879 01       		.byte	0x1
 2233 087a 31       		.byte	0x31
 2234 087b 00       		.byte	0
 2235 087c 21       		.uleb128 0x21
 2236 087d 3E000000 		.4byte	.LVL8
 2237 0881 D4020000 		.4byte	0x2d4
 2238 0885 94080000 		.4byte	0x894
 2239 0889 22       		.uleb128 0x22
 2240 088a 01       		.byte	0x1
 2241 088b 50       		.byte	0x50
 2242 088c 01       		.byte	0x1
 2243 088d 40       		.byte	0x40
 2244 088e 22       		.uleb128 0x22
 2245 088f 01       		.byte	0x1
 2246 0890 51       		.byte	0x51
 2247 0891 01       		.byte	0x1
 2248 0892 31       		.byte	0x31
 2249 0893 00       		.byte	0
 2250 0894 21       		.uleb128 0x21
 2251 0895 52000000 		.4byte	.LVL11
 2252 0899 D4020000 		.4byte	0x2d4
 2253 089d AD080000 		.4byte	0x8ad
 2254 08a1 22       		.uleb128 0x22
 2255 08a2 01       		.byte	0x1
 2256 08a3 50       		.byte	0x50
 2257 08a4 02       		.byte	0x2
 2258 08a5 08       		.byte	0x8
 2259 08a6 20       		.byte	0x20
 2260 08a7 22       		.uleb128 0x22
 2261 08a8 01       		.byte	0x1
 2262 08a9 51       		.byte	0x51
 2263 08aa 01       		.byte	0x1
 2264 08ab 31       		.byte	0x31
 2265 08ac 00       		.byte	0
 2266 08ad 21       		.uleb128 0x21
 2267 08ae 66000000 		.4byte	.LVL14
 2268 08b2 D4020000 		.4byte	0x2d4
 2269 08b6 C6080000 		.4byte	0x8c6
 2270 08ba 22       		.uleb128 0x22
 2271 08bb 01       		.byte	0x1
 2272 08bc 50       		.byte	0x50
 2273 08bd 02       		.byte	0x2
 2274 08be 08       		.byte	0x8
 2275 08bf 40       		.byte	0x40
 2276 08c0 22       		.uleb128 0x22
 2277 08c1 01       		.byte	0x1
ARM GAS  /tmp/ccnG0Tvv.s 			page 54


 2278 08c2 51       		.byte	0x51
 2279 08c3 01       		.byte	0x1
 2280 08c4 31       		.byte	0x31
 2281 08c5 00       		.byte	0
 2282 08c6 21       		.uleb128 0x21
 2283 08c7 7A000000 		.4byte	.LVL17
 2284 08cb D4020000 		.4byte	0x2d4
 2285 08cf DF080000 		.4byte	0x8df
 2286 08d3 22       		.uleb128 0x22
 2287 08d4 01       		.byte	0x1
 2288 08d5 50       		.byte	0x50
 2289 08d6 02       		.byte	0x2
 2290 08d7 08       		.byte	0x8
 2291 08d8 80       		.byte	0x80
 2292 08d9 22       		.uleb128 0x22
 2293 08da 01       		.byte	0x1
 2294 08db 51       		.byte	0x51
 2295 08dc 01       		.byte	0x1
 2296 08dd 31       		.byte	0x31
 2297 08de 00       		.byte	0
 2298 08df 26       		.uleb128 0x26
 2299 08e0 90000000 		.4byte	.LVL20
 2300 08e4 D4020000 		.4byte	0x2d4
 2301 08e8 22       		.uleb128 0x22
 2302 08e9 01       		.byte	0x1
 2303 08ea 50       		.byte	0x50
 2304 08eb 03       		.byte	0x3
 2305 08ec 0A       		.byte	0xa
 2306 08ed 0001     		.2byte	0x100
 2307 08ef 22       		.uleb128 0x22
 2308 08f0 01       		.byte	0x1
 2309 08f1 51       		.byte	0x51
 2310 08f2 01       		.byte	0x1
 2311 08f3 31       		.byte	0x31
 2312 08f4 00       		.byte	0
 2313 08f5 00       		.byte	0
 2314 08f6 00       		.byte	0
 2315              		.section	.debug_abbrev,"",%progbits
 2316              	.Ldebug_abbrev0:
 2317 0000 01       		.uleb128 0x1
 2318 0001 11       		.uleb128 0x11
 2319 0002 01       		.byte	0x1
 2320 0003 25       		.uleb128 0x25
 2321 0004 0E       		.uleb128 0xe
 2322 0005 13       		.uleb128 0x13
 2323 0006 0B       		.uleb128 0xb
 2324 0007 03       		.uleb128 0x3
 2325 0008 0E       		.uleb128 0xe
 2326 0009 1B       		.uleb128 0x1b
 2327 000a 0E       		.uleb128 0xe
 2328 000b 11       		.uleb128 0x11
 2329 000c 01       		.uleb128 0x1
 2330 000d 12       		.uleb128 0x12
 2331 000e 01       		.uleb128 0x1
 2332 000f 10       		.uleb128 0x10
 2333 0010 06       		.uleb128 0x6
 2334 0011 00       		.byte	0
ARM GAS  /tmp/ccnG0Tvv.s 			page 55


 2335 0012 00       		.byte	0
 2336 0013 02       		.uleb128 0x2
 2337 0014 24       		.uleb128 0x24
 2338 0015 00       		.byte	0
 2339 0016 0B       		.uleb128 0xb
 2340 0017 0B       		.uleb128 0xb
 2341 0018 3E       		.uleb128 0x3e
 2342 0019 0B       		.uleb128 0xb
 2343 001a 03       		.uleb128 0x3
 2344 001b 0E       		.uleb128 0xe
 2345 001c 00       		.byte	0
 2346 001d 00       		.byte	0
 2347 001e 03       		.uleb128 0x3
 2348 001f 16       		.uleb128 0x16
 2349 0020 00       		.byte	0
 2350 0021 03       		.uleb128 0x3
 2351 0022 0E       		.uleb128 0xe
 2352 0023 3A       		.uleb128 0x3a
 2353 0024 0B       		.uleb128 0xb
 2354 0025 3B       		.uleb128 0x3b
 2355 0026 0B       		.uleb128 0xb
 2356 0027 39       		.uleb128 0x39
 2357 0028 0B       		.uleb128 0xb
 2358 0029 49       		.uleb128 0x49
 2359 002a 13       		.uleb128 0x13
 2360 002b 00       		.byte	0
 2361 002c 00       		.byte	0
 2362 002d 04       		.uleb128 0x4
 2363 002e 24       		.uleb128 0x24
 2364 002f 00       		.byte	0
 2365 0030 0B       		.uleb128 0xb
 2366 0031 0B       		.uleb128 0xb
 2367 0032 3E       		.uleb128 0x3e
 2368 0033 0B       		.uleb128 0xb
 2369 0034 03       		.uleb128 0x3
 2370 0035 08       		.uleb128 0x8
 2371 0036 00       		.byte	0
 2372 0037 00       		.byte	0
 2373 0038 05       		.uleb128 0x5
 2374 0039 35       		.uleb128 0x35
 2375 003a 00       		.byte	0
 2376 003b 49       		.uleb128 0x49
 2377 003c 13       		.uleb128 0x13
 2378 003d 00       		.byte	0
 2379 003e 00       		.byte	0
 2380 003f 06       		.uleb128 0x6
 2381 0040 16       		.uleb128 0x16
 2382 0041 00       		.byte	0
 2383 0042 03       		.uleb128 0x3
 2384 0043 08       		.uleb128 0x8
 2385 0044 3A       		.uleb128 0x3a
 2386 0045 0B       		.uleb128 0xb
 2387 0046 3B       		.uleb128 0x3b
 2388 0047 05       		.uleb128 0x5
 2389 0048 39       		.uleb128 0x39
 2390 0049 0B       		.uleb128 0xb
 2391 004a 49       		.uleb128 0x49
ARM GAS  /tmp/ccnG0Tvv.s 			page 56


 2392 004b 13       		.uleb128 0x13
 2393 004c 00       		.byte	0
 2394 004d 00       		.byte	0
 2395 004e 07       		.uleb128 0x7
 2396 004f 04       		.uleb128 0x4
 2397 0050 01       		.byte	0x1
 2398 0051 3E       		.uleb128 0x3e
 2399 0052 0B       		.uleb128 0xb
 2400 0053 0B       		.uleb128 0xb
 2401 0054 0B       		.uleb128 0xb
 2402 0055 49       		.uleb128 0x49
 2403 0056 13       		.uleb128 0x13
 2404 0057 3A       		.uleb128 0x3a
 2405 0058 0B       		.uleb128 0xb
 2406 0059 3B       		.uleb128 0x3b
 2407 005a 05       		.uleb128 0x5
 2408 005b 39       		.uleb128 0x39
 2409 005c 0B       		.uleb128 0xb
 2410 005d 01       		.uleb128 0x1
 2411 005e 13       		.uleb128 0x13
 2412 005f 00       		.byte	0
 2413 0060 00       		.byte	0
 2414 0061 08       		.uleb128 0x8
 2415 0062 28       		.uleb128 0x28
 2416 0063 00       		.byte	0
 2417 0064 03       		.uleb128 0x3
 2418 0065 0E       		.uleb128 0xe
 2419 0066 1C       		.uleb128 0x1c
 2420 0067 0B       		.uleb128 0xb
 2421 0068 00       		.byte	0
 2422 0069 00       		.byte	0
 2423 006a 09       		.uleb128 0x9
 2424 006b 16       		.uleb128 0x16
 2425 006c 00       		.byte	0
 2426 006d 03       		.uleb128 0x3
 2427 006e 0E       		.uleb128 0xe
 2428 006f 3A       		.uleb128 0x3a
 2429 0070 0B       		.uleb128 0xb
 2430 0071 3B       		.uleb128 0x3b
 2431 0072 05       		.uleb128 0x5
 2432 0073 39       		.uleb128 0x39
 2433 0074 0B       		.uleb128 0xb
 2434 0075 49       		.uleb128 0x49
 2435 0076 13       		.uleb128 0x13
 2436 0077 00       		.byte	0
 2437 0078 00       		.byte	0
 2438 0079 0A       		.uleb128 0xa
 2439 007a 13       		.uleb128 0x13
 2440 007b 01       		.byte	0x1
 2441 007c 0B       		.uleb128 0xb
 2442 007d 0B       		.uleb128 0xb
 2443 007e 3A       		.uleb128 0x3a
 2444 007f 0B       		.uleb128 0xb
 2445 0080 3B       		.uleb128 0x3b
 2446 0081 05       		.uleb128 0x5
 2447 0082 39       		.uleb128 0x39
 2448 0083 0B       		.uleb128 0xb
ARM GAS  /tmp/ccnG0Tvv.s 			page 57


 2449 0084 01       		.uleb128 0x1
 2450 0085 13       		.uleb128 0x13
 2451 0086 00       		.byte	0
 2452 0087 00       		.byte	0
 2453 0088 0B       		.uleb128 0xb
 2454 0089 0D       		.uleb128 0xd
 2455 008a 00       		.byte	0
 2456 008b 03       		.uleb128 0x3
 2457 008c 08       		.uleb128 0x8
 2458 008d 3A       		.uleb128 0x3a
 2459 008e 0B       		.uleb128 0xb
 2460 008f 3B       		.uleb128 0x3b
 2461 0090 05       		.uleb128 0x5
 2462 0091 39       		.uleb128 0x39
 2463 0092 0B       		.uleb128 0xb
 2464 0093 49       		.uleb128 0x49
 2465 0094 13       		.uleb128 0x13
 2466 0095 38       		.uleb128 0x38
 2467 0096 0A       		.uleb128 0xa
 2468 0097 00       		.byte	0
 2469 0098 00       		.byte	0
 2470 0099 0C       		.uleb128 0xc
 2471 009a 0D       		.uleb128 0xd
 2472 009b 00       		.byte	0
 2473 009c 03       		.uleb128 0x3
 2474 009d 0E       		.uleb128 0xe
 2475 009e 3A       		.uleb128 0x3a
 2476 009f 0B       		.uleb128 0xb
 2477 00a0 3B       		.uleb128 0x3b
 2478 00a1 05       		.uleb128 0x5
 2479 00a2 39       		.uleb128 0x39
 2480 00a3 0B       		.uleb128 0xb
 2481 00a4 49       		.uleb128 0x49
 2482 00a5 13       		.uleb128 0x13
 2483 00a6 38       		.uleb128 0x38
 2484 00a7 0A       		.uleb128 0xa
 2485 00a8 00       		.byte	0
 2486 00a9 00       		.byte	0
 2487 00aa 0D       		.uleb128 0xd
 2488 00ab 01       		.uleb128 0x1
 2489 00ac 01       		.byte	0x1
 2490 00ad 49       		.uleb128 0x49
 2491 00ae 13       		.uleb128 0x13
 2492 00af 01       		.uleb128 0x1
 2493 00b0 13       		.uleb128 0x13
 2494 00b1 00       		.byte	0
 2495 00b2 00       		.byte	0
 2496 00b3 0E       		.uleb128 0xe
 2497 00b4 21       		.uleb128 0x21
 2498 00b5 00       		.byte	0
 2499 00b6 49       		.uleb128 0x49
 2500 00b7 13       		.uleb128 0x13
 2501 00b8 2F       		.uleb128 0x2f
 2502 00b9 0B       		.uleb128 0xb
 2503 00ba 00       		.byte	0
 2504 00bb 00       		.byte	0
 2505 00bc 0F       		.uleb128 0xf
ARM GAS  /tmp/ccnG0Tvv.s 			page 58


 2506 00bd 04       		.uleb128 0x4
 2507 00be 01       		.byte	0x1
 2508 00bf 3E       		.uleb128 0x3e
 2509 00c0 0B       		.uleb128 0xb
 2510 00c1 0B       		.uleb128 0xb
 2511 00c2 0B       		.uleb128 0xb
 2512 00c3 49       		.uleb128 0x49
 2513 00c4 13       		.uleb128 0x13
 2514 00c5 3A       		.uleb128 0x3a
 2515 00c6 0B       		.uleb128 0xb
 2516 00c7 3B       		.uleb128 0x3b
 2517 00c8 0B       		.uleb128 0xb
 2518 00c9 39       		.uleb128 0x39
 2519 00ca 0B       		.uleb128 0xb
 2520 00cb 01       		.uleb128 0x1
 2521 00cc 13       		.uleb128 0x13
 2522 00cd 00       		.byte	0
 2523 00ce 00       		.byte	0
 2524 00cf 10       		.uleb128 0x10
 2525 00d0 13       		.uleb128 0x13
 2526 00d1 01       		.byte	0x1
 2527 00d2 0B       		.uleb128 0xb
 2528 00d3 0B       		.uleb128 0xb
 2529 00d4 3A       		.uleb128 0x3a
 2530 00d5 0B       		.uleb128 0xb
 2531 00d6 3B       		.uleb128 0x3b
 2532 00d7 0B       		.uleb128 0xb
 2533 00d8 39       		.uleb128 0x39
 2534 00d9 0B       		.uleb128 0xb
 2535 00da 01       		.uleb128 0x1
 2536 00db 13       		.uleb128 0x13
 2537 00dc 00       		.byte	0
 2538 00dd 00       		.byte	0
 2539 00de 11       		.uleb128 0x11
 2540 00df 0D       		.uleb128 0xd
 2541 00e0 00       		.byte	0
 2542 00e1 03       		.uleb128 0x3
 2543 00e2 0E       		.uleb128 0xe
 2544 00e3 3A       		.uleb128 0x3a
 2545 00e4 0B       		.uleb128 0xb
 2546 00e5 3B       		.uleb128 0x3b
 2547 00e6 0B       		.uleb128 0xb
 2548 00e7 39       		.uleb128 0x39
 2549 00e8 0B       		.uleb128 0xb
 2550 00e9 49       		.uleb128 0x49
 2551 00ea 13       		.uleb128 0x13
 2552 00eb 38       		.uleb128 0x38
 2553 00ec 0A       		.uleb128 0xa
 2554 00ed 00       		.byte	0
 2555 00ee 00       		.byte	0
 2556 00ef 12       		.uleb128 0x12
 2557 00f0 2E       		.uleb128 0x2e
 2558 00f1 01       		.byte	0x1
 2559 00f2 3F       		.uleb128 0x3f
 2560 00f3 0C       		.uleb128 0xc
 2561 00f4 03       		.uleb128 0x3
 2562 00f5 0E       		.uleb128 0xe
ARM GAS  /tmp/ccnG0Tvv.s 			page 59


 2563 00f6 3A       		.uleb128 0x3a
 2564 00f7 0B       		.uleb128 0xb
 2565 00f8 3B       		.uleb128 0x3b
 2566 00f9 05       		.uleb128 0x5
 2567 00fa 39       		.uleb128 0x39
 2568 00fb 0B       		.uleb128 0xb
 2569 00fc 27       		.uleb128 0x27
 2570 00fd 0C       		.uleb128 0xc
 2571 00fe 3C       		.uleb128 0x3c
 2572 00ff 0C       		.uleb128 0xc
 2573 0100 01       		.uleb128 0x1
 2574 0101 13       		.uleb128 0x13
 2575 0102 00       		.byte	0
 2576 0103 00       		.byte	0
 2577 0104 13       		.uleb128 0x13
 2578 0105 05       		.uleb128 0x5
 2579 0106 00       		.byte	0
 2580 0107 49       		.uleb128 0x49
 2581 0108 13       		.uleb128 0x13
 2582 0109 00       		.byte	0
 2583 010a 00       		.byte	0
 2584 010b 14       		.uleb128 0x14
 2585 010c 2E       		.uleb128 0x2e
 2586 010d 01       		.byte	0x1
 2587 010e 3F       		.uleb128 0x3f
 2588 010f 0C       		.uleb128 0xc
 2589 0110 03       		.uleb128 0x3
 2590 0111 0E       		.uleb128 0xe
 2591 0112 3A       		.uleb128 0x3a
 2592 0113 0B       		.uleb128 0xb
 2593 0114 3B       		.uleb128 0x3b
 2594 0115 05       		.uleb128 0x5
 2595 0116 39       		.uleb128 0x39
 2596 0117 0B       		.uleb128 0xb
 2597 0118 27       		.uleb128 0x27
 2598 0119 0C       		.uleb128 0xc
 2599 011a 11       		.uleb128 0x11
 2600 011b 01       		.uleb128 0x1
 2601 011c 12       		.uleb128 0x12
 2602 011d 01       		.uleb128 0x1
 2603 011e 40       		.uleb128 0x40
 2604 011f 0A       		.uleb128 0xa
 2605 0120 9742     		.uleb128 0x2117
 2606 0122 0C       		.uleb128 0xc
 2607 0123 01       		.uleb128 0x1
 2608 0124 13       		.uleb128 0x13
 2609 0125 00       		.byte	0
 2610 0126 00       		.byte	0
 2611 0127 15       		.uleb128 0x15
 2612 0128 05       		.uleb128 0x5
 2613 0129 00       		.byte	0
 2614 012a 03       		.uleb128 0x3
 2615 012b 0E       		.uleb128 0xe
 2616 012c 3A       		.uleb128 0x3a
 2617 012d 0B       		.uleb128 0xb
 2618 012e 3B       		.uleb128 0x3b
 2619 012f 05       		.uleb128 0x5
ARM GAS  /tmp/ccnG0Tvv.s 			page 60


 2620 0130 39       		.uleb128 0x39
 2621 0131 0B       		.uleb128 0xb
 2622 0132 49       		.uleb128 0x49
 2623 0133 13       		.uleb128 0x13
 2624 0134 02       		.uleb128 0x2
 2625 0135 0A       		.uleb128 0xa
 2626 0136 00       		.byte	0
 2627 0137 00       		.byte	0
 2628 0138 16       		.uleb128 0x16
 2629 0139 2E       		.uleb128 0x2e
 2630 013a 01       		.byte	0x1
 2631 013b 3F       		.uleb128 0x3f
 2632 013c 0C       		.uleb128 0xc
 2633 013d 03       		.uleb128 0x3
 2634 013e 0E       		.uleb128 0xe
 2635 013f 3A       		.uleb128 0x3a
 2636 0140 0B       		.uleb128 0xb
 2637 0141 3B       		.uleb128 0x3b
 2638 0142 05       		.uleb128 0x5
 2639 0143 39       		.uleb128 0x39
 2640 0144 0B       		.uleb128 0xb
 2641 0145 27       		.uleb128 0x27
 2642 0146 0C       		.uleb128 0xc
 2643 0147 11       		.uleb128 0x11
 2644 0148 01       		.uleb128 0x1
 2645 0149 12       		.uleb128 0x12
 2646 014a 01       		.uleb128 0x1
 2647 014b 40       		.uleb128 0x40
 2648 014c 06       		.uleb128 0x6
 2649 014d 9742     		.uleb128 0x2117
 2650 014f 0C       		.uleb128 0xc
 2651 0150 01       		.uleb128 0x1
 2652 0151 13       		.uleb128 0x13
 2653 0152 00       		.byte	0
 2654 0153 00       		.byte	0
 2655 0154 17       		.uleb128 0x17
 2656 0155 05       		.uleb128 0x5
 2657 0156 00       		.byte	0
 2658 0157 03       		.uleb128 0x3
 2659 0158 0E       		.uleb128 0xe
 2660 0159 3A       		.uleb128 0x3a
 2661 015a 0B       		.uleb128 0xb
 2662 015b 3B       		.uleb128 0x3b
 2663 015c 05       		.uleb128 0x5
 2664 015d 39       		.uleb128 0x39
 2665 015e 0B       		.uleb128 0xb
 2666 015f 49       		.uleb128 0x49
 2667 0160 13       		.uleb128 0x13
 2668 0161 02       		.uleb128 0x2
 2669 0162 06       		.uleb128 0x6
 2670 0163 B742     		.uleb128 0x2137
 2671 0165 06       		.uleb128 0x6
 2672 0166 00       		.byte	0
 2673 0167 00       		.byte	0
 2674 0168 18       		.uleb128 0x18
 2675 0169 34       		.uleb128 0x34
 2676 016a 00       		.byte	0
ARM GAS  /tmp/ccnG0Tvv.s 			page 61


 2677 016b 03       		.uleb128 0x3
 2678 016c 08       		.uleb128 0x8
 2679 016d 3A       		.uleb128 0x3a
 2680 016e 0B       		.uleb128 0xb
 2681 016f 3B       		.uleb128 0x3b
 2682 0170 05       		.uleb128 0x5
 2683 0171 39       		.uleb128 0x39
 2684 0172 0B       		.uleb128 0xb
 2685 0173 49       		.uleb128 0x49
 2686 0174 13       		.uleb128 0x13
 2687 0175 02       		.uleb128 0x2
 2688 0176 06       		.uleb128 0x6
 2689 0177 B742     		.uleb128 0x2137
 2690 0179 06       		.uleb128 0x6
 2691 017a 00       		.byte	0
 2692 017b 00       		.byte	0
 2693 017c 19       		.uleb128 0x19
 2694 017d 34       		.uleb128 0x34
 2695 017e 00       		.byte	0
 2696 017f 03       		.uleb128 0x3
 2697 0180 0E       		.uleb128 0xe
 2698 0181 3A       		.uleb128 0x3a
 2699 0182 0B       		.uleb128 0xb
 2700 0183 3B       		.uleb128 0x3b
 2701 0184 05       		.uleb128 0x5
 2702 0185 39       		.uleb128 0x39
 2703 0186 0B       		.uleb128 0xb
 2704 0187 49       		.uleb128 0x49
 2705 0188 13       		.uleb128 0x13
 2706 0189 02       		.uleb128 0x2
 2707 018a 06       		.uleb128 0x6
 2708 018b B742     		.uleb128 0x2137
 2709 018d 06       		.uleb128 0x6
 2710 018e 00       		.byte	0
 2711 018f 00       		.byte	0
 2712 0190 1A       		.uleb128 0x1a
 2713 0191 0F       		.uleb128 0xf
 2714 0192 00       		.byte	0
 2715 0193 0B       		.uleb128 0xb
 2716 0194 0B       		.uleb128 0xb
 2717 0195 49       		.uleb128 0x49
 2718 0196 13       		.uleb128 0x13
 2719 0197 00       		.byte	0
 2720 0198 00       		.byte	0
 2721 0199 1B       		.uleb128 0x1b
 2722 019a 2E       		.uleb128 0x2e
 2723 019b 01       		.byte	0x1
 2724 019c 3F       		.uleb128 0x3f
 2725 019d 0C       		.uleb128 0xc
 2726 019e 03       		.uleb128 0x3
 2727 019f 0E       		.uleb128 0xe
 2728 01a0 3A       		.uleb128 0x3a
 2729 01a1 0B       		.uleb128 0xb
 2730 01a2 3B       		.uleb128 0x3b
 2731 01a3 05       		.uleb128 0x5
 2732 01a4 39       		.uleb128 0x39
 2733 01a5 0B       		.uleb128 0xb
ARM GAS  /tmp/ccnG0Tvv.s 			page 62


 2734 01a6 27       		.uleb128 0x27
 2735 01a7 0C       		.uleb128 0xc
 2736 01a8 49       		.uleb128 0x49
 2737 01a9 13       		.uleb128 0x13
 2738 01aa 11       		.uleb128 0x11
 2739 01ab 01       		.uleb128 0x1
 2740 01ac 12       		.uleb128 0x12
 2741 01ad 01       		.uleb128 0x1
 2742 01ae 40       		.uleb128 0x40
 2743 01af 0A       		.uleb128 0xa
 2744 01b0 9742     		.uleb128 0x2117
 2745 01b2 0C       		.uleb128 0xc
 2746 01b3 01       		.uleb128 0x1
 2747 01b4 13       		.uleb128 0x13
 2748 01b5 00       		.byte	0
 2749 01b6 00       		.byte	0
 2750 01b7 1C       		.uleb128 0x1c
 2751 01b8 2E       		.uleb128 0x2e
 2752 01b9 01       		.byte	0x1
 2753 01ba 3F       		.uleb128 0x3f
 2754 01bb 0C       		.uleb128 0xc
 2755 01bc 03       		.uleb128 0x3
 2756 01bd 0E       		.uleb128 0xe
 2757 01be 3A       		.uleb128 0x3a
 2758 01bf 0B       		.uleb128 0xb
 2759 01c0 3B       		.uleb128 0x3b
 2760 01c1 0B       		.uleb128 0xb
 2761 01c2 39       		.uleb128 0x39
 2762 01c3 0B       		.uleb128 0xb
 2763 01c4 27       		.uleb128 0x27
 2764 01c5 0C       		.uleb128 0xc
 2765 01c6 11       		.uleb128 0x11
 2766 01c7 01       		.uleb128 0x1
 2767 01c8 12       		.uleb128 0x12
 2768 01c9 01       		.uleb128 0x1
 2769 01ca 40       		.uleb128 0x40
 2770 01cb 06       		.uleb128 0x6
 2771 01cc 9742     		.uleb128 0x2117
 2772 01ce 0C       		.uleb128 0xc
 2773 01cf 01       		.uleb128 0x1
 2774 01d0 13       		.uleb128 0x13
 2775 01d1 00       		.byte	0
 2776 01d2 00       		.byte	0
 2777 01d3 1D       		.uleb128 0x1d
 2778 01d4 05       		.uleb128 0x5
 2779 01d5 00       		.byte	0
 2780 01d6 03       		.uleb128 0x3
 2781 01d7 0E       		.uleb128 0xe
 2782 01d8 3A       		.uleb128 0x3a
 2783 01d9 0B       		.uleb128 0xb
 2784 01da 3B       		.uleb128 0x3b
 2785 01db 0B       		.uleb128 0xb
 2786 01dc 39       		.uleb128 0x39
 2787 01dd 0B       		.uleb128 0xb
 2788 01de 49       		.uleb128 0x49
 2789 01df 13       		.uleb128 0x13
 2790 01e0 02       		.uleb128 0x2
ARM GAS  /tmp/ccnG0Tvv.s 			page 63


 2791 01e1 0A       		.uleb128 0xa
 2792 01e2 00       		.byte	0
 2793 01e3 00       		.byte	0
 2794 01e4 1E       		.uleb128 0x1e
 2795 01e5 05       		.uleb128 0x5
 2796 01e6 00       		.byte	0
 2797 01e7 03       		.uleb128 0x3
 2798 01e8 0E       		.uleb128 0xe
 2799 01e9 3A       		.uleb128 0x3a
 2800 01ea 0B       		.uleb128 0xb
 2801 01eb 3B       		.uleb128 0x3b
 2802 01ec 0B       		.uleb128 0xb
 2803 01ed 39       		.uleb128 0x39
 2804 01ee 0B       		.uleb128 0xb
 2805 01ef 49       		.uleb128 0x49
 2806 01f0 13       		.uleb128 0x13
 2807 01f1 02       		.uleb128 0x2
 2808 01f2 06       		.uleb128 0x6
 2809 01f3 B742     		.uleb128 0x2137
 2810 01f5 06       		.uleb128 0x6
 2811 01f6 00       		.byte	0
 2812 01f7 00       		.byte	0
 2813 01f8 1F       		.uleb128 0x1f
 2814 01f9 34       		.uleb128 0x34
 2815 01fa 00       		.byte	0
 2816 01fb 03       		.uleb128 0x3
 2817 01fc 0E       		.uleb128 0xe
 2818 01fd 3A       		.uleb128 0x3a
 2819 01fe 0B       		.uleb128 0xb
 2820 01ff 3B       		.uleb128 0x3b
 2821 0200 0B       		.uleb128 0xb
 2822 0201 39       		.uleb128 0x39
 2823 0202 0B       		.uleb128 0xb
 2824 0203 49       		.uleb128 0x49
 2825 0204 13       		.uleb128 0x13
 2826 0205 02       		.uleb128 0x2
 2827 0206 06       		.uleb128 0x6
 2828 0207 B742     		.uleb128 0x2137
 2829 0209 06       		.uleb128 0x6
 2830 020a 00       		.byte	0
 2831 020b 00       		.byte	0
 2832 020c 20       		.uleb128 0x20
 2833 020d 34       		.uleb128 0x34
 2834 020e 00       		.byte	0
 2835 020f 03       		.uleb128 0x3
 2836 0210 08       		.uleb128 0x8
 2837 0211 3A       		.uleb128 0x3a
 2838 0212 0B       		.uleb128 0xb
 2839 0213 3B       		.uleb128 0x3b
 2840 0214 0B       		.uleb128 0xb
 2841 0215 39       		.uleb128 0x39
 2842 0216 0B       		.uleb128 0xb
 2843 0217 49       		.uleb128 0x49
 2844 0218 13       		.uleb128 0x13
 2845 0219 02       		.uleb128 0x2
 2846 021a 06       		.uleb128 0x6
 2847 021b B742     		.uleb128 0x2137
ARM GAS  /tmp/ccnG0Tvv.s 			page 64


 2848 021d 06       		.uleb128 0x6
 2849 021e 00       		.byte	0
 2850 021f 00       		.byte	0
 2851 0220 21       		.uleb128 0x21
 2852 0221 898201   		.uleb128 0x4109
 2853 0224 01       		.byte	0x1
 2854 0225 11       		.uleb128 0x11
 2855 0226 01       		.uleb128 0x1
 2856 0227 31       		.uleb128 0x31
 2857 0228 13       		.uleb128 0x13
 2858 0229 01       		.uleb128 0x1
 2859 022a 13       		.uleb128 0x13
 2860 022b 00       		.byte	0
 2861 022c 00       		.byte	0
 2862 022d 22       		.uleb128 0x22
 2863 022e 8A8201   		.uleb128 0x410a
 2864 0231 00       		.byte	0
 2865 0232 02       		.uleb128 0x2
 2866 0233 0A       		.uleb128 0xa
 2867 0234 9142     		.uleb128 0x2111
 2868 0236 0A       		.uleb128 0xa
 2869 0237 00       		.byte	0
 2870 0238 00       		.byte	0
 2871 0239 23       		.uleb128 0x23
 2872 023a 898201   		.uleb128 0x4109
 2873 023d 01       		.byte	0x1
 2874 023e 11       		.uleb128 0x11
 2875 023f 01       		.uleb128 0x1
 2876 0240 9542     		.uleb128 0x2115
 2877 0242 0C       		.uleb128 0xc
 2878 0243 31       		.uleb128 0x31
 2879 0244 13       		.uleb128 0x13
 2880 0245 00       		.byte	0
 2881 0246 00       		.byte	0
 2882 0247 24       		.uleb128 0x24
 2883 0248 2E       		.uleb128 0x2e
 2884 0249 01       		.byte	0x1
 2885 024a 3F       		.uleb128 0x3f
 2886 024b 0C       		.uleb128 0xc
 2887 024c 03       		.uleb128 0x3
 2888 024d 0E       		.uleb128 0xe
 2889 024e 3A       		.uleb128 0x3a
 2890 024f 0B       		.uleb128 0xb
 2891 0250 3B       		.uleb128 0x3b
 2892 0251 0B       		.uleb128 0xb
 2893 0252 39       		.uleb128 0x39
 2894 0253 0B       		.uleb128 0xb
 2895 0254 27       		.uleb128 0x27
 2896 0255 0C       		.uleb128 0xc
 2897 0256 11       		.uleb128 0x11
 2898 0257 01       		.uleb128 0x1
 2899 0258 12       		.uleb128 0x12
 2900 0259 01       		.uleb128 0x1
 2901 025a 40       		.uleb128 0x40
 2902 025b 06       		.uleb128 0x6
 2903 025c 9742     		.uleb128 0x2117
 2904 025e 0C       		.uleb128 0xc
ARM GAS  /tmp/ccnG0Tvv.s 			page 65


 2905 025f 00       		.byte	0
 2906 0260 00       		.byte	0
 2907 0261 25       		.uleb128 0x25
 2908 0262 898201   		.uleb128 0x4109
 2909 0265 00       		.byte	0
 2910 0266 11       		.uleb128 0x11
 2911 0267 01       		.uleb128 0x1
 2912 0268 9542     		.uleb128 0x2115
 2913 026a 0C       		.uleb128 0xc
 2914 026b 31       		.uleb128 0x31
 2915 026c 13       		.uleb128 0x13
 2916 026d 00       		.byte	0
 2917 026e 00       		.byte	0
 2918 026f 26       		.uleb128 0x26
 2919 0270 898201   		.uleb128 0x4109
 2920 0273 01       		.byte	0x1
 2921 0274 11       		.uleb128 0x11
 2922 0275 01       		.uleb128 0x1
 2923 0276 31       		.uleb128 0x31
 2924 0277 13       		.uleb128 0x13
 2925 0278 00       		.byte	0
 2926 0279 00       		.byte	0
 2927 027a 00       		.byte	0
 2928              		.section	.debug_loc,"",%progbits
 2929              	.Ldebug_loc0:
 2930              	.LLST24:
 2931 0000 54020000 		.4byte	.LFB45-.Ltext0
 2932 0004 56020000 		.4byte	.LCFI7-.Ltext0
 2933 0008 0200     		.2byte	0x2
 2934 000a 7D       		.byte	0x7d
 2935 000b 00       		.sleb128 0
 2936 000c 56020000 		.4byte	.LCFI7-.Ltext0
 2937 0010 7E020000 		.4byte	.LFE45-.Ltext0
 2938 0014 0200     		.2byte	0x2
 2939 0016 7D       		.byte	0x7d
 2940 0017 08       		.sleb128 8
 2941 0018 00000000 		.4byte	0
 2942 001c 00000000 		.4byte	0
 2943              	.LVUS25:
 2944 0020 00       		.uleb128 0
 2945 0021 00       		.uleb128 .LVU303
 2946 0022 00       		.uleb128 .LVU303
 2947 0023 00       		.uleb128 0
 2948              	.LLST25:
 2949 0024 54020000 		.4byte	.LVL83-.Ltext0
 2950 0028 78020000 		.4byte	.LVL87-.Ltext0
 2951 002c 0100     		.2byte	0x1
 2952 002e 50       		.byte	0x50
 2953 002f 78020000 		.4byte	.LVL87-.Ltext0
 2954 0033 7E020000 		.4byte	.LFE45-.Ltext0
 2955 0037 0A00     		.2byte	0xa
 2956 0039 F3       		.byte	0xf3
 2957 003a 03       		.uleb128 0x3
 2958 003b F5       		.byte	0xf5
 2959 003c 00       		.uleb128 0
 2960 003d 25       		.uleb128 0x25
 2961 003e F7       		.byte	0xf7
ARM GAS  /tmp/ccnG0Tvv.s 			page 66


 2962 003f 33       		.uleb128 0x33
 2963 0040 F7       		.byte	0xf7
 2964 0041 00       		.uleb128 0
 2965 0042 9F       		.byte	0x9f
 2966 0043 00000000 		.4byte	0
 2967 0047 00000000 		.4byte	0
 2968              	.LVUS26:
 2969 004b 00       		.uleb128 0
 2970 004c 00       		.uleb128 .LVU294
 2971 004d 00       		.uleb128 .LVU294
 2972 004e 00       		.uleb128 0
 2973              	.LLST26:
 2974 004f 54020000 		.4byte	.LVL83-.Ltext0
 2975 0053 60020000 		.4byte	.LVL84-.Ltext0
 2976 0057 0100     		.2byte	0x1
 2977 0059 51       		.byte	0x51
 2978 005a 60020000 		.4byte	.LVL84-.Ltext0
 2979 005e 7E020000 		.4byte	.LFE45-.Ltext0
 2980 0062 0A00     		.2byte	0xa
 2981 0064 F3       		.byte	0xf3
 2982 0065 03       		.uleb128 0x3
 2983 0066 F5       		.byte	0xf5
 2984 0067 01       		.uleb128 0x1
 2985 0068 25       		.uleb128 0x25
 2986 0069 F7       		.byte	0xf7
 2987 006a 33       		.uleb128 0x33
 2988 006b F7       		.byte	0xf7
 2989 006c 00       		.uleb128 0
 2990 006d 9F       		.byte	0x9f
 2991 006e 00000000 		.4byte	0
 2992 0072 00000000 		.4byte	0
 2993              	.LVUS27:
 2994 0076 02       		.uleb128 .LVU288
 2995 0077 00       		.uleb128 .LVU297
 2996 0078 00       		.uleb128 .LVU297
 2997 0079 00       		.uleb128 .LVU299
 2998 007a 00       		.uleb128 .LVU299
 2999 007b 00       		.uleb128 0
 3000              	.LLST27:
 3001 007c 54020000 		.4byte	.LVL83-.Ltext0
 3002 0080 6C020000 		.4byte	.LVL85-.Ltext0
 3003 0084 0200     		.2byte	0x2
 3004 0086 30       		.byte	0x30
 3005 0087 9F       		.byte	0x9f
 3006 0088 6C020000 		.4byte	.LVL85-.Ltext0
 3007 008c 6E020000 		.4byte	.LVL86-.Ltext0
 3008 0090 0500     		.2byte	0x5
 3009 0092 3F       		.byte	0x3f
 3010 0093 73       		.byte	0x73
 3011 0094 00       		.sleb128 0
 3012 0095 24       		.byte	0x24
 3013 0096 9F       		.byte	0x9f
 3014 0097 6E020000 		.4byte	.LVL86-.Ltext0
 3015 009b 7E020000 		.4byte	.LFE45-.Ltext0
 3016 009f 0100     		.2byte	0x1
 3017 00a1 54       		.byte	0x54
 3018 00a2 00000000 		.4byte	0
ARM GAS  /tmp/ccnG0Tvv.s 			page 67


 3019 00a6 00000000 		.4byte	0
 3020              	.LLST19:
 3021 00aa F0010000 		.4byte	.LFB44-.Ltext0
 3022 00ae F4010000 		.4byte	.LCFI6-.Ltext0
 3023 00b2 0200     		.2byte	0x2
 3024 00b4 7D       		.byte	0x7d
 3025 00b5 00       		.sleb128 0
 3026 00b6 F4010000 		.4byte	.LCFI6-.Ltext0
 3027 00ba 54020000 		.4byte	.LFE44-.Ltext0
 3028 00be 0200     		.2byte	0x2
 3029 00c0 7D       		.byte	0x7d
 3030 00c1 0C       		.sleb128 12
 3031 00c2 00000000 		.4byte	0
 3032 00c6 00000000 		.4byte	0
 3033              	.LVUS20:
 3034 00ca 02       		.uleb128 .LVU240
 3035 00cb 00       		.uleb128 .LVU254
 3036 00cc 00       		.uleb128 .LVU254
 3037 00cd 00       		.uleb128 .LVU263
 3038 00ce 00       		.uleb128 .LVU263
 3039 00cf 00       		.uleb128 .LVU271
 3040 00d0 00       		.uleb128 .LVU271
 3041 00d1 00       		.uleb128 0
 3042              	.LLST20:
 3043 00d2 F0010000 		.4byte	.LVL71-.Ltext0
 3044 00d6 06020000 		.4byte	.LVL74-.Ltext0
 3045 00da 0200     		.2byte	0x2
 3046 00dc 30       		.byte	0x30
 3047 00dd 9F       		.byte	0x9f
 3048 00de 06020000 		.4byte	.LVL74-.Ltext0
 3049 00e2 1A020000 		.4byte	.LVL77-.Ltext0
 3050 00e6 0100     		.2byte	0x1
 3051 00e8 52       		.byte	0x52
 3052 00e9 1A020000 		.4byte	.LVL77-.Ltext0
 3053 00ed 2E020000 		.4byte	.LVL79-.Ltext0
 3054 00f1 0700     		.2byte	0x7
 3055 00f3 70       		.byte	0x70
 3056 00f4 00       		.sleb128 0
 3057 00f5 0A       		.byte	0xa
 3058 00f6 FFFF     		.2byte	0xffff
 3059 00f8 1A       		.byte	0x1a
 3060 00f9 9F       		.byte	0x9f
 3061 00fa 2E020000 		.4byte	.LVL79-.Ltext0
 3062 00fe 54020000 		.4byte	.LFE44-.Ltext0
 3063 0102 0100     		.2byte	0x1
 3064 0104 52       		.byte	0x52
 3065 0105 00000000 		.4byte	0
 3066 0109 00000000 		.4byte	0
 3067              	.LVUS21:
 3068 010d 02       		.uleb128 .LVU240
 3069 010e 00       		.uleb128 .LVU261
 3070 010f 00       		.uleb128 .LVU271
 3071 0110 01       		.uleb128 .LVU274
 3072 0111 01       		.uleb128 .LVU274
 3073 0112 00       		.uleb128 0
 3074              	.LLST21:
 3075 0113 F0010000 		.4byte	.LVL71-.Ltext0
ARM GAS  /tmp/ccnG0Tvv.s 			page 68


 3076 0117 14020000 		.4byte	.LVL76-.Ltext0
 3077 011b 0200     		.2byte	0x2
 3078 011d 30       		.byte	0x30
 3079 011e 9F       		.byte	0x9f
 3080 011f 2E020000 		.4byte	.LVL79-.Ltext0
 3081 0123 30020000 		.4byte	.LVL80-.Ltext0
 3082 0127 0200     		.2byte	0x2
 3083 0129 30       		.byte	0x30
 3084 012a 9F       		.byte	0x9f
 3085 012b 30020000 		.4byte	.LVL80-.Ltext0
 3086 012f 54020000 		.4byte	.LFE44-.Ltext0
 3087 0133 0900     		.2byte	0x9
 3088 0135 33       		.byte	0x33
 3089 0136 70       		.byte	0x70
 3090 0137 00       		.sleb128 0
 3091 0138 40       		.byte	0x40
 3092 0139 25       		.byte	0x25
 3093 013a 3F       		.byte	0x3f
 3094 013b 1A       		.byte	0x1a
 3095 013c 24       		.byte	0x24
 3096 013d 9F       		.byte	0x9f
 3097 013e 00000000 		.4byte	0
 3098 0142 00000000 		.4byte	0
 3099              	.LVUS22:
 3100 0146 02       		.uleb128 .LVU240
 3101 0147 00       		.uleb128 .LVU248
 3102 0148 00       		.uleb128 .LVU248
 3103 0149 00       		.uleb128 .LVU285
 3104              	.LLST22:
 3105 014a F0010000 		.4byte	.LVL71-.Ltext0
 3106 014e FE010000 		.4byte	.LVL72-.Ltext0
 3107 0152 0200     		.2byte	0x2
 3108 0154 30       		.byte	0x30
 3109 0155 9F       		.byte	0x9f
 3110 0156 FE010000 		.4byte	.LVL72-.Ltext0
 3111 015a 4C020000 		.4byte	.LVL82-.Ltext0
 3112 015e 0100     		.2byte	0x1
 3113 0160 53       		.byte	0x53
 3114 0161 00000000 		.4byte	0
 3115 0165 00000000 		.4byte	0
 3116              	.LVUS23:
 3117 0169 02       		.uleb128 .LVU240
 3118 016a 01       		.uleb128 .LVU251
 3119 016b 01       		.uleb128 .LVU251
 3120 016c 00       		.uleb128 0
 3121              	.LLST23:
 3122 016d F0010000 		.4byte	.LVL71-.Ltext0
 3123 0171 00020000 		.4byte	.LVL73-.Ltext0
 3124 0175 0200     		.2byte	0x2
 3125 0177 30       		.byte	0x30
 3126 0178 9F       		.byte	0x9f
 3127 0179 00020000 		.4byte	.LVL73-.Ltext0
 3128 017d 54020000 		.4byte	.LFE44-.Ltext0
 3129 0181 0700     		.2byte	0x7
 3130 0183 70       		.byte	0x70
 3131 0184 00       		.sleb128 0
 3132 0185 40       		.byte	0x40
ARM GAS  /tmp/ccnG0Tvv.s 			page 69


 3133 0186 25       		.byte	0x25
 3134 0187 3F       		.byte	0x3f
 3135 0188 1A       		.byte	0x1a
 3136 0189 9F       		.byte	0x9f
 3137 018a 00000000 		.4byte	0
 3138 018e 00000000 		.4byte	0
 3139              	.LVUS18:
 3140 0192 02       		.uleb128 .LVU220
 3141 0193 00       		.uleb128 .LVU224
 3142 0194 00       		.uleb128 .LVU224
 3143 0195 01       		.uleb128 .LVU225
 3144 0196 01       		.uleb128 .LVU225
 3145 0197 02       		.uleb128 .LVU226
 3146 0198 02       		.uleb128 .LVU226
 3147 0199 00       		.uleb128 .LVU228
 3148 019a 00       		.uleb128 .LVU230
 3149 019b 00       		.uleb128 0
 3150              	.LLST18:
 3151 019c C8010000 		.4byte	.LVL66-.Ltext0
 3152 01a0 CC010000 		.4byte	.LVL67-.Ltext0
 3153 01a4 0200     		.2byte	0x2
 3154 01a6 30       		.byte	0x30
 3155 01a7 9F       		.byte	0x9f
 3156 01a8 CC010000 		.4byte	.LVL67-.Ltext0
 3157 01ac CC010000 		.4byte	.LVL67-.Ltext0
 3158 01b0 0100     		.2byte	0x1
 3159 01b2 53       		.byte	0x53
 3160 01b3 CC010000 		.4byte	.LVL67-.Ltext0
 3161 01b7 CC010000 		.4byte	.LVL67-.Ltext0
 3162 01bb 0700     		.2byte	0x7
 3163 01bd 73       		.byte	0x73
 3164 01be 00       		.sleb128 0
 3165 01bf 0A       		.byte	0xa
 3166 01c0 80FF     		.2byte	0xff80
 3167 01c2 1A       		.byte	0x1a
 3168 01c3 9F       		.byte	0x9f
 3169 01c4 CC010000 		.4byte	.LVL67-.Ltext0
 3170 01c8 D0010000 		.4byte	.LVL68-.Ltext0
 3171 01cc 1300     		.2byte	0x13
 3172 01ce 73       		.byte	0x73
 3173 01cf 00       		.sleb128 0
 3174 01d0 0A       		.byte	0xa
 3175 01d1 80FF     		.2byte	0xff80
 3176 01d3 1A       		.byte	0x1a
 3177 01d4 F3       		.byte	0xf3
 3178 01d5 03       		.uleb128 0x3
 3179 01d6 F5       		.byte	0xf5
 3180 01d7 00       		.uleb128 0
 3181 01d8 25       		.uleb128 0x25
 3182 01d9 F7       		.byte	0xf7
 3183 01da 2C       		.uleb128 0x2c
 3184 01db F7       		.byte	0xf7
 3185 01dc 00       		.uleb128 0
 3186 01dd 34       		.byte	0x34
 3187 01de 24       		.byte	0x24
 3188 01df 21       		.byte	0x21
 3189 01e0 9F       		.byte	0x9f
ARM GAS  /tmp/ccnG0Tvv.s 			page 70


 3190 01e1 DA010000 		.4byte	.LVL69-.Ltext0
 3191 01e5 E4010000 		.4byte	.LFE42-.Ltext0
 3192 01e9 0100     		.2byte	0x1
 3193 01eb 53       		.byte	0x53
 3194 01ec 00000000 		.4byte	0
 3195 01f0 00000000 		.4byte	0
 3196              	.LVUS17:
 3197 01f4 02       		.uleb128 .LVU203
 3198 01f5 00       		.uleb128 .LVU207
 3199 01f6 00       		.uleb128 .LVU207
 3200 01f7 00       		.uleb128 .LVU215
 3201              	.LLST17:
 3202 01f8 B8010000 		.4byte	.LVL63-.Ltext0
 3203 01fc BC010000 		.4byte	.LVL64-.Ltext0
 3204 0200 0400     		.2byte	0x4
 3205 0202 40       		.byte	0x40
 3206 0203 3C       		.byte	0x3c
 3207 0204 24       		.byte	0x24
 3208 0205 9F       		.byte	0x9f
 3209 0206 BC010000 		.4byte	.LVL64-.Ltext0
 3210 020a C4010000 		.4byte	.LVL65-.Ltext0
 3211 020e 0100     		.2byte	0x1
 3212 0210 53       		.byte	0x53
 3213 0211 00000000 		.4byte	0
 3214 0215 00000000 		.4byte	0
 3215              	.LVUS16:
 3216 0219 00       		.uleb128 0
 3217 021a 00       		.uleb128 .LVU172
 3218 021b 00       		.uleb128 .LVU172
 3219 021c 00       		.uleb128 0
 3220              	.LLST16:
 3221 021d 9C010000 		.4byte	.LVL57-.Ltext0
 3222 0221 9E010000 		.4byte	.LVL58-.Ltext0
 3223 0225 0100     		.2byte	0x1
 3224 0227 50       		.byte	0x50
 3225 0228 9E010000 		.4byte	.LVL58-.Ltext0
 3226 022c A2010000 		.4byte	.LFE36-.Ltext0
 3227 0230 0A00     		.2byte	0xa
 3228 0232 F3       		.byte	0xf3
 3229 0233 03       		.uleb128 0x3
 3230 0234 F5       		.byte	0xf5
 3231 0235 00       		.uleb128 0
 3232 0236 25       		.uleb128 0x25
 3233 0237 F7       		.byte	0xf7
 3234 0238 2C       		.uleb128 0x2c
 3235 0239 F7       		.byte	0xf7
 3236 023a 00       		.uleb128 0
 3237 023b 9F       		.byte	0x9f
 3238 023c 00000000 		.4byte	0
 3239 0240 00000000 		.4byte	0
 3240              	.LVUS14:
 3241 0244 00       		.uleb128 0
 3242 0245 00       		.uleb128 .LVU167
 3243 0246 00       		.uleb128 .LVU167
 3244 0247 00       		.uleb128 0
 3245              	.LLST14:
 3246 0248 90010000 		.4byte	.LVL54-.Ltext0
ARM GAS  /tmp/ccnG0Tvv.s 			page 71


 3247 024c 98010000 		.4byte	.LVL56-.Ltext0
 3248 0250 0100     		.2byte	0x1
 3249 0252 50       		.byte	0x50
 3250 0253 98010000 		.4byte	.LVL56-.Ltext0
 3251 0257 9C010000 		.4byte	.LFE35-.Ltext0
 3252 025b 0A00     		.2byte	0xa
 3253 025d F3       		.byte	0xf3
 3254 025e 03       		.uleb128 0x3
 3255 025f F5       		.byte	0xf5
 3256 0260 00       		.uleb128 0
 3257 0261 25       		.uleb128 0x25
 3258 0262 F7       		.byte	0xf7
 3259 0263 2C       		.uleb128 0x2c
 3260 0264 F7       		.byte	0xf7
 3261 0265 00       		.uleb128 0
 3262 0266 9F       		.byte	0x9f
 3263 0267 00000000 		.4byte	0
 3264 026b 00000000 		.4byte	0
 3265              	.LVUS15:
 3266 026f 02       		.uleb128 .LVU160
 3267 0270 00       		.uleb128 .LVU164
 3268 0271 00       		.uleb128 .LVU164
 3269 0272 00       		.uleb128 0
 3270              	.LLST15:
 3271 0273 90010000 		.4byte	.LVL54-.Ltext0
 3272 0277 92010000 		.4byte	.LVL55-.Ltext0
 3273 027b 0200     		.2byte	0x2
 3274 027d 30       		.byte	0x30
 3275 027e 9F       		.byte	0x9f
 3276 027f 92010000 		.4byte	.LVL55-.Ltext0
 3277 0283 9C010000 		.4byte	.LFE35-.Ltext0
 3278 0287 0F00     		.2byte	0xf
 3279 0289 73       		.byte	0x73
 3280 028a 00       		.sleb128 0
 3281 028b F3       		.byte	0xf3
 3282 028c 03       		.uleb128 0x3
 3283 028d F5       		.byte	0xf5
 3284 028e 01       		.uleb128 0x1
 3285 028f 25       		.uleb128 0x25
 3286 0290 F7       		.byte	0xf7
 3287 0291 2C       		.uleb128 0x2c
 3288 0292 F7       		.byte	0xf7
 3289 0293 00       		.uleb128 0
 3290 0294 1A       		.byte	0x1a
 3291 0295 30       		.byte	0x30
 3292 0296 2E       		.byte	0x2e
 3293 0297 9F       		.byte	0x9f
 3294 0298 00000000 		.4byte	0
 3295 029c 00000000 		.4byte	0
 3296              	.LVUS13:
 3297 02a0 00       		.uleb128 0
 3298 02a1 00       		.uleb128 .LVU157
 3299 02a2 00       		.uleb128 .LVU157
 3300 02a3 00       		.uleb128 0
 3301              	.LLST13:
 3302 02a4 8A010000 		.4byte	.LVL52-.Ltext0
 3303 02a8 8C010000 		.4byte	.LVL53-.Ltext0
ARM GAS  /tmp/ccnG0Tvv.s 			page 72


 3304 02ac 0100     		.2byte	0x1
 3305 02ae 50       		.byte	0x50
 3306 02af 8C010000 		.4byte	.LVL53-.Ltext0
 3307 02b3 90010000 		.4byte	.LFE34-.Ltext0
 3308 02b7 0A00     		.2byte	0xa
 3309 02b9 F3       		.byte	0xf3
 3310 02ba 03       		.uleb128 0x3
 3311 02bb F5       		.byte	0xf5
 3312 02bc 00       		.uleb128 0
 3313 02bd 25       		.uleb128 0x25
 3314 02be F7       		.byte	0xf7
 3315 02bf 2C       		.uleb128 0x2c
 3316 02c0 F7       		.byte	0xf7
 3317 02c1 00       		.uleb128 0
 3318 02c2 9F       		.byte	0x9f
 3319 02c3 00000000 		.4byte	0
 3320 02c7 00000000 		.4byte	0
 3321              	.LVUS11:
 3322 02cb 00       		.uleb128 0
 3323 02cc 00       		.uleb128 .LVU152
 3324 02cd 00       		.uleb128 .LVU152
 3325 02ce 00       		.uleb128 0
 3326              	.LLST11:
 3327 02cf 7E010000 		.4byte	.LVL49-.Ltext0
 3328 02d3 86010000 		.4byte	.LVL51-.Ltext0
 3329 02d7 0100     		.2byte	0x1
 3330 02d9 50       		.byte	0x50
 3331 02da 86010000 		.4byte	.LVL51-.Ltext0
 3332 02de 8A010000 		.4byte	.LFE33-.Ltext0
 3333 02e2 0A00     		.2byte	0xa
 3334 02e4 F3       		.byte	0xf3
 3335 02e5 03       		.uleb128 0x3
 3336 02e6 F5       		.byte	0xf5
 3337 02e7 00       		.uleb128 0
 3338 02e8 25       		.uleb128 0x25
 3339 02e9 F7       		.byte	0xf7
 3340 02ea 2C       		.uleb128 0x2c
 3341 02eb F7       		.byte	0xf7
 3342 02ec 00       		.uleb128 0
 3343 02ed 9F       		.byte	0x9f
 3344 02ee 00000000 		.4byte	0
 3345 02f2 00000000 		.4byte	0
 3346              	.LVUS12:
 3347 02f6 02       		.uleb128 .LVU145
 3348 02f7 00       		.uleb128 .LVU149
 3349 02f8 00       		.uleb128 .LVU149
 3350 02f9 00       		.uleb128 0
 3351              	.LLST12:
 3352 02fa 7E010000 		.4byte	.LVL49-.Ltext0
 3353 02fe 80010000 		.4byte	.LVL50-.Ltext0
 3354 0302 0200     		.2byte	0x2
 3355 0304 30       		.byte	0x30
 3356 0305 9F       		.byte	0x9f
 3357 0306 80010000 		.4byte	.LVL50-.Ltext0
 3358 030a 8A010000 		.4byte	.LFE33-.Ltext0
 3359 030e 0F00     		.2byte	0xf
 3360 0310 73       		.byte	0x73
ARM GAS  /tmp/ccnG0Tvv.s 			page 73


 3361 0311 00       		.sleb128 0
 3362 0312 F3       		.byte	0xf3
 3363 0313 03       		.uleb128 0x3
 3364 0314 F5       		.byte	0xf5
 3365 0315 01       		.uleb128 0x1
 3366 0316 25       		.uleb128 0x25
 3367 0317 F7       		.byte	0xf7
 3368 0318 2C       		.uleb128 0x2c
 3369 0319 F7       		.byte	0xf7
 3370 031a 00       		.uleb128 0
 3371 031b 1A       		.byte	0x1a
 3372 031c 30       		.byte	0x30
 3373 031d 2E       		.byte	0x2e
 3374 031e 9F       		.byte	0x9f
 3375 031f 00000000 		.4byte	0
 3376 0323 00000000 		.4byte	0
 3377              	.LLST3:
 3378 0327 CE000000 		.4byte	.LFB31-.Ltext0
 3379 032b D2000000 		.4byte	.LCFI5-.Ltext0
 3380 032f 0200     		.2byte	0x2
 3381 0331 7D       		.byte	0x7d
 3382 0332 00       		.sleb128 0
 3383 0333 D2000000 		.4byte	.LCFI5-.Ltext0
 3384 0337 70010000 		.4byte	.LFE31-.Ltext0
 3385 033b 0200     		.2byte	0x2
 3386 033d 7D       		.byte	0x7d
 3387 033e 18       		.sleb128 24
 3388 033f 00000000 		.4byte	0
 3389 0343 00000000 		.4byte	0
 3390              	.LVUS4:
 3391 0347 00       		.uleb128 0
 3392 0348 00       		.uleb128 .LVU67
 3393 0349 00       		.uleb128 .LVU67
 3394 034a 00       		.uleb128 0
 3395              	.LLST4:
 3396 034b CE000000 		.4byte	.LVL24-.Ltext0
 3397 034f EA000000 		.4byte	.LVL27-.Ltext0
 3398 0353 0100     		.2byte	0x1
 3399 0355 51       		.byte	0x51
 3400 0356 EA000000 		.4byte	.LVL27-.Ltext0
 3401 035a 70010000 		.4byte	.LFE31-.Ltext0
 3402 035e 0A00     		.2byte	0xa
 3403 0360 F3       		.byte	0xf3
 3404 0361 03       		.uleb128 0x3
 3405 0362 F5       		.byte	0xf5
 3406 0363 01       		.uleb128 0x1
 3407 0364 25       		.uleb128 0x25
 3408 0365 F7       		.byte	0xf7
 3409 0366 2C       		.uleb128 0x2c
 3410 0367 F7       		.byte	0xf7
 3411 0368 00       		.uleb128 0
 3412 0369 9F       		.byte	0x9f
 3413 036a 00000000 		.4byte	0
 3414 036e 00000000 		.4byte	0
 3415              	.LVUS5:
 3416 0372 02       		.uleb128 .LVU50
 3417 0373 00       		.uleb128 .LVU59
ARM GAS  /tmp/ccnG0Tvv.s 			page 74


 3418 0374 00       		.uleb128 .LVU59
 3419 0375 03       		.uleb128 .LVU62
 3420 0376 03       		.uleb128 .LVU62
 3421 0377 00       		.uleb128 .LVU63
 3422 0378 00       		.uleb128 .LVU63
 3423 0379 00       		.uleb128 .LVU67
 3424 037a 00       		.uleb128 .LVU67
 3425 037b 02       		.uleb128 .LVU72
 3426              	.LLST5:
 3427 037c CE000000 		.4byte	.LVL24-.Ltext0
 3428 0380 E0000000 		.4byte	.LVL25-.Ltext0
 3429 0384 0200     		.2byte	0x2
 3430 0386 30       		.byte	0x30
 3431 0387 9F       		.byte	0x9f
 3432 0388 E0000000 		.4byte	.LVL25-.Ltext0
 3433 038c E0000000 		.4byte	.LVL25-.Ltext0
 3434 0390 0600     		.2byte	0x6
 3435 0392 75       		.byte	0x75
 3436 0393 00       		.sleb128 0
 3437 0394 08       		.byte	0x8
 3438 0395 FF       		.byte	0xff
 3439 0396 1A       		.byte	0x1a
 3440 0397 9F       		.byte	0x9f
 3441 0398 E0000000 		.4byte	.LVL25-.Ltext0
 3442 039c E4000000 		.4byte	.LVL26-.Ltext0
 3443 03a0 0B00     		.2byte	0xb
 3444 03a2 75       		.byte	0x75
 3445 03a3 00       		.sleb128 0
 3446 03a4 71       		.byte	0x71
 3447 03a5 02       		.sleb128 2
 3448 03a6 94       		.byte	0x94
 3449 03a7 01       		.byte	0x1
 3450 03a8 21       		.byte	0x21
 3451 03a9 08       		.byte	0x8
 3452 03aa FF       		.byte	0xff
 3453 03ab 1A       		.byte	0x1a
 3454 03ac 9F       		.byte	0x9f
 3455 03ad E4000000 		.4byte	.LVL26-.Ltext0
 3456 03b1 EA000000 		.4byte	.LVL27-.Ltext0
 3457 03b5 0A00     		.2byte	0xa
 3458 03b7 73       		.byte	0x73
 3459 03b8 00       		.sleb128 0
 3460 03b9 3F       		.byte	0x3f
 3461 03ba 1A       		.byte	0x1a
 3462 03bb 71       		.byte	0x71
 3463 03bc 02       		.sleb128 2
 3464 03bd 94       		.byte	0x94
 3465 03be 01       		.byte	0x1
 3466 03bf 21       		.byte	0x21
 3467 03c0 9F       		.byte	0x9f
 3468 03c1 EA000000 		.4byte	.LVL27-.Ltext0
 3469 03c5 F4000000 		.4byte	.LVL28-.Ltext0
 3470 03c9 1300     		.2byte	0x13
 3471 03cb 73       		.byte	0x73
 3472 03cc 00       		.sleb128 0
 3473 03cd 3F       		.byte	0x3f
 3474 03ce 1A       		.byte	0x1a
ARM GAS  /tmp/ccnG0Tvv.s 			page 75


 3475 03cf F3       		.byte	0xf3
 3476 03d0 03       		.uleb128 0x3
 3477 03d1 F5       		.byte	0xf5
 3478 03d2 01       		.uleb128 0x1
 3479 03d3 25       		.uleb128 0x25
 3480 03d4 F7       		.byte	0xf7
 3481 03d5 2C       		.uleb128 0x2c
 3482 03d6 F7       		.byte	0xf7
 3483 03d7 00       		.uleb128 0
 3484 03d8 23       		.byte	0x23
 3485 03d9 02       		.uleb128 0x2
 3486 03da 94       		.byte	0x94
 3487 03db 01       		.byte	0x1
 3488 03dc 21       		.byte	0x21
 3489 03dd 9F       		.byte	0x9f
 3490 03de 00000000 		.4byte	0
 3491 03e2 00000000 		.4byte	0
 3492              	.LVUS6:
 3493 03e6 02       		.uleb128 .LVU50
 3494 03e7 02       		.uleb128 .LVU72
 3495 03e8 01       		.uleb128 .LVU75
 3496 03e9 00       		.uleb128 .LVU94
 3497 03ea 01       		.uleb128 .LVU107
 3498 03eb 00       		.uleb128 .LVU127
 3499 03ec 00       		.uleb128 .LVU128
 3500 03ed 00       		.uleb128 .LVU132
 3501 03ee 00       		.uleb128 .LVU132
 3502 03ef 00       		.uleb128 0
 3503              	.LLST6:
 3504 03f0 CE000000 		.4byte	.LVL24-.Ltext0
 3505 03f4 F4000000 		.4byte	.LVL28-.Ltext0
 3506 03f8 0200     		.2byte	0x2
 3507 03fa 30       		.byte	0x30
 3508 03fb 9F       		.byte	0x9f
 3509 03fc F8000000 		.4byte	.LVL29-.Ltext0
 3510 0400 1E010000 		.4byte	.LVL36-.Ltext0
 3511 0404 0600     		.2byte	0x6
 3512 0406 77       		.byte	0x77
 3513 0407 00       		.sleb128 0
 3514 0408 76       		.byte	0x76
 3515 0409 00       		.sleb128 0
 3516 040a 1A       		.byte	0x1a
 3517 040b 9F       		.byte	0x9f
 3518 040c 36010000 		.4byte	.LVL38-.Ltext0
 3519 0410 5C010000 		.4byte	.LVL45-.Ltext0
 3520 0414 0600     		.2byte	0x6
 3521 0416 77       		.byte	0x77
 3522 0417 00       		.sleb128 0
 3523 0418 74       		.byte	0x74
 3524 0419 00       		.sleb128 0
 3525 041a 1A       		.byte	0x1a
 3526 041b 9F       		.byte	0x9f
 3527 041c 60010000 		.4byte	.LVL46-.Ltext0
 3528 0420 68010000 		.4byte	.LVL47-.Ltext0
 3529 0424 0600     		.2byte	0x6
 3530 0426 77       		.byte	0x77
 3531 0427 00       		.sleb128 0
ARM GAS  /tmp/ccnG0Tvv.s 			page 76


 3532 0428 76       		.byte	0x76
 3533 0429 00       		.sleb128 0
 3534 042a 1A       		.byte	0x1a
 3535 042b 9F       		.byte	0x9f
 3536 042c 68010000 		.4byte	.LVL47-.Ltext0
 3537 0430 70010000 		.4byte	.LFE31-.Ltext0
 3538 0434 0600     		.2byte	0x6
 3539 0436 77       		.byte	0x77
 3540 0437 00       		.sleb128 0
 3541 0438 74       		.byte	0x74
 3542 0439 00       		.sleb128 0
 3543 043a 1A       		.byte	0x1a
 3544 043b 9F       		.byte	0x9f
 3545 043c 00000000 		.4byte	0
 3546 0440 00000000 		.4byte	0
 3547              	.LVUS7:
 3548 0444 02       		.uleb128 .LVU50
 3549 0445 02       		.uleb128 .LVU72
 3550 0446 02       		.uleb128 .LVU72
 3551 0447 00       		.uleb128 .LVU94
 3552 0448 01       		.uleb128 .LVU102
 3553 0449 02       		.uleb128 .LVU103
 3554 044a 02       		.uleb128 .LVU103
 3555 044b 00       		.uleb128 .LVU127
 3556 044c 00       		.uleb128 .LVU128
 3557 044d 00       		.uleb128 0
 3558              	.LLST7:
 3559 044e CE000000 		.4byte	.LVL24-.Ltext0
 3560 0452 F4000000 		.4byte	.LVL28-.Ltext0
 3561 0456 0200     		.2byte	0x2
 3562 0458 30       		.byte	0x30
 3563 0459 9F       		.byte	0x9f
 3564 045a F4000000 		.4byte	.LVL28-.Ltext0
 3565 045e 1E010000 		.4byte	.LVL36-.Ltext0
 3566 0462 0100     		.2byte	0x1
 3567 0464 51       		.byte	0x51
 3568 0465 2E010000 		.4byte	.LVL37-.Ltext0
 3569 0469 2E010000 		.4byte	.LVL37-.Ltext0
 3570 046d 0200     		.2byte	0x2
 3571 046f 30       		.byte	0x30
 3572 0470 9F       		.byte	0x9f
 3573 0471 2E010000 		.4byte	.LVL37-.Ltext0
 3574 0475 5C010000 		.4byte	.LVL45-.Ltext0
 3575 0479 0100     		.2byte	0x1
 3576 047b 51       		.byte	0x51
 3577 047c 60010000 		.4byte	.LVL46-.Ltext0
 3578 0480 70010000 		.4byte	.LFE31-.Ltext0
 3579 0484 0100     		.2byte	0x1
 3580 0486 51       		.byte	0x51
 3581 0487 00000000 		.4byte	0
 3582 048b 00000000 		.4byte	0
 3583              	.LVUS8:
 3584 048f 02       		.uleb128 .LVU50
 3585 0490 02       		.uleb128 .LVU72
 3586 0491 00       		.uleb128 .LVU74
 3587 0492 00       		.uleb128 .LVU78
 3588 0493 00       		.uleb128 .LVU78
ARM GAS  /tmp/ccnG0Tvv.s 			page 77


 3589 0494 00       		.uleb128 .LVU84
 3590 0495 00       		.uleb128 .LVU84
 3591 0496 00       		.uleb128 .LVU90
 3592 0497 00       		.uleb128 .LVU106
 3593 0498 00       		.uleb128 .LVU110
 3594 0499 00       		.uleb128 .LVU110
 3595 049a 00       		.uleb128 .LVU116
 3596 049b 00       		.uleb128 .LVU116
 3597 049c 01       		.uleb128 .LVU123
 3598 049d 00       		.uleb128 .LVU128
 3599 049e 00       		.uleb128 0
 3600              	.LLST8:
 3601 049f CE000000 		.4byte	.LVL24-.Ltext0
 3602 04a3 F4000000 		.4byte	.LVL28-.Ltext0
 3603 04a7 0200     		.2byte	0x2
 3604 04a9 30       		.byte	0x30
 3605 04aa 9F       		.byte	0x9f
 3606 04ab F8000000 		.4byte	.LVL29-.Ltext0
 3607 04af 00010000 		.4byte	.LVL30-.Ltext0
 3608 04b3 0100     		.2byte	0x1
 3609 04b5 56       		.byte	0x56
 3610 04b6 00010000 		.4byte	.LVL30-.Ltext0
 3611 04ba 0C010000 		.4byte	.LVL32-.Ltext0
 3612 04be 0100     		.2byte	0x1
 3613 04c0 54       		.byte	0x54
 3614 04c1 0C010000 		.4byte	.LVL32-.Ltext0
 3615 04c5 16010000 		.4byte	.LVL34-.Ltext0
 3616 04c9 0500     		.2byte	0x5
 3617 04cb 71       		.byte	0x71
 3618 04cc 00       		.sleb128 0
 3619 04cd 32       		.byte	0x32
 3620 04ce 24       		.byte	0x24
 3621 04cf 9F       		.byte	0x9f
 3622 04d0 36010000 		.4byte	.LVL38-.Ltext0
 3623 04d4 3E010000 		.4byte	.LVL39-.Ltext0
 3624 04d8 0100     		.2byte	0x1
 3625 04da 54       		.byte	0x54
 3626 04db 3E010000 		.4byte	.LVL39-.Ltext0
 3627 04df 4A010000 		.4byte	.LVL41-.Ltext0
 3628 04e3 0100     		.2byte	0x1
 3629 04e5 56       		.byte	0x56
 3630 04e6 4A010000 		.4byte	.LVL41-.Ltext0
 3631 04ea 54010000 		.4byte	.LVL43-.Ltext0
 3632 04ee 0500     		.2byte	0x5
 3633 04f0 71       		.byte	0x71
 3634 04f1 00       		.sleb128 0
 3635 04f2 32       		.byte	0x32
 3636 04f3 24       		.byte	0x24
 3637 04f4 9F       		.byte	0x9f
 3638 04f5 60010000 		.4byte	.LVL46-.Ltext0
 3639 04f9 70010000 		.4byte	.LFE31-.Ltext0
 3640 04fd 0500     		.2byte	0x5
 3641 04ff 71       		.byte	0x71
 3642 0500 00       		.sleb128 0
 3643 0501 32       		.byte	0x32
 3644 0502 24       		.byte	0x24
 3645 0503 9F       		.byte	0x9f
ARM GAS  /tmp/ccnG0Tvv.s 			page 78


 3646 0504 00000000 		.4byte	0
 3647 0508 00000000 		.4byte	0
 3648              	.LVUS9:
 3649 050c 03       		.uleb128 .LVU51
 3650 050d 00       		.uleb128 .LVU70
 3651 050e 01       		.uleb128 .LVU71
 3652 050f 00       		.uleb128 .LVU94
 3653 0510 01       		.uleb128 .LVU102
 3654 0511 00       		.uleb128 .LVU127
 3655 0512 00       		.uleb128 .LVU128
 3656 0513 00       		.uleb128 0
 3657              	.LLST9:
 3658 0514 CE000000 		.4byte	.LVL24-.Ltext0
 3659 0518 F4000000 		.4byte	.LVL28-.Ltext0
 3660 051c 0200     		.2byte	0x2
 3661 051e 30       		.byte	0x30
 3662 051f 9F       		.byte	0x9f
 3663 0520 F4000000 		.4byte	.LVL28-.Ltext0
 3664 0524 1E010000 		.4byte	.LVL36-.Ltext0
 3665 0528 0100     		.2byte	0x1
 3666 052a 52       		.byte	0x52
 3667 052b 2E010000 		.4byte	.LVL37-.Ltext0
 3668 052f 5C010000 		.4byte	.LVL45-.Ltext0
 3669 0533 0100     		.2byte	0x1
 3670 0535 52       		.byte	0x52
 3671 0536 60010000 		.4byte	.LVL46-.Ltext0
 3672 053a 70010000 		.4byte	.LFE31-.Ltext0
 3673 053e 0100     		.2byte	0x1
 3674 0540 52       		.byte	0x52
 3675 0541 00000000 		.4byte	0
 3676 0545 00000000 		.4byte	0
 3677              	.LVUS10:
 3678 0549 03       		.uleb128 .LVU51
 3679 054a 02       		.uleb128 .LVU72
 3680 054b 01       		.uleb128 .LVU79
 3681 054c 00       		.uleb128 .LVU84
 3682 054d 00       		.uleb128 .LVU84
 3683 054e 00       		.uleb128 .LVU90
 3684 054f 01       		.uleb128 .LVU111
 3685 0550 00       		.uleb128 .LVU116
 3686 0551 00       		.uleb128 .LVU116
 3687 0552 01       		.uleb128 .LVU123
 3688 0553 00       		.uleb128 .LVU128
 3689 0554 00       		.uleb128 0
 3690              	.LLST10:
 3691 0555 CE000000 		.4byte	.LVL24-.Ltext0
 3692 0559 F4000000 		.4byte	.LVL28-.Ltext0
 3693 055d 0200     		.2byte	0x2
 3694 055f 30       		.byte	0x30
 3695 0560 9F       		.byte	0x9f
 3696 0561 00010000 		.4byte	.LVL30-.Ltext0
 3697 0565 0C010000 		.4byte	.LVL32-.Ltext0
 3698 0569 0500     		.2byte	0x5
 3699 056b 3F       		.byte	0x3f
 3700 056c 74       		.byte	0x74
 3701 056d 00       		.sleb128 0
 3702 056e 24       		.byte	0x24
ARM GAS  /tmp/ccnG0Tvv.s 			page 79


 3703 056f 9F       		.byte	0x9f
 3704 0570 0C010000 		.4byte	.LVL32-.Ltext0
 3705 0574 16010000 		.4byte	.LVL34-.Ltext0
 3706 0578 0700     		.2byte	0x7
 3707 057a 3F       		.byte	0x3f
 3708 057b 71       		.byte	0x71
 3709 057c 00       		.sleb128 0
 3710 057d 32       		.byte	0x32
 3711 057e 24       		.byte	0x24
 3712 057f 24       		.byte	0x24
 3713 0580 9F       		.byte	0x9f
 3714 0581 3E010000 		.4byte	.LVL39-.Ltext0
 3715 0585 4A010000 		.4byte	.LVL41-.Ltext0
 3716 0589 0500     		.2byte	0x5
 3717 058b 3F       		.byte	0x3f
 3718 058c 76       		.byte	0x76
 3719 058d 00       		.sleb128 0
 3720 058e 24       		.byte	0x24
 3721 058f 9F       		.byte	0x9f
 3722 0590 4A010000 		.4byte	.LVL41-.Ltext0
 3723 0594 54010000 		.4byte	.LVL43-.Ltext0
 3724 0598 0700     		.2byte	0x7
 3725 059a 3F       		.byte	0x3f
 3726 059b 71       		.byte	0x71
 3727 059c 00       		.sleb128 0
 3728 059d 32       		.byte	0x32
 3729 059e 24       		.byte	0x24
 3730 059f 24       		.byte	0x24
 3731 05a0 9F       		.byte	0x9f
 3732 05a1 60010000 		.4byte	.LVL46-.Ltext0
 3733 05a5 70010000 		.4byte	.LFE31-.Ltext0
 3734 05a9 0700     		.2byte	0x7
 3735 05ab 3F       		.byte	0x3f
 3736 05ac 71       		.byte	0x71
 3737 05ad 00       		.sleb128 0
 3738 05ae 32       		.byte	0x32
 3739 05af 24       		.byte	0x24
 3740 05b0 24       		.byte	0x24
 3741 05b1 9F       		.byte	0x9f
 3742 05b2 00000000 		.4byte	0
 3743 05b6 00000000 		.4byte	0
 3744              	.LLST2:
 3745 05ba B8000000 		.4byte	.LFB30-.Ltext0
 3746 05be BC000000 		.4byte	.LCFI3-.Ltext0
 3747 05c2 0200     		.2byte	0x2
 3748 05c4 7D       		.byte	0x7d
 3749 05c5 00       		.sleb128 0
 3750 05c6 BC000000 		.4byte	.LCFI3-.Ltext0
 3751 05ca C6000000 		.4byte	.LCFI4-.Ltext0
 3752 05ce 0200     		.2byte	0x2
 3753 05d0 7D       		.byte	0x7d
 3754 05d1 08       		.sleb128 8
 3755 05d2 C6000000 		.4byte	.LCFI4-.Ltext0
 3756 05d6 CE000000 		.4byte	.LFE30-.Ltext0
 3757 05da 0200     		.2byte	0x2
 3758 05dc 7D       		.byte	0x7d
 3759 05dd 00       		.sleb128 0
ARM GAS  /tmp/ccnG0Tvv.s 			page 80


 3760 05de 00000000 		.4byte	0
 3761 05e2 00000000 		.4byte	0
 3762              	.LLST0:
 3763 05e6 00000000 		.4byte	.LFB29-.Ltext0
 3764 05ea 02000000 		.4byte	.LCFI0-.Ltext0
 3765 05ee 0200     		.2byte	0x2
 3766 05f0 7D       		.byte	0x7d
 3767 05f1 00       		.sleb128 0
 3768 05f2 02000000 		.4byte	.LCFI0-.Ltext0
 3769 05f6 18000000 		.4byte	.LCFI1-.Ltext0
 3770 05fa 0200     		.2byte	0x2
 3771 05fc 7D       		.byte	0x7d
 3772 05fd 08       		.sleb128 8
 3773 05fe 18000000 		.4byte	.LCFI1-.Ltext0
 3774 0602 1C000000 		.4byte	.LCFI2-.Ltext0
 3775 0606 0200     		.2byte	0x2
 3776 0608 7D       		.byte	0x7d
 3777 0609 00       		.sleb128 0
 3778 060a 1C000000 		.4byte	.LCFI2-.Ltext0
 3779 060e B8000000 		.4byte	.LFE29-.Ltext0
 3780 0612 0200     		.2byte	0x2
 3781 0614 7D       		.byte	0x7d
 3782 0615 08       		.sleb128 8
 3783 0616 00000000 		.4byte	0
 3784 061a 00000000 		.4byte	0
 3785              	.LVUS1:
 3786 061e 00       		.uleb128 0
 3787 061f 00       		.uleb128 .LVU6
 3788 0620 00       		.uleb128 .LVU6
 3789 0621 00       		.uleb128 .LVU10
 3790 0622 00       		.uleb128 .LVU10
 3791 0623 00       		.uleb128 .LVU13
 3792 0624 00       		.uleb128 .LVU13
 3793 0625 00       		.uleb128 .LVU15
 3794 0626 00       		.uleb128 .LVU15
 3795 0627 00       		.uleb128 .LVU18
 3796 0628 00       		.uleb128 .LVU18
 3797 0629 00       		.uleb128 .LVU20
 3798 062a 00       		.uleb128 .LVU20
 3799 062b 00       		.uleb128 .LVU23
 3800 062c 00       		.uleb128 .LVU23
 3801 062d 00       		.uleb128 .LVU25
 3802 062e 00       		.uleb128 .LVU25
 3803 062f 00       		.uleb128 .LVU28
 3804 0630 00       		.uleb128 .LVU28
 3805 0631 00       		.uleb128 .LVU30
 3806 0632 00       		.uleb128 .LVU30
 3807 0633 00       		.uleb128 .LVU33
 3808 0634 00       		.uleb128 .LVU33
 3809 0635 00       		.uleb128 .LVU35
 3810 0636 00       		.uleb128 .LVU35
 3811 0637 00       		.uleb128 .LVU38
 3812 0638 00       		.uleb128 .LVU38
 3813 0639 00       		.uleb128 .LVU40
 3814 063a 00       		.uleb128 .LVU40
 3815 063b 00       		.uleb128 0
 3816              	.LLST1:
ARM GAS  /tmp/ccnG0Tvv.s 			page 81


 3817 063c 00000000 		.4byte	.LVL0-.Ltext0
 3818 0640 0C000000 		.4byte	.LVL1-.Ltext0
 3819 0644 0100     		.2byte	0x1
 3820 0646 50       		.byte	0x50
 3821 0647 0C000000 		.4byte	.LVL1-.Ltext0
 3822 064b 1C000000 		.4byte	.LVL3-.Ltext0
 3823 064f 0A00     		.2byte	0xa
 3824 0651 F3       		.byte	0xf3
 3825 0652 03       		.uleb128 0x3
 3826 0653 F5       		.byte	0xf5
 3827 0654 00       		.uleb128 0
 3828 0655 25       		.uleb128 0x25
 3829 0656 F7       		.byte	0xf7
 3830 0657 2C       		.uleb128 0x2c
 3831 0658 F7       		.byte	0xf7
 3832 0659 00       		.uleb128 0
 3833 065a 9F       		.byte	0x9f
 3834 065b 1C000000 		.4byte	.LVL3-.Ltext0
 3835 065f 26000000 		.4byte	.LVL4-.Ltext0
 3836 0663 0100     		.2byte	0x1
 3837 0665 50       		.byte	0x50
 3838 0666 26000000 		.4byte	.LVL4-.Ltext0
 3839 066a 30000000 		.4byte	.LVL6-.Ltext0
 3840 066e 0A00     		.2byte	0xa
 3841 0670 F3       		.byte	0xf3
 3842 0671 03       		.uleb128 0x3
 3843 0672 F5       		.byte	0xf5
 3844 0673 00       		.uleb128 0
 3845 0674 25       		.uleb128 0x25
 3846 0675 F7       		.byte	0xf7
 3847 0676 2C       		.uleb128 0x2c
 3848 0677 F7       		.byte	0xf7
 3849 0678 00       		.uleb128 0
 3850 0679 9F       		.byte	0x9f
 3851 067a 30000000 		.4byte	.LVL6-.Ltext0
 3852 067e 3A000000 		.4byte	.LVL7-.Ltext0
 3853 0682 0100     		.2byte	0x1
 3854 0684 50       		.byte	0x50
 3855 0685 3A000000 		.4byte	.LVL7-.Ltext0
 3856 0689 44000000 		.4byte	.LVL9-.Ltext0
 3857 068d 0A00     		.2byte	0xa
 3858 068f F3       		.byte	0xf3
 3859 0690 03       		.uleb128 0x3
 3860 0691 F5       		.byte	0xf5
 3861 0692 00       		.uleb128 0
 3862 0693 25       		.uleb128 0x25
 3863 0694 F7       		.byte	0xf7
 3864 0695 2C       		.uleb128 0x2c
 3865 0696 F7       		.byte	0xf7
 3866 0697 00       		.uleb128 0
 3867 0698 9F       		.byte	0x9f
 3868 0699 44000000 		.4byte	.LVL9-.Ltext0
 3869 069d 4E000000 		.4byte	.LVL10-.Ltext0
 3870 06a1 0100     		.2byte	0x1
 3871 06a3 50       		.byte	0x50
 3872 06a4 4E000000 		.4byte	.LVL10-.Ltext0
 3873 06a8 58000000 		.4byte	.LVL12-.Ltext0
ARM GAS  /tmp/ccnG0Tvv.s 			page 82


 3874 06ac 0A00     		.2byte	0xa
 3875 06ae F3       		.byte	0xf3
 3876 06af 03       		.uleb128 0x3
 3877 06b0 F5       		.byte	0xf5
 3878 06b1 00       		.uleb128 0
 3879 06b2 25       		.uleb128 0x25
 3880 06b3 F7       		.byte	0xf7
 3881 06b4 2C       		.uleb128 0x2c
 3882 06b5 F7       		.byte	0xf7
 3883 06b6 00       		.uleb128 0
 3884 06b7 9F       		.byte	0x9f
 3885 06b8 58000000 		.4byte	.LVL12-.Ltext0
 3886 06bc 62000000 		.4byte	.LVL13-.Ltext0
 3887 06c0 0100     		.2byte	0x1
 3888 06c2 50       		.byte	0x50
 3889 06c3 62000000 		.4byte	.LVL13-.Ltext0
 3890 06c7 6C000000 		.4byte	.LVL15-.Ltext0
 3891 06cb 0A00     		.2byte	0xa
 3892 06cd F3       		.byte	0xf3
 3893 06ce 03       		.uleb128 0x3
 3894 06cf F5       		.byte	0xf5
 3895 06d0 00       		.uleb128 0
 3896 06d1 25       		.uleb128 0x25
 3897 06d2 F7       		.byte	0xf7
 3898 06d3 2C       		.uleb128 0x2c
 3899 06d4 F7       		.byte	0xf7
 3900 06d5 00       		.uleb128 0
 3901 06d6 9F       		.byte	0x9f
 3902 06d7 6C000000 		.4byte	.LVL15-.Ltext0
 3903 06db 76000000 		.4byte	.LVL16-.Ltext0
 3904 06df 0100     		.2byte	0x1
 3905 06e1 50       		.byte	0x50
 3906 06e2 76000000 		.4byte	.LVL16-.Ltext0
 3907 06e6 80000000 		.4byte	.LVL18-.Ltext0
 3908 06ea 0A00     		.2byte	0xa
 3909 06ec F3       		.byte	0xf3
 3910 06ed 03       		.uleb128 0x3
 3911 06ee F5       		.byte	0xf5
 3912 06ef 00       		.uleb128 0
 3913 06f0 25       		.uleb128 0x25
 3914 06f1 F7       		.byte	0xf7
 3915 06f2 2C       		.uleb128 0x2c
 3916 06f3 F7       		.byte	0xf7
 3917 06f4 00       		.uleb128 0
 3918 06f5 9F       		.byte	0x9f
 3919 06f6 80000000 		.4byte	.LVL18-.Ltext0
 3920 06fa 8C000000 		.4byte	.LVL19-.Ltext0
 3921 06fe 0100     		.2byte	0x1
 3922 0700 50       		.byte	0x50
 3923 0701 8C000000 		.4byte	.LVL19-.Ltext0
 3924 0705 98000000 		.4byte	.LVL21-.Ltext0
 3925 0709 0A00     		.2byte	0xa
 3926 070b F3       		.byte	0xf3
 3927 070c 03       		.uleb128 0x3
 3928 070d F5       		.byte	0xf5
 3929 070e 00       		.uleb128 0
 3930 070f 25       		.uleb128 0x25
ARM GAS  /tmp/ccnG0Tvv.s 			page 83


 3931 0710 F7       		.byte	0xf7
 3932 0711 2C       		.uleb128 0x2c
 3933 0712 F7       		.byte	0xf7
 3934 0713 00       		.uleb128 0
 3935 0714 9F       		.byte	0x9f
 3936 0715 98000000 		.4byte	.LVL21-.Ltext0
 3937 0719 B8000000 		.4byte	.LFE29-.Ltext0
 3938 071d 0100     		.2byte	0x1
 3939 071f 50       		.byte	0x50
 3940 0720 00000000 		.4byte	0
 3941 0724 00000000 		.4byte	0
 3942              		.section	.debug_aranges,"",%progbits
 3943 0000 1C000000 		.4byte	0x1c
 3944 0004 0200     		.2byte	0x2
 3945 0006 00000000 		.4byte	.Ldebug_info0
 3946 000a 04       		.byte	0x4
 3947 000b 00       		.byte	0
 3948 000c 0000     		.2byte	0
 3949 000e 0000     		.2byte	0
 3950 0010 00000000 		.4byte	.Ltext0
 3951 0014 8C020000 		.4byte	.Letext0-.Ltext0
 3952 0018 00000000 		.4byte	0
 3953 001c 00000000 		.4byte	0
 3954              		.section	.debug_line,"",%progbits
 3955              	.Ldebug_line0:
 3956 0000 E1050000 		.section	.debug_str,"MS",%progbits,1
 3956      03005101 
 3956      00000201 
 3956      FB0E0D00 
 3956      01010101 
 3957              	.LASF20:
 3958 0000 4750494F 		.ascii	"GPIO_TypeDef\000"
 3958      5F547970 
 3958      65446566 
 3958      00
 3959              	.LASF78:
 3960 000d 70696E70 		.ascii	"pinpos\000"
 3960      6F7300
 3961              	.LASF40:
 3962 0014 4750494F 		.ascii	"GPIO_Pin\000"
 3962      5F50696E 
 3962      00
 3963              	.LASF45:
 3964 001d 4269745F 		.ascii	"Bit_SET\000"
 3964      53455400 
 3965              	.LASF68:
 3966 0025 4750494F 		.ascii	"GPIO_ReadOutputData\000"
 3966      5F526561 
 3966      644F7574 
 3966      70757444 
 3966      61746100 
 3967              	.LASF58:
 3968 0039 4750494F 		.ascii	"GPIO_EventOutputCmd\000"
 3968      5F457665 
 3968      6E744F75 
 3968      74707574 
 3968      436D6400 
ARM GAS  /tmp/ccnG0Tvv.s 			page 84


 3969              	.LASF53:
 3970 004d 4750494F 		.ascii	"GPIO_Remap\000"
 3970      5F52656D 
 3970      617000
 3971              	.LASF67:
 3972 0058 4750494F 		.ascii	"GPIO_SetBits\000"
 3972      5F536574 
 3972      42697473 
 3972      00
 3973              	.LASF4:
 3974 0065 73686F72 		.ascii	"short int\000"
 3974      7420696E 
 3974      7400
 3975              	.LASF73:
 3976 006f 4750494F 		.ascii	"GPIO_StructInit\000"
 3976      5F537472 
 3976      75637449 
 3976      6E697400 
 3977              	.LASF65:
 3978 007f 42697456 		.ascii	"BitVal\000"
 3978      616C00
 3979              	.LASF44:
 3980 0086 4269745F 		.ascii	"Bit_RESET\000"
 3980      52455345 
 3980      5400
 3981              	.LASF64:
 3982 0090 4750494F 		.ascii	"GPIO_WriteBit\000"
 3982      5F577269 
 3982      74654269 
 3982      7400
 3983              	.LASF9:
 3984 009e 5F5F7569 		.ascii	"__uint32_t\000"
 3984      6E743332 
 3984      5F7400
 3985              	.LASF6:
 3986 00a9 5F5F7569 		.ascii	"__uint16_t\000"
 3986      6E743136 
 3986      5F7400
 3987              	.LASF52:
 3988 00b4 4750494F 		.ascii	"GPIO_ETH_MediaInterface\000"
 3988      5F455448 
 3988      5F4D6564 
 3988      6961496E 
 3988      74657266 
 3989              	.LASF16:
 3990 00cc 454E4142 		.ascii	"ENABLE\000"
 3990      4C4500
 3991              	.LASF41:
 3992 00d3 4750494F 		.ascii	"GPIO_Speed\000"
 3992      5F537065 
 3992      656400
 3993              	.LASF75:
 3994 00de 4750494F 		.ascii	"GPIO_Init\000"
 3994      5F496E69 
 3994      7400
 3995              	.LASF12:
 3996 00e8 75696E74 		.ascii	"uint8_t\000"
ARM GAS  /tmp/ccnG0Tvv.s 			page 85


 3996      385F7400 
 3997              	.LASF23:
 3998 00f0 45585449 		.ascii	"EXTICR\000"
 3998      435200
 3999              	.LASF35:
 4000 00f7 4750494F 		.ascii	"GPIO_Mode_Out_OD\000"
 4000      5F4D6F64 
 4000      655F4F75 
 4000      745F4F44 
 4000      00
 4001              	.LASF79:
 4002 0108 70696E6D 		.ascii	"pinmask\000"
 4002      61736B00 
 4003              	.LASF83:
 4004 0110 2F686F6D 		.ascii	"/home/yaolin/project/stm32/stm32f10x_makefile_templ"
 4004      652F7961 
 4004      6F6C696E 
 4004      2F70726F 
 4004      6A656374 
 4005 0143 61746500 		.ascii	"ate\000"
 4006              	.LASF3:
 4007 0147 7369676E 		.ascii	"signed char\000"
 4007      65642063 
 4007      68617200 
 4008              	.LASF38:
 4009 0153 4750494F 		.ascii	"GPIO_Mode_AF_PP\000"
 4009      5F4D6F64 
 4009      655F4146 
 4009      5F505000 
 4010              	.LASF11:
 4011 0163 6C6F6E67 		.ascii	"long long int\000"
 4011      206C6F6E 
 4011      6720696E 
 4011      7400
 4012              	.LASF8:
 4013 0171 6C6F6E67 		.ascii	"long int\000"
 4013      20696E74 
 4013      00
 4014              	.LASF85:
 4015 017a 4750494F 		.ascii	"GPIO_DeInit\000"
 4015      5F446549 
 4015      6E697400 
 4016              	.LASF59:
 4017 0186 4750494F 		.ascii	"GPIO_EventOutputConfig\000"
 4017      5F457665 
 4017      6E744F75 
 4017      74707574 
 4017      436F6E66 
 4018              	.LASF18:
 4019 019d 42535252 		.ascii	"BSRR\000"
 4019      00
 4020              	.LASF5:
 4021 01a2 5F5F7569 		.ascii	"__uint8_t\000"
 4021      6E74385F 
 4021      7400
 4022              	.LASF72:
 4023 01ac 4750494F 		.ascii	"GPIO_ReadInputDataBit\000"
ARM GAS  /tmp/ccnG0Tvv.s 			page 86


 4023      5F526561 
 4023      64496E70 
 4023      75744461 
 4023      74614269 
 4024              	.LASF26:
 4025 01c2 4146494F 		.ascii	"AFIO_TypeDef\000"
 4025      5F547970 
 4025      65446566 
 4025      00
 4026              	.LASF27:
 4027 01cf 4750494F 		.ascii	"GPIO_Speed_10MHz\000"
 4027      5F537065 
 4027      65645F31 
 4027      304D487A 
 4027      00
 4028              	.LASF56:
 4029 01e0 746D7072 		.ascii	"tmpreg\000"
 4029      656700
 4030              	.LASF70:
 4031 01e7 62697473 		.ascii	"bitstatus\000"
 4031      74617475 
 4031      7300
 4032              	.LASF54:
 4033 01f1 4E657753 		.ascii	"NewState\000"
 4033      74617465 
 4033      00
 4034              	.LASF2:
 4035 01fa 756E7369 		.ascii	"unsigned char\000"
 4035      676E6564 
 4035      20636861 
 4035      7200
 4036              	.LASF48:
 4037 0208 4750494F 		.ascii	"GPIO_EXTILineConfig\000"
 4037      5F455854 
 4037      494C696E 
 4037      65436F6E 
 4037      66696700 
 4038              	.LASF28:
 4039 021c 4750494F 		.ascii	"GPIO_Speed_2MHz\000"
 4039      5F537065 
 4039      65645F32 
 4039      4D487A00 
 4040              	.LASF0:
 4041 022c 6C6F6E67 		.ascii	"long long unsigned int\000"
 4041      206C6F6E 
 4041      6720756E 
 4041      7369676E 
 4041      65642069 
 4042              	.LASF14:
 4043 0243 75696E74 		.ascii	"uint32_t\000"
 4043      33325F74 
 4043      00
 4044              	.LASF74:
 4045 024c 4750494F 		.ascii	"GPIO_InitStruct\000"
 4045      5F496E69 
 4045      74537472 
 4045      75637400 
ARM GAS  /tmp/ccnG0Tvv.s 			page 87


 4046              	.LASF1:
 4047 025c 756E7369 		.ascii	"unsigned int\000"
 4047      676E6564 
 4047      20696E74 
 4047      00
 4048              	.LASF13:
 4049 0269 75696E74 		.ascii	"uint16_t\000"
 4049      31365F74 
 4049      00
 4050              	.LASF63:
 4051 0272 506F7274 		.ascii	"PortVal\000"
 4051      56616C00 
 4052              	.LASF76:
 4053 027a 63757272 		.ascii	"currentmode\000"
 4053      656E746D 
 4053      6F646500 
 4054              	.LASF51:
 4055 0286 4750494F 		.ascii	"GPIO_PinRemapConfig\000"
 4055      5F50696E 
 4055      52656D61 
 4055      70436F6E 
 4055      66696700 
 4056              	.LASF19:
 4057 029a 4C434B52 		.ascii	"LCKR\000"
 4057      00
 4058              	.LASF50:
 4059 029f 4750494F 		.ascii	"GPIO_PinSource\000"
 4059      5F50696E 
 4059      536F7572 
 4059      636500
 4060              	.LASF84:
 4061 02ae 5243435F 		.ascii	"RCC_APB2PeriphResetCmd\000"
 4061      41504232 
 4061      50657269 
 4061      70685265 
 4061      73657443 
 4062              	.LASF71:
 4063 02c5 4750494F 		.ascii	"GPIO_ReadInputData\000"
 4063      5F526561 
 4063      64496E70 
 4063      75744461 
 4063      746100
 4064              	.LASF57:
 4065 02d8 746D706D 		.ascii	"tmpmask\000"
 4065      61736B00 
 4066              	.LASF33:
 4067 02e0 4750494F 		.ascii	"GPIO_Mode_IPD\000"
 4067      5F4D6F64 
 4067      655F4950 
 4067      4400
 4068              	.LASF15:
 4069 02ee 44495341 		.ascii	"DISABLE\000"
 4069      424C4500 
 4070              	.LASF60:
 4071 02f6 4750494F 		.ascii	"GPIO_PinLockConfig\000"
 4071      5F50696E 
 4071      4C6F636B 
ARM GAS  /tmp/ccnG0Tvv.s 			page 88


 4071      436F6E66 
 4071      696700
 4072              	.LASF7:
 4073 0309 73686F72 		.ascii	"short unsigned int\000"
 4073      7420756E 
 4073      7369676E 
 4073      65642069 
 4073      6E7400
 4074              	.LASF77:
 4075 031c 63757272 		.ascii	"currentpin\000"
 4075      656E7470 
 4075      696E00
 4076              	.LASF62:
 4077 0327 4750494F 		.ascii	"GPIO_Write\000"
 4077      5F577269 
 4077      746500
 4078              	.LASF34:
 4079 0332 4750494F 		.ascii	"GPIO_Mode_IPU\000"
 4079      5F4D6F64 
 4079      655F4950 
 4079      5500
 4080              	.LASF55:
 4081 0340 746D7031 		.ascii	"tmp1\000"
 4081      00
 4082              	.LASF25:
 4083 0345 4D415052 		.ascii	"MAPR2\000"
 4083      3200
 4084              	.LASF24:
 4085 034b 52455345 		.ascii	"RESERVED0\000"
 4085      52564544 
 4085      3000
 4086              	.LASF31:
 4087 0355 4750494F 		.ascii	"GPIO_Mode_AIN\000"
 4087      5F4D6F64 
 4087      655F4149 
 4087      4E00
 4088              	.LASF47:
 4089 0363 4750494F 		.ascii	"GPIO_ETH_MediaInterfaceConfig\000"
 4089      5F455448 
 4089      5F4D6564 
 4089      6961496E 
 4089      74657266 
 4090              	.LASF10:
 4091 0381 6C6F6E67 		.ascii	"long unsigned int\000"
 4091      20756E73 
 4091      69676E65 
 4091      6420696E 
 4091      7400
 4092              	.LASF82:
 4093 0393 73746D33 		.ascii	"stm32f10x_lib/STM32F10x_StdPeriph_Driver/src/stm32f"
 4093      32663130 
 4093      785F6C69 
 4093      622F5354 
 4093      4D333246 
 4094 03c6 3130785F 		.ascii	"10x_gpio.c\000"
 4094      6770696F 
 4094      2E6300
ARM GAS  /tmp/ccnG0Tvv.s 			page 89


 4095              	.LASF46:
 4096 03d1 42697441 		.ascii	"BitAction\000"
 4096      6374696F 
 4096      6E00
 4097              	.LASF30:
 4098 03db 4750494F 		.ascii	"GPIOSpeed_TypeDef\000"
 4098      53706565 
 4098      645F5479 
 4098      70654465 
 4098      6600
 4099              	.LASF17:
 4100 03ed 46756E63 		.ascii	"FunctionalState\000"
 4100      74696F6E 
 4100      616C5374 
 4100      61746500 
 4101              	.LASF22:
 4102 03fd 4D415052 		.ascii	"MAPR\000"
 4102      00
 4103              	.LASF61:
 4104 0402 4750494F 		.ascii	"GPIOx\000"
 4104      7800
 4105              	.LASF36:
 4106 0408 4750494F 		.ascii	"GPIO_Mode_Out_PP\000"
 4106      5F4D6F64 
 4106      655F4F75 
 4106      745F5050 
 4106      00
 4107              	.LASF21:
 4108 0419 45564352 		.ascii	"EVCR\000"
 4108      00
 4109              	.LASF29:
 4110 041e 4750494F 		.ascii	"GPIO_Speed_50MHz\000"
 4110      5F537065 
 4110      65645F35 
 4110      304D487A 
 4110      00
 4111              	.LASF49:
 4112 042f 4750494F 		.ascii	"GPIO_PortSource\000"
 4112      5F506F72 
 4112      74536F75 
 4112      72636500 
 4113              	.LASF43:
 4114 043f 4750494F 		.ascii	"GPIO_InitTypeDef\000"
 4114      5F496E69 
 4114      74547970 
 4114      65446566 
 4114      00
 4115              	.LASF39:
 4116 0450 4750494F 		.ascii	"GPIOMode_TypeDef\000"
 4116      4D6F6465 
 4116      5F547970 
 4116      65446566 
 4116      00
 4117              	.LASF66:
 4118 0461 4750494F 		.ascii	"GPIO_ResetBits\000"
 4118      5F526573 
 4118      65744269 
ARM GAS  /tmp/ccnG0Tvv.s 			page 90


 4118      747300
 4119              	.LASF32:
 4120 0470 4750494F 		.ascii	"GPIO_Mode_IN_FLOATING\000"
 4120      5F4D6F64 
 4120      655F494E 
 4120      5F464C4F 
 4120      4154494E 
 4121              	.LASF81:
 4122 0486 474E5520 		.ascii	"GNU C23 16.2.0 -mcpu=cortex-m3 -mthumb -mfloat-abi="
 4122      43323320 
 4122      31362E32 
 4122      2E30202D 
 4122      6D637075 
 4123 04b9 736F6674 		.ascii	"soft -march=armv7-m -g -gdwarf-2 -Os -fomit-frame-p"
 4123      202D6D61 
 4123      7263683D 
 4123      61726D76 
 4123      372D6D20 
 4124 04ec 6F696E74 		.ascii	"ointer\000"
 4124      657200
 4125              	.LASF69:
 4126 04f3 4750494F 		.ascii	"GPIO_ReadOutputDataBit\000"
 4126      5F526561 
 4126      644F7574 
 4126      70757444 
 4126      61746142 
 4127              	.LASF80:
 4128 050a 4750494F 		.ascii	"GPIO_AFIODeInit\000"
 4128      5F414649 
 4128      4F446549 
 4128      6E697400 
 4129              	.LASF37:
 4130 051a 4750494F 		.ascii	"GPIO_Mode_AF_OD\000"
 4130      5F4D6F64 
 4130      655F4146 
 4130      5F4F4400 
 4131              	.LASF42:
 4132 052a 4750494F 		.ascii	"GPIO_Mode\000"
 4132      5F4D6F64 
 4132      6500
 4133              		.ident	"GCC: (Arch Repository) 16.2.0"
ARM GAS  /tmp/ccnG0Tvv.s 			page 91


DEFINED SYMBOLS
                            *ABS*:00000000 stm32f10x_gpio.c
     /tmp/ccnG0Tvv.s:23     .text:00000000 $t
     /tmp/ccnG0Tvv.s:29     .text:00000000 GPIO_DeInit
     /tmp/ccnG0Tvv.s:196    .text:0000009c $d
     /tmp/ccnG0Tvv.s:206    .text:000000b8 $t
     /tmp/ccnG0Tvv.s:212    .text:000000b8 GPIO_AFIODeInit
     /tmp/ccnG0Tvv.s:255    .text:000000ce GPIO_Init
     /tmp/ccnG0Tvv.s:498    .text:00000170 GPIO_StructInit
     /tmp/ccnG0Tvv.s:529    .text:0000017e GPIO_ReadInputDataBit
     /tmp/ccnG0Tvv.s:566    .text:0000018a GPIO_ReadInputData
     /tmp/ccnG0Tvv.s:593    .text:00000190 GPIO_ReadOutputDataBit
     /tmp/ccnG0Tvv.s:630    .text:0000019c GPIO_ReadOutputData
     /tmp/ccnG0Tvv.s:657    .text:000001a2 GPIO_SetBits
     /tmp/ccnG0Tvv.s:683    .text:000001a6 GPIO_ResetBits
     /tmp/ccnG0Tvv.s:709    .text:000001aa GPIO_WriteBit
     /tmp/ccnG0Tvv.s:746    .text:000001b4 GPIO_Write
     /tmp/ccnG0Tvv.s:771    .text:000001b8 GPIO_PinLockConfig
     /tmp/ccnG0Tvv.s:820    .text:000001c8 GPIO_EventOutputConfig
     /tmp/ccnG0Tvv.s:862    .text:000001e0 $d
     /tmp/ccnG0Tvv.s:866    .text:000001e4 $t
     /tmp/ccnG0Tvv.s:872    .text:000001e4 GPIO_EventOutputCmd
     /tmp/ccnG0Tvv.s:892    .text:000001ec $d
     /tmp/ccnG0Tvv.s:896    .text:000001f0 $t
     /tmp/ccnG0Tvv.s:902    .text:000001f0 GPIO_PinRemapConfig
     /tmp/ccnG0Tvv.s:1041   .text:00000250 $d
     /tmp/ccnG0Tvv.s:1045   .text:00000254 $t
     /tmp/ccnG0Tvv.s:1051   .text:00000254 GPIO_EXTILineConfig
     /tmp/ccnG0Tvv.s:1121   .text:0000027e GPIO_ETH_MediaInterfaceConfig
     /tmp/ccnG0Tvv.s:1141   .text:00000288 $d

UNDEFINED SYMBOLS
RCC_APB2PeriphResetCmd
