ARM GAS  /tmp/ccdFPqg6.s 			page 1


   1              		.cpu cortex-m3
   2              		.arch armv7-m
   3              		.fpu softvfp
   4              		.eabi_attribute 20, 1	@ Tag_ABI_FP_denormal
   5              		.eabi_attribute 21, 1	@ Tag_ABI_FP_exceptions
   6              		.eabi_attribute 23, 3	@ Tag_ABI_FP_number_model
   7              		.eabi_attribute 24, 1	@ Tag_ABI_align8_needed
   8              		.eabi_attribute 25, 1	@ Tag_ABI_align8_preserved
   9              		.eabi_attribute 26, 1	@ Tag_ABI_enum_size
  10              		.eabi_attribute 30, 4	@ Tag_ABI_optimization_goals
  11              		.eabi_attribute 34, 1	@ Tag_CPU_unaligned_access
  12              		.eabi_attribute 18, 4	@ Tag_ABI_PCS_wchar_t
  13              		.file	"core_cm3.c"
  14              	@ GNU C23 (Arch Repository) version 16.2.0 (arm-none-eabi)
  15              	@	compiled by GNU C version 16.2.1 20260810, GMP version 6.3.0, MPFR version 4.2.2, MPC version 1.4
  16              	
  17              	@ GGC heuristics: --param ggc-min-expand=100 --param ggc-min-heapsize=131072
  18              	@ options passed: -mcpu=cortex-m3 -mthumb -mfloat-abi=soft -march=armv7-m -g -gdwarf-2 -Os -fomit-f
  19              		.text
  20              	.Ltext0:
  21              		.cfi_sections	.debug_frame
  22              		.file 1 "stm32f10x_lib/CMSIS/CM3/CoreSupport/core_cm3.c"
  23              		.align	1
  24              		.global	__get_PSP
  25              		.syntax unified
  26              		.thumb
  27              		.thumb_func
  28              		.type	__get_PSP, %function
  29              	__get_PSP:
  30              	.LFB0:
   1:stm32f10x_lib/CMSIS/CM3/CoreSupport/core_cm3.c **** /**************************************************************************//**
   2:stm32f10x_lib/CMSIS/CM3/CoreSupport/core_cm3.c ****  * @file     core_cm3.c
   3:stm32f10x_lib/CMSIS/CM3/CoreSupport/core_cm3.c ****  * @brief    CMSIS Cortex-M3 Core Peripheral Access Layer Source File
   4:stm32f10x_lib/CMSIS/CM3/CoreSupport/core_cm3.c ****  * @version  V1.30
   5:stm32f10x_lib/CMSIS/CM3/CoreSupport/core_cm3.c ****  * @date     30. October 2009
   6:stm32f10x_lib/CMSIS/CM3/CoreSupport/core_cm3.c ****  *
   7:stm32f10x_lib/CMSIS/CM3/CoreSupport/core_cm3.c ****  * @note
   8:stm32f10x_lib/CMSIS/CM3/CoreSupport/core_cm3.c ****  * Copyright (C) 2009 ARM Limited. All rights reserved.
   9:stm32f10x_lib/CMSIS/CM3/CoreSupport/core_cm3.c ****  *
  10:stm32f10x_lib/CMSIS/CM3/CoreSupport/core_cm3.c ****  * @par
  11:stm32f10x_lib/CMSIS/CM3/CoreSupport/core_cm3.c ****  * ARM Limited (ARM) is supplying this software for use with Cortex-M 
  12:stm32f10x_lib/CMSIS/CM3/CoreSupport/core_cm3.c ****  * processor based microcontrollers.  This file can be freely distributed 
  13:stm32f10x_lib/CMSIS/CM3/CoreSupport/core_cm3.c ****  * within development tools that are supporting such ARM based processors. 
  14:stm32f10x_lib/CMSIS/CM3/CoreSupport/core_cm3.c ****  *
  15:stm32f10x_lib/CMSIS/CM3/CoreSupport/core_cm3.c ****  * @par
  16:stm32f10x_lib/CMSIS/CM3/CoreSupport/core_cm3.c ****  * THIS SOFTWARE IS PROVIDED "AS IS".  NO WARRANTIES, WHETHER EXPRESS, IMPLIED
  17:stm32f10x_lib/CMSIS/CM3/CoreSupport/core_cm3.c ****  * OR STATUTORY, INCLUDING, BUT NOT LIMITED TO, IMPLIED WARRANTIES OF
  18:stm32f10x_lib/CMSIS/CM3/CoreSupport/core_cm3.c ****  * MERCHANTABILITY AND FITNESS FOR A PARTICULAR PURPOSE APPLY TO THIS SOFTWARE.
  19:stm32f10x_lib/CMSIS/CM3/CoreSupport/core_cm3.c ****  * ARM SHALL NOT, IN ANY CIRCUMSTANCES, BE LIABLE FOR SPECIAL, INCIDENTAL, OR
  20:stm32f10x_lib/CMSIS/CM3/CoreSupport/core_cm3.c ****  * CONSEQUENTIAL DAMAGES, FOR ANY REASON WHATSOEVER.
  21:stm32f10x_lib/CMSIS/CM3/CoreSupport/core_cm3.c ****  *
  22:stm32f10x_lib/CMSIS/CM3/CoreSupport/core_cm3.c ****  ******************************************************************************/
  23:stm32f10x_lib/CMSIS/CM3/CoreSupport/core_cm3.c **** 
  24:stm32f10x_lib/CMSIS/CM3/CoreSupport/core_cm3.c **** #include <stdint.h>
  25:stm32f10x_lib/CMSIS/CM3/CoreSupport/core_cm3.c **** 
  26:stm32f10x_lib/CMSIS/CM3/CoreSupport/core_cm3.c **** /* define compiler specific symbols */
  27:stm32f10x_lib/CMSIS/CM3/CoreSupport/core_cm3.c **** #if defined ( __CC_ARM   )
ARM GAS  /tmp/ccdFPqg6.s 			page 2


  28:stm32f10x_lib/CMSIS/CM3/CoreSupport/core_cm3.c ****   #define __ASM            __asm                                      /*!< asm keyword for ARM Comp
  29:stm32f10x_lib/CMSIS/CM3/CoreSupport/core_cm3.c ****   #define __INLINE         __inline                                   /*!< inline keyword for ARM C
  30:stm32f10x_lib/CMSIS/CM3/CoreSupport/core_cm3.c **** 
  31:stm32f10x_lib/CMSIS/CM3/CoreSupport/core_cm3.c **** #elif defined ( __ICCARM__ )
  32:stm32f10x_lib/CMSIS/CM3/CoreSupport/core_cm3.c ****   #define __ASM           __asm                                       /*!< asm keyword for IAR Comp
  33:stm32f10x_lib/CMSIS/CM3/CoreSupport/core_cm3.c ****   #define __INLINE        inline                                      /*!< inline keyword for IAR C
  34:stm32f10x_lib/CMSIS/CM3/CoreSupport/core_cm3.c **** 
  35:stm32f10x_lib/CMSIS/CM3/CoreSupport/core_cm3.c **** #elif defined   (  __GNUC__  )
  36:stm32f10x_lib/CMSIS/CM3/CoreSupport/core_cm3.c ****   #define __ASM            __asm                                      /*!< asm keyword for GNU Comp
  37:stm32f10x_lib/CMSIS/CM3/CoreSupport/core_cm3.c ****   #define __INLINE         inline                                     /*!< inline keyword for GNU C
  38:stm32f10x_lib/CMSIS/CM3/CoreSupport/core_cm3.c **** 
  39:stm32f10x_lib/CMSIS/CM3/CoreSupport/core_cm3.c **** #elif defined   (  __TASKING__  )
  40:stm32f10x_lib/CMSIS/CM3/CoreSupport/core_cm3.c ****   #define __ASM            __asm                                      /*!< asm keyword for TASKING 
  41:stm32f10x_lib/CMSIS/CM3/CoreSupport/core_cm3.c ****   #define __INLINE         inline                                     /*!< inline keyword for TASKI
  42:stm32f10x_lib/CMSIS/CM3/CoreSupport/core_cm3.c **** 
  43:stm32f10x_lib/CMSIS/CM3/CoreSupport/core_cm3.c **** #endif
  44:stm32f10x_lib/CMSIS/CM3/CoreSupport/core_cm3.c **** 
  45:stm32f10x_lib/CMSIS/CM3/CoreSupport/core_cm3.c **** 
  46:stm32f10x_lib/CMSIS/CM3/CoreSupport/core_cm3.c **** /* ###################  Compiler specific Intrinsics  ########################### */
  47:stm32f10x_lib/CMSIS/CM3/CoreSupport/core_cm3.c **** 
  48:stm32f10x_lib/CMSIS/CM3/CoreSupport/core_cm3.c **** #if defined ( __CC_ARM   ) /*------------------RealView Compiler -----------------*/
  49:stm32f10x_lib/CMSIS/CM3/CoreSupport/core_cm3.c **** /* ARM armcc specific functions */
  50:stm32f10x_lib/CMSIS/CM3/CoreSupport/core_cm3.c **** 
  51:stm32f10x_lib/CMSIS/CM3/CoreSupport/core_cm3.c **** /**
  52:stm32f10x_lib/CMSIS/CM3/CoreSupport/core_cm3.c ****  * @brief  Return the Process Stack Pointer
  53:stm32f10x_lib/CMSIS/CM3/CoreSupport/core_cm3.c ****  *
  54:stm32f10x_lib/CMSIS/CM3/CoreSupport/core_cm3.c ****  * @return ProcessStackPointer
  55:stm32f10x_lib/CMSIS/CM3/CoreSupport/core_cm3.c ****  *
  56:stm32f10x_lib/CMSIS/CM3/CoreSupport/core_cm3.c ****  * Return the actual process stack pointer
  57:stm32f10x_lib/CMSIS/CM3/CoreSupport/core_cm3.c ****  */
  58:stm32f10x_lib/CMSIS/CM3/CoreSupport/core_cm3.c **** __ASM uint32_t __get_PSP(void)
  59:stm32f10x_lib/CMSIS/CM3/CoreSupport/core_cm3.c **** {
  60:stm32f10x_lib/CMSIS/CM3/CoreSupport/core_cm3.c ****   mrs r0, psp
  61:stm32f10x_lib/CMSIS/CM3/CoreSupport/core_cm3.c ****   bx lr
  62:stm32f10x_lib/CMSIS/CM3/CoreSupport/core_cm3.c **** }
  63:stm32f10x_lib/CMSIS/CM3/CoreSupport/core_cm3.c **** 
  64:stm32f10x_lib/CMSIS/CM3/CoreSupport/core_cm3.c **** /**
  65:stm32f10x_lib/CMSIS/CM3/CoreSupport/core_cm3.c ****  * @brief  Set the Process Stack Pointer
  66:stm32f10x_lib/CMSIS/CM3/CoreSupport/core_cm3.c ****  *
  67:stm32f10x_lib/CMSIS/CM3/CoreSupport/core_cm3.c ****  * @param  topOfProcStack  Process Stack Pointer
  68:stm32f10x_lib/CMSIS/CM3/CoreSupport/core_cm3.c ****  *
  69:stm32f10x_lib/CMSIS/CM3/CoreSupport/core_cm3.c ****  * Assign the value ProcessStackPointer to the MSP 
  70:stm32f10x_lib/CMSIS/CM3/CoreSupport/core_cm3.c ****  * (process stack pointer) Cortex processor register
  71:stm32f10x_lib/CMSIS/CM3/CoreSupport/core_cm3.c ****  */
  72:stm32f10x_lib/CMSIS/CM3/CoreSupport/core_cm3.c **** __ASM void __set_PSP(uint32_t topOfProcStack)
  73:stm32f10x_lib/CMSIS/CM3/CoreSupport/core_cm3.c **** {
  74:stm32f10x_lib/CMSIS/CM3/CoreSupport/core_cm3.c ****   msr psp, r0
  75:stm32f10x_lib/CMSIS/CM3/CoreSupport/core_cm3.c ****   bx lr
  76:stm32f10x_lib/CMSIS/CM3/CoreSupport/core_cm3.c **** }
  77:stm32f10x_lib/CMSIS/CM3/CoreSupport/core_cm3.c **** 
  78:stm32f10x_lib/CMSIS/CM3/CoreSupport/core_cm3.c **** /**
  79:stm32f10x_lib/CMSIS/CM3/CoreSupport/core_cm3.c ****  * @brief  Return the Main Stack Pointer
  80:stm32f10x_lib/CMSIS/CM3/CoreSupport/core_cm3.c ****  *
  81:stm32f10x_lib/CMSIS/CM3/CoreSupport/core_cm3.c ****  * @return Main Stack Pointer
  82:stm32f10x_lib/CMSIS/CM3/CoreSupport/core_cm3.c ****  *
  83:stm32f10x_lib/CMSIS/CM3/CoreSupport/core_cm3.c ****  * Return the current value of the MSP (main stack pointer)
  84:stm32f10x_lib/CMSIS/CM3/CoreSupport/core_cm3.c ****  * Cortex processor register
ARM GAS  /tmp/ccdFPqg6.s 			page 3


  85:stm32f10x_lib/CMSIS/CM3/CoreSupport/core_cm3.c ****  */
  86:stm32f10x_lib/CMSIS/CM3/CoreSupport/core_cm3.c **** __ASM uint32_t __get_MSP(void)
  87:stm32f10x_lib/CMSIS/CM3/CoreSupport/core_cm3.c **** {
  88:stm32f10x_lib/CMSIS/CM3/CoreSupport/core_cm3.c ****   mrs r0, msp
  89:stm32f10x_lib/CMSIS/CM3/CoreSupport/core_cm3.c ****   bx lr
  90:stm32f10x_lib/CMSIS/CM3/CoreSupport/core_cm3.c **** }
  91:stm32f10x_lib/CMSIS/CM3/CoreSupport/core_cm3.c **** 
  92:stm32f10x_lib/CMSIS/CM3/CoreSupport/core_cm3.c **** /**
  93:stm32f10x_lib/CMSIS/CM3/CoreSupport/core_cm3.c ****  * @brief  Set the Main Stack Pointer
  94:stm32f10x_lib/CMSIS/CM3/CoreSupport/core_cm3.c ****  *
  95:stm32f10x_lib/CMSIS/CM3/CoreSupport/core_cm3.c ****  * @param  topOfMainStack  Main Stack Pointer
  96:stm32f10x_lib/CMSIS/CM3/CoreSupport/core_cm3.c ****  *
  97:stm32f10x_lib/CMSIS/CM3/CoreSupport/core_cm3.c ****  * Assign the value mainStackPointer to the MSP 
  98:stm32f10x_lib/CMSIS/CM3/CoreSupport/core_cm3.c ****  * (main stack pointer) Cortex processor register
  99:stm32f10x_lib/CMSIS/CM3/CoreSupport/core_cm3.c ****  */
 100:stm32f10x_lib/CMSIS/CM3/CoreSupport/core_cm3.c **** __ASM void __set_MSP(uint32_t mainStackPointer)
 101:stm32f10x_lib/CMSIS/CM3/CoreSupport/core_cm3.c **** {
 102:stm32f10x_lib/CMSIS/CM3/CoreSupport/core_cm3.c ****   msr msp, r0
 103:stm32f10x_lib/CMSIS/CM3/CoreSupport/core_cm3.c ****   bx lr
 104:stm32f10x_lib/CMSIS/CM3/CoreSupport/core_cm3.c **** }
 105:stm32f10x_lib/CMSIS/CM3/CoreSupport/core_cm3.c **** 
 106:stm32f10x_lib/CMSIS/CM3/CoreSupport/core_cm3.c **** /**
 107:stm32f10x_lib/CMSIS/CM3/CoreSupport/core_cm3.c ****  * @brief  Reverse byte order in unsigned short value
 108:stm32f10x_lib/CMSIS/CM3/CoreSupport/core_cm3.c ****  *
 109:stm32f10x_lib/CMSIS/CM3/CoreSupport/core_cm3.c ****  * @param   value  value to reverse
 110:stm32f10x_lib/CMSIS/CM3/CoreSupport/core_cm3.c ****  * @return         reversed value
 111:stm32f10x_lib/CMSIS/CM3/CoreSupport/core_cm3.c ****  *
 112:stm32f10x_lib/CMSIS/CM3/CoreSupport/core_cm3.c ****  * Reverse byte order in unsigned short value
 113:stm32f10x_lib/CMSIS/CM3/CoreSupport/core_cm3.c ****  */
 114:stm32f10x_lib/CMSIS/CM3/CoreSupport/core_cm3.c **** __ASM uint32_t __REV16(uint16_t value)
 115:stm32f10x_lib/CMSIS/CM3/CoreSupport/core_cm3.c **** {
 116:stm32f10x_lib/CMSIS/CM3/CoreSupport/core_cm3.c ****   rev16 r0, r0
 117:stm32f10x_lib/CMSIS/CM3/CoreSupport/core_cm3.c ****   bx lr
 118:stm32f10x_lib/CMSIS/CM3/CoreSupport/core_cm3.c **** }
 119:stm32f10x_lib/CMSIS/CM3/CoreSupport/core_cm3.c **** 
 120:stm32f10x_lib/CMSIS/CM3/CoreSupport/core_cm3.c **** /**
 121:stm32f10x_lib/CMSIS/CM3/CoreSupport/core_cm3.c ****  * @brief  Reverse byte order in signed short value with sign extension to integer
 122:stm32f10x_lib/CMSIS/CM3/CoreSupport/core_cm3.c ****  *
 123:stm32f10x_lib/CMSIS/CM3/CoreSupport/core_cm3.c ****  * @param   value  value to reverse
 124:stm32f10x_lib/CMSIS/CM3/CoreSupport/core_cm3.c ****  * @return         reversed value
 125:stm32f10x_lib/CMSIS/CM3/CoreSupport/core_cm3.c ****  *
 126:stm32f10x_lib/CMSIS/CM3/CoreSupport/core_cm3.c ****  * Reverse byte order in signed short value with sign extension to integer
 127:stm32f10x_lib/CMSIS/CM3/CoreSupport/core_cm3.c ****  */
 128:stm32f10x_lib/CMSIS/CM3/CoreSupport/core_cm3.c **** __ASM int32_t __REVSH(int16_t value)
 129:stm32f10x_lib/CMSIS/CM3/CoreSupport/core_cm3.c **** {
 130:stm32f10x_lib/CMSIS/CM3/CoreSupport/core_cm3.c ****   revsh r0, r0
 131:stm32f10x_lib/CMSIS/CM3/CoreSupport/core_cm3.c ****   bx lr
 132:stm32f10x_lib/CMSIS/CM3/CoreSupport/core_cm3.c **** }
 133:stm32f10x_lib/CMSIS/CM3/CoreSupport/core_cm3.c **** 
 134:stm32f10x_lib/CMSIS/CM3/CoreSupport/core_cm3.c **** 
 135:stm32f10x_lib/CMSIS/CM3/CoreSupport/core_cm3.c **** #if (__ARMCC_VERSION < 400000)
 136:stm32f10x_lib/CMSIS/CM3/CoreSupport/core_cm3.c **** 
 137:stm32f10x_lib/CMSIS/CM3/CoreSupport/core_cm3.c **** /**
 138:stm32f10x_lib/CMSIS/CM3/CoreSupport/core_cm3.c ****  * @brief  Remove the exclusive lock created by ldrex
 139:stm32f10x_lib/CMSIS/CM3/CoreSupport/core_cm3.c ****  *
 140:stm32f10x_lib/CMSIS/CM3/CoreSupport/core_cm3.c ****  * Removes the exclusive lock which is created by ldrex.
 141:stm32f10x_lib/CMSIS/CM3/CoreSupport/core_cm3.c ****  */
ARM GAS  /tmp/ccdFPqg6.s 			page 4


 142:stm32f10x_lib/CMSIS/CM3/CoreSupport/core_cm3.c **** __ASM void __CLREX(void)
 143:stm32f10x_lib/CMSIS/CM3/CoreSupport/core_cm3.c **** {
 144:stm32f10x_lib/CMSIS/CM3/CoreSupport/core_cm3.c ****   clrex
 145:stm32f10x_lib/CMSIS/CM3/CoreSupport/core_cm3.c **** }
 146:stm32f10x_lib/CMSIS/CM3/CoreSupport/core_cm3.c **** 
 147:stm32f10x_lib/CMSIS/CM3/CoreSupport/core_cm3.c **** /**
 148:stm32f10x_lib/CMSIS/CM3/CoreSupport/core_cm3.c ****  * @brief  Return the Base Priority value
 149:stm32f10x_lib/CMSIS/CM3/CoreSupport/core_cm3.c ****  *
 150:stm32f10x_lib/CMSIS/CM3/CoreSupport/core_cm3.c ****  * @return BasePriority
 151:stm32f10x_lib/CMSIS/CM3/CoreSupport/core_cm3.c ****  *
 152:stm32f10x_lib/CMSIS/CM3/CoreSupport/core_cm3.c ****  * Return the content of the base priority register
 153:stm32f10x_lib/CMSIS/CM3/CoreSupport/core_cm3.c ****  */
 154:stm32f10x_lib/CMSIS/CM3/CoreSupport/core_cm3.c **** __ASM uint32_t  __get_BASEPRI(void)
 155:stm32f10x_lib/CMSIS/CM3/CoreSupport/core_cm3.c **** {
 156:stm32f10x_lib/CMSIS/CM3/CoreSupport/core_cm3.c ****   mrs r0, basepri
 157:stm32f10x_lib/CMSIS/CM3/CoreSupport/core_cm3.c ****   bx lr
 158:stm32f10x_lib/CMSIS/CM3/CoreSupport/core_cm3.c **** }
 159:stm32f10x_lib/CMSIS/CM3/CoreSupport/core_cm3.c **** 
 160:stm32f10x_lib/CMSIS/CM3/CoreSupport/core_cm3.c **** /**
 161:stm32f10x_lib/CMSIS/CM3/CoreSupport/core_cm3.c ****  * @brief  Set the Base Priority value
 162:stm32f10x_lib/CMSIS/CM3/CoreSupport/core_cm3.c ****  *
 163:stm32f10x_lib/CMSIS/CM3/CoreSupport/core_cm3.c ****  * @param  basePri  BasePriority
 164:stm32f10x_lib/CMSIS/CM3/CoreSupport/core_cm3.c ****  *
 165:stm32f10x_lib/CMSIS/CM3/CoreSupport/core_cm3.c ****  * Set the base priority register
 166:stm32f10x_lib/CMSIS/CM3/CoreSupport/core_cm3.c ****  */
 167:stm32f10x_lib/CMSIS/CM3/CoreSupport/core_cm3.c **** __ASM void __set_BASEPRI(uint32_t basePri)
 168:stm32f10x_lib/CMSIS/CM3/CoreSupport/core_cm3.c **** {
 169:stm32f10x_lib/CMSIS/CM3/CoreSupport/core_cm3.c ****   msr basepri, r0
 170:stm32f10x_lib/CMSIS/CM3/CoreSupport/core_cm3.c ****   bx lr
 171:stm32f10x_lib/CMSIS/CM3/CoreSupport/core_cm3.c **** }
 172:stm32f10x_lib/CMSIS/CM3/CoreSupport/core_cm3.c **** 
 173:stm32f10x_lib/CMSIS/CM3/CoreSupport/core_cm3.c **** /**
 174:stm32f10x_lib/CMSIS/CM3/CoreSupport/core_cm3.c ****  * @brief  Return the Priority Mask value
 175:stm32f10x_lib/CMSIS/CM3/CoreSupport/core_cm3.c ****  *
 176:stm32f10x_lib/CMSIS/CM3/CoreSupport/core_cm3.c ****  * @return PriMask
 177:stm32f10x_lib/CMSIS/CM3/CoreSupport/core_cm3.c ****  *
 178:stm32f10x_lib/CMSIS/CM3/CoreSupport/core_cm3.c ****  * Return state of the priority mask bit from the priority mask register
 179:stm32f10x_lib/CMSIS/CM3/CoreSupport/core_cm3.c ****  */
 180:stm32f10x_lib/CMSIS/CM3/CoreSupport/core_cm3.c **** __ASM uint32_t __get_PRIMASK(void)
 181:stm32f10x_lib/CMSIS/CM3/CoreSupport/core_cm3.c **** {
 182:stm32f10x_lib/CMSIS/CM3/CoreSupport/core_cm3.c ****   mrs r0, primask
 183:stm32f10x_lib/CMSIS/CM3/CoreSupport/core_cm3.c ****   bx lr
 184:stm32f10x_lib/CMSIS/CM3/CoreSupport/core_cm3.c **** }
 185:stm32f10x_lib/CMSIS/CM3/CoreSupport/core_cm3.c **** 
 186:stm32f10x_lib/CMSIS/CM3/CoreSupport/core_cm3.c **** /**
 187:stm32f10x_lib/CMSIS/CM3/CoreSupport/core_cm3.c ****  * @brief  Set the Priority Mask value
 188:stm32f10x_lib/CMSIS/CM3/CoreSupport/core_cm3.c ****  *
 189:stm32f10x_lib/CMSIS/CM3/CoreSupport/core_cm3.c ****  * @param  priMask  PriMask
 190:stm32f10x_lib/CMSIS/CM3/CoreSupport/core_cm3.c ****  *
 191:stm32f10x_lib/CMSIS/CM3/CoreSupport/core_cm3.c ****  * Set the priority mask bit in the priority mask register
 192:stm32f10x_lib/CMSIS/CM3/CoreSupport/core_cm3.c ****  */
 193:stm32f10x_lib/CMSIS/CM3/CoreSupport/core_cm3.c **** __ASM void __set_PRIMASK(uint32_t priMask)
 194:stm32f10x_lib/CMSIS/CM3/CoreSupport/core_cm3.c **** {
 195:stm32f10x_lib/CMSIS/CM3/CoreSupport/core_cm3.c ****   msr primask, r0
 196:stm32f10x_lib/CMSIS/CM3/CoreSupport/core_cm3.c ****   bx lr
 197:stm32f10x_lib/CMSIS/CM3/CoreSupport/core_cm3.c **** }
 198:stm32f10x_lib/CMSIS/CM3/CoreSupport/core_cm3.c **** 
ARM GAS  /tmp/ccdFPqg6.s 			page 5


 199:stm32f10x_lib/CMSIS/CM3/CoreSupport/core_cm3.c **** /**
 200:stm32f10x_lib/CMSIS/CM3/CoreSupport/core_cm3.c ****  * @brief  Return the Fault Mask value
 201:stm32f10x_lib/CMSIS/CM3/CoreSupport/core_cm3.c ****  *
 202:stm32f10x_lib/CMSIS/CM3/CoreSupport/core_cm3.c ****  * @return FaultMask
 203:stm32f10x_lib/CMSIS/CM3/CoreSupport/core_cm3.c ****  *
 204:stm32f10x_lib/CMSIS/CM3/CoreSupport/core_cm3.c ****  * Return the content of the fault mask register
 205:stm32f10x_lib/CMSIS/CM3/CoreSupport/core_cm3.c ****  */
 206:stm32f10x_lib/CMSIS/CM3/CoreSupport/core_cm3.c **** __ASM uint32_t  __get_FAULTMASK(void)
 207:stm32f10x_lib/CMSIS/CM3/CoreSupport/core_cm3.c **** {
 208:stm32f10x_lib/CMSIS/CM3/CoreSupport/core_cm3.c ****   mrs r0, faultmask
 209:stm32f10x_lib/CMSIS/CM3/CoreSupport/core_cm3.c ****   bx lr
 210:stm32f10x_lib/CMSIS/CM3/CoreSupport/core_cm3.c **** }
 211:stm32f10x_lib/CMSIS/CM3/CoreSupport/core_cm3.c **** 
 212:stm32f10x_lib/CMSIS/CM3/CoreSupport/core_cm3.c **** /**
 213:stm32f10x_lib/CMSIS/CM3/CoreSupport/core_cm3.c ****  * @brief  Set the Fault Mask value
 214:stm32f10x_lib/CMSIS/CM3/CoreSupport/core_cm3.c ****  *
 215:stm32f10x_lib/CMSIS/CM3/CoreSupport/core_cm3.c ****  * @param  faultMask  faultMask value
 216:stm32f10x_lib/CMSIS/CM3/CoreSupport/core_cm3.c ****  *
 217:stm32f10x_lib/CMSIS/CM3/CoreSupport/core_cm3.c ****  * Set the fault mask register
 218:stm32f10x_lib/CMSIS/CM3/CoreSupport/core_cm3.c ****  */
 219:stm32f10x_lib/CMSIS/CM3/CoreSupport/core_cm3.c **** __ASM void __set_FAULTMASK(uint32_t faultMask)
 220:stm32f10x_lib/CMSIS/CM3/CoreSupport/core_cm3.c **** {
 221:stm32f10x_lib/CMSIS/CM3/CoreSupport/core_cm3.c ****   msr faultmask, r0
 222:stm32f10x_lib/CMSIS/CM3/CoreSupport/core_cm3.c ****   bx lr
 223:stm32f10x_lib/CMSIS/CM3/CoreSupport/core_cm3.c **** }
 224:stm32f10x_lib/CMSIS/CM3/CoreSupport/core_cm3.c **** 
 225:stm32f10x_lib/CMSIS/CM3/CoreSupport/core_cm3.c **** /**
 226:stm32f10x_lib/CMSIS/CM3/CoreSupport/core_cm3.c ****  * @brief  Return the Control Register value
 227:stm32f10x_lib/CMSIS/CM3/CoreSupport/core_cm3.c ****  * 
 228:stm32f10x_lib/CMSIS/CM3/CoreSupport/core_cm3.c ****  * @return Control value
 229:stm32f10x_lib/CMSIS/CM3/CoreSupport/core_cm3.c ****  *
 230:stm32f10x_lib/CMSIS/CM3/CoreSupport/core_cm3.c ****  * Return the content of the control register
 231:stm32f10x_lib/CMSIS/CM3/CoreSupport/core_cm3.c ****  */
 232:stm32f10x_lib/CMSIS/CM3/CoreSupport/core_cm3.c **** __ASM uint32_t __get_CONTROL(void)
 233:stm32f10x_lib/CMSIS/CM3/CoreSupport/core_cm3.c **** {
 234:stm32f10x_lib/CMSIS/CM3/CoreSupport/core_cm3.c ****   mrs r0, control
 235:stm32f10x_lib/CMSIS/CM3/CoreSupport/core_cm3.c ****   bx lr
 236:stm32f10x_lib/CMSIS/CM3/CoreSupport/core_cm3.c **** }
 237:stm32f10x_lib/CMSIS/CM3/CoreSupport/core_cm3.c **** 
 238:stm32f10x_lib/CMSIS/CM3/CoreSupport/core_cm3.c **** /**
 239:stm32f10x_lib/CMSIS/CM3/CoreSupport/core_cm3.c ****  * @brief  Set the Control Register value
 240:stm32f10x_lib/CMSIS/CM3/CoreSupport/core_cm3.c ****  *
 241:stm32f10x_lib/CMSIS/CM3/CoreSupport/core_cm3.c ****  * @param  control  Control value
 242:stm32f10x_lib/CMSIS/CM3/CoreSupport/core_cm3.c ****  *
 243:stm32f10x_lib/CMSIS/CM3/CoreSupport/core_cm3.c ****  * Set the control register
 244:stm32f10x_lib/CMSIS/CM3/CoreSupport/core_cm3.c ****  */
 245:stm32f10x_lib/CMSIS/CM3/CoreSupport/core_cm3.c **** __ASM void __set_CONTROL(uint32_t control)
 246:stm32f10x_lib/CMSIS/CM3/CoreSupport/core_cm3.c **** {
 247:stm32f10x_lib/CMSIS/CM3/CoreSupport/core_cm3.c ****   msr control, r0
 248:stm32f10x_lib/CMSIS/CM3/CoreSupport/core_cm3.c ****   bx lr
 249:stm32f10x_lib/CMSIS/CM3/CoreSupport/core_cm3.c **** }
 250:stm32f10x_lib/CMSIS/CM3/CoreSupport/core_cm3.c **** 
 251:stm32f10x_lib/CMSIS/CM3/CoreSupport/core_cm3.c **** #endif /* __ARMCC_VERSION  */ 
 252:stm32f10x_lib/CMSIS/CM3/CoreSupport/core_cm3.c **** 
 253:stm32f10x_lib/CMSIS/CM3/CoreSupport/core_cm3.c **** 
 254:stm32f10x_lib/CMSIS/CM3/CoreSupport/core_cm3.c **** 
 255:stm32f10x_lib/CMSIS/CM3/CoreSupport/core_cm3.c **** #elif (defined (__ICCARM__)) /*------------------ ICC Compiler -------------------*/
ARM GAS  /tmp/ccdFPqg6.s 			page 6


 256:stm32f10x_lib/CMSIS/CM3/CoreSupport/core_cm3.c **** /* IAR iccarm specific functions */
 257:stm32f10x_lib/CMSIS/CM3/CoreSupport/core_cm3.c **** #pragma diag_suppress=Pe940
 258:stm32f10x_lib/CMSIS/CM3/CoreSupport/core_cm3.c **** 
 259:stm32f10x_lib/CMSIS/CM3/CoreSupport/core_cm3.c **** /**
 260:stm32f10x_lib/CMSIS/CM3/CoreSupport/core_cm3.c ****  * @brief  Return the Process Stack Pointer
 261:stm32f10x_lib/CMSIS/CM3/CoreSupport/core_cm3.c ****  *
 262:stm32f10x_lib/CMSIS/CM3/CoreSupport/core_cm3.c ****  * @return ProcessStackPointer
 263:stm32f10x_lib/CMSIS/CM3/CoreSupport/core_cm3.c ****  *
 264:stm32f10x_lib/CMSIS/CM3/CoreSupport/core_cm3.c ****  * Return the actual process stack pointer
 265:stm32f10x_lib/CMSIS/CM3/CoreSupport/core_cm3.c ****  */
 266:stm32f10x_lib/CMSIS/CM3/CoreSupport/core_cm3.c **** uint32_t __get_PSP(void)
 267:stm32f10x_lib/CMSIS/CM3/CoreSupport/core_cm3.c **** {
 268:stm32f10x_lib/CMSIS/CM3/CoreSupport/core_cm3.c ****   __ASM("mrs r0, psp");
 269:stm32f10x_lib/CMSIS/CM3/CoreSupport/core_cm3.c ****   __ASM("bx lr");
 270:stm32f10x_lib/CMSIS/CM3/CoreSupport/core_cm3.c **** }
 271:stm32f10x_lib/CMSIS/CM3/CoreSupport/core_cm3.c **** 
 272:stm32f10x_lib/CMSIS/CM3/CoreSupport/core_cm3.c **** /**
 273:stm32f10x_lib/CMSIS/CM3/CoreSupport/core_cm3.c ****  * @brief  Set the Process Stack Pointer
 274:stm32f10x_lib/CMSIS/CM3/CoreSupport/core_cm3.c ****  *
 275:stm32f10x_lib/CMSIS/CM3/CoreSupport/core_cm3.c ****  * @param  topOfProcStack  Process Stack Pointer
 276:stm32f10x_lib/CMSIS/CM3/CoreSupport/core_cm3.c ****  *
 277:stm32f10x_lib/CMSIS/CM3/CoreSupport/core_cm3.c ****  * Assign the value ProcessStackPointer to the MSP 
 278:stm32f10x_lib/CMSIS/CM3/CoreSupport/core_cm3.c ****  * (process stack pointer) Cortex processor register
 279:stm32f10x_lib/CMSIS/CM3/CoreSupport/core_cm3.c ****  */
 280:stm32f10x_lib/CMSIS/CM3/CoreSupport/core_cm3.c **** void __set_PSP(uint32_t topOfProcStack)
 281:stm32f10x_lib/CMSIS/CM3/CoreSupport/core_cm3.c **** {
 282:stm32f10x_lib/CMSIS/CM3/CoreSupport/core_cm3.c ****   __ASM("msr psp, r0");
 283:stm32f10x_lib/CMSIS/CM3/CoreSupport/core_cm3.c ****   __ASM("bx lr");
 284:stm32f10x_lib/CMSIS/CM3/CoreSupport/core_cm3.c **** }
 285:stm32f10x_lib/CMSIS/CM3/CoreSupport/core_cm3.c **** 
 286:stm32f10x_lib/CMSIS/CM3/CoreSupport/core_cm3.c **** /**
 287:stm32f10x_lib/CMSIS/CM3/CoreSupport/core_cm3.c ****  * @brief  Return the Main Stack Pointer
 288:stm32f10x_lib/CMSIS/CM3/CoreSupport/core_cm3.c ****  *
 289:stm32f10x_lib/CMSIS/CM3/CoreSupport/core_cm3.c ****  * @return Main Stack Pointer
 290:stm32f10x_lib/CMSIS/CM3/CoreSupport/core_cm3.c ****  *
 291:stm32f10x_lib/CMSIS/CM3/CoreSupport/core_cm3.c ****  * Return the current value of the MSP (main stack pointer)
 292:stm32f10x_lib/CMSIS/CM3/CoreSupport/core_cm3.c ****  * Cortex processor register
 293:stm32f10x_lib/CMSIS/CM3/CoreSupport/core_cm3.c ****  */
 294:stm32f10x_lib/CMSIS/CM3/CoreSupport/core_cm3.c **** uint32_t __get_MSP(void)
 295:stm32f10x_lib/CMSIS/CM3/CoreSupport/core_cm3.c **** {
 296:stm32f10x_lib/CMSIS/CM3/CoreSupport/core_cm3.c ****   __ASM("mrs r0, msp");
 297:stm32f10x_lib/CMSIS/CM3/CoreSupport/core_cm3.c ****   __ASM("bx lr");
 298:stm32f10x_lib/CMSIS/CM3/CoreSupport/core_cm3.c **** }
 299:stm32f10x_lib/CMSIS/CM3/CoreSupport/core_cm3.c **** 
 300:stm32f10x_lib/CMSIS/CM3/CoreSupport/core_cm3.c **** /**
 301:stm32f10x_lib/CMSIS/CM3/CoreSupport/core_cm3.c ****  * @brief  Set the Main Stack Pointer
 302:stm32f10x_lib/CMSIS/CM3/CoreSupport/core_cm3.c ****  *
 303:stm32f10x_lib/CMSIS/CM3/CoreSupport/core_cm3.c ****  * @param  topOfMainStack  Main Stack Pointer
 304:stm32f10x_lib/CMSIS/CM3/CoreSupport/core_cm3.c ****  *
 305:stm32f10x_lib/CMSIS/CM3/CoreSupport/core_cm3.c ****  * Assign the value mainStackPointer to the MSP 
 306:stm32f10x_lib/CMSIS/CM3/CoreSupport/core_cm3.c ****  * (main stack pointer) Cortex processor register
 307:stm32f10x_lib/CMSIS/CM3/CoreSupport/core_cm3.c ****  */
 308:stm32f10x_lib/CMSIS/CM3/CoreSupport/core_cm3.c **** void __set_MSP(uint32_t topOfMainStack)
 309:stm32f10x_lib/CMSIS/CM3/CoreSupport/core_cm3.c **** {
 310:stm32f10x_lib/CMSIS/CM3/CoreSupport/core_cm3.c ****   __ASM("msr msp, r0");
 311:stm32f10x_lib/CMSIS/CM3/CoreSupport/core_cm3.c ****   __ASM("bx lr");
 312:stm32f10x_lib/CMSIS/CM3/CoreSupport/core_cm3.c **** }
ARM GAS  /tmp/ccdFPqg6.s 			page 7


 313:stm32f10x_lib/CMSIS/CM3/CoreSupport/core_cm3.c **** 
 314:stm32f10x_lib/CMSIS/CM3/CoreSupport/core_cm3.c **** /**
 315:stm32f10x_lib/CMSIS/CM3/CoreSupport/core_cm3.c ****  * @brief  Reverse byte order in unsigned short value
 316:stm32f10x_lib/CMSIS/CM3/CoreSupport/core_cm3.c ****  *
 317:stm32f10x_lib/CMSIS/CM3/CoreSupport/core_cm3.c ****  * @param  value  value to reverse
 318:stm32f10x_lib/CMSIS/CM3/CoreSupport/core_cm3.c ****  * @return        reversed value
 319:stm32f10x_lib/CMSIS/CM3/CoreSupport/core_cm3.c ****  *
 320:stm32f10x_lib/CMSIS/CM3/CoreSupport/core_cm3.c ****  * Reverse byte order in unsigned short value
 321:stm32f10x_lib/CMSIS/CM3/CoreSupport/core_cm3.c ****  */
 322:stm32f10x_lib/CMSIS/CM3/CoreSupport/core_cm3.c **** uint32_t __REV16(uint16_t value)
 323:stm32f10x_lib/CMSIS/CM3/CoreSupport/core_cm3.c **** {
 324:stm32f10x_lib/CMSIS/CM3/CoreSupport/core_cm3.c ****   __ASM("rev16 r0, r0");
 325:stm32f10x_lib/CMSIS/CM3/CoreSupport/core_cm3.c ****   __ASM("bx lr");
 326:stm32f10x_lib/CMSIS/CM3/CoreSupport/core_cm3.c **** }
 327:stm32f10x_lib/CMSIS/CM3/CoreSupport/core_cm3.c **** 
 328:stm32f10x_lib/CMSIS/CM3/CoreSupport/core_cm3.c **** /**
 329:stm32f10x_lib/CMSIS/CM3/CoreSupport/core_cm3.c ****  * @brief  Reverse bit order of value
 330:stm32f10x_lib/CMSIS/CM3/CoreSupport/core_cm3.c ****  *
 331:stm32f10x_lib/CMSIS/CM3/CoreSupport/core_cm3.c ****  * @param  value  value to reverse
 332:stm32f10x_lib/CMSIS/CM3/CoreSupport/core_cm3.c ****  * @return        reversed value
 333:stm32f10x_lib/CMSIS/CM3/CoreSupport/core_cm3.c ****  *
 334:stm32f10x_lib/CMSIS/CM3/CoreSupport/core_cm3.c ****  * Reverse bit order of value
 335:stm32f10x_lib/CMSIS/CM3/CoreSupport/core_cm3.c ****  */
 336:stm32f10x_lib/CMSIS/CM3/CoreSupport/core_cm3.c **** uint32_t __RBIT(uint32_t value)
 337:stm32f10x_lib/CMSIS/CM3/CoreSupport/core_cm3.c **** {
 338:stm32f10x_lib/CMSIS/CM3/CoreSupport/core_cm3.c ****   __ASM("rbit r0, r0");
 339:stm32f10x_lib/CMSIS/CM3/CoreSupport/core_cm3.c ****   __ASM("bx lr");
 340:stm32f10x_lib/CMSIS/CM3/CoreSupport/core_cm3.c **** }
 341:stm32f10x_lib/CMSIS/CM3/CoreSupport/core_cm3.c **** 
 342:stm32f10x_lib/CMSIS/CM3/CoreSupport/core_cm3.c **** /**
 343:stm32f10x_lib/CMSIS/CM3/CoreSupport/core_cm3.c ****  * @brief  LDR Exclusive (8 bit)
 344:stm32f10x_lib/CMSIS/CM3/CoreSupport/core_cm3.c ****  *
 345:stm32f10x_lib/CMSIS/CM3/CoreSupport/core_cm3.c ****  * @param  *addr  address pointer
 346:stm32f10x_lib/CMSIS/CM3/CoreSupport/core_cm3.c ****  * @return        value of (*address)
 347:stm32f10x_lib/CMSIS/CM3/CoreSupport/core_cm3.c ****  *
 348:stm32f10x_lib/CMSIS/CM3/CoreSupport/core_cm3.c ****  * Exclusive LDR command for 8 bit values)
 349:stm32f10x_lib/CMSIS/CM3/CoreSupport/core_cm3.c ****  */
 350:stm32f10x_lib/CMSIS/CM3/CoreSupport/core_cm3.c **** uint8_t __LDREXB(uint8_t *addr)
 351:stm32f10x_lib/CMSIS/CM3/CoreSupport/core_cm3.c **** {
 352:stm32f10x_lib/CMSIS/CM3/CoreSupport/core_cm3.c ****   __ASM("ldrexb r0, [r0]");
 353:stm32f10x_lib/CMSIS/CM3/CoreSupport/core_cm3.c ****   __ASM("bx lr"); 
 354:stm32f10x_lib/CMSIS/CM3/CoreSupport/core_cm3.c **** }
 355:stm32f10x_lib/CMSIS/CM3/CoreSupport/core_cm3.c **** 
 356:stm32f10x_lib/CMSIS/CM3/CoreSupport/core_cm3.c **** /**
 357:stm32f10x_lib/CMSIS/CM3/CoreSupport/core_cm3.c ****  * @brief  LDR Exclusive (16 bit)
 358:stm32f10x_lib/CMSIS/CM3/CoreSupport/core_cm3.c ****  *
 359:stm32f10x_lib/CMSIS/CM3/CoreSupport/core_cm3.c ****  * @param  *addr  address pointer
 360:stm32f10x_lib/CMSIS/CM3/CoreSupport/core_cm3.c ****  * @return        value of (*address)
 361:stm32f10x_lib/CMSIS/CM3/CoreSupport/core_cm3.c ****  *
 362:stm32f10x_lib/CMSIS/CM3/CoreSupport/core_cm3.c ****  * Exclusive LDR command for 16 bit values
 363:stm32f10x_lib/CMSIS/CM3/CoreSupport/core_cm3.c ****  */
 364:stm32f10x_lib/CMSIS/CM3/CoreSupport/core_cm3.c **** uint16_t __LDREXH(uint16_t *addr)
 365:stm32f10x_lib/CMSIS/CM3/CoreSupport/core_cm3.c **** {
 366:stm32f10x_lib/CMSIS/CM3/CoreSupport/core_cm3.c ****   __ASM("ldrexh r0, [r0]");
 367:stm32f10x_lib/CMSIS/CM3/CoreSupport/core_cm3.c ****   __ASM("bx lr");
 368:stm32f10x_lib/CMSIS/CM3/CoreSupport/core_cm3.c **** }
 369:stm32f10x_lib/CMSIS/CM3/CoreSupport/core_cm3.c **** 
ARM GAS  /tmp/ccdFPqg6.s 			page 8


 370:stm32f10x_lib/CMSIS/CM3/CoreSupport/core_cm3.c **** /**
 371:stm32f10x_lib/CMSIS/CM3/CoreSupport/core_cm3.c ****  * @brief  LDR Exclusive (32 bit)
 372:stm32f10x_lib/CMSIS/CM3/CoreSupport/core_cm3.c ****  *
 373:stm32f10x_lib/CMSIS/CM3/CoreSupport/core_cm3.c ****  * @param  *addr  address pointer
 374:stm32f10x_lib/CMSIS/CM3/CoreSupport/core_cm3.c ****  * @return        value of (*address)
 375:stm32f10x_lib/CMSIS/CM3/CoreSupport/core_cm3.c ****  *
 376:stm32f10x_lib/CMSIS/CM3/CoreSupport/core_cm3.c ****  * Exclusive LDR command for 32 bit values
 377:stm32f10x_lib/CMSIS/CM3/CoreSupport/core_cm3.c ****  */
 378:stm32f10x_lib/CMSIS/CM3/CoreSupport/core_cm3.c **** uint32_t __LDREXW(uint32_t *addr)
 379:stm32f10x_lib/CMSIS/CM3/CoreSupport/core_cm3.c **** {
 380:stm32f10x_lib/CMSIS/CM3/CoreSupport/core_cm3.c ****   __ASM("ldrex r0, [r0]");
 381:stm32f10x_lib/CMSIS/CM3/CoreSupport/core_cm3.c ****   __ASM("bx lr");
 382:stm32f10x_lib/CMSIS/CM3/CoreSupport/core_cm3.c **** }
 383:stm32f10x_lib/CMSIS/CM3/CoreSupport/core_cm3.c **** 
 384:stm32f10x_lib/CMSIS/CM3/CoreSupport/core_cm3.c **** /**
 385:stm32f10x_lib/CMSIS/CM3/CoreSupport/core_cm3.c ****  * @brief  STR Exclusive (8 bit)
 386:stm32f10x_lib/CMSIS/CM3/CoreSupport/core_cm3.c ****  *
 387:stm32f10x_lib/CMSIS/CM3/CoreSupport/core_cm3.c ****  * @param  value  value to store
 388:stm32f10x_lib/CMSIS/CM3/CoreSupport/core_cm3.c ****  * @param  *addr  address pointer
 389:stm32f10x_lib/CMSIS/CM3/CoreSupport/core_cm3.c ****  * @return        successful / failed
 390:stm32f10x_lib/CMSIS/CM3/CoreSupport/core_cm3.c ****  *
 391:stm32f10x_lib/CMSIS/CM3/CoreSupport/core_cm3.c ****  * Exclusive STR command for 8 bit values
 392:stm32f10x_lib/CMSIS/CM3/CoreSupport/core_cm3.c ****  */
 393:stm32f10x_lib/CMSIS/CM3/CoreSupport/core_cm3.c **** uint32_t __STREXB(uint8_t value, uint8_t *addr)
 394:stm32f10x_lib/CMSIS/CM3/CoreSupport/core_cm3.c **** {
 395:stm32f10x_lib/CMSIS/CM3/CoreSupport/core_cm3.c ****   __ASM("strexb r0, r0, [r1]");
 396:stm32f10x_lib/CMSIS/CM3/CoreSupport/core_cm3.c ****   __ASM("bx lr");
 397:stm32f10x_lib/CMSIS/CM3/CoreSupport/core_cm3.c **** }
 398:stm32f10x_lib/CMSIS/CM3/CoreSupport/core_cm3.c **** 
 399:stm32f10x_lib/CMSIS/CM3/CoreSupport/core_cm3.c **** /**
 400:stm32f10x_lib/CMSIS/CM3/CoreSupport/core_cm3.c ****  * @brief  STR Exclusive (16 bit)
 401:stm32f10x_lib/CMSIS/CM3/CoreSupport/core_cm3.c ****  *
 402:stm32f10x_lib/CMSIS/CM3/CoreSupport/core_cm3.c ****  * @param  value  value to store
 403:stm32f10x_lib/CMSIS/CM3/CoreSupport/core_cm3.c ****  * @param  *addr  address pointer
 404:stm32f10x_lib/CMSIS/CM3/CoreSupport/core_cm3.c ****  * @return        successful / failed
 405:stm32f10x_lib/CMSIS/CM3/CoreSupport/core_cm3.c ****  *
 406:stm32f10x_lib/CMSIS/CM3/CoreSupport/core_cm3.c ****  * Exclusive STR command for 16 bit values
 407:stm32f10x_lib/CMSIS/CM3/CoreSupport/core_cm3.c ****  */
 408:stm32f10x_lib/CMSIS/CM3/CoreSupport/core_cm3.c **** uint32_t __STREXH(uint16_t value, uint16_t *addr)
 409:stm32f10x_lib/CMSIS/CM3/CoreSupport/core_cm3.c **** {
 410:stm32f10x_lib/CMSIS/CM3/CoreSupport/core_cm3.c ****   __ASM("strexh r0, r0, [r1]");
 411:stm32f10x_lib/CMSIS/CM3/CoreSupport/core_cm3.c ****   __ASM("bx lr");
 412:stm32f10x_lib/CMSIS/CM3/CoreSupport/core_cm3.c **** }
 413:stm32f10x_lib/CMSIS/CM3/CoreSupport/core_cm3.c **** 
 414:stm32f10x_lib/CMSIS/CM3/CoreSupport/core_cm3.c **** /**
 415:stm32f10x_lib/CMSIS/CM3/CoreSupport/core_cm3.c ****  * @brief  STR Exclusive (32 bit)
 416:stm32f10x_lib/CMSIS/CM3/CoreSupport/core_cm3.c ****  *
 417:stm32f10x_lib/CMSIS/CM3/CoreSupport/core_cm3.c ****  * @param  value  value to store
 418:stm32f10x_lib/CMSIS/CM3/CoreSupport/core_cm3.c ****  * @param  *addr  address pointer
 419:stm32f10x_lib/CMSIS/CM3/CoreSupport/core_cm3.c ****  * @return        successful / failed
 420:stm32f10x_lib/CMSIS/CM3/CoreSupport/core_cm3.c ****  *
 421:stm32f10x_lib/CMSIS/CM3/CoreSupport/core_cm3.c ****  * Exclusive STR command for 32 bit values
 422:stm32f10x_lib/CMSIS/CM3/CoreSupport/core_cm3.c ****  */
 423:stm32f10x_lib/CMSIS/CM3/CoreSupport/core_cm3.c **** uint32_t __STREXW(uint32_t value, uint32_t *addr)
 424:stm32f10x_lib/CMSIS/CM3/CoreSupport/core_cm3.c **** {
 425:stm32f10x_lib/CMSIS/CM3/CoreSupport/core_cm3.c ****   __ASM("strex r0, r0, [r1]");
 426:stm32f10x_lib/CMSIS/CM3/CoreSupport/core_cm3.c ****   __ASM("bx lr");
ARM GAS  /tmp/ccdFPqg6.s 			page 9


 427:stm32f10x_lib/CMSIS/CM3/CoreSupport/core_cm3.c **** }
 428:stm32f10x_lib/CMSIS/CM3/CoreSupport/core_cm3.c **** 
 429:stm32f10x_lib/CMSIS/CM3/CoreSupport/core_cm3.c **** #pragma diag_default=Pe940
 430:stm32f10x_lib/CMSIS/CM3/CoreSupport/core_cm3.c **** 
 431:stm32f10x_lib/CMSIS/CM3/CoreSupport/core_cm3.c **** 
 432:stm32f10x_lib/CMSIS/CM3/CoreSupport/core_cm3.c **** #elif (defined (__GNUC__)) /*------------------ GNU Compiler ---------------------*/
 433:stm32f10x_lib/CMSIS/CM3/CoreSupport/core_cm3.c **** /* GNU gcc specific functions */
 434:stm32f10x_lib/CMSIS/CM3/CoreSupport/core_cm3.c **** 
 435:stm32f10x_lib/CMSIS/CM3/CoreSupport/core_cm3.c **** /**
 436:stm32f10x_lib/CMSIS/CM3/CoreSupport/core_cm3.c ****  * @brief  Return the Process Stack Pointer
 437:stm32f10x_lib/CMSIS/CM3/CoreSupport/core_cm3.c ****  *
 438:stm32f10x_lib/CMSIS/CM3/CoreSupport/core_cm3.c ****  * @return ProcessStackPointer
 439:stm32f10x_lib/CMSIS/CM3/CoreSupport/core_cm3.c ****  *
 440:stm32f10x_lib/CMSIS/CM3/CoreSupport/core_cm3.c ****  * Return the actual process stack pointer
 441:stm32f10x_lib/CMSIS/CM3/CoreSupport/core_cm3.c ****  */
 442:stm32f10x_lib/CMSIS/CM3/CoreSupport/core_cm3.c **** uint32_t __get_PSP(void) __attribute__( ( naked ) );
 443:stm32f10x_lib/CMSIS/CM3/CoreSupport/core_cm3.c **** uint32_t __get_PSP(void)
 444:stm32f10x_lib/CMSIS/CM3/CoreSupport/core_cm3.c **** {
  31              		.loc 1 444 1 view -0
  32              		.cfi_startproc
  33              		@ Naked Function: prologue and epilogue provided by programmer.
  34              		@ args = 0, pretend = 0, frame = 0
  35              		@ frame_needed = 0, uses_anonymous_args = 0
 445:stm32f10x_lib/CMSIS/CM3/CoreSupport/core_cm3.c ****   uint32_t result=0;
  36              		.loc 1 445 3 view .LVU1
  37              	.LVL0:
 446:stm32f10x_lib/CMSIS/CM3/CoreSupport/core_cm3.c **** 
 447:stm32f10x_lib/CMSIS/CM3/CoreSupport/core_cm3.c ****   __ASM volatile ("MRS %0, psp\n\t" 
  38              		.loc 1 447 3 view .LVU2
  39              		.syntax unified
  40              	@ 447 "stm32f10x_lib/CMSIS/CM3/CoreSupport/core_cm3.c" 1
  41 0000 EFF30980 		MRS r0, psp	@ result
  42 0004 0046     		MOV r0, r0 	@ result
  43 0006 7047     		BX  lr     
  44              		
  45              	@ 0 "" 2
  46              	.LVL1:
 448:stm32f10x_lib/CMSIS/CM3/CoreSupport/core_cm3.c ****                   "MOV r0, %0 \n\t"
 449:stm32f10x_lib/CMSIS/CM3/CoreSupport/core_cm3.c ****                   "BX  lr     \n\t"  : "=r" (result) );
 450:stm32f10x_lib/CMSIS/CM3/CoreSupport/core_cm3.c ****   return(result);
  47              		.loc 1 450 3 view .LVU3
  48              	@ stm32f10x_lib/CMSIS/CM3/CoreSupport/core_cm3.c:451: }
 451:stm32f10x_lib/CMSIS/CM3/CoreSupport/core_cm3.c **** }
  49              		.loc 1 451 1 is_stmt 0 view .LVU4
  50              		.thumb
  51              		.syntax unified
  52              		.cfi_endproc
  53              	.LFE0:
  54              		.size	__get_PSP, .-__get_PSP
  55              		.align	1
  56              		.global	__set_PSP
  57              		.syntax unified
  58              		.thumb
  59              		.thumb_func
  60              		.type	__set_PSP, %function
  61              	__set_PSP:
  62              	.LVL2:
ARM GAS  /tmp/ccdFPqg6.s 			page 10


  63              	.LFB1:
 452:stm32f10x_lib/CMSIS/CM3/CoreSupport/core_cm3.c **** 
 453:stm32f10x_lib/CMSIS/CM3/CoreSupport/core_cm3.c **** /**
 454:stm32f10x_lib/CMSIS/CM3/CoreSupport/core_cm3.c ****  * @brief  Set the Process Stack Pointer
 455:stm32f10x_lib/CMSIS/CM3/CoreSupport/core_cm3.c ****  *
 456:stm32f10x_lib/CMSIS/CM3/CoreSupport/core_cm3.c ****  * @param  topOfProcStack  Process Stack Pointer
 457:stm32f10x_lib/CMSIS/CM3/CoreSupport/core_cm3.c ****  *
 458:stm32f10x_lib/CMSIS/CM3/CoreSupport/core_cm3.c ****  * Assign the value ProcessStackPointer to the MSP 
 459:stm32f10x_lib/CMSIS/CM3/CoreSupport/core_cm3.c ****  * (process stack pointer) Cortex processor register
 460:stm32f10x_lib/CMSIS/CM3/CoreSupport/core_cm3.c ****  */
 461:stm32f10x_lib/CMSIS/CM3/CoreSupport/core_cm3.c **** void __set_PSP(uint32_t topOfProcStack) __attribute__( ( naked ) );
 462:stm32f10x_lib/CMSIS/CM3/CoreSupport/core_cm3.c **** void __set_PSP(uint32_t topOfProcStack)
 463:stm32f10x_lib/CMSIS/CM3/CoreSupport/core_cm3.c **** {
  64              		.loc 1 463 1 is_stmt 1 view -0
  65              		.cfi_startproc
  66              		@ Naked Function: prologue and epilogue provided by programmer.
  67              		@ args = 0, pretend = 0, frame = 0
  68              		@ frame_needed = 0, uses_anonymous_args = 0
 464:stm32f10x_lib/CMSIS/CM3/CoreSupport/core_cm3.c ****   __ASM volatile ("MSR psp, %0\n\t"
  69              		.loc 1 464 3 view .LVU6
  70              		.syntax unified
  71              	@ 464 "stm32f10x_lib/CMSIS/CM3/CoreSupport/core_cm3.c" 1
  72 0008 80F30988 		MSR psp, r0	@ topOfProcStack
  73 000c 7047     		BX  lr     
  74              		
  75              	@ 0 "" 2
  76              	@ stm32f10x_lib/CMSIS/CM3/CoreSupport/core_cm3.c:466: }
 465:stm32f10x_lib/CMSIS/CM3/CoreSupport/core_cm3.c ****                   "BX  lr     \n\t" : : "r" (topOfProcStack) );
 466:stm32f10x_lib/CMSIS/CM3/CoreSupport/core_cm3.c **** }
  77              		.loc 1 466 1 is_stmt 0 view .LVU7
  78              		.thumb
  79              		.syntax unified
  80              		.cfi_endproc
  81              	.LFE1:
  82              		.size	__set_PSP, .-__set_PSP
  83              		.align	1
  84              		.global	__get_MSP
  85              		.syntax unified
  86              		.thumb
  87              		.thumb_func
  88              		.type	__get_MSP, %function
  89              	__get_MSP:
  90              	.LFB2:
 467:stm32f10x_lib/CMSIS/CM3/CoreSupport/core_cm3.c **** 
 468:stm32f10x_lib/CMSIS/CM3/CoreSupport/core_cm3.c **** /**
 469:stm32f10x_lib/CMSIS/CM3/CoreSupport/core_cm3.c ****  * @brief  Return the Main Stack Pointer
 470:stm32f10x_lib/CMSIS/CM3/CoreSupport/core_cm3.c ****  *
 471:stm32f10x_lib/CMSIS/CM3/CoreSupport/core_cm3.c ****  * @return Main Stack Pointer
 472:stm32f10x_lib/CMSIS/CM3/CoreSupport/core_cm3.c ****  *
 473:stm32f10x_lib/CMSIS/CM3/CoreSupport/core_cm3.c ****  * Return the current value of the MSP (main stack pointer)
 474:stm32f10x_lib/CMSIS/CM3/CoreSupport/core_cm3.c ****  * Cortex processor register
 475:stm32f10x_lib/CMSIS/CM3/CoreSupport/core_cm3.c ****  */
 476:stm32f10x_lib/CMSIS/CM3/CoreSupport/core_cm3.c **** uint32_t __get_MSP(void) __attribute__( ( naked ) );
 477:stm32f10x_lib/CMSIS/CM3/CoreSupport/core_cm3.c **** uint32_t __get_MSP(void)
 478:stm32f10x_lib/CMSIS/CM3/CoreSupport/core_cm3.c **** {
  91              		.loc 1 478 1 is_stmt 1 view -0
  92              		.cfi_startproc
ARM GAS  /tmp/ccdFPqg6.s 			page 11


  93              		@ Naked Function: prologue and epilogue provided by programmer.
  94              		@ args = 0, pretend = 0, frame = 0
  95              		@ frame_needed = 0, uses_anonymous_args = 0
 479:stm32f10x_lib/CMSIS/CM3/CoreSupport/core_cm3.c ****   uint32_t result=0;
  96              		.loc 1 479 3 view .LVU9
  97              	.LVL3:
 480:stm32f10x_lib/CMSIS/CM3/CoreSupport/core_cm3.c **** 
 481:stm32f10x_lib/CMSIS/CM3/CoreSupport/core_cm3.c ****   __ASM volatile ("MRS %0, msp\n\t" 
  98              		.loc 1 481 3 view .LVU10
  99              		.syntax unified
 100              	@ 481 "stm32f10x_lib/CMSIS/CM3/CoreSupport/core_cm3.c" 1
 101 000e EFF30880 		MRS r0, msp	@ result
 102 0012 0046     		MOV r0, r0 	@ result
 103 0014 7047     		BX  lr     
 104              		
 105              	@ 0 "" 2
 106              	.LVL4:
 482:stm32f10x_lib/CMSIS/CM3/CoreSupport/core_cm3.c ****                   "MOV r0, %0 \n\t"
 483:stm32f10x_lib/CMSIS/CM3/CoreSupport/core_cm3.c ****                   "BX  lr     \n\t"  : "=r" (result) );
 484:stm32f10x_lib/CMSIS/CM3/CoreSupport/core_cm3.c ****   return(result);
 107              		.loc 1 484 3 view .LVU11
 108              	@ stm32f10x_lib/CMSIS/CM3/CoreSupport/core_cm3.c:485: }
 485:stm32f10x_lib/CMSIS/CM3/CoreSupport/core_cm3.c **** }
 109              		.loc 1 485 1 is_stmt 0 view .LVU12
 110              		.thumb
 111              		.syntax unified
 112              		.cfi_endproc
 113              	.LFE2:
 114              		.size	__get_MSP, .-__get_MSP
 115              		.align	1
 116              		.global	__set_MSP
 117              		.syntax unified
 118              		.thumb
 119              		.thumb_func
 120              		.type	__set_MSP, %function
 121              	__set_MSP:
 122              	.LVL5:
 123              	.LFB3:
 486:stm32f10x_lib/CMSIS/CM3/CoreSupport/core_cm3.c **** 
 487:stm32f10x_lib/CMSIS/CM3/CoreSupport/core_cm3.c **** /**
 488:stm32f10x_lib/CMSIS/CM3/CoreSupport/core_cm3.c ****  * @brief  Set the Main Stack Pointer
 489:stm32f10x_lib/CMSIS/CM3/CoreSupport/core_cm3.c ****  *
 490:stm32f10x_lib/CMSIS/CM3/CoreSupport/core_cm3.c ****  * @param  topOfMainStack  Main Stack Pointer
 491:stm32f10x_lib/CMSIS/CM3/CoreSupport/core_cm3.c ****  *
 492:stm32f10x_lib/CMSIS/CM3/CoreSupport/core_cm3.c ****  * Assign the value mainStackPointer to the MSP 
 493:stm32f10x_lib/CMSIS/CM3/CoreSupport/core_cm3.c ****  * (main stack pointer) Cortex processor register
 494:stm32f10x_lib/CMSIS/CM3/CoreSupport/core_cm3.c ****  */
 495:stm32f10x_lib/CMSIS/CM3/CoreSupport/core_cm3.c **** void __set_MSP(uint32_t topOfMainStack) __attribute__( ( naked ) );
 496:stm32f10x_lib/CMSIS/CM3/CoreSupport/core_cm3.c **** void __set_MSP(uint32_t topOfMainStack)
 497:stm32f10x_lib/CMSIS/CM3/CoreSupport/core_cm3.c **** {
 124              		.loc 1 497 1 is_stmt 1 view -0
 125              		.cfi_startproc
 126              		@ Naked Function: prologue and epilogue provided by programmer.
 127              		@ args = 0, pretend = 0, frame = 0
 128              		@ frame_needed = 0, uses_anonymous_args = 0
 498:stm32f10x_lib/CMSIS/CM3/CoreSupport/core_cm3.c ****   __ASM volatile ("MSR msp, %0\n\t"
 129              		.loc 1 498 3 view .LVU14
ARM GAS  /tmp/ccdFPqg6.s 			page 12


 130              		.syntax unified
 131              	@ 498 "stm32f10x_lib/CMSIS/CM3/CoreSupport/core_cm3.c" 1
 132 0016 80F30888 		MSR msp, r0	@ topOfMainStack
 133 001a 7047     		BX  lr     
 134              		
 135              	@ 0 "" 2
 136              	@ stm32f10x_lib/CMSIS/CM3/CoreSupport/core_cm3.c:500: }
 499:stm32f10x_lib/CMSIS/CM3/CoreSupport/core_cm3.c ****                   "BX  lr     \n\t" : : "r" (topOfMainStack) );
 500:stm32f10x_lib/CMSIS/CM3/CoreSupport/core_cm3.c **** }
 137              		.loc 1 500 1 is_stmt 0 view .LVU15
 138              		.thumb
 139              		.syntax unified
 140              		.cfi_endproc
 141              	.LFE3:
 142              		.size	__set_MSP, .-__set_MSP
 143              		.align	1
 144              		.global	__get_BASEPRI
 145              		.syntax unified
 146              		.thumb
 147              		.thumb_func
 148              		.type	__get_BASEPRI, %function
 149              	__get_BASEPRI:
 150              	.LFB4:
 501:stm32f10x_lib/CMSIS/CM3/CoreSupport/core_cm3.c **** 
 502:stm32f10x_lib/CMSIS/CM3/CoreSupport/core_cm3.c **** /**
 503:stm32f10x_lib/CMSIS/CM3/CoreSupport/core_cm3.c ****  * @brief  Return the Base Priority value
 504:stm32f10x_lib/CMSIS/CM3/CoreSupport/core_cm3.c ****  *
 505:stm32f10x_lib/CMSIS/CM3/CoreSupport/core_cm3.c ****  * @return BasePriority
 506:stm32f10x_lib/CMSIS/CM3/CoreSupport/core_cm3.c ****  *
 507:stm32f10x_lib/CMSIS/CM3/CoreSupport/core_cm3.c ****  * Return the content of the base priority register
 508:stm32f10x_lib/CMSIS/CM3/CoreSupport/core_cm3.c ****  */
 509:stm32f10x_lib/CMSIS/CM3/CoreSupport/core_cm3.c **** uint32_t __get_BASEPRI(void)
 510:stm32f10x_lib/CMSIS/CM3/CoreSupport/core_cm3.c **** {
 151              		.loc 1 510 1 is_stmt 1 view -0
 152              		.cfi_startproc
 153              		@ args = 0, pretend = 0, frame = 0
 154              		@ frame_needed = 0, uses_anonymous_args = 0
 155              		@ link register save eliminated.
 511:stm32f10x_lib/CMSIS/CM3/CoreSupport/core_cm3.c ****   uint32_t result=0;
 156              		.loc 1 511 3 view .LVU17
 157              	.LVL6:
 512:stm32f10x_lib/CMSIS/CM3/CoreSupport/core_cm3.c ****   
 513:stm32f10x_lib/CMSIS/CM3/CoreSupport/core_cm3.c ****   __ASM volatile ("MRS %0, basepri_max" : "=r" (result) );
 158              		.loc 1 513 3 view .LVU18
 159              		.syntax unified
 160              	@ 513 "stm32f10x_lib/CMSIS/CM3/CoreSupport/core_cm3.c" 1
 161 001c EFF31280 		MRS r0, basepri_max	@ result
 162              	@ 0 "" 2
 163              	.LVL7:
 514:stm32f10x_lib/CMSIS/CM3/CoreSupport/core_cm3.c ****   return(result);
 164              		.loc 1 514 3 view .LVU19
 165              	@ stm32f10x_lib/CMSIS/CM3/CoreSupport/core_cm3.c:515: }
 515:stm32f10x_lib/CMSIS/CM3/CoreSupport/core_cm3.c **** }
 166              		.loc 1 515 1 is_stmt 0 view .LVU20
 167              		.thumb
 168              		.syntax unified
 169 0020 7047     		bx	lr	@
ARM GAS  /tmp/ccdFPqg6.s 			page 13


 170              		.cfi_endproc
 171              	.LFE4:
 172              		.size	__get_BASEPRI, .-__get_BASEPRI
 173              		.align	1
 174              		.global	__set_BASEPRI
 175              		.syntax unified
 176              		.thumb
 177              		.thumb_func
 178              		.type	__set_BASEPRI, %function
 179              	__set_BASEPRI:
 180              	.LVL8:
 181              	.LFB5:
 516:stm32f10x_lib/CMSIS/CM3/CoreSupport/core_cm3.c **** 
 517:stm32f10x_lib/CMSIS/CM3/CoreSupport/core_cm3.c **** /**
 518:stm32f10x_lib/CMSIS/CM3/CoreSupport/core_cm3.c ****  * @brief  Set the Base Priority value
 519:stm32f10x_lib/CMSIS/CM3/CoreSupport/core_cm3.c ****  *
 520:stm32f10x_lib/CMSIS/CM3/CoreSupport/core_cm3.c ****  * @param  basePri  BasePriority
 521:stm32f10x_lib/CMSIS/CM3/CoreSupport/core_cm3.c ****  *
 522:stm32f10x_lib/CMSIS/CM3/CoreSupport/core_cm3.c ****  * Set the base priority register
 523:stm32f10x_lib/CMSIS/CM3/CoreSupport/core_cm3.c ****  */
 524:stm32f10x_lib/CMSIS/CM3/CoreSupport/core_cm3.c **** void __set_BASEPRI(uint32_t value)
 525:stm32f10x_lib/CMSIS/CM3/CoreSupport/core_cm3.c **** {
 182              		.loc 1 525 1 is_stmt 1 view -0
 183              		.cfi_startproc
 184              		@ args = 0, pretend = 0, frame = 0
 185              		@ frame_needed = 0, uses_anonymous_args = 0
 186              		@ link register save eliminated.
 526:stm32f10x_lib/CMSIS/CM3/CoreSupport/core_cm3.c ****   __ASM volatile ("MSR basepri, %0" : : "r" (value) );
 187              		.loc 1 526 3 view .LVU22
 188              		.syntax unified
 189              	@ 526 "stm32f10x_lib/CMSIS/CM3/CoreSupport/core_cm3.c" 1
 190 0022 80F31188 		MSR basepri, r0	@ value
 191              	@ 0 "" 2
 192              	@ stm32f10x_lib/CMSIS/CM3/CoreSupport/core_cm3.c:527: }
 527:stm32f10x_lib/CMSIS/CM3/CoreSupport/core_cm3.c **** }
 193              		.loc 1 527 1 is_stmt 0 view .LVU23
 194              		.thumb
 195              		.syntax unified
 196 0026 7047     		bx	lr	@
 197              		.cfi_endproc
 198              	.LFE5:
 199              		.size	__set_BASEPRI, .-__set_BASEPRI
 200              		.align	1
 201              		.global	__get_PRIMASK
 202              		.syntax unified
 203              		.thumb
 204              		.thumb_func
 205              		.type	__get_PRIMASK, %function
 206              	__get_PRIMASK:
 207              	.LFB6:
 528:stm32f10x_lib/CMSIS/CM3/CoreSupport/core_cm3.c **** 
 529:stm32f10x_lib/CMSIS/CM3/CoreSupport/core_cm3.c **** /**
 530:stm32f10x_lib/CMSIS/CM3/CoreSupport/core_cm3.c ****  * @brief  Return the Priority Mask value
 531:stm32f10x_lib/CMSIS/CM3/CoreSupport/core_cm3.c ****  *
 532:stm32f10x_lib/CMSIS/CM3/CoreSupport/core_cm3.c ****  * @return PriMask
 533:stm32f10x_lib/CMSIS/CM3/CoreSupport/core_cm3.c ****  *
 534:stm32f10x_lib/CMSIS/CM3/CoreSupport/core_cm3.c ****  * Return state of the priority mask bit from the priority mask register
ARM GAS  /tmp/ccdFPqg6.s 			page 14


 535:stm32f10x_lib/CMSIS/CM3/CoreSupport/core_cm3.c ****  */
 536:stm32f10x_lib/CMSIS/CM3/CoreSupport/core_cm3.c **** uint32_t __get_PRIMASK(void)
 537:stm32f10x_lib/CMSIS/CM3/CoreSupport/core_cm3.c **** {
 208              		.loc 1 537 1 is_stmt 1 view -0
 209              		.cfi_startproc
 210              		@ args = 0, pretend = 0, frame = 0
 211              		@ frame_needed = 0, uses_anonymous_args = 0
 212              		@ link register save eliminated.
 538:stm32f10x_lib/CMSIS/CM3/CoreSupport/core_cm3.c ****   uint32_t result=0;
 213              		.loc 1 538 3 view .LVU25
 214              	.LVL9:
 539:stm32f10x_lib/CMSIS/CM3/CoreSupport/core_cm3.c **** 
 540:stm32f10x_lib/CMSIS/CM3/CoreSupport/core_cm3.c ****   __ASM volatile ("MRS %0, primask" : "=r" (result) );
 215              		.loc 1 540 3 view .LVU26
 216              		.syntax unified
 217              	@ 540 "stm32f10x_lib/CMSIS/CM3/CoreSupport/core_cm3.c" 1
 218 0028 EFF31080 		MRS r0, primask	@ result
 219              	@ 0 "" 2
 220              	.LVL10:
 541:stm32f10x_lib/CMSIS/CM3/CoreSupport/core_cm3.c ****   return(result);
 221              		.loc 1 541 3 view .LVU27
 222              	@ stm32f10x_lib/CMSIS/CM3/CoreSupport/core_cm3.c:542: }
 542:stm32f10x_lib/CMSIS/CM3/CoreSupport/core_cm3.c **** }
 223              		.loc 1 542 1 is_stmt 0 view .LVU28
 224              		.thumb
 225              		.syntax unified
 226 002c 7047     		bx	lr	@
 227              		.cfi_endproc
 228              	.LFE6:
 229              		.size	__get_PRIMASK, .-__get_PRIMASK
 230              		.align	1
 231              		.global	__set_PRIMASK
 232              		.syntax unified
 233              		.thumb
 234              		.thumb_func
 235              		.type	__set_PRIMASK, %function
 236              	__set_PRIMASK:
 237              	.LVL11:
 238              	.LFB7:
 543:stm32f10x_lib/CMSIS/CM3/CoreSupport/core_cm3.c **** 
 544:stm32f10x_lib/CMSIS/CM3/CoreSupport/core_cm3.c **** /**
 545:stm32f10x_lib/CMSIS/CM3/CoreSupport/core_cm3.c ****  * @brief  Set the Priority Mask value
 546:stm32f10x_lib/CMSIS/CM3/CoreSupport/core_cm3.c ****  *
 547:stm32f10x_lib/CMSIS/CM3/CoreSupport/core_cm3.c ****  * @param  priMask  PriMask
 548:stm32f10x_lib/CMSIS/CM3/CoreSupport/core_cm3.c ****  *
 549:stm32f10x_lib/CMSIS/CM3/CoreSupport/core_cm3.c ****  * Set the priority mask bit in the priority mask register
 550:stm32f10x_lib/CMSIS/CM3/CoreSupport/core_cm3.c ****  */
 551:stm32f10x_lib/CMSIS/CM3/CoreSupport/core_cm3.c **** void __set_PRIMASK(uint32_t priMask)
 552:stm32f10x_lib/CMSIS/CM3/CoreSupport/core_cm3.c **** {
 239              		.loc 1 552 1 is_stmt 1 view -0
 240              		.cfi_startproc
 241              		@ args = 0, pretend = 0, frame = 0
 242              		@ frame_needed = 0, uses_anonymous_args = 0
 243              		@ link register save eliminated.
 553:stm32f10x_lib/CMSIS/CM3/CoreSupport/core_cm3.c ****   __ASM volatile ("MSR primask, %0" : : "r" (priMask) );
 244              		.loc 1 553 3 view .LVU30
 245              		.syntax unified
ARM GAS  /tmp/ccdFPqg6.s 			page 15


 246              	@ 553 "stm32f10x_lib/CMSIS/CM3/CoreSupport/core_cm3.c" 1
 247 002e 80F31088 		MSR primask, r0	@ priMask
 248              	@ 0 "" 2
 249              	@ stm32f10x_lib/CMSIS/CM3/CoreSupport/core_cm3.c:554: }
 554:stm32f10x_lib/CMSIS/CM3/CoreSupport/core_cm3.c **** }
 250              		.loc 1 554 1 is_stmt 0 view .LVU31
 251              		.thumb
 252              		.syntax unified
 253 0032 7047     		bx	lr	@
 254              		.cfi_endproc
 255              	.LFE7:
 256              		.size	__set_PRIMASK, .-__set_PRIMASK
 257              		.align	1
 258              		.global	__get_FAULTMASK
 259              		.syntax unified
 260              		.thumb
 261              		.thumb_func
 262              		.type	__get_FAULTMASK, %function
 263              	__get_FAULTMASK:
 264              	.LFB8:
 555:stm32f10x_lib/CMSIS/CM3/CoreSupport/core_cm3.c **** 
 556:stm32f10x_lib/CMSIS/CM3/CoreSupport/core_cm3.c **** /**
 557:stm32f10x_lib/CMSIS/CM3/CoreSupport/core_cm3.c ****  * @brief  Return the Fault Mask value
 558:stm32f10x_lib/CMSIS/CM3/CoreSupport/core_cm3.c ****  *
 559:stm32f10x_lib/CMSIS/CM3/CoreSupport/core_cm3.c ****  * @return FaultMask
 560:stm32f10x_lib/CMSIS/CM3/CoreSupport/core_cm3.c ****  *
 561:stm32f10x_lib/CMSIS/CM3/CoreSupport/core_cm3.c ****  * Return the content of the fault mask register
 562:stm32f10x_lib/CMSIS/CM3/CoreSupport/core_cm3.c ****  */
 563:stm32f10x_lib/CMSIS/CM3/CoreSupport/core_cm3.c **** uint32_t __get_FAULTMASK(void)
 564:stm32f10x_lib/CMSIS/CM3/CoreSupport/core_cm3.c **** {
 265              		.loc 1 564 1 is_stmt 1 view -0
 266              		.cfi_startproc
 267              		@ args = 0, pretend = 0, frame = 0
 268              		@ frame_needed = 0, uses_anonymous_args = 0
 269              		@ link register save eliminated.
 565:stm32f10x_lib/CMSIS/CM3/CoreSupport/core_cm3.c ****   uint32_t result=0;
 270              		.loc 1 565 3 view .LVU33
 271              	.LVL12:
 566:stm32f10x_lib/CMSIS/CM3/CoreSupport/core_cm3.c ****   
 567:stm32f10x_lib/CMSIS/CM3/CoreSupport/core_cm3.c ****   __ASM volatile ("MRS %0, faultmask" : "=r" (result) );
 272              		.loc 1 567 3 view .LVU34
 273              		.syntax unified
 274              	@ 567 "stm32f10x_lib/CMSIS/CM3/CoreSupport/core_cm3.c" 1
 275 0034 EFF31380 		MRS r0, faultmask	@ result
 276              	@ 0 "" 2
 277              	.LVL13:
 568:stm32f10x_lib/CMSIS/CM3/CoreSupport/core_cm3.c ****   return(result);
 278              		.loc 1 568 3 view .LVU35
 279              	@ stm32f10x_lib/CMSIS/CM3/CoreSupport/core_cm3.c:569: }
 569:stm32f10x_lib/CMSIS/CM3/CoreSupport/core_cm3.c **** }
 280              		.loc 1 569 1 is_stmt 0 view .LVU36
 281              		.thumb
 282              		.syntax unified
 283 0038 7047     		bx	lr	@
 284              		.cfi_endproc
 285              	.LFE8:
 286              		.size	__get_FAULTMASK, .-__get_FAULTMASK
ARM GAS  /tmp/ccdFPqg6.s 			page 16


 287              		.align	1
 288              		.global	__set_FAULTMASK
 289              		.syntax unified
 290              		.thumb
 291              		.thumb_func
 292              		.type	__set_FAULTMASK, %function
 293              	__set_FAULTMASK:
 294              	.LVL14:
 295              	.LFB9:
 570:stm32f10x_lib/CMSIS/CM3/CoreSupport/core_cm3.c **** 
 571:stm32f10x_lib/CMSIS/CM3/CoreSupport/core_cm3.c **** /**
 572:stm32f10x_lib/CMSIS/CM3/CoreSupport/core_cm3.c ****  * @brief  Set the Fault Mask value
 573:stm32f10x_lib/CMSIS/CM3/CoreSupport/core_cm3.c ****  *
 574:stm32f10x_lib/CMSIS/CM3/CoreSupport/core_cm3.c ****  * @param  faultMask  faultMask value
 575:stm32f10x_lib/CMSIS/CM3/CoreSupport/core_cm3.c ****  *
 576:stm32f10x_lib/CMSIS/CM3/CoreSupport/core_cm3.c ****  * Set the fault mask register
 577:stm32f10x_lib/CMSIS/CM3/CoreSupport/core_cm3.c ****  */
 578:stm32f10x_lib/CMSIS/CM3/CoreSupport/core_cm3.c **** void __set_FAULTMASK(uint32_t faultMask)
 579:stm32f10x_lib/CMSIS/CM3/CoreSupport/core_cm3.c **** {
 296              		.loc 1 579 1 is_stmt 1 view -0
 297              		.cfi_startproc
 298              		@ args = 0, pretend = 0, frame = 0
 299              		@ frame_needed = 0, uses_anonymous_args = 0
 300              		@ link register save eliminated.
 580:stm32f10x_lib/CMSIS/CM3/CoreSupport/core_cm3.c ****   __ASM volatile ("MSR faultmask, %0" : : "r" (faultMask) );
 301              		.loc 1 580 3 view .LVU38
 302              		.syntax unified
 303              	@ 580 "stm32f10x_lib/CMSIS/CM3/CoreSupport/core_cm3.c" 1
 304 003a 80F31388 		MSR faultmask, r0	@ faultMask
 305              	@ 0 "" 2
 306              	@ stm32f10x_lib/CMSIS/CM3/CoreSupport/core_cm3.c:581: }
 581:stm32f10x_lib/CMSIS/CM3/CoreSupport/core_cm3.c **** }
 307              		.loc 1 581 1 is_stmt 0 view .LVU39
 308              		.thumb
 309              		.syntax unified
 310 003e 7047     		bx	lr	@
 311              		.cfi_endproc
 312              	.LFE9:
 313              		.size	__set_FAULTMASK, .-__set_FAULTMASK
 314              		.align	1
 315              		.global	__get_CONTROL
 316              		.syntax unified
 317              		.thumb
 318              		.thumb_func
 319              		.type	__get_CONTROL, %function
 320              	__get_CONTROL:
 321              	.LFB10:
 582:stm32f10x_lib/CMSIS/CM3/CoreSupport/core_cm3.c **** 
 583:stm32f10x_lib/CMSIS/CM3/CoreSupport/core_cm3.c **** /**
 584:stm32f10x_lib/CMSIS/CM3/CoreSupport/core_cm3.c ****  * @brief  Return the Control Register value
 585:stm32f10x_lib/CMSIS/CM3/CoreSupport/core_cm3.c **** * 
 586:stm32f10x_lib/CMSIS/CM3/CoreSupport/core_cm3.c **** *  @return Control value
 587:stm32f10x_lib/CMSIS/CM3/CoreSupport/core_cm3.c ****  *
 588:stm32f10x_lib/CMSIS/CM3/CoreSupport/core_cm3.c ****  * Return the content of the control register
 589:stm32f10x_lib/CMSIS/CM3/CoreSupport/core_cm3.c ****  */
 590:stm32f10x_lib/CMSIS/CM3/CoreSupport/core_cm3.c **** uint32_t __get_CONTROL(void)
 591:stm32f10x_lib/CMSIS/CM3/CoreSupport/core_cm3.c **** {
ARM GAS  /tmp/ccdFPqg6.s 			page 17


 322              		.loc 1 591 1 is_stmt 1 view -0
 323              		.cfi_startproc
 324              		@ args = 0, pretend = 0, frame = 0
 325              		@ frame_needed = 0, uses_anonymous_args = 0
 326              		@ link register save eliminated.
 592:stm32f10x_lib/CMSIS/CM3/CoreSupport/core_cm3.c ****   uint32_t result=0;
 327              		.loc 1 592 3 view .LVU41
 328              	.LVL15:
 593:stm32f10x_lib/CMSIS/CM3/CoreSupport/core_cm3.c **** 
 594:stm32f10x_lib/CMSIS/CM3/CoreSupport/core_cm3.c ****   __ASM volatile ("MRS %0, control" : "=r" (result) );
 329              		.loc 1 594 3 view .LVU42
 330              		.syntax unified
 331              	@ 594 "stm32f10x_lib/CMSIS/CM3/CoreSupport/core_cm3.c" 1
 332 0040 EFF31480 		MRS r0, control	@ result
 333              	@ 0 "" 2
 334              	.LVL16:
 595:stm32f10x_lib/CMSIS/CM3/CoreSupport/core_cm3.c ****   return(result);
 335              		.loc 1 595 3 view .LVU43
 336              	@ stm32f10x_lib/CMSIS/CM3/CoreSupport/core_cm3.c:596: }
 596:stm32f10x_lib/CMSIS/CM3/CoreSupport/core_cm3.c **** }
 337              		.loc 1 596 1 is_stmt 0 view .LVU44
 338              		.thumb
 339              		.syntax unified
 340 0044 7047     		bx	lr	@
 341              		.cfi_endproc
 342              	.LFE10:
 343              		.size	__get_CONTROL, .-__get_CONTROL
 344              		.align	1
 345              		.global	__set_CONTROL
 346              		.syntax unified
 347              		.thumb
 348              		.thumb_func
 349              		.type	__set_CONTROL, %function
 350              	__set_CONTROL:
 351              	.LVL17:
 352              	.LFB11:
 597:stm32f10x_lib/CMSIS/CM3/CoreSupport/core_cm3.c **** 
 598:stm32f10x_lib/CMSIS/CM3/CoreSupport/core_cm3.c **** /**
 599:stm32f10x_lib/CMSIS/CM3/CoreSupport/core_cm3.c ****  * @brief  Set the Control Register value
 600:stm32f10x_lib/CMSIS/CM3/CoreSupport/core_cm3.c ****  *
 601:stm32f10x_lib/CMSIS/CM3/CoreSupport/core_cm3.c ****  * @param  control  Control value
 602:stm32f10x_lib/CMSIS/CM3/CoreSupport/core_cm3.c ****  *
 603:stm32f10x_lib/CMSIS/CM3/CoreSupport/core_cm3.c ****  * Set the control register
 604:stm32f10x_lib/CMSIS/CM3/CoreSupport/core_cm3.c ****  */
 605:stm32f10x_lib/CMSIS/CM3/CoreSupport/core_cm3.c **** void __set_CONTROL(uint32_t control)
 606:stm32f10x_lib/CMSIS/CM3/CoreSupport/core_cm3.c **** {
 353              		.loc 1 606 1 is_stmt 1 view -0
 354              		.cfi_startproc
 355              		@ args = 0, pretend = 0, frame = 0
 356              		@ frame_needed = 0, uses_anonymous_args = 0
 357              		@ link register save eliminated.
 607:stm32f10x_lib/CMSIS/CM3/CoreSupport/core_cm3.c ****   __ASM volatile ("MSR control, %0" : : "r" (control) );
 358              		.loc 1 607 3 view .LVU46
 359              		.syntax unified
 360              	@ 607 "stm32f10x_lib/CMSIS/CM3/CoreSupport/core_cm3.c" 1
 361 0046 80F31488 		MSR control, r0	@ control
 362              	@ 0 "" 2
ARM GAS  /tmp/ccdFPqg6.s 			page 18


 363              	@ stm32f10x_lib/CMSIS/CM3/CoreSupport/core_cm3.c:608: }
 608:stm32f10x_lib/CMSIS/CM3/CoreSupport/core_cm3.c **** }
 364              		.loc 1 608 1 is_stmt 0 view .LVU47
 365              		.thumb
 366              		.syntax unified
 367 004a 7047     		bx	lr	@
 368              		.cfi_endproc
 369              	.LFE11:
 370              		.size	__set_CONTROL, .-__set_CONTROL
 371              		.align	1
 372              		.global	__REV
 373              		.syntax unified
 374              		.thumb
 375              		.thumb_func
 376              		.type	__REV, %function
 377              	__REV:
 378              	.LVL18:
 379              	.LFB12:
 609:stm32f10x_lib/CMSIS/CM3/CoreSupport/core_cm3.c **** 
 610:stm32f10x_lib/CMSIS/CM3/CoreSupport/core_cm3.c **** 
 611:stm32f10x_lib/CMSIS/CM3/CoreSupport/core_cm3.c **** /**
 612:stm32f10x_lib/CMSIS/CM3/CoreSupport/core_cm3.c ****  * @brief  Reverse byte order in integer value
 613:stm32f10x_lib/CMSIS/CM3/CoreSupport/core_cm3.c ****  *
 614:stm32f10x_lib/CMSIS/CM3/CoreSupport/core_cm3.c ****  * @param  value  value to reverse
 615:stm32f10x_lib/CMSIS/CM3/CoreSupport/core_cm3.c ****  * @return        reversed value
 616:stm32f10x_lib/CMSIS/CM3/CoreSupport/core_cm3.c ****  *
 617:stm32f10x_lib/CMSIS/CM3/CoreSupport/core_cm3.c ****  * Reverse byte order in integer value
 618:stm32f10x_lib/CMSIS/CM3/CoreSupport/core_cm3.c ****  */
 619:stm32f10x_lib/CMSIS/CM3/CoreSupport/core_cm3.c **** uint32_t __REV(uint32_t value)
 620:stm32f10x_lib/CMSIS/CM3/CoreSupport/core_cm3.c **** {
 380              		.loc 1 620 1 is_stmt 1 view -0
 381              		.cfi_startproc
 382              		@ args = 0, pretend = 0, frame = 0
 383              		@ frame_needed = 0, uses_anonymous_args = 0
 384              		@ link register save eliminated.
 621:stm32f10x_lib/CMSIS/CM3/CoreSupport/core_cm3.c ****   uint32_t result=0;
 385              		.loc 1 621 3 view .LVU49
 622:stm32f10x_lib/CMSIS/CM3/CoreSupport/core_cm3.c ****   
 623:stm32f10x_lib/CMSIS/CM3/CoreSupport/core_cm3.c ****   __ASM volatile ("rev %0, %1" : "=r" (result) : "r" (value) );
 386              		.loc 1 623 3 view .LVU50
 387              		.syntax unified
 388              	@ 623 "stm32f10x_lib/CMSIS/CM3/CoreSupport/core_cm3.c" 1
 389 004c 00BA     		rev r0, r0	@ result, value
 390              	@ 0 "" 2
 391              	.LVL19:
 624:stm32f10x_lib/CMSIS/CM3/CoreSupport/core_cm3.c ****   return(result);
 392              		.loc 1 624 3 view .LVU51
 393              	@ stm32f10x_lib/CMSIS/CM3/CoreSupport/core_cm3.c:625: }
 625:stm32f10x_lib/CMSIS/CM3/CoreSupport/core_cm3.c **** }
 394              		.loc 1 625 1 is_stmt 0 view .LVU52
 395              		.thumb
 396              		.syntax unified
 397 004e 7047     		bx	lr	@
 398              		.cfi_endproc
 399              	.LFE12:
 400              		.size	__REV, .-__REV
 401              		.align	1
ARM GAS  /tmp/ccdFPqg6.s 			page 19


 402              		.global	__REV16
 403              		.syntax unified
 404              		.thumb
 405              		.thumb_func
 406              		.type	__REV16, %function
 407              	__REV16:
 408              	.LVL20:
 409              	.LFB13:
 626:stm32f10x_lib/CMSIS/CM3/CoreSupport/core_cm3.c **** 
 627:stm32f10x_lib/CMSIS/CM3/CoreSupport/core_cm3.c **** /**
 628:stm32f10x_lib/CMSIS/CM3/CoreSupport/core_cm3.c ****  * @brief  Reverse byte order in unsigned short value
 629:stm32f10x_lib/CMSIS/CM3/CoreSupport/core_cm3.c ****  *
 630:stm32f10x_lib/CMSIS/CM3/CoreSupport/core_cm3.c ****  * @param  value  value to reverse
 631:stm32f10x_lib/CMSIS/CM3/CoreSupport/core_cm3.c ****  * @return        reversed value
 632:stm32f10x_lib/CMSIS/CM3/CoreSupport/core_cm3.c ****  *
 633:stm32f10x_lib/CMSIS/CM3/CoreSupport/core_cm3.c ****  * Reverse byte order in unsigned short value
 634:stm32f10x_lib/CMSIS/CM3/CoreSupport/core_cm3.c ****  */
 635:stm32f10x_lib/CMSIS/CM3/CoreSupport/core_cm3.c **** uint32_t __REV16(uint16_t value)
 636:stm32f10x_lib/CMSIS/CM3/CoreSupport/core_cm3.c **** {
 410              		.loc 1 636 1 is_stmt 1 view -0
 411              		.cfi_startproc
 412              		@ args = 0, pretend = 0, frame = 0
 413              		@ frame_needed = 0, uses_anonymous_args = 0
 414              		@ link register save eliminated.
 637:stm32f10x_lib/CMSIS/CM3/CoreSupport/core_cm3.c ****   uint32_t result=0;
 415              		.loc 1 637 3 view .LVU54
 638:stm32f10x_lib/CMSIS/CM3/CoreSupport/core_cm3.c ****   
 639:stm32f10x_lib/CMSIS/CM3/CoreSupport/core_cm3.c ****   __ASM volatile ("rev16 %0, %1" : "=r" (result) : "r" (value) );
 416              		.loc 1 639 3 view .LVU55
 417              		.syntax unified
 418              	@ 639 "stm32f10x_lib/CMSIS/CM3/CoreSupport/core_cm3.c" 1
 419 0050 40BA     		rev16 r0, r0	@ result, value
 420              	@ 0 "" 2
 421              	.LVL21:
 640:stm32f10x_lib/CMSIS/CM3/CoreSupport/core_cm3.c ****   return(result);
 422              		.loc 1 640 3 view .LVU56
 423              	@ stm32f10x_lib/CMSIS/CM3/CoreSupport/core_cm3.c:641: }
 641:stm32f10x_lib/CMSIS/CM3/CoreSupport/core_cm3.c **** }
 424              		.loc 1 641 1 is_stmt 0 view .LVU57
 425              		.thumb
 426              		.syntax unified
 427 0052 7047     		bx	lr	@
 428              		.cfi_endproc
 429              	.LFE13:
 430              		.size	__REV16, .-__REV16
 431              		.align	1
 432              		.global	__REVSH
 433              		.syntax unified
 434              		.thumb
 435              		.thumb_func
 436              		.type	__REVSH, %function
 437              	__REVSH:
 438              	.LVL22:
 439              	.LFB14:
 642:stm32f10x_lib/CMSIS/CM3/CoreSupport/core_cm3.c **** 
 643:stm32f10x_lib/CMSIS/CM3/CoreSupport/core_cm3.c **** /**
 644:stm32f10x_lib/CMSIS/CM3/CoreSupport/core_cm3.c ****  * @brief  Reverse byte order in signed short value with sign extension to integer
ARM GAS  /tmp/ccdFPqg6.s 			page 20


 645:stm32f10x_lib/CMSIS/CM3/CoreSupport/core_cm3.c ****  *
 646:stm32f10x_lib/CMSIS/CM3/CoreSupport/core_cm3.c ****  * @param  value  value to reverse
 647:stm32f10x_lib/CMSIS/CM3/CoreSupport/core_cm3.c ****  * @return        reversed value
 648:stm32f10x_lib/CMSIS/CM3/CoreSupport/core_cm3.c ****  *
 649:stm32f10x_lib/CMSIS/CM3/CoreSupport/core_cm3.c ****  * Reverse byte order in signed short value with sign extension to integer
 650:stm32f10x_lib/CMSIS/CM3/CoreSupport/core_cm3.c ****  */
 651:stm32f10x_lib/CMSIS/CM3/CoreSupport/core_cm3.c **** int32_t __REVSH(int16_t value)
 652:stm32f10x_lib/CMSIS/CM3/CoreSupport/core_cm3.c **** {
 440              		.loc 1 652 1 is_stmt 1 view -0
 441              		.cfi_startproc
 442              		@ args = 0, pretend = 0, frame = 0
 443              		@ frame_needed = 0, uses_anonymous_args = 0
 444              		@ link register save eliminated.
 653:stm32f10x_lib/CMSIS/CM3/CoreSupport/core_cm3.c ****   uint32_t result=0;
 445              		.loc 1 653 3 view .LVU59
 654:stm32f10x_lib/CMSIS/CM3/CoreSupport/core_cm3.c ****   
 655:stm32f10x_lib/CMSIS/CM3/CoreSupport/core_cm3.c ****   __ASM volatile ("revsh %0, %1" : "=r" (result) : "r" (value) );
 446              		.loc 1 655 3 view .LVU60
 447              		.syntax unified
 448              	@ 655 "stm32f10x_lib/CMSIS/CM3/CoreSupport/core_cm3.c" 1
 449 0054 C0BA     		revsh r0, r0	@ result, value
 450              	@ 0 "" 2
 451              	.LVL23:
 656:stm32f10x_lib/CMSIS/CM3/CoreSupport/core_cm3.c ****   return(result);
 452              		.loc 1 656 3 view .LVU61
 453              	@ stm32f10x_lib/CMSIS/CM3/CoreSupport/core_cm3.c:657: }
 657:stm32f10x_lib/CMSIS/CM3/CoreSupport/core_cm3.c **** }
 454              		.loc 1 657 1 is_stmt 0 view .LVU62
 455              		.thumb
 456              		.syntax unified
 457 0056 7047     		bx	lr	@
 458              		.cfi_endproc
 459              	.LFE14:
 460              		.size	__REVSH, .-__REVSH
 461              		.align	1
 462              		.global	__RBIT
 463              		.syntax unified
 464              		.thumb
 465              		.thumb_func
 466              		.type	__RBIT, %function
 467              	__RBIT:
 468              	.LVL24:
 469              	.LFB15:
 658:stm32f10x_lib/CMSIS/CM3/CoreSupport/core_cm3.c **** 
 659:stm32f10x_lib/CMSIS/CM3/CoreSupport/core_cm3.c **** /**
 660:stm32f10x_lib/CMSIS/CM3/CoreSupport/core_cm3.c ****  * @brief  Reverse bit order of value
 661:stm32f10x_lib/CMSIS/CM3/CoreSupport/core_cm3.c ****  *
 662:stm32f10x_lib/CMSIS/CM3/CoreSupport/core_cm3.c ****  * @param  value  value to reverse
 663:stm32f10x_lib/CMSIS/CM3/CoreSupport/core_cm3.c ****  * @return        reversed value
 664:stm32f10x_lib/CMSIS/CM3/CoreSupport/core_cm3.c ****  *
 665:stm32f10x_lib/CMSIS/CM3/CoreSupport/core_cm3.c ****  * Reverse bit order of value
 666:stm32f10x_lib/CMSIS/CM3/CoreSupport/core_cm3.c ****  */
 667:stm32f10x_lib/CMSIS/CM3/CoreSupport/core_cm3.c **** uint32_t __RBIT(uint32_t value)
 668:stm32f10x_lib/CMSIS/CM3/CoreSupport/core_cm3.c **** {
 470              		.loc 1 668 1 is_stmt 1 view -0
 471              		.cfi_startproc
 472              		@ args = 0, pretend = 0, frame = 0
ARM GAS  /tmp/ccdFPqg6.s 			page 21


 473              		@ frame_needed = 0, uses_anonymous_args = 0
 474              		@ link register save eliminated.
 669:stm32f10x_lib/CMSIS/CM3/CoreSupport/core_cm3.c ****   uint32_t result=0;
 475              		.loc 1 669 3 view .LVU64
 670:stm32f10x_lib/CMSIS/CM3/CoreSupport/core_cm3.c ****   
 671:stm32f10x_lib/CMSIS/CM3/CoreSupport/core_cm3.c ****    __ASM volatile ("rbit %0, %1" : "=r" (result) : "r" (value) );
 476              		.loc 1 671 4 view .LVU65
 477              		.syntax unified
 478              	@ 671 "stm32f10x_lib/CMSIS/CM3/CoreSupport/core_cm3.c" 1
 479 0058 90FAA0F0 		rbit r0, r0	@ result, value
 480              	@ 0 "" 2
 481              	.LVL25:
 672:stm32f10x_lib/CMSIS/CM3/CoreSupport/core_cm3.c ****    return(result);
 482              		.loc 1 672 4 view .LVU66
 483              	@ stm32f10x_lib/CMSIS/CM3/CoreSupport/core_cm3.c:673: }
 673:stm32f10x_lib/CMSIS/CM3/CoreSupport/core_cm3.c **** }
 484              		.loc 1 673 1 is_stmt 0 view .LVU67
 485              		.thumb
 486              		.syntax unified
 487 005c 7047     		bx	lr	@
 488              		.cfi_endproc
 489              	.LFE15:
 490              		.size	__RBIT, .-__RBIT
 491              		.align	1
 492              		.global	__LDREXB
 493              		.syntax unified
 494              		.thumb
 495              		.thumb_func
 496              		.type	__LDREXB, %function
 497              	__LDREXB:
 498              	.LVL26:
 499              	.LFB16:
 674:stm32f10x_lib/CMSIS/CM3/CoreSupport/core_cm3.c **** 
 675:stm32f10x_lib/CMSIS/CM3/CoreSupport/core_cm3.c **** /**
 676:stm32f10x_lib/CMSIS/CM3/CoreSupport/core_cm3.c ****  * @brief  LDR Exclusive (8 bit)
 677:stm32f10x_lib/CMSIS/CM3/CoreSupport/core_cm3.c ****  *
 678:stm32f10x_lib/CMSIS/CM3/CoreSupport/core_cm3.c ****  * @param  *addr  address pointer
 679:stm32f10x_lib/CMSIS/CM3/CoreSupport/core_cm3.c ****  * @return        value of (*address)
 680:stm32f10x_lib/CMSIS/CM3/CoreSupport/core_cm3.c ****  *
 681:stm32f10x_lib/CMSIS/CM3/CoreSupport/core_cm3.c ****  * Exclusive LDR command for 8 bit value
 682:stm32f10x_lib/CMSIS/CM3/CoreSupport/core_cm3.c ****  */
 683:stm32f10x_lib/CMSIS/CM3/CoreSupport/core_cm3.c **** uint8_t __LDREXB(uint8_t *addr)
 684:stm32f10x_lib/CMSIS/CM3/CoreSupport/core_cm3.c **** {
 500              		.loc 1 684 1 is_stmt 1 view -0
 501              		.cfi_startproc
 502              		@ args = 0, pretend = 0, frame = 0
 503              		@ frame_needed = 0, uses_anonymous_args = 0
 504              		@ link register save eliminated.
 685:stm32f10x_lib/CMSIS/CM3/CoreSupport/core_cm3.c ****     uint8_t result=0;
 505              		.loc 1 685 5 view .LVU69
 686:stm32f10x_lib/CMSIS/CM3/CoreSupport/core_cm3.c ****   
 687:stm32f10x_lib/CMSIS/CM3/CoreSupport/core_cm3.c ****    __ASM volatile ("ldrexb %0, [%1]" : "=r" (result) : "r" (addr) );
 506              		.loc 1 687 4 view .LVU70
 507              		.syntax unified
 508              	@ 687 "stm32f10x_lib/CMSIS/CM3/CoreSupport/core_cm3.c" 1
 509 005e D0E84F0F 		ldrexb r0, [r0]	@ result, addr
 510              	@ 0 "" 2
ARM GAS  /tmp/ccdFPqg6.s 			page 22


 511              	.LVL27:
 688:stm32f10x_lib/CMSIS/CM3/CoreSupport/core_cm3.c ****    return(result);
 512              		.loc 1 688 4 view .LVU71
 513              	@ stm32f10x_lib/CMSIS/CM3/CoreSupport/core_cm3.c:689: }
 689:stm32f10x_lib/CMSIS/CM3/CoreSupport/core_cm3.c **** }
 514              		.loc 1 689 1 is_stmt 0 view .LVU72
 515              		.thumb
 516              		.syntax unified
 517 0062 C0B2     		uxtb	r0, r0	@, result
 518              		.loc 1 689 1 view .LVU73
 519 0064 7047     		bx	lr	@
 520              		.cfi_endproc
 521              	.LFE16:
 522              		.size	__LDREXB, .-__LDREXB
 523              		.align	1
 524              		.global	__LDREXH
 525              		.syntax unified
 526              		.thumb
 527              		.thumb_func
 528              		.type	__LDREXH, %function
 529              	__LDREXH:
 530              	.LVL28:
 531              	.LFB17:
 690:stm32f10x_lib/CMSIS/CM3/CoreSupport/core_cm3.c **** 
 691:stm32f10x_lib/CMSIS/CM3/CoreSupport/core_cm3.c **** /**
 692:stm32f10x_lib/CMSIS/CM3/CoreSupport/core_cm3.c ****  * @brief  LDR Exclusive (16 bit)
 693:stm32f10x_lib/CMSIS/CM3/CoreSupport/core_cm3.c ****  *
 694:stm32f10x_lib/CMSIS/CM3/CoreSupport/core_cm3.c ****  * @param  *addr  address pointer
 695:stm32f10x_lib/CMSIS/CM3/CoreSupport/core_cm3.c ****  * @return        value of (*address)
 696:stm32f10x_lib/CMSIS/CM3/CoreSupport/core_cm3.c ****  *
 697:stm32f10x_lib/CMSIS/CM3/CoreSupport/core_cm3.c ****  * Exclusive LDR command for 16 bit values
 698:stm32f10x_lib/CMSIS/CM3/CoreSupport/core_cm3.c ****  */
 699:stm32f10x_lib/CMSIS/CM3/CoreSupport/core_cm3.c **** uint16_t __LDREXH(uint16_t *addr)
 700:stm32f10x_lib/CMSIS/CM3/CoreSupport/core_cm3.c **** {
 532              		.loc 1 700 1 is_stmt 1 view -0
 533              		.cfi_startproc
 534              		@ args = 0, pretend = 0, frame = 0
 535              		@ frame_needed = 0, uses_anonymous_args = 0
 536              		@ link register save eliminated.
 701:stm32f10x_lib/CMSIS/CM3/CoreSupport/core_cm3.c ****     uint16_t result=0;
 537              		.loc 1 701 5 view .LVU75
 702:stm32f10x_lib/CMSIS/CM3/CoreSupport/core_cm3.c ****   
 703:stm32f10x_lib/CMSIS/CM3/CoreSupport/core_cm3.c ****    __ASM volatile ("ldrexh %0, [%1]" : "=r" (result) : "r" (addr) );
 538              		.loc 1 703 4 view .LVU76
 539              		.syntax unified
 540              	@ 703 "stm32f10x_lib/CMSIS/CM3/CoreSupport/core_cm3.c" 1
 541 0066 D0E85F0F 		ldrexh r0, [r0]	@ result, addr
 542              	@ 0 "" 2
 543              	.LVL29:
 704:stm32f10x_lib/CMSIS/CM3/CoreSupport/core_cm3.c ****    return(result);
 544              		.loc 1 704 4 view .LVU77
 545              	@ stm32f10x_lib/CMSIS/CM3/CoreSupport/core_cm3.c:705: }
 705:stm32f10x_lib/CMSIS/CM3/CoreSupport/core_cm3.c **** }
 546              		.loc 1 705 1 is_stmt 0 view .LVU78
 547              		.thumb
 548              		.syntax unified
 549 006a 80B2     		uxth	r0, r0	@, result
ARM GAS  /tmp/ccdFPqg6.s 			page 23


 550              		.loc 1 705 1 view .LVU79
 551 006c 7047     		bx	lr	@
 552              		.cfi_endproc
 553              	.LFE17:
 554              		.size	__LDREXH, .-__LDREXH
 555              		.align	1
 556              		.global	__LDREXW
 557              		.syntax unified
 558              		.thumb
 559              		.thumb_func
 560              		.type	__LDREXW, %function
 561              	__LDREXW:
 562              	.LVL30:
 563              	.LFB18:
 706:stm32f10x_lib/CMSIS/CM3/CoreSupport/core_cm3.c **** 
 707:stm32f10x_lib/CMSIS/CM3/CoreSupport/core_cm3.c **** /**
 708:stm32f10x_lib/CMSIS/CM3/CoreSupport/core_cm3.c ****  * @brief  LDR Exclusive (32 bit)
 709:stm32f10x_lib/CMSIS/CM3/CoreSupport/core_cm3.c ****  *
 710:stm32f10x_lib/CMSIS/CM3/CoreSupport/core_cm3.c ****  * @param  *addr  address pointer
 711:stm32f10x_lib/CMSIS/CM3/CoreSupport/core_cm3.c ****  * @return        value of (*address)
 712:stm32f10x_lib/CMSIS/CM3/CoreSupport/core_cm3.c ****  *
 713:stm32f10x_lib/CMSIS/CM3/CoreSupport/core_cm3.c ****  * Exclusive LDR command for 32 bit values
 714:stm32f10x_lib/CMSIS/CM3/CoreSupport/core_cm3.c ****  */
 715:stm32f10x_lib/CMSIS/CM3/CoreSupport/core_cm3.c **** uint32_t __LDREXW(uint32_t *addr)
 716:stm32f10x_lib/CMSIS/CM3/CoreSupport/core_cm3.c **** {
 564              		.loc 1 716 1 is_stmt 1 view -0
 565              		.cfi_startproc
 566              		@ args = 0, pretend = 0, frame = 0
 567              		@ frame_needed = 0, uses_anonymous_args = 0
 568              		@ link register save eliminated.
 717:stm32f10x_lib/CMSIS/CM3/CoreSupport/core_cm3.c ****     uint32_t result=0;
 569              		.loc 1 717 5 view .LVU81
 718:stm32f10x_lib/CMSIS/CM3/CoreSupport/core_cm3.c ****   
 719:stm32f10x_lib/CMSIS/CM3/CoreSupport/core_cm3.c ****    __ASM volatile ("ldrex %0, [%1]" : "=r" (result) : "r" (addr) );
 570              		.loc 1 719 4 view .LVU82
 571              		.syntax unified
 572              	@ 719 "stm32f10x_lib/CMSIS/CM3/CoreSupport/core_cm3.c" 1
 573 006e 50E8000F 		ldrex r0, [r0]	@ result, addr
 574              	@ 0 "" 2
 575              	.LVL31:
 720:stm32f10x_lib/CMSIS/CM3/CoreSupport/core_cm3.c ****    return(result);
 576              		.loc 1 720 4 view .LVU83
 577              	@ stm32f10x_lib/CMSIS/CM3/CoreSupport/core_cm3.c:721: }
 721:stm32f10x_lib/CMSIS/CM3/CoreSupport/core_cm3.c **** }
 578              		.loc 1 721 1 is_stmt 0 view .LVU84
 579              		.thumb
 580              		.syntax unified
 581 0072 7047     		bx	lr	@
 582              		.cfi_endproc
 583              	.LFE18:
 584              		.size	__LDREXW, .-__LDREXW
 585              		.align	1
 586              		.global	__STREXB
 587              		.syntax unified
 588              		.thumb
 589              		.thumb_func
 590              		.type	__STREXB, %function
ARM GAS  /tmp/ccdFPqg6.s 			page 24


 591              	__STREXB:
 592              	.LVL32:
 593              	.LFB19:
 722:stm32f10x_lib/CMSIS/CM3/CoreSupport/core_cm3.c **** 
 723:stm32f10x_lib/CMSIS/CM3/CoreSupport/core_cm3.c **** /**
 724:stm32f10x_lib/CMSIS/CM3/CoreSupport/core_cm3.c ****  * @brief  STR Exclusive (8 bit)
 725:stm32f10x_lib/CMSIS/CM3/CoreSupport/core_cm3.c ****  *
 726:stm32f10x_lib/CMSIS/CM3/CoreSupport/core_cm3.c ****  * @param  value  value to store
 727:stm32f10x_lib/CMSIS/CM3/CoreSupport/core_cm3.c ****  * @param  *addr  address pointer
 728:stm32f10x_lib/CMSIS/CM3/CoreSupport/core_cm3.c ****  * @return        successful / failed
 729:stm32f10x_lib/CMSIS/CM3/CoreSupport/core_cm3.c ****  *
 730:stm32f10x_lib/CMSIS/CM3/CoreSupport/core_cm3.c ****  * Exclusive STR command for 8 bit values
 731:stm32f10x_lib/CMSIS/CM3/CoreSupport/core_cm3.c ****  */
 732:stm32f10x_lib/CMSIS/CM3/CoreSupport/core_cm3.c **** uint32_t __STREXB(uint8_t value, uint8_t *addr)
 733:stm32f10x_lib/CMSIS/CM3/CoreSupport/core_cm3.c **** {
 594              		.loc 1 733 1 is_stmt 1 view -0
 595              		.cfi_startproc
 596              		@ args = 0, pretend = 0, frame = 0
 597              		@ frame_needed = 0, uses_anonymous_args = 0
 598              		@ link register save eliminated.
 734:stm32f10x_lib/CMSIS/CM3/CoreSupport/core_cm3.c ****    //uint32_t result=0;
 735:stm32f10x_lib/CMSIS/CM3/CoreSupport/core_cm3.c ****    register uint32_t result asm ("r2");
 599              		.loc 1 735 4 view .LVU86
 736:stm32f10x_lib/CMSIS/CM3/CoreSupport/core_cm3.c ****    __ASM volatile ("strexb %0, %2, [%1]" : "=r" (result) : "r" (addr), "r" (value) );
 600              		.loc 1 736 4 view .LVU87
 601              		.syntax unified
 602              	@ 736 "stm32f10x_lib/CMSIS/CM3/CoreSupport/core_cm3.c" 1
 603 0074 C1E8420F 		strexb r2, r0, [r1]	@ result, value, addr
 604              	@ 0 "" 2
 737:stm32f10x_lib/CMSIS/CM3/CoreSupport/core_cm3.c ****    return(result);
 605              		.loc 1 737 4 view .LVU88
 606              	@ stm32f10x_lib/CMSIS/CM3/CoreSupport/core_cm3.c:738: }
 738:stm32f10x_lib/CMSIS/CM3/CoreSupport/core_cm3.c **** }
 607              		.loc 1 738 1 is_stmt 0 view .LVU89
 608              		.thumb
 609              		.syntax unified
 610 0078 1046     		mov	r0, r2	@, <retval>
 611              	.LVL33:
 612              		.loc 1 738 1 view .LVU90
 613 007a 7047     		bx	lr	@
 614              		.cfi_endproc
 615              	.LFE19:
 616              		.size	__STREXB, .-__STREXB
 617              		.align	1
 618              		.global	__STREXH
 619              		.syntax unified
 620              		.thumb
 621              		.thumb_func
 622              		.type	__STREXH, %function
 623              	__STREXH:
 624              	.LVL34:
 625              	.LFB20:
 739:stm32f10x_lib/CMSIS/CM3/CoreSupport/core_cm3.c **** 
 740:stm32f10x_lib/CMSIS/CM3/CoreSupport/core_cm3.c **** /**
 741:stm32f10x_lib/CMSIS/CM3/CoreSupport/core_cm3.c ****  * @brief  STR Exclusive (16 bit)
 742:stm32f10x_lib/CMSIS/CM3/CoreSupport/core_cm3.c ****  *
 743:stm32f10x_lib/CMSIS/CM3/CoreSupport/core_cm3.c ****  * @param  value  value to store
ARM GAS  /tmp/ccdFPqg6.s 			page 25


 744:stm32f10x_lib/CMSIS/CM3/CoreSupport/core_cm3.c ****  * @param  *addr  address pointer
 745:stm32f10x_lib/CMSIS/CM3/CoreSupport/core_cm3.c ****  * @return        successful / failed
 746:stm32f10x_lib/CMSIS/CM3/CoreSupport/core_cm3.c ****  *
 747:stm32f10x_lib/CMSIS/CM3/CoreSupport/core_cm3.c ****  * Exclusive STR command for 16 bit values
 748:stm32f10x_lib/CMSIS/CM3/CoreSupport/core_cm3.c ****  */
 749:stm32f10x_lib/CMSIS/CM3/CoreSupport/core_cm3.c **** uint32_t __STREXH(uint16_t value, uint16_t *addr)
 750:stm32f10x_lib/CMSIS/CM3/CoreSupport/core_cm3.c **** {
 626              		.loc 1 750 1 is_stmt 1 view -0
 627              		.cfi_startproc
 628              		@ args = 0, pretend = 0, frame = 0
 629              		@ frame_needed = 0, uses_anonymous_args = 0
 630              		@ link register save eliminated.
 751:stm32f10x_lib/CMSIS/CM3/CoreSupport/core_cm3.c ****    //uint32_t result=0;
 752:stm32f10x_lib/CMSIS/CM3/CoreSupport/core_cm3.c ****    register uint32_t result asm ("r2");
 631              		.loc 1 752 4 view .LVU92
 753:stm32f10x_lib/CMSIS/CM3/CoreSupport/core_cm3.c ****    __ASM volatile ("strexh %0, %2, [%1]" : "=r" (result) : "r" (addr), "r" (value) );
 632              		.loc 1 753 4 view .LVU93
 633              		.syntax unified
 634              	@ 753 "stm32f10x_lib/CMSIS/CM3/CoreSupport/core_cm3.c" 1
 635 007c C1E8520F 		strexh r2, r0, [r1]	@ result, value, addr
 636              	@ 0 "" 2
 754:stm32f10x_lib/CMSIS/CM3/CoreSupport/core_cm3.c ****    return(result);
 637              		.loc 1 754 4 view .LVU94
 638              	@ stm32f10x_lib/CMSIS/CM3/CoreSupport/core_cm3.c:755: }
 755:stm32f10x_lib/CMSIS/CM3/CoreSupport/core_cm3.c **** }
 639              		.loc 1 755 1 is_stmt 0 view .LVU95
 640              		.thumb
 641              		.syntax unified
 642 0080 1046     		mov	r0, r2	@, <retval>
 643              	.LVL35:
 644              		.loc 1 755 1 view .LVU96
 645 0082 7047     		bx	lr	@
 646              		.cfi_endproc
 647              	.LFE20:
 648              		.size	__STREXH, .-__STREXH
 649              		.align	1
 650              		.global	__STREXW
 651              		.syntax unified
 652              		.thumb
 653              		.thumb_func
 654              		.type	__STREXW, %function
 655              	__STREXW:
 656              	.LVL36:
 657              	.LFB21:
 756:stm32f10x_lib/CMSIS/CM3/CoreSupport/core_cm3.c **** 
 757:stm32f10x_lib/CMSIS/CM3/CoreSupport/core_cm3.c **** /**
 758:stm32f10x_lib/CMSIS/CM3/CoreSupport/core_cm3.c ****  * @brief  STR Exclusive (32 bit)
 759:stm32f10x_lib/CMSIS/CM3/CoreSupport/core_cm3.c ****  *
 760:stm32f10x_lib/CMSIS/CM3/CoreSupport/core_cm3.c ****  * @param  value  value to store
 761:stm32f10x_lib/CMSIS/CM3/CoreSupport/core_cm3.c ****  * @param  *addr  address pointer
 762:stm32f10x_lib/CMSIS/CM3/CoreSupport/core_cm3.c ****  * @return        successful / failed
 763:stm32f10x_lib/CMSIS/CM3/CoreSupport/core_cm3.c ****  *
 764:stm32f10x_lib/CMSIS/CM3/CoreSupport/core_cm3.c ****  * Exclusive STR command for 32 bit values
 765:stm32f10x_lib/CMSIS/CM3/CoreSupport/core_cm3.c ****  */
 766:stm32f10x_lib/CMSIS/CM3/CoreSupport/core_cm3.c **** uint32_t __STREXW(uint32_t value, uint32_t *addr)
 767:stm32f10x_lib/CMSIS/CM3/CoreSupport/core_cm3.c **** {
 658              		.loc 1 767 1 is_stmt 1 view -0
ARM GAS  /tmp/ccdFPqg6.s 			page 26


 659              		.cfi_startproc
 660              		@ args = 0, pretend = 0, frame = 0
 661              		@ frame_needed = 0, uses_anonymous_args = 0
 662              		@ link register save eliminated.
 768:stm32f10x_lib/CMSIS/CM3/CoreSupport/core_cm3.c ****    uint32_t result=0;
 663              		.loc 1 768 4 view .LVU98
 769:stm32f10x_lib/CMSIS/CM3/CoreSupport/core_cm3.c ****   
 770:stm32f10x_lib/CMSIS/CM3/CoreSupport/core_cm3.c ****    __ASM volatile ("strex %0, %2, [%1]" : "=r" (result) : "r" (addr), "r" (value) );
 664              		.loc 1 770 4 view .LVU99
 665              		.syntax unified
 666              	@ 770 "stm32f10x_lib/CMSIS/CM3/CoreSupport/core_cm3.c" 1
 667 0084 41E80000 		strex r0, r0, [r1]	@ result, value, addr
 668              	@ 0 "" 2
 669              	.LVL37:
 771:stm32f10x_lib/CMSIS/CM3/CoreSupport/core_cm3.c ****    return(result);
 670              		.loc 1 771 4 view .LVU100
 671              	@ stm32f10x_lib/CMSIS/CM3/CoreSupport/core_cm3.c:772: }
 772:stm32f10x_lib/CMSIS/CM3/CoreSupport/core_cm3.c **** }
 672              		.loc 1 772 1 is_stmt 0 view .LVU101
 673              		.thumb
 674              		.syntax unified
 675 0088 7047     		bx	lr	@
 676              		.cfi_endproc
 677              	.LFE21:
 678              		.size	__STREXW, .-__STREXW
 679              	.Letext0:
 680              		.file 2 "/usr/arm-none-eabi/include/machine/_default_types.h"
 681              		.file 3 "/usr/arm-none-eabi/include/sys/_stdint.h"
 682              		.section	.debug_info,"",%progbits
 683              	.Ldebug_info0:
 684 0000 37060000 		.4byte	0x637
 685 0004 0200     		.2byte	0x2
 686 0006 00000000 		.4byte	.Ldebug_abbrev0
 687 000a 04       		.byte	0x4
 688 000b 01       		.uleb128 0x1
 689 000c 00010000 		.4byte	.LASF49
 690 0010 0C       		.byte	0xc
 691 0011 53000000 		.4byte	.LASF50
 692 0015 B3000000 		.4byte	.LASF51
 693 0019 00000000 		.4byte	.Ldebug_ranges0+0
 694 001d 00000000 		.4byte	0
 695 0021 00000000 		.4byte	0
 696 0025 00000000 		.4byte	.Ldebug_line0
 697 0029 02       		.uleb128 0x2
 698 002a 08       		.byte	0x8
 699 002b 07       		.byte	0x7
 700 002c F5010000 		.4byte	.LASF0
 701 0030 02       		.uleb128 0x2
 702 0031 04       		.byte	0x4
 703 0032 07       		.byte	0x7
 704 0033 E8010000 		.4byte	.LASF1
 705 0037 02       		.uleb128 0x2
 706 0038 02       		.byte	0x2
 707 0039 07       		.byte	0x7
 708 003a 97010000 		.4byte	.LASF2
 709 003e 02       		.uleb128 0x2
 710 003f 01       		.byte	0x1
ARM GAS  /tmp/ccdFPqg6.s 			page 27


 711 0040 08       		.byte	0x8
 712 0041 F2000000 		.4byte	.LASF3
 713 0045 02       		.uleb128 0x2
 714 0046 01       		.byte	0x1
 715 0047 06       		.byte	0x6
 716 0048 B7020000 		.4byte	.LASF4
 717 004c 03       		.uleb128 0x3
 718 004d 18000000 		.4byte	.LASF5
 719 0051 02       		.byte	0x2
 720 0052 2B       		.byte	0x2b
 721 0053 18       		.byte	0x18
 722 0054 3E000000 		.4byte	0x3e
 723 0058 03       		.uleb128 0x3
 724 0059 30000000 		.4byte	.LASF6
 725 005d 02       		.byte	0x2
 726 005e 37       		.byte	0x37
 727 005f 18       		.byte	0x18
 728 0060 64000000 		.4byte	0x64
 729 0064 02       		.uleb128 0x2
 730 0065 02       		.byte	0x2
 731 0066 05       		.byte	0x5
 732 0067 84020000 		.4byte	.LASF7
 733 006b 03       		.uleb128 0x3
 734 006c B2010000 		.4byte	.LASF8
 735 0070 02       		.byte	0x2
 736 0071 39       		.byte	0x39
 737 0072 19       		.byte	0x19
 738 0073 37000000 		.4byte	0x37
 739 0077 03       		.uleb128 0x3
 740 0078 40000000 		.4byte	.LASF9
 741 007c 02       		.byte	0x2
 742 007d 4D       		.byte	0x4d
 743 007e 18       		.byte	0x18
 744 007f 83000000 		.4byte	0x83
 745 0083 02       		.uleb128 0x2
 746 0084 04       		.byte	0x4
 747 0085 05       		.byte	0x5
 748 0086 A0020000 		.4byte	.LASF10
 749 008a 03       		.uleb128 0x3
 750 008b C5010000 		.4byte	.LASF11
 751 008f 02       		.byte	0x2
 752 0090 4F       		.byte	0x4f
 753 0091 19       		.byte	0x19
 754 0092 96000000 		.4byte	0x96
 755 0096 02       		.uleb128 0x2
 756 0097 04       		.byte	0x4
 757 0098 07       		.byte	0x7
 758 0099 7D010000 		.4byte	.LASF12
 759 009d 02       		.uleb128 0x2
 760 009e 08       		.byte	0x8
 761 009f 05       		.byte	0x5
 762 00a0 43020000 		.4byte	.LASF13
 763 00a4 04       		.uleb128 0x4
 764 00a5 04       		.byte	0x4
 765 00a6 05       		.byte	0x5
 766 00a7 696E7400 		.ascii	"int\000"
 767 00ab 03       		.uleb128 0x3
ARM GAS  /tmp/ccdFPqg6.s 			page 28


 768 00ac 0C020000 		.4byte	.LASF14
 769 00b0 03       		.byte	0x3
 770 00b1 18       		.byte	0x18
 771 00b2 13       		.byte	0x13
 772 00b3 4C000000 		.4byte	0x4c
 773 00b7 03       		.uleb128 0x3
 774 00b8 25020000 		.4byte	.LASF15
 775 00bc 03       		.byte	0x3
 776 00bd 20       		.byte	0x20
 777 00be 13       		.byte	0x13
 778 00bf 58000000 		.4byte	0x58
 779 00c3 03       		.uleb128 0x3
 780 00c4 8E020000 		.4byte	.LASF16
 781 00c8 03       		.byte	0x3
 782 00c9 24       		.byte	0x24
 783 00ca 14       		.byte	0x14
 784 00cb 6B000000 		.4byte	0x6b
 785 00cf 03       		.uleb128 0x3
 786 00d0 2D020000 		.4byte	.LASF17
 787 00d4 03       		.byte	0x3
 788 00d5 2C       		.byte	0x2c
 789 00d6 13       		.byte	0x13
 790 00d7 77000000 		.4byte	0x77
 791 00db 03       		.uleb128 0x3
 792 00dc 97020000 		.4byte	.LASF18
 793 00e0 03       		.byte	0x3
 794 00e1 30       		.byte	0x30
 795 00e2 14       		.byte	0x14
 796 00e3 8A000000 		.4byte	0x8a
 797 00e7 05       		.uleb128 0x5
 798 00e8 01       		.byte	0x1
 799 00e9 4A000000 		.4byte	.LASF19
 800 00ed 01       		.byte	0x1
 801 00ee FE02     		.2byte	0x2fe
 802 00f0 0A       		.byte	0xa
 803 00f1 01       		.byte	0x1
 804 00f2 DB000000 		.4byte	0xdb
 805 00f6 84000000 		.4byte	.LFB21
 806 00fa 8A000000 		.4byte	.LFE21
 807 00fe 02       		.byte	0x2
 808 00ff 7D       		.byte	0x7d
 809 0100 00       		.sleb128 0
 810 0101 01       		.byte	0x1
 811 0102 40010000 		.4byte	0x140
 812 0106 06       		.uleb128 0x6
 813 0107 3A000000 		.4byte	.LASF21
 814 010b 01       		.byte	0x1
 815 010c FE02     		.2byte	0x2fe
 816 010e 1C       		.byte	0x1c
 817 010f DB000000 		.4byte	0xdb
 818 0113 04000000 		.4byte	.LLST22
 819 0117 00000000 		.4byte	.LVUS22
 820 011b 07       		.uleb128 0x7
 821 011c AE000000 		.4byte	.LASF22
 822 0120 01       		.byte	0x1
 823 0121 FE02     		.2byte	0x2fe
 824 0123 2D       		.byte	0x2d
ARM GAS  /tmp/ccdFPqg6.s 			page 29


 825 0124 40010000 		.4byte	0x140
 826 0128 01       		.byte	0x1
 827 0129 51       		.byte	0x51
 828 012a 08       		.uleb128 0x8
 829 012b 14020000 		.4byte	.LASF24
 830 012f 01       		.byte	0x1
 831 0130 0003     		.2byte	0x300
 832 0132 0D       		.byte	0xd
 833 0133 DB000000 		.4byte	0xdb
 834 0137 2F000000 		.4byte	.LLST23
 835 013b 2B000000 		.4byte	.LVUS23
 836 013f 00       		.byte	0
 837 0140 09       		.uleb128 0x9
 838 0141 04       		.byte	0x4
 839 0142 DB000000 		.4byte	0xdb
 840 0146 05       		.uleb128 0x5
 841 0147 01       		.byte	0x1
 842 0148 00000000 		.4byte	.LASF20
 843 014c 01       		.byte	0x1
 844 014d ED02     		.2byte	0x2ed
 845 014f 0A       		.byte	0xa
 846 0150 01       		.byte	0x1
 847 0151 DB000000 		.4byte	0xdb
 848 0155 7C000000 		.4byte	.LFB20
 849 0159 84000000 		.4byte	.LFE20
 850 015d 02       		.byte	0x2
 851 015e 7D       		.byte	0x7d
 852 015f 00       		.sleb128 0
 853 0160 01       		.byte	0x1
 854 0161 99010000 		.4byte	0x199
 855 0165 06       		.uleb128 0x6
 856 0166 3A000000 		.4byte	.LASF21
 857 016a 01       		.byte	0x1
 858 016b ED02     		.2byte	0x2ed
 859 016d 1C       		.byte	0x1c
 860 016e C3000000 		.4byte	0xc3
 861 0172 52000000 		.4byte	.LLST21
 862 0176 4E000000 		.4byte	.LVUS21
 863 017a 07       		.uleb128 0x7
 864 017b AE000000 		.4byte	.LASF22
 865 017f 01       		.byte	0x1
 866 0180 ED02     		.2byte	0x2ed
 867 0182 2D       		.byte	0x2d
 868 0183 99010000 		.4byte	0x199
 869 0187 01       		.byte	0x1
 870 0188 51       		.byte	0x51
 871 0189 0A       		.uleb128 0xa
 872 018a 14020000 		.4byte	.LASF24
 873 018e 01       		.byte	0x1
 874 018f F002     		.2byte	0x2f0
 875 0191 16       		.byte	0x16
 876 0192 DB000000 		.4byte	0xdb
 877 0196 01       		.byte	0x1
 878 0197 52       		.byte	0x52
 879 0198 00       		.byte	0
 880 0199 09       		.uleb128 0x9
 881 019a 04       		.byte	0x4
ARM GAS  /tmp/ccdFPqg6.s 			page 30


 882 019b C3000000 		.4byte	0xc3
 883 019f 05       		.uleb128 0x5
 884 01a0 01       		.byte	0x1
 885 01a1 CC020000 		.4byte	.LASF23
 886 01a5 01       		.byte	0x1
 887 01a6 DC02     		.2byte	0x2dc
 888 01a8 0A       		.byte	0xa
 889 01a9 01       		.byte	0x1
 890 01aa DB000000 		.4byte	0xdb
 891 01ae 74000000 		.4byte	.LFB19
 892 01b2 7C000000 		.4byte	.LFE19
 893 01b6 02       		.byte	0x2
 894 01b7 7D       		.byte	0x7d
 895 01b8 00       		.sleb128 0
 896 01b9 01       		.byte	0x1
 897 01ba F2010000 		.4byte	0x1f2
 898 01be 06       		.uleb128 0x6
 899 01bf 3A000000 		.4byte	.LASF21
 900 01c3 01       		.byte	0x1
 901 01c4 DC02     		.2byte	0x2dc
 902 01c6 1B       		.byte	0x1b
 903 01c7 AB000000 		.4byte	0xab
 904 01cb 7D000000 		.4byte	.LLST20
 905 01cf 79000000 		.4byte	.LVUS20
 906 01d3 07       		.uleb128 0x7
 907 01d4 AE000000 		.4byte	.LASF22
 908 01d8 01       		.byte	0x1
 909 01d9 DC02     		.2byte	0x2dc
 910 01db 2B       		.byte	0x2b
 911 01dc F2010000 		.4byte	0x1f2
 912 01e0 01       		.byte	0x1
 913 01e1 51       		.byte	0x51
 914 01e2 0A       		.uleb128 0xa
 915 01e3 14020000 		.4byte	.LASF24
 916 01e7 01       		.byte	0x1
 917 01e8 DF02     		.2byte	0x2df
 918 01ea 16       		.byte	0x16
 919 01eb DB000000 		.4byte	0xdb
 920 01ef 01       		.byte	0x1
 921 01f0 52       		.byte	0x52
 922 01f1 00       		.byte	0
 923 01f2 09       		.uleb128 0x9
 924 01f3 04       		.byte	0x4
 925 01f4 AB000000 		.4byte	0xab
 926 01f8 05       		.uleb128 0x5
 927 01f9 01       		.byte	0x1
 928 01fa D0010000 		.4byte	.LASF25
 929 01fe 01       		.byte	0x1
 930 01ff CB02     		.2byte	0x2cb
 931 0201 0A       		.byte	0xa
 932 0202 01       		.byte	0x1
 933 0203 DB000000 		.4byte	0xdb
 934 0207 6E000000 		.4byte	.LFB18
 935 020b 74000000 		.4byte	.LFE18
 936 020f 02       		.byte	0x2
 937 0210 7D       		.byte	0x7d
 938 0211 00       		.sleb128 0
ARM GAS  /tmp/ccdFPqg6.s 			page 31


 939 0212 01       		.byte	0x1
 940 0213 42020000 		.4byte	0x242
 941 0217 06       		.uleb128 0x6
 942 0218 AE000000 		.4byte	.LASF22
 943 021c 01       		.byte	0x1
 944 021d CB02     		.2byte	0x2cb
 945 021f 1D       		.byte	0x1d
 946 0220 40010000 		.4byte	0x140
 947 0224 A8000000 		.4byte	.LLST18
 948 0228 A4000000 		.4byte	.LVUS18
 949 022c 08       		.uleb128 0x8
 950 022d 14020000 		.4byte	.LASF24
 951 0231 01       		.byte	0x1
 952 0232 CD02     		.2byte	0x2cd
 953 0234 0E       		.byte	0xe
 954 0235 DB000000 		.4byte	0xdb
 955 0239 D3000000 		.4byte	.LLST19
 956 023d CF000000 		.4byte	.LVUS19
 957 0241 00       		.byte	0
 958 0242 05       		.uleb128 0x5
 959 0243 01       		.byte	0x1
 960 0244 E5020000 		.4byte	.LASF26
 961 0248 01       		.byte	0x1
 962 0249 BB02     		.2byte	0x2bb
 963 024b 0A       		.byte	0xa
 964 024c 01       		.byte	0x1
 965 024d C3000000 		.4byte	0xc3
 966 0251 66000000 		.4byte	.LFB17
 967 0255 6E000000 		.4byte	.LFE17
 968 0259 02       		.byte	0x2
 969 025a 7D       		.byte	0x7d
 970 025b 00       		.sleb128 0
 971 025c 01       		.byte	0x1
 972 025d 8C020000 		.4byte	0x28c
 973 0261 06       		.uleb128 0x6
 974 0262 AE000000 		.4byte	.LASF22
 975 0266 01       		.byte	0x1
 976 0267 BB02     		.2byte	0x2bb
 977 0269 1D       		.byte	0x1d
 978 026a 99010000 		.4byte	0x199
 979 026e F6000000 		.4byte	.LLST16
 980 0272 F2000000 		.4byte	.LVUS16
 981 0276 08       		.uleb128 0x8
 982 0277 14020000 		.4byte	.LASF24
 983 027b 01       		.byte	0x1
 984 027c BD02     		.2byte	0x2bd
 985 027e 0E       		.byte	0xe
 986 027f C3000000 		.4byte	0xc3
 987 0283 21010000 		.4byte	.LLST17
 988 0287 1D010000 		.4byte	.LVUS17
 989 028b 00       		.byte	0
 990 028c 05       		.uleb128 0x5
 991 028d 01       		.byte	0x1
 992 028e C3020000 		.4byte	.LASF27
 993 0292 01       		.byte	0x1
 994 0293 AB02     		.2byte	0x2ab
 995 0295 09       		.byte	0x9
ARM GAS  /tmp/ccdFPqg6.s 			page 32


 996 0296 01       		.byte	0x1
 997 0297 AB000000 		.4byte	0xab
 998 029b 5E000000 		.4byte	.LFB16
 999 029f 66000000 		.4byte	.LFE16
 1000 02a3 02       		.byte	0x2
 1001 02a4 7D       		.byte	0x7d
 1002 02a5 00       		.sleb128 0
 1003 02a6 01       		.byte	0x1
 1004 02a7 D6020000 		.4byte	0x2d6
 1005 02ab 06       		.uleb128 0x6
 1006 02ac AE000000 		.4byte	.LASF22
 1007 02b0 01       		.byte	0x1
 1008 02b1 AB02     		.2byte	0x2ab
 1009 02b3 1B       		.byte	0x1b
 1010 02b4 F2010000 		.4byte	0x1f2
 1011 02b8 44010000 		.4byte	.LLST14
 1012 02bc 40010000 		.4byte	.LVUS14
 1013 02c0 08       		.uleb128 0x8
 1014 02c1 14020000 		.4byte	.LASF24
 1015 02c5 01       		.byte	0x1
 1016 02c6 AD02     		.2byte	0x2ad
 1017 02c8 0D       		.byte	0xd
 1018 02c9 AB000000 		.4byte	0xab
 1019 02cd 6F010000 		.4byte	.LLST15
 1020 02d1 6B010000 		.4byte	.LVUS15
 1021 02d5 00       		.byte	0
 1022 02d6 05       		.uleb128 0x5
 1023 02d7 01       		.byte	0x1
 1024 02d8 7D020000 		.4byte	.LASF28
 1025 02dc 01       		.byte	0x1
 1026 02dd 9B02     		.2byte	0x29b
 1027 02df 0A       		.byte	0xa
 1028 02e0 01       		.byte	0x1
 1029 02e1 DB000000 		.4byte	0xdb
 1030 02e5 58000000 		.4byte	.LFB15
 1031 02e9 5E000000 		.4byte	.LFE15
 1032 02ed 02       		.byte	0x2
 1033 02ee 7D       		.byte	0x7d
 1034 02ef 00       		.sleb128 0
 1035 02f0 01       		.byte	0x1
 1036 02f1 20030000 		.4byte	0x320
 1037 02f5 06       		.uleb128 0x6
 1038 02f6 3A000000 		.4byte	.LASF21
 1039 02fa 01       		.byte	0x1
 1040 02fb 9B02     		.2byte	0x29b
 1041 02fd 1A       		.byte	0x1a
 1042 02fe DB000000 		.4byte	0xdb
 1043 0302 92010000 		.4byte	.LLST12
 1044 0306 8E010000 		.4byte	.LVUS12
 1045 030a 08       		.uleb128 0x8
 1046 030b 14020000 		.4byte	.LASF24
 1047 030f 01       		.byte	0x1
 1048 0310 9D02     		.2byte	0x29d
 1049 0312 0C       		.byte	0xc
 1050 0313 DB000000 		.4byte	0xdb
 1051 0317 BD010000 		.4byte	.LLST13
 1052 031b B9010000 		.4byte	.LVUS13
ARM GAS  /tmp/ccdFPqg6.s 			page 33


 1053 031f 00       		.byte	0
 1054 0320 05       		.uleb128 0x5
 1055 0321 01       		.byte	0x1
 1056 0322 AA010000 		.4byte	.LASF29
 1057 0326 01       		.byte	0x1
 1058 0327 8B02     		.2byte	0x28b
 1059 0329 09       		.byte	0x9
 1060 032a 01       		.byte	0x1
 1061 032b CF000000 		.4byte	0xcf
 1062 032f 54000000 		.4byte	.LFB14
 1063 0333 58000000 		.4byte	.LFE14
 1064 0337 02       		.byte	0x2
 1065 0338 7D       		.byte	0x7d
 1066 0339 00       		.sleb128 0
 1067 033a 01       		.byte	0x1
 1068 033b 6A030000 		.4byte	0x36a
 1069 033f 06       		.uleb128 0x6
 1070 0340 3A000000 		.4byte	.LASF21
 1071 0344 01       		.byte	0x1
 1072 0345 8B02     		.2byte	0x28b
 1073 0347 19       		.byte	0x19
 1074 0348 B7000000 		.4byte	0xb7
 1075 034c E0010000 		.4byte	.LLST10
 1076 0350 DC010000 		.4byte	.LVUS10
 1077 0354 08       		.uleb128 0x8
 1078 0355 14020000 		.4byte	.LASF24
 1079 0359 01       		.byte	0x1
 1080 035a 8D02     		.2byte	0x28d
 1081 035c 0C       		.byte	0xc
 1082 035d DB000000 		.4byte	0xdb
 1083 0361 0B020000 		.4byte	.LLST11
 1084 0365 07020000 		.4byte	.LVUS11
 1085 0369 00       		.byte	0
 1086 036a 05       		.uleb128 0x5
 1087 036b 01       		.byte	0x1
 1088 036c EA000000 		.4byte	.LASF30
 1089 0370 01       		.byte	0x1
 1090 0371 7B02     		.2byte	0x27b
 1091 0373 0A       		.byte	0xa
 1092 0374 01       		.byte	0x1
 1093 0375 DB000000 		.4byte	0xdb
 1094 0379 50000000 		.4byte	.LFB13
 1095 037d 54000000 		.4byte	.LFE13
 1096 0381 02       		.byte	0x2
 1097 0382 7D       		.byte	0x7d
 1098 0383 00       		.sleb128 0
 1099 0384 01       		.byte	0x1
 1100 0385 B4030000 		.4byte	0x3b4
 1101 0389 06       		.uleb128 0x6
 1102 038a 3A000000 		.4byte	.LASF21
 1103 038e 01       		.byte	0x1
 1104 038f 7B02     		.2byte	0x27b
 1105 0391 1B       		.byte	0x1b
 1106 0392 C3000000 		.4byte	0xc3
 1107 0396 2E020000 		.4byte	.LLST8
 1108 039a 2A020000 		.4byte	.LVUS8
 1109 039e 08       		.uleb128 0x8
ARM GAS  /tmp/ccdFPqg6.s 			page 34


 1110 039f 14020000 		.4byte	.LASF24
 1111 03a3 01       		.byte	0x1
 1112 03a4 7D02     		.2byte	0x27d
 1113 03a6 0C       		.byte	0xc
 1114 03a7 DB000000 		.4byte	0xdb
 1115 03ab 59020000 		.4byte	.LLST9
 1116 03af 55020000 		.4byte	.LVUS9
 1117 03b3 00       		.byte	0
 1118 03b4 05       		.uleb128 0x5
 1119 03b5 01       		.byte	0x1
 1120 03b6 5F020000 		.4byte	.LASF31
 1121 03ba 01       		.byte	0x1
 1122 03bb 6B02     		.2byte	0x26b
 1123 03bd 0A       		.byte	0xa
 1124 03be 01       		.byte	0x1
 1125 03bf DB000000 		.4byte	0xdb
 1126 03c3 4C000000 		.4byte	.LFB12
 1127 03c7 50000000 		.4byte	.LFE12
 1128 03cb 02       		.byte	0x2
 1129 03cc 7D       		.byte	0x7d
 1130 03cd 00       		.sleb128 0
 1131 03ce 01       		.byte	0x1
 1132 03cf FE030000 		.4byte	0x3fe
 1133 03d3 06       		.uleb128 0x6
 1134 03d4 3A000000 		.4byte	.LASF21
 1135 03d8 01       		.byte	0x1
 1136 03d9 6B02     		.2byte	0x26b
 1137 03db 19       		.byte	0x19
 1138 03dc DB000000 		.4byte	0xdb
 1139 03e0 7C020000 		.4byte	.LLST6
 1140 03e4 78020000 		.4byte	.LVUS6
 1141 03e8 08       		.uleb128 0x8
 1142 03e9 14020000 		.4byte	.LASF24
 1143 03ed 01       		.byte	0x1
 1144 03ee 6D02     		.2byte	0x26d
 1145 03f0 0C       		.byte	0xc
 1146 03f1 DB000000 		.4byte	0xdb
 1147 03f5 A7020000 		.4byte	.LLST7
 1148 03f9 A3020000 		.4byte	.LVUS7
 1149 03fd 00       		.byte	0
 1150 03fe 0B       		.uleb128 0xb
 1151 03ff 01       		.byte	0x1
 1152 0400 22000000 		.4byte	.LASF34
 1153 0404 01       		.byte	0x1
 1154 0405 5D02     		.2byte	0x25d
 1155 0407 06       		.byte	0x6
 1156 0408 01       		.byte	0x1
 1157 0409 46000000 		.4byte	.LFB11
 1158 040d 4C000000 		.4byte	.LFE11
 1159 0411 02       		.byte	0x2
 1160 0412 7D       		.byte	0x7d
 1161 0413 00       		.sleb128 0
 1162 0414 01       		.byte	0x1
 1163 0415 29040000 		.4byte	0x429
 1164 0419 07       		.uleb128 0x7
 1165 041a 8F010000 		.4byte	.LASF32
 1166 041e 01       		.byte	0x1
ARM GAS  /tmp/ccdFPqg6.s 			page 35


 1167 041f 5D02     		.2byte	0x25d
 1168 0421 1D       		.byte	0x1d
 1169 0422 DB000000 		.4byte	0xdb
 1170 0426 01       		.byte	0x1
 1171 0427 50       		.byte	0x50
 1172 0428 00       		.byte	0
 1173 0429 05       		.uleb128 0x5
 1174 042a 01       		.byte	0x1
 1175 042b 6F020000 		.4byte	.LASF33
 1176 042f 01       		.byte	0x1
 1177 0430 4E02     		.2byte	0x24e
 1178 0432 0A       		.byte	0xa
 1179 0433 01       		.byte	0x1
 1180 0434 DB000000 		.4byte	0xdb
 1181 0438 40000000 		.4byte	.LFB10
 1182 043c 46000000 		.4byte	.LFE10
 1183 0440 02       		.byte	0x2
 1184 0441 7D       		.byte	0x7d
 1185 0442 00       		.sleb128 0
 1186 0443 01       		.byte	0x1
 1187 0444 5E040000 		.4byte	0x45e
 1188 0448 08       		.uleb128 0x8
 1189 0449 14020000 		.4byte	.LASF24
 1190 044d 01       		.byte	0x1
 1191 044e 5002     		.2byte	0x250
 1192 0450 0C       		.byte	0xc
 1193 0451 DB000000 		.4byte	0xdb
 1194 0455 CA020000 		.4byte	.LLST5
 1195 0459 C6020000 		.4byte	.LVUS5
 1196 045d 00       		.byte	0
 1197 045e 0B       		.uleb128 0xb
 1198 045f 01       		.byte	0x1
 1199 0460 6D010000 		.4byte	.LASF35
 1200 0464 01       		.byte	0x1
 1201 0465 4202     		.2byte	0x242
 1202 0467 06       		.byte	0x6
 1203 0468 01       		.byte	0x1
 1204 0469 3A000000 		.4byte	.LFB9
 1205 046d 40000000 		.4byte	.LFE9
 1206 0471 02       		.byte	0x2
 1207 0472 7D       		.byte	0x7d
 1208 0473 00       		.sleb128 0
 1209 0474 01       		.byte	0x1
 1210 0475 89040000 		.4byte	0x489
 1211 0479 07       		.uleb128 0x7
 1212 047a 82000000 		.4byte	.LASF36
 1213 047e 01       		.byte	0x1
 1214 047f 4202     		.2byte	0x242
 1215 0481 1F       		.byte	0x1f
 1216 0482 DB000000 		.4byte	0xdb
 1217 0486 01       		.byte	0x1
 1218 0487 50       		.byte	0x50
 1219 0488 00       		.byte	0
 1220 0489 05       		.uleb128 0x5
 1221 048a 01       		.byte	0x1
 1222 048b D5020000 		.4byte	.LASF37
 1223 048f 01       		.byte	0x1
ARM GAS  /tmp/ccdFPqg6.s 			page 36


 1224 0490 3302     		.2byte	0x233
 1225 0492 0A       		.byte	0xa
 1226 0493 01       		.byte	0x1
 1227 0494 DB000000 		.4byte	0xdb
 1228 0498 34000000 		.4byte	.LFB8
 1229 049c 3A000000 		.4byte	.LFE8
 1230 04a0 02       		.byte	0x2
 1231 04a1 7D       		.byte	0x7d
 1232 04a2 00       		.sleb128 0
 1233 04a3 01       		.byte	0x1
 1234 04a4 BE040000 		.4byte	0x4be
 1235 04a8 08       		.uleb128 0x8
 1236 04a9 14020000 		.4byte	.LASF24
 1237 04ad 01       		.byte	0x1
 1238 04ae 3502     		.2byte	0x235
 1239 04b0 0C       		.byte	0xc
 1240 04b1 DB000000 		.4byte	0xdb
 1241 04b5 ED020000 		.4byte	.LLST4
 1242 04b9 E9020000 		.4byte	.LVUS4
 1243 04bd 00       		.byte	0
 1244 04be 0B       		.uleb128 0xb
 1245 04bf 01       		.byte	0x1
 1246 04c0 51020000 		.4byte	.LASF38
 1247 04c4 01       		.byte	0x1
 1248 04c5 2702     		.2byte	0x227
 1249 04c7 06       		.byte	0x6
 1250 04c8 01       		.byte	0x1
 1251 04c9 2E000000 		.4byte	.LFB7
 1252 04cd 34000000 		.4byte	.LFE7
 1253 04d1 02       		.byte	0x2
 1254 04d2 7D       		.byte	0x7d
 1255 04d3 00       		.sleb128 0
 1256 04d4 01       		.byte	0x1
 1257 04d5 E9040000 		.4byte	0x4e9
 1258 04d9 07       		.uleb128 0x7
 1259 04da BD010000 		.4byte	.LASF39
 1260 04de 01       		.byte	0x1
 1261 04df 2702     		.2byte	0x227
 1262 04e1 1D       		.byte	0x1d
 1263 04e2 DB000000 		.4byte	0xdb
 1264 04e6 01       		.byte	0x1
 1265 04e7 50       		.byte	0x50
 1266 04e8 00       		.byte	0
 1267 04e9 05       		.uleb128 0x5
 1268 04ea 01       		.byte	0x1
 1269 04eb A9020000 		.4byte	.LASF40
 1270 04ef 01       		.byte	0x1
 1271 04f0 1802     		.2byte	0x218
 1272 04f2 0A       		.byte	0xa
 1273 04f3 01       		.byte	0x1
 1274 04f4 DB000000 		.4byte	0xdb
 1275 04f8 28000000 		.4byte	.LFB6
 1276 04fc 2E000000 		.4byte	.LFE6
 1277 0500 02       		.byte	0x2
 1278 0501 7D       		.byte	0x7d
 1279 0502 00       		.sleb128 0
 1280 0503 01       		.byte	0x1
ARM GAS  /tmp/ccdFPqg6.s 			page 37


 1281 0504 1E050000 		.4byte	0x51e
 1282 0508 08       		.uleb128 0x8
 1283 0509 14020000 		.4byte	.LASF24
 1284 050d 01       		.byte	0x1
 1285 050e 1A02     		.2byte	0x21a
 1286 0510 0C       		.byte	0xc
 1287 0511 DB000000 		.4byte	0xdb
 1288 0515 10030000 		.4byte	.LLST3
 1289 0519 0C030000 		.4byte	.LVUS3
 1290 051d 00       		.byte	0
 1291 051e 0B       		.uleb128 0xb
 1292 051f 01       		.byte	0x1
 1293 0520 35020000 		.4byte	.LASF41
 1294 0524 01       		.byte	0x1
 1295 0525 0C02     		.2byte	0x20c
 1296 0527 06       		.byte	0x6
 1297 0528 01       		.byte	0x1
 1298 0529 22000000 		.4byte	.LFB5
 1299 052d 28000000 		.4byte	.LFE5
 1300 0531 02       		.byte	0x2
 1301 0532 7D       		.byte	0x7d
 1302 0533 00       		.sleb128 0
 1303 0534 01       		.byte	0x1
 1304 0535 49050000 		.4byte	0x549
 1305 0539 07       		.uleb128 0x7
 1306 053a 3A000000 		.4byte	.LASF21
 1307 053e 01       		.byte	0x1
 1308 053f 0C02     		.2byte	0x20c
 1309 0541 1D       		.byte	0x1d
 1310 0542 DB000000 		.4byte	0xdb
 1311 0546 01       		.byte	0x1
 1312 0547 50       		.byte	0x50
 1313 0548 00       		.byte	0
 1314 0549 05       		.uleb128 0x5
 1315 054a 01       		.byte	0x1
 1316 054b A0000000 		.4byte	.LASF42
 1317 054f 01       		.byte	0x1
 1318 0550 FD01     		.2byte	0x1fd
 1319 0552 0A       		.byte	0xa
 1320 0553 01       		.byte	0x1
 1321 0554 DB000000 		.4byte	0xdb
 1322 0558 1C000000 		.4byte	.LFB4
 1323 055c 22000000 		.4byte	.LFE4
 1324 0560 02       		.byte	0x2
 1325 0561 7D       		.byte	0x7d
 1326 0562 00       		.sleb128 0
 1327 0563 01       		.byte	0x1
 1328 0564 7E050000 		.4byte	0x57e
 1329 0568 08       		.uleb128 0x8
 1330 0569 14020000 		.4byte	.LASF24
 1331 056d 01       		.byte	0x1
 1332 056e FF01     		.2byte	0x1ff
 1333 0570 0C       		.byte	0xc
 1334 0571 DB000000 		.4byte	0xdb
 1335 0575 33030000 		.4byte	.LLST2
 1336 0579 2F030000 		.4byte	.LVUS2
 1337 057d 00       		.byte	0
ARM GAS  /tmp/ccdFPqg6.s 			page 38


 1338 057e 0B       		.uleb128 0xb
 1339 057f 01       		.byte	0x1
 1340 0580 96000000 		.4byte	.LASF43
 1341 0584 01       		.byte	0x1
 1342 0585 F001     		.2byte	0x1f0
 1343 0587 06       		.byte	0x6
 1344 0588 01       		.byte	0x1
 1345 0589 16000000 		.4byte	.LFB3
 1346 058d 1C000000 		.4byte	.LFE3
 1347 0591 02       		.byte	0x2
 1348 0592 7D       		.byte	0x7d
 1349 0593 00       		.sleb128 0
 1350 0594 01       		.byte	0x1
 1351 0595 A9050000 		.4byte	0x5a9
 1352 0599 07       		.uleb128 0x7
 1353 059a 09000000 		.4byte	.LASF44
 1354 059e 01       		.byte	0x1
 1355 059f F001     		.2byte	0x1f0
 1356 05a1 19       		.byte	0x19
 1357 05a2 DB000000 		.4byte	0xdb
 1358 05a6 01       		.byte	0x1
 1359 05a7 50       		.byte	0x50
 1360 05a8 00       		.byte	0
 1361 05a9 05       		.uleb128 0x5
 1362 05aa 01       		.byte	0x1
 1363 05ab 8C000000 		.4byte	.LASF45
 1364 05af 01       		.byte	0x1
 1365 05b0 DD01     		.2byte	0x1dd
 1366 05b2 0A       		.byte	0xa
 1367 05b3 01       		.byte	0x1
 1368 05b4 DB000000 		.4byte	0xdb
 1369 05b8 0E000000 		.4byte	.LFB2
 1370 05bc 16000000 		.4byte	.LFE2
 1371 05c0 02       		.byte	0x2
 1372 05c1 7D       		.byte	0x7d
 1373 05c2 00       		.sleb128 0
 1374 05c3 01       		.byte	0x1
 1375 05c4 DE050000 		.4byte	0x5de
 1376 05c8 08       		.uleb128 0x8
 1377 05c9 14020000 		.4byte	.LASF24
 1378 05cd 01       		.byte	0x1
 1379 05ce DF01     		.2byte	0x1df
 1380 05d0 0C       		.byte	0xc
 1381 05d1 DB000000 		.4byte	0xdb
 1382 05d5 56030000 		.4byte	.LLST1
 1383 05d9 52030000 		.4byte	.LVUS1
 1384 05dd 00       		.byte	0
 1385 05de 0B       		.uleb128 0xb
 1386 05df 01       		.byte	0x1
 1387 05e0 65020000 		.4byte	.LASF46
 1388 05e4 01       		.byte	0x1
 1389 05e5 CE01     		.2byte	0x1ce
 1390 05e7 06       		.byte	0x6
 1391 05e8 01       		.byte	0x1
 1392 05e9 08000000 		.4byte	.LFB1
 1393 05ed 0E000000 		.4byte	.LFE1
 1394 05f1 02       		.byte	0x2
ARM GAS  /tmp/ccdFPqg6.s 			page 39


 1395 05f2 7D       		.byte	0x7d
 1396 05f3 00       		.sleb128 0
 1397 05f4 01       		.byte	0x1
 1398 05f5 09060000 		.4byte	0x609
 1399 05f9 07       		.uleb128 0x7
 1400 05fa D9010000 		.4byte	.LASF47
 1401 05fe 01       		.byte	0x1
 1402 05ff CE01     		.2byte	0x1ce
 1403 0601 19       		.byte	0x19
 1404 0602 DB000000 		.4byte	0xdb
 1405 0606 01       		.byte	0x1
 1406 0607 50       		.byte	0x50
 1407 0608 00       		.byte	0
 1408 0609 0C       		.uleb128 0xc
 1409 060a 01       		.byte	0x1
 1410 060b 1B020000 		.4byte	.LASF48
 1411 060f 01       		.byte	0x1
 1412 0610 BB01     		.2byte	0x1bb
 1413 0612 0A       		.byte	0xa
 1414 0613 01       		.byte	0x1
 1415 0614 DB000000 		.4byte	0xdb
 1416 0618 00000000 		.4byte	.LFB0
 1417 061c 08000000 		.4byte	.LFE0
 1418 0620 02       		.byte	0x2
 1419 0621 7D       		.byte	0x7d
 1420 0622 00       		.sleb128 0
 1421 0623 01       		.byte	0x1
 1422 0624 08       		.uleb128 0x8
 1423 0625 14020000 		.4byte	.LASF24
 1424 0629 01       		.byte	0x1
 1425 062a BD01     		.2byte	0x1bd
 1426 062c 0C       		.byte	0xc
 1427 062d DB000000 		.4byte	0xdb
 1428 0631 79030000 		.4byte	.LLST0
 1429 0635 75030000 		.4byte	.LVUS0
 1430 0639 00       		.byte	0
 1431 063a 00       		.byte	0
 1432              		.section	.debug_abbrev,"",%progbits
 1433              	.Ldebug_abbrev0:
 1434 0000 01       		.uleb128 0x1
 1435 0001 11       		.uleb128 0x11
 1436 0002 01       		.byte	0x1
 1437 0003 25       		.uleb128 0x25
 1438 0004 0E       		.uleb128 0xe
 1439 0005 13       		.uleb128 0x13
 1440 0006 0B       		.uleb128 0xb
 1441 0007 03       		.uleb128 0x3
 1442 0008 0E       		.uleb128 0xe
 1443 0009 1B       		.uleb128 0x1b
 1444 000a 0E       		.uleb128 0xe
 1445 000b 55       		.uleb128 0x55
 1446 000c 06       		.uleb128 0x6
 1447 000d 11       		.uleb128 0x11
 1448 000e 01       		.uleb128 0x1
 1449 000f 52       		.uleb128 0x52
 1450 0010 01       		.uleb128 0x1
 1451 0011 10       		.uleb128 0x10
ARM GAS  /tmp/ccdFPqg6.s 			page 40


 1452 0012 06       		.uleb128 0x6
 1453 0013 00       		.byte	0
 1454 0014 00       		.byte	0
 1455 0015 02       		.uleb128 0x2
 1456 0016 24       		.uleb128 0x24
 1457 0017 00       		.byte	0
 1458 0018 0B       		.uleb128 0xb
 1459 0019 0B       		.uleb128 0xb
 1460 001a 3E       		.uleb128 0x3e
 1461 001b 0B       		.uleb128 0xb
 1462 001c 03       		.uleb128 0x3
 1463 001d 0E       		.uleb128 0xe
 1464 001e 00       		.byte	0
 1465 001f 00       		.byte	0
 1466 0020 03       		.uleb128 0x3
 1467 0021 16       		.uleb128 0x16
 1468 0022 00       		.byte	0
 1469 0023 03       		.uleb128 0x3
 1470 0024 0E       		.uleb128 0xe
 1471 0025 3A       		.uleb128 0x3a
 1472 0026 0B       		.uleb128 0xb
 1473 0027 3B       		.uleb128 0x3b
 1474 0028 0B       		.uleb128 0xb
 1475 0029 39       		.uleb128 0x39
 1476 002a 0B       		.uleb128 0xb
 1477 002b 49       		.uleb128 0x49
 1478 002c 13       		.uleb128 0x13
 1479 002d 00       		.byte	0
 1480 002e 00       		.byte	0
 1481 002f 04       		.uleb128 0x4
 1482 0030 24       		.uleb128 0x24
 1483 0031 00       		.byte	0
 1484 0032 0B       		.uleb128 0xb
 1485 0033 0B       		.uleb128 0xb
 1486 0034 3E       		.uleb128 0x3e
 1487 0035 0B       		.uleb128 0xb
 1488 0036 03       		.uleb128 0x3
 1489 0037 08       		.uleb128 0x8
 1490 0038 00       		.byte	0
 1491 0039 00       		.byte	0
 1492 003a 05       		.uleb128 0x5
 1493 003b 2E       		.uleb128 0x2e
 1494 003c 01       		.byte	0x1
 1495 003d 3F       		.uleb128 0x3f
 1496 003e 0C       		.uleb128 0xc
 1497 003f 03       		.uleb128 0x3
 1498 0040 0E       		.uleb128 0xe
 1499 0041 3A       		.uleb128 0x3a
 1500 0042 0B       		.uleb128 0xb
 1501 0043 3B       		.uleb128 0x3b
 1502 0044 05       		.uleb128 0x5
 1503 0045 39       		.uleb128 0x39
 1504 0046 0B       		.uleb128 0xb
 1505 0047 27       		.uleb128 0x27
 1506 0048 0C       		.uleb128 0xc
 1507 0049 49       		.uleb128 0x49
 1508 004a 13       		.uleb128 0x13
ARM GAS  /tmp/ccdFPqg6.s 			page 41


 1509 004b 11       		.uleb128 0x11
 1510 004c 01       		.uleb128 0x1
 1511 004d 12       		.uleb128 0x12
 1512 004e 01       		.uleb128 0x1
 1513 004f 40       		.uleb128 0x40
 1514 0050 0A       		.uleb128 0xa
 1515 0051 9742     		.uleb128 0x2117
 1516 0053 0C       		.uleb128 0xc
 1517 0054 01       		.uleb128 0x1
 1518 0055 13       		.uleb128 0x13
 1519 0056 00       		.byte	0
 1520 0057 00       		.byte	0
 1521 0058 06       		.uleb128 0x6
 1522 0059 05       		.uleb128 0x5
 1523 005a 00       		.byte	0
 1524 005b 03       		.uleb128 0x3
 1525 005c 0E       		.uleb128 0xe
 1526 005d 3A       		.uleb128 0x3a
 1527 005e 0B       		.uleb128 0xb
 1528 005f 3B       		.uleb128 0x3b
 1529 0060 05       		.uleb128 0x5
 1530 0061 39       		.uleb128 0x39
 1531 0062 0B       		.uleb128 0xb
 1532 0063 49       		.uleb128 0x49
 1533 0064 13       		.uleb128 0x13
 1534 0065 02       		.uleb128 0x2
 1535 0066 06       		.uleb128 0x6
 1536 0067 B742     		.uleb128 0x2137
 1537 0069 06       		.uleb128 0x6
 1538 006a 00       		.byte	0
 1539 006b 00       		.byte	0
 1540 006c 07       		.uleb128 0x7
 1541 006d 05       		.uleb128 0x5
 1542 006e 00       		.byte	0
 1543 006f 03       		.uleb128 0x3
 1544 0070 0E       		.uleb128 0xe
 1545 0071 3A       		.uleb128 0x3a
 1546 0072 0B       		.uleb128 0xb
 1547 0073 3B       		.uleb128 0x3b
 1548 0074 05       		.uleb128 0x5
 1549 0075 39       		.uleb128 0x39
 1550 0076 0B       		.uleb128 0xb
 1551 0077 49       		.uleb128 0x49
 1552 0078 13       		.uleb128 0x13
 1553 0079 02       		.uleb128 0x2
 1554 007a 0A       		.uleb128 0xa
 1555 007b 00       		.byte	0
 1556 007c 00       		.byte	0
 1557 007d 08       		.uleb128 0x8
 1558 007e 34       		.uleb128 0x34
 1559 007f 00       		.byte	0
 1560 0080 03       		.uleb128 0x3
 1561 0081 0E       		.uleb128 0xe
 1562 0082 3A       		.uleb128 0x3a
 1563 0083 0B       		.uleb128 0xb
 1564 0084 3B       		.uleb128 0x3b
 1565 0085 05       		.uleb128 0x5
ARM GAS  /tmp/ccdFPqg6.s 			page 42


 1566 0086 39       		.uleb128 0x39
 1567 0087 0B       		.uleb128 0xb
 1568 0088 49       		.uleb128 0x49
 1569 0089 13       		.uleb128 0x13
 1570 008a 02       		.uleb128 0x2
 1571 008b 06       		.uleb128 0x6
 1572 008c B742     		.uleb128 0x2137
 1573 008e 06       		.uleb128 0x6
 1574 008f 00       		.byte	0
 1575 0090 00       		.byte	0
 1576 0091 09       		.uleb128 0x9
 1577 0092 0F       		.uleb128 0xf
 1578 0093 00       		.byte	0
 1579 0094 0B       		.uleb128 0xb
 1580 0095 0B       		.uleb128 0xb
 1581 0096 49       		.uleb128 0x49
 1582 0097 13       		.uleb128 0x13
 1583 0098 00       		.byte	0
 1584 0099 00       		.byte	0
 1585 009a 0A       		.uleb128 0xa
 1586 009b 34       		.uleb128 0x34
 1587 009c 00       		.byte	0
 1588 009d 03       		.uleb128 0x3
 1589 009e 0E       		.uleb128 0xe
 1590 009f 3A       		.uleb128 0x3a
 1591 00a0 0B       		.uleb128 0xb
 1592 00a1 3B       		.uleb128 0x3b
 1593 00a2 05       		.uleb128 0x5
 1594 00a3 39       		.uleb128 0x39
 1595 00a4 0B       		.uleb128 0xb
 1596 00a5 49       		.uleb128 0x49
 1597 00a6 13       		.uleb128 0x13
 1598 00a7 02       		.uleb128 0x2
 1599 00a8 0A       		.uleb128 0xa
 1600 00a9 00       		.byte	0
 1601 00aa 00       		.byte	0
 1602 00ab 0B       		.uleb128 0xb
 1603 00ac 2E       		.uleb128 0x2e
 1604 00ad 01       		.byte	0x1
 1605 00ae 3F       		.uleb128 0x3f
 1606 00af 0C       		.uleb128 0xc
 1607 00b0 03       		.uleb128 0x3
 1608 00b1 0E       		.uleb128 0xe
 1609 00b2 3A       		.uleb128 0x3a
 1610 00b3 0B       		.uleb128 0xb
 1611 00b4 3B       		.uleb128 0x3b
 1612 00b5 05       		.uleb128 0x5
 1613 00b6 39       		.uleb128 0x39
 1614 00b7 0B       		.uleb128 0xb
 1615 00b8 27       		.uleb128 0x27
 1616 00b9 0C       		.uleb128 0xc
 1617 00ba 11       		.uleb128 0x11
 1618 00bb 01       		.uleb128 0x1
 1619 00bc 12       		.uleb128 0x12
 1620 00bd 01       		.uleb128 0x1
 1621 00be 40       		.uleb128 0x40
 1622 00bf 0A       		.uleb128 0xa
ARM GAS  /tmp/ccdFPqg6.s 			page 43


 1623 00c0 9742     		.uleb128 0x2117
 1624 00c2 0C       		.uleb128 0xc
 1625 00c3 01       		.uleb128 0x1
 1626 00c4 13       		.uleb128 0x13
 1627 00c5 00       		.byte	0
 1628 00c6 00       		.byte	0
 1629 00c7 0C       		.uleb128 0xc
 1630 00c8 2E       		.uleb128 0x2e
 1631 00c9 01       		.byte	0x1
 1632 00ca 3F       		.uleb128 0x3f
 1633 00cb 0C       		.uleb128 0xc
 1634 00cc 03       		.uleb128 0x3
 1635 00cd 0E       		.uleb128 0xe
 1636 00ce 3A       		.uleb128 0x3a
 1637 00cf 0B       		.uleb128 0xb
 1638 00d0 3B       		.uleb128 0x3b
 1639 00d1 05       		.uleb128 0x5
 1640 00d2 39       		.uleb128 0x39
 1641 00d3 0B       		.uleb128 0xb
 1642 00d4 27       		.uleb128 0x27
 1643 00d5 0C       		.uleb128 0xc
 1644 00d6 49       		.uleb128 0x49
 1645 00d7 13       		.uleb128 0x13
 1646 00d8 11       		.uleb128 0x11
 1647 00d9 01       		.uleb128 0x1
 1648 00da 12       		.uleb128 0x12
 1649 00db 01       		.uleb128 0x1
 1650 00dc 40       		.uleb128 0x40
 1651 00dd 0A       		.uleb128 0xa
 1652 00de 9742     		.uleb128 0x2117
 1653 00e0 0C       		.uleb128 0xc
 1654 00e1 00       		.byte	0
 1655 00e2 00       		.byte	0
 1656 00e3 00       		.byte	0
 1657              		.section	.debug_loc,"",%progbits
 1658              	.Ldebug_loc0:
 1659              	.LVUS22:
 1660 0000 00       		.uleb128 0
 1661 0001 00       		.uleb128 .LVU100
 1662 0002 00       		.uleb128 .LVU100
 1663 0003 00       		.uleb128 0
 1664              	.LLST22:
 1665 0004 84000000 		.4byte	.LVL36
 1666 0008 88000000 		.4byte	.LVL37
 1667 000c 0100     		.2byte	0x1
 1668 000e 50       		.byte	0x50
 1669 000f 88000000 		.4byte	.LVL37
 1670 0013 8A000000 		.4byte	.LFE21
 1671 0017 0A00     		.2byte	0xa
 1672 0019 F3       		.byte	0xf3
 1673 001a 03       		.uleb128 0x3
 1674 001b F5       		.byte	0xf5
 1675 001c 00       		.uleb128 0
 1676 001d 29       		.uleb128 0x29
 1677 001e F7       		.byte	0xf7
 1678 001f 30       		.uleb128 0x30
 1679 0020 F7       		.byte	0xf7
ARM GAS  /tmp/ccdFPqg6.s 			page 44


 1680 0021 00       		.uleb128 0
 1681 0022 9F       		.byte	0x9f
 1682 0023 00000000 		.4byte	0
 1683 0027 00000000 		.4byte	0
 1684              	.LVUS23:
 1685 002b 02       		.uleb128 .LVU99
 1686 002c 00       		.uleb128 .LVU100
 1687 002d 00       		.uleb128 .LVU100
 1688 002e 00       		.uleb128 0
 1689              	.LLST23:
 1690 002f 84000000 		.4byte	.LVL36
 1691 0033 88000000 		.4byte	.LVL37
 1692 0037 0200     		.2byte	0x2
 1693 0039 30       		.byte	0x30
 1694 003a 9F       		.byte	0x9f
 1695 003b 88000000 		.4byte	.LVL37
 1696 003f 8A000000 		.4byte	.LFE21
 1697 0043 0100     		.2byte	0x1
 1698 0045 50       		.byte	0x50
 1699 0046 00000000 		.4byte	0
 1700 004a 00000000 		.4byte	0
 1701              	.LVUS21:
 1702 004e 00       		.uleb128 0
 1703 004f 00       		.uleb128 .LVU96
 1704 0050 00       		.uleb128 .LVU96
 1705 0051 00       		.uleb128 0
 1706              	.LLST21:
 1707 0052 7C000000 		.4byte	.LVL34
 1708 0056 82000000 		.4byte	.LVL35
 1709 005a 0100     		.2byte	0x1
 1710 005c 50       		.byte	0x50
 1711 005d 82000000 		.4byte	.LVL35
 1712 0061 84000000 		.4byte	.LFE20
 1713 0065 0A00     		.2byte	0xa
 1714 0067 F3       		.byte	0xf3
 1715 0068 03       		.uleb128 0x3
 1716 0069 F5       		.byte	0xf5
 1717 006a 00       		.uleb128 0
 1718 006b 29       		.uleb128 0x29
 1719 006c F7       		.byte	0xf7
 1720 006d 37       		.uleb128 0x37
 1721 006e F7       		.byte	0xf7
 1722 006f 00       		.uleb128 0
 1723 0070 9F       		.byte	0x9f
 1724 0071 00000000 		.4byte	0
 1725 0075 00000000 		.4byte	0
 1726              	.LVUS20:
 1727 0079 00       		.uleb128 0
 1728 007a 00       		.uleb128 .LVU90
 1729 007b 00       		.uleb128 .LVU90
 1730 007c 00       		.uleb128 0
 1731              	.LLST20:
 1732 007d 74000000 		.4byte	.LVL32
 1733 0081 7A000000 		.4byte	.LVL33
 1734 0085 0100     		.2byte	0x1
 1735 0087 50       		.byte	0x50
 1736 0088 7A000000 		.4byte	.LVL33
ARM GAS  /tmp/ccdFPqg6.s 			page 45


 1737 008c 7C000000 		.4byte	.LFE19
 1738 0090 0A00     		.2byte	0xa
 1739 0092 F3       		.byte	0xf3
 1740 0093 03       		.uleb128 0x3
 1741 0094 F5       		.byte	0xf5
 1742 0095 00       		.uleb128 0
 1743 0096 29       		.uleb128 0x29
 1744 0097 F7       		.byte	0xf7
 1745 0098 3E       		.uleb128 0x3e
 1746 0099 F7       		.byte	0xf7
 1747 009a 00       		.uleb128 0
 1748 009b 9F       		.byte	0x9f
 1749 009c 00000000 		.4byte	0
 1750 00a0 00000000 		.4byte	0
 1751              	.LVUS18:
 1752 00a4 00       		.uleb128 0
 1753 00a5 00       		.uleb128 .LVU83
 1754 00a6 00       		.uleb128 .LVU83
 1755 00a7 00       		.uleb128 0
 1756              	.LLST18:
 1757 00a8 6E000000 		.4byte	.LVL30
 1758 00ac 72000000 		.4byte	.LVL31
 1759 00b0 0100     		.2byte	0x1
 1760 00b2 50       		.byte	0x50
 1761 00b3 72000000 		.4byte	.LVL31
 1762 00b7 74000000 		.4byte	.LFE18
 1763 00bb 0A00     		.2byte	0xa
 1764 00bd F3       		.byte	0xf3
 1765 00be 03       		.uleb128 0x3
 1766 00bf F5       		.byte	0xf5
 1767 00c0 00       		.uleb128 0
 1768 00c1 29       		.uleb128 0x29
 1769 00c2 F7       		.byte	0xf7
 1770 00c3 30       		.uleb128 0x30
 1771 00c4 F7       		.byte	0xf7
 1772 00c5 00       		.uleb128 0
 1773 00c6 9F       		.byte	0x9f
 1774 00c7 00000000 		.4byte	0
 1775 00cb 00000000 		.4byte	0
 1776              	.LVUS19:
 1777 00cf 02       		.uleb128 .LVU82
 1778 00d0 00       		.uleb128 .LVU83
 1779 00d1 00       		.uleb128 .LVU83
 1780 00d2 00       		.uleb128 0
 1781              	.LLST19:
 1782 00d3 6E000000 		.4byte	.LVL30
 1783 00d7 72000000 		.4byte	.LVL31
 1784 00db 0200     		.2byte	0x2
 1785 00dd 30       		.byte	0x30
 1786 00de 9F       		.byte	0x9f
 1787 00df 72000000 		.4byte	.LVL31
 1788 00e3 74000000 		.4byte	.LFE18
 1789 00e7 0100     		.2byte	0x1
 1790 00e9 50       		.byte	0x50
 1791 00ea 00000000 		.4byte	0
 1792 00ee 00000000 		.4byte	0
 1793              	.LVUS16:
ARM GAS  /tmp/ccdFPqg6.s 			page 46


 1794 00f2 00       		.uleb128 0
 1795 00f3 00       		.uleb128 .LVU77
 1796 00f4 00       		.uleb128 .LVU77
 1797 00f5 00       		.uleb128 0
 1798              	.LLST16:
 1799 00f6 66000000 		.4byte	.LVL28
 1800 00fa 6A000000 		.4byte	.LVL29
 1801 00fe 0100     		.2byte	0x1
 1802 0100 50       		.byte	0x50
 1803 0101 6A000000 		.4byte	.LVL29
 1804 0105 6E000000 		.4byte	.LFE17
 1805 0109 0A00     		.2byte	0xa
 1806 010b F3       		.byte	0xf3
 1807 010c 03       		.uleb128 0x3
 1808 010d F5       		.byte	0xf5
 1809 010e 00       		.uleb128 0
 1810 010f 29       		.uleb128 0x29
 1811 0110 F7       		.byte	0xf7
 1812 0111 30       		.uleb128 0x30
 1813 0112 F7       		.byte	0xf7
 1814 0113 00       		.uleb128 0
 1815 0114 9F       		.byte	0x9f
 1816 0115 00000000 		.4byte	0
 1817 0119 00000000 		.4byte	0
 1818              	.LVUS17:
 1819 011d 02       		.uleb128 .LVU76
 1820 011e 00       		.uleb128 .LVU77
 1821 011f 00       		.uleb128 .LVU77
 1822 0120 00       		.uleb128 0
 1823              	.LLST17:
 1824 0121 66000000 		.4byte	.LVL28
 1825 0125 6A000000 		.4byte	.LVL29
 1826 0129 0200     		.2byte	0x2
 1827 012b 30       		.byte	0x30
 1828 012c 9F       		.byte	0x9f
 1829 012d 6A000000 		.4byte	.LVL29
 1830 0131 6E000000 		.4byte	.LFE17
 1831 0135 0100     		.2byte	0x1
 1832 0137 50       		.byte	0x50
 1833 0138 00000000 		.4byte	0
 1834 013c 00000000 		.4byte	0
 1835              	.LVUS14:
 1836 0140 00       		.uleb128 0
 1837 0141 00       		.uleb128 .LVU71
 1838 0142 00       		.uleb128 .LVU71
 1839 0143 00       		.uleb128 0
 1840              	.LLST14:
 1841 0144 5E000000 		.4byte	.LVL26
 1842 0148 62000000 		.4byte	.LVL27
 1843 014c 0100     		.2byte	0x1
 1844 014e 50       		.byte	0x50
 1845 014f 62000000 		.4byte	.LVL27
 1846 0153 66000000 		.4byte	.LFE16
 1847 0157 0A00     		.2byte	0xa
 1848 0159 F3       		.byte	0xf3
 1849 015a 03       		.uleb128 0x3
 1850 015b F5       		.byte	0xf5
ARM GAS  /tmp/ccdFPqg6.s 			page 47


 1851 015c 00       		.uleb128 0
 1852 015d 29       		.uleb128 0x29
 1853 015e F7       		.byte	0xf7
 1854 015f 30       		.uleb128 0x30
 1855 0160 F7       		.byte	0xf7
 1856 0161 00       		.uleb128 0
 1857 0162 9F       		.byte	0x9f
 1858 0163 00000000 		.4byte	0
 1859 0167 00000000 		.4byte	0
 1860              	.LVUS15:
 1861 016b 02       		.uleb128 .LVU70
 1862 016c 00       		.uleb128 .LVU71
 1863 016d 00       		.uleb128 .LVU71
 1864 016e 00       		.uleb128 0
 1865              	.LLST15:
 1866 016f 5E000000 		.4byte	.LVL26
 1867 0173 62000000 		.4byte	.LVL27
 1868 0177 0200     		.2byte	0x2
 1869 0179 30       		.byte	0x30
 1870 017a 9F       		.byte	0x9f
 1871 017b 62000000 		.4byte	.LVL27
 1872 017f 66000000 		.4byte	.LFE16
 1873 0183 0100     		.2byte	0x1
 1874 0185 50       		.byte	0x50
 1875 0186 00000000 		.4byte	0
 1876 018a 00000000 		.4byte	0
 1877              	.LVUS12:
 1878 018e 00       		.uleb128 0
 1879 018f 00       		.uleb128 .LVU66
 1880 0190 00       		.uleb128 .LVU66
 1881 0191 00       		.uleb128 0
 1882              	.LLST12:
 1883 0192 58000000 		.4byte	.LVL24
 1884 0196 5C000000 		.4byte	.LVL25
 1885 019a 0100     		.2byte	0x1
 1886 019c 50       		.byte	0x50
 1887 019d 5C000000 		.4byte	.LVL25
 1888 01a1 5E000000 		.4byte	.LFE15
 1889 01a5 0A00     		.2byte	0xa
 1890 01a7 F3       		.byte	0xf3
 1891 01a8 03       		.uleb128 0x3
 1892 01a9 F5       		.byte	0xf5
 1893 01aa 00       		.uleb128 0
 1894 01ab 29       		.uleb128 0x29
 1895 01ac F7       		.byte	0xf7
 1896 01ad 30       		.uleb128 0x30
 1897 01ae F7       		.byte	0xf7
 1898 01af 00       		.uleb128 0
 1899 01b0 9F       		.byte	0x9f
 1900 01b1 00000000 		.4byte	0
 1901 01b5 00000000 		.4byte	0
 1902              	.LVUS13:
 1903 01b9 02       		.uleb128 .LVU65
 1904 01ba 00       		.uleb128 .LVU66
 1905 01bb 00       		.uleb128 .LVU66
 1906 01bc 00       		.uleb128 0
 1907              	.LLST13:
ARM GAS  /tmp/ccdFPqg6.s 			page 48


 1908 01bd 58000000 		.4byte	.LVL24
 1909 01c1 5C000000 		.4byte	.LVL25
 1910 01c5 0200     		.2byte	0x2
 1911 01c7 30       		.byte	0x30
 1912 01c8 9F       		.byte	0x9f
 1913 01c9 5C000000 		.4byte	.LVL25
 1914 01cd 5E000000 		.4byte	.LFE15
 1915 01d1 0100     		.2byte	0x1
 1916 01d3 50       		.byte	0x50
 1917 01d4 00000000 		.4byte	0
 1918 01d8 00000000 		.4byte	0
 1919              	.LVUS10:
 1920 01dc 00       		.uleb128 0
 1921 01dd 00       		.uleb128 .LVU61
 1922 01de 00       		.uleb128 .LVU61
 1923 01df 00       		.uleb128 0
 1924              	.LLST10:
 1925 01e0 54000000 		.4byte	.LVL22
 1926 01e4 56000000 		.4byte	.LVL23
 1927 01e8 0100     		.2byte	0x1
 1928 01ea 50       		.byte	0x50
 1929 01eb 56000000 		.4byte	.LVL23
 1930 01ef 58000000 		.4byte	.LFE14
 1931 01f3 0A00     		.2byte	0xa
 1932 01f5 F3       		.byte	0xf3
 1933 01f6 03       		.uleb128 0x3
 1934 01f7 F5       		.byte	0xf5
 1935 01f8 00       		.uleb128 0
 1936 01f9 29       		.uleb128 0x29
 1937 01fa F7       		.byte	0xf7
 1938 01fb 37       		.uleb128 0x37
 1939 01fc F7       		.byte	0xf7
 1940 01fd 00       		.uleb128 0
 1941 01fe 9F       		.byte	0x9f
 1942 01ff 00000000 		.4byte	0
 1943 0203 00000000 		.4byte	0
 1944              	.LVUS11:
 1945 0207 02       		.uleb128 .LVU60
 1946 0208 00       		.uleb128 .LVU61
 1947 0209 00       		.uleb128 .LVU61
 1948 020a 00       		.uleb128 0
 1949              	.LLST11:
 1950 020b 54000000 		.4byte	.LVL22
 1951 020f 56000000 		.4byte	.LVL23
 1952 0213 0200     		.2byte	0x2
 1953 0215 30       		.byte	0x30
 1954 0216 9F       		.byte	0x9f
 1955 0217 56000000 		.4byte	.LVL23
 1956 021b 58000000 		.4byte	.LFE14
 1957 021f 0100     		.2byte	0x1
 1958 0221 50       		.byte	0x50
 1959 0222 00000000 		.4byte	0
 1960 0226 00000000 		.4byte	0
 1961              	.LVUS8:
 1962 022a 00       		.uleb128 0
 1963 022b 00       		.uleb128 .LVU56
 1964 022c 00       		.uleb128 .LVU56
ARM GAS  /tmp/ccdFPqg6.s 			page 49


 1965 022d 00       		.uleb128 0
 1966              	.LLST8:
 1967 022e 50000000 		.4byte	.LVL20
 1968 0232 52000000 		.4byte	.LVL21
 1969 0236 0100     		.2byte	0x1
 1970 0238 50       		.byte	0x50
 1971 0239 52000000 		.4byte	.LVL21
 1972 023d 54000000 		.4byte	.LFE13
 1973 0241 0A00     		.2byte	0xa
 1974 0243 F3       		.byte	0xf3
 1975 0244 03       		.uleb128 0x3
 1976 0245 F5       		.byte	0xf5
 1977 0246 00       		.uleb128 0
 1978 0247 29       		.uleb128 0x29
 1979 0248 F7       		.byte	0xf7
 1980 0249 37       		.uleb128 0x37
 1981 024a F7       		.byte	0xf7
 1982 024b 00       		.uleb128 0
 1983 024c 9F       		.byte	0x9f
 1984 024d 00000000 		.4byte	0
 1985 0251 00000000 		.4byte	0
 1986              	.LVUS9:
 1987 0255 02       		.uleb128 .LVU55
 1988 0256 00       		.uleb128 .LVU56
 1989 0257 00       		.uleb128 .LVU56
 1990 0258 00       		.uleb128 0
 1991              	.LLST9:
 1992 0259 50000000 		.4byte	.LVL20
 1993 025d 52000000 		.4byte	.LVL21
 1994 0261 0200     		.2byte	0x2
 1995 0263 30       		.byte	0x30
 1996 0264 9F       		.byte	0x9f
 1997 0265 52000000 		.4byte	.LVL21
 1998 0269 54000000 		.4byte	.LFE13
 1999 026d 0100     		.2byte	0x1
 2000 026f 50       		.byte	0x50
 2001 0270 00000000 		.4byte	0
 2002 0274 00000000 		.4byte	0
 2003              	.LVUS6:
 2004 0278 00       		.uleb128 0
 2005 0279 00       		.uleb128 .LVU51
 2006 027a 00       		.uleb128 .LVU51
 2007 027b 00       		.uleb128 0
 2008              	.LLST6:
 2009 027c 4C000000 		.4byte	.LVL18
 2010 0280 4E000000 		.4byte	.LVL19
 2011 0284 0100     		.2byte	0x1
 2012 0286 50       		.byte	0x50
 2013 0287 4E000000 		.4byte	.LVL19
 2014 028b 50000000 		.4byte	.LFE12
 2015 028f 0A00     		.2byte	0xa
 2016 0291 F3       		.byte	0xf3
 2017 0292 03       		.uleb128 0x3
 2018 0293 F5       		.byte	0xf5
 2019 0294 00       		.uleb128 0
 2020 0295 29       		.uleb128 0x29
 2021 0296 F7       		.byte	0xf7
ARM GAS  /tmp/ccdFPqg6.s 			page 50


 2022 0297 30       		.uleb128 0x30
 2023 0298 F7       		.byte	0xf7
 2024 0299 00       		.uleb128 0
 2025 029a 9F       		.byte	0x9f
 2026 029b 00000000 		.4byte	0
 2027 029f 00000000 		.4byte	0
 2028              	.LVUS7:
 2029 02a3 02       		.uleb128 .LVU50
 2030 02a4 00       		.uleb128 .LVU51
 2031 02a5 00       		.uleb128 .LVU51
 2032 02a6 00       		.uleb128 0
 2033              	.LLST7:
 2034 02a7 4C000000 		.4byte	.LVL18
 2035 02ab 4E000000 		.4byte	.LVL19
 2036 02af 0200     		.2byte	0x2
 2037 02b1 30       		.byte	0x30
 2038 02b2 9F       		.byte	0x9f
 2039 02b3 4E000000 		.4byte	.LVL19
 2040 02b7 50000000 		.4byte	.LFE12
 2041 02bb 0100     		.2byte	0x1
 2042 02bd 50       		.byte	0x50
 2043 02be 00000000 		.4byte	0
 2044 02c2 00000000 		.4byte	0
 2045              	.LVUS5:
 2046 02c6 02       		.uleb128 .LVU42
 2047 02c7 00       		.uleb128 .LVU43
 2048 02c8 00       		.uleb128 .LVU43
 2049 02c9 00       		.uleb128 0
 2050              	.LLST5:
 2051 02ca 40000000 		.4byte	.LVL15
 2052 02ce 44000000 		.4byte	.LVL16
 2053 02d2 0200     		.2byte	0x2
 2054 02d4 30       		.byte	0x30
 2055 02d5 9F       		.byte	0x9f
 2056 02d6 44000000 		.4byte	.LVL16
 2057 02da 46000000 		.4byte	.LFE10
 2058 02de 0100     		.2byte	0x1
 2059 02e0 50       		.byte	0x50
 2060 02e1 00000000 		.4byte	0
 2061 02e5 00000000 		.4byte	0
 2062              	.LVUS4:
 2063 02e9 02       		.uleb128 .LVU34
 2064 02ea 00       		.uleb128 .LVU35
 2065 02eb 00       		.uleb128 .LVU35
 2066 02ec 00       		.uleb128 0
 2067              	.LLST4:
 2068 02ed 34000000 		.4byte	.LVL12
 2069 02f1 38000000 		.4byte	.LVL13
 2070 02f5 0200     		.2byte	0x2
 2071 02f7 30       		.byte	0x30
 2072 02f8 9F       		.byte	0x9f
 2073 02f9 38000000 		.4byte	.LVL13
 2074 02fd 3A000000 		.4byte	.LFE8
 2075 0301 0100     		.2byte	0x1
 2076 0303 50       		.byte	0x50
 2077 0304 00000000 		.4byte	0
 2078 0308 00000000 		.4byte	0
ARM GAS  /tmp/ccdFPqg6.s 			page 51


 2079              	.LVUS3:
 2080 030c 02       		.uleb128 .LVU26
 2081 030d 00       		.uleb128 .LVU27
 2082 030e 00       		.uleb128 .LVU27
 2083 030f 00       		.uleb128 0
 2084              	.LLST3:
 2085 0310 28000000 		.4byte	.LVL9
 2086 0314 2C000000 		.4byte	.LVL10
 2087 0318 0200     		.2byte	0x2
 2088 031a 30       		.byte	0x30
 2089 031b 9F       		.byte	0x9f
 2090 031c 2C000000 		.4byte	.LVL10
 2091 0320 2E000000 		.4byte	.LFE6
 2092 0324 0100     		.2byte	0x1
 2093 0326 50       		.byte	0x50
 2094 0327 00000000 		.4byte	0
 2095 032b 00000000 		.4byte	0
 2096              	.LVUS2:
 2097 032f 02       		.uleb128 .LVU18
 2098 0330 00       		.uleb128 .LVU19
 2099 0331 00       		.uleb128 .LVU19
 2100 0332 00       		.uleb128 0
 2101              	.LLST2:
 2102 0333 1C000000 		.4byte	.LVL6
 2103 0337 20000000 		.4byte	.LVL7
 2104 033b 0200     		.2byte	0x2
 2105 033d 30       		.byte	0x30
 2106 033e 9F       		.byte	0x9f
 2107 033f 20000000 		.4byte	.LVL7
 2108 0343 22000000 		.4byte	.LFE4
 2109 0347 0100     		.2byte	0x1
 2110 0349 50       		.byte	0x50
 2111 034a 00000000 		.4byte	0
 2112 034e 00000000 		.4byte	0
 2113              	.LVUS1:
 2114 0352 02       		.uleb128 .LVU10
 2115 0353 00       		.uleb128 .LVU11
 2116 0354 00       		.uleb128 .LVU11
 2117 0355 00       		.uleb128 0
 2118              	.LLST1:
 2119 0356 0E000000 		.4byte	.LVL3
 2120 035a 16000000 		.4byte	.LVL4
 2121 035e 0200     		.2byte	0x2
 2122 0360 30       		.byte	0x30
 2123 0361 9F       		.byte	0x9f
 2124 0362 16000000 		.4byte	.LVL4
 2125 0366 16000000 		.4byte	.LFE2
 2126 036a 0100     		.2byte	0x1
 2127 036c 50       		.byte	0x50
 2128 036d 00000000 		.4byte	0
 2129 0371 00000000 		.4byte	0
 2130              	.LVUS0:
 2131 0375 02       		.uleb128 .LVU2
 2132 0376 00       		.uleb128 .LVU3
 2133 0377 00       		.uleb128 .LVU3
 2134 0378 00       		.uleb128 0
 2135              	.LLST0:
ARM GAS  /tmp/ccdFPqg6.s 			page 52


 2136 0379 00000000 		.4byte	.LVL0
 2137 037d 08000000 		.4byte	.LVL1
 2138 0381 0200     		.2byte	0x2
 2139 0383 30       		.byte	0x30
 2140 0384 9F       		.byte	0x9f
 2141 0385 08000000 		.4byte	.LVL1
 2142 0389 08000000 		.4byte	.LFE0
 2143 038d 0100     		.2byte	0x1
 2144 038f 50       		.byte	0x50
 2145 0390 00000000 		.4byte	0
 2146 0394 00000000 		.4byte	0
 2147              		.section	.debug_aranges,"",%progbits
 2148 0000 1C000000 		.4byte	0x1c
 2149 0004 0200     		.2byte	0x2
 2150 0006 00000000 		.4byte	.Ldebug_info0
 2151 000a 04       		.byte	0x4
 2152 000b 00       		.byte	0
 2153 000c 0000     		.2byte	0
 2154 000e 0000     		.2byte	0
 2155 0010 00000000 		.4byte	.Ltext0
 2156 0014 8A000000 		.4byte	.Letext0-.Ltext0
 2157 0018 00000000 		.4byte	0
 2158 001c 00000000 		.4byte	0
 2159              		.section	.debug_ranges,"",%progbits
 2160              	.Ldebug_ranges0:
 2161 0000 00000000 		.4byte	.Ltext0
 2162 0004 8A000000 		.4byte	.Letext0
 2163 0008 00000000 		.4byte	0
 2164 000c 00000000 		.4byte	0
 2165              		.section	.debug_line,"",%progbits
 2166              	.Ldebug_line0:
 2167 0000 6D020000 		.section	.debug_str,"MS",%progbits,1
 2167      0300A800 
 2167      00000201 
 2167      FB0E0D00 
 2167      01010101 
 2168              	.LASF20:
 2169 0000 5F5F5354 		.ascii	"__STREXH\000"
 2169      52455848 
 2169      00
 2170              	.LASF44:
 2171 0009 746F704F 		.ascii	"topOfMainStack\000"
 2171      664D6169 
 2171      6E537461 
 2171      636B00
 2172              	.LASF5:
 2173 0018 5F5F7569 		.ascii	"__uint8_t\000"
 2173      6E74385F 
 2173      7400
 2174              	.LASF34:
 2175 0022 5F5F7365 		.ascii	"__set_CONTROL\000"
 2175      745F434F 
 2175      4E54524F 
 2175      4C00
 2176              	.LASF6:
 2177 0030 5F5F696E 		.ascii	"__int16_t\000"
 2177      7431365F 
ARM GAS  /tmp/ccdFPqg6.s 			page 53


 2177      7400
 2178              	.LASF21:
 2179 003a 76616C75 		.ascii	"value\000"
 2179      6500
 2180              	.LASF9:
 2181 0040 5F5F696E 		.ascii	"__int32_t\000"
 2181      7433325F 
 2181      7400
 2182              	.LASF19:
 2183 004a 5F5F5354 		.ascii	"__STREXW\000"
 2183      52455857 
 2183      00
 2184              	.LASF50:
 2185 0053 73746D33 		.ascii	"stm32f10x_lib/CMSIS/CM3/CoreSupport/core_cm3.c\000"
 2185      32663130 
 2185      785F6C69 
 2185      622F434D 
 2185      5349532F 
 2186              	.LASF36:
 2187 0082 6661756C 		.ascii	"faultMask\000"
 2187      744D6173 
 2187      6B00
 2188              	.LASF45:
 2189 008c 5F5F6765 		.ascii	"__get_MSP\000"
 2189      745F4D53 
 2189      5000
 2190              	.LASF43:
 2191 0096 5F5F7365 		.ascii	"__set_MSP\000"
 2191      745F4D53 
 2191      5000
 2192              	.LASF42:
 2193 00a0 5F5F6765 		.ascii	"__get_BASEPRI\000"
 2193      745F4241 
 2193      53455052 
 2193      4900
 2194              	.LASF22:
 2195 00ae 61646472 		.ascii	"addr\000"
 2195      00
 2196              	.LASF51:
 2197 00b3 2F686F6D 		.ascii	"/home/yaolin/project/stm32/stm32f10x_makefile_templ"
 2197      652F7961 
 2197      6F6C696E 
 2197      2F70726F 
 2197      6A656374 
 2198 00e6 61746500 		.ascii	"ate\000"
 2199              	.LASF30:
 2200 00ea 5F5F5245 		.ascii	"__REV16\000"
 2200      56313600 
 2201              	.LASF3:
 2202 00f2 756E7369 		.ascii	"unsigned char\000"
 2202      676E6564 
 2202      20636861 
 2202      7200
 2203              	.LASF49:
 2204 0100 474E5520 		.ascii	"GNU C23 16.2.0 -mcpu=cortex-m3 -mthumb -mfloat-abi="
 2204      43323320 
 2204      31362E32 
ARM GAS  /tmp/ccdFPqg6.s 			page 54


 2204      2E30202D 
 2204      6D637075 
 2205 0133 736F6674 		.ascii	"soft -march=armv7-m -g -gdwarf-2 -Os -fomit-frame-p"
 2205      202D6D61 
 2205      7263683D 
 2205      61726D76 
 2205      372D6D20 
 2206 0166 6F696E74 		.ascii	"ointer\000"
 2206      657200
 2207              	.LASF35:
 2208 016d 5F5F7365 		.ascii	"__set_FAULTMASK\000"
 2208      745F4641 
 2208      554C544D 
 2208      41534B00 
 2209              	.LASF12:
 2210 017d 6C6F6E67 		.ascii	"long unsigned int\000"
 2210      20756E73 
 2210      69676E65 
 2210      6420696E 
 2210      7400
 2211              	.LASF32:
 2212 018f 636F6E74 		.ascii	"control\000"
 2212      726F6C00 
 2213              	.LASF2:
 2214 0197 73686F72 		.ascii	"short unsigned int\000"
 2214      7420756E 
 2214      7369676E 
 2214      65642069 
 2214      6E7400
 2215              	.LASF29:
 2216 01aa 5F5F5245 		.ascii	"__REVSH\000"
 2216      56534800 
 2217              	.LASF8:
 2218 01b2 5F5F7569 		.ascii	"__uint16_t\000"
 2218      6E743136 
 2218      5F7400
 2219              	.LASF39:
 2220 01bd 7072694D 		.ascii	"priMask\000"
 2220      61736B00 
 2221              	.LASF11:
 2222 01c5 5F5F7569 		.ascii	"__uint32_t\000"
 2222      6E743332 
 2222      5F7400
 2223              	.LASF25:
 2224 01d0 5F5F4C44 		.ascii	"__LDREXW\000"
 2224      52455857 
 2224      00
 2225              	.LASF47:
 2226 01d9 746F704F 		.ascii	"topOfProcStack\000"
 2226      6650726F 
 2226      63537461 
 2226      636B00
 2227              	.LASF1:
 2228 01e8 756E7369 		.ascii	"unsigned int\000"
 2228      676E6564 
 2228      20696E74 
 2228      00
ARM GAS  /tmp/ccdFPqg6.s 			page 55


 2229              	.LASF0:
 2230 01f5 6C6F6E67 		.ascii	"long long unsigned int\000"
 2230      206C6F6E 
 2230      6720756E 
 2230      7369676E 
 2230      65642069 
 2231              	.LASF14:
 2232 020c 75696E74 		.ascii	"uint8_t\000"
 2232      385F7400 
 2233              	.LASF24:
 2234 0214 72657375 		.ascii	"result\000"
 2234      6C7400
 2235              	.LASF48:
 2236 021b 5F5F6765 		.ascii	"__get_PSP\000"
 2236      745F5053 
 2236      5000
 2237              	.LASF15:
 2238 0225 696E7431 		.ascii	"int16_t\000"
 2238      365F7400 
 2239              	.LASF17:
 2240 022d 696E7433 		.ascii	"int32_t\000"
 2240      325F7400 
 2241              	.LASF41:
 2242 0235 5F5F7365 		.ascii	"__set_BASEPRI\000"
 2242      745F4241 
 2242      53455052 
 2242      4900
 2243              	.LASF13:
 2244 0243 6C6F6E67 		.ascii	"long long int\000"
 2244      206C6F6E 
 2244      6720696E 
 2244      7400
 2245              	.LASF38:
 2246 0251 5F5F7365 		.ascii	"__set_PRIMASK\000"
 2246      745F5052 
 2246      494D4153 
 2246      4B00
 2247              	.LASF31:
 2248 025f 5F5F5245 		.ascii	"__REV\000"
 2248      5600
 2249              	.LASF46:
 2250 0265 5F5F7365 		.ascii	"__set_PSP\000"
 2250      745F5053 
 2250      5000
 2251              	.LASF33:
 2252 026f 5F5F6765 		.ascii	"__get_CONTROL\000"
 2252      745F434F 
 2252      4E54524F 
 2252      4C00
 2253              	.LASF28:
 2254 027d 5F5F5242 		.ascii	"__RBIT\000"
 2254      495400
 2255              	.LASF7:
 2256 0284 73686F72 		.ascii	"short int\000"
 2256      7420696E 
 2256      7400
 2257              	.LASF16:
ARM GAS  /tmp/ccdFPqg6.s 			page 56


 2258 028e 75696E74 		.ascii	"uint16_t\000"
 2258      31365F74 
 2258      00
 2259              	.LASF18:
 2260 0297 75696E74 		.ascii	"uint32_t\000"
 2260      33325F74 
 2260      00
 2261              	.LASF10:
 2262 02a0 6C6F6E67 		.ascii	"long int\000"
 2262      20696E74 
 2262      00
 2263              	.LASF40:
 2264 02a9 5F5F6765 		.ascii	"__get_PRIMASK\000"
 2264      745F5052 
 2264      494D4153 
 2264      4B00
 2265              	.LASF4:
 2266 02b7 7369676E 		.ascii	"signed char\000"
 2266      65642063 
 2266      68617200 
 2267              	.LASF27:
 2268 02c3 5F5F4C44 		.ascii	"__LDREXB\000"
 2268      52455842 
 2268      00
 2269              	.LASF23:
 2270 02cc 5F5F5354 		.ascii	"__STREXB\000"
 2270      52455842 
 2270      00
 2271              	.LASF37:
 2272 02d5 5F5F6765 		.ascii	"__get_FAULTMASK\000"
 2272      745F4641 
 2272      554C544D 
 2272      41534B00 
 2273              	.LASF26:
 2274 02e5 5F5F4C44 		.ascii	"__LDREXH\000"
 2274      52455848 
 2274      00
 2275              		.ident	"GCC: (Arch Repository) 16.2.0"
ARM GAS  /tmp/ccdFPqg6.s 			page 57


DEFINED SYMBOLS
                            *ABS*:00000000 core_cm3.c
     /tmp/ccdFPqg6.s:23     .text:00000000 $t
     /tmp/ccdFPqg6.s:29     .text:00000000 __get_PSP
     /tmp/ccdFPqg6.s:61     .text:00000008 __set_PSP
     /tmp/ccdFPqg6.s:89     .text:0000000e __get_MSP
     /tmp/ccdFPqg6.s:121    .text:00000016 __set_MSP
     /tmp/ccdFPqg6.s:149    .text:0000001c __get_BASEPRI
     /tmp/ccdFPqg6.s:179    .text:00000022 __set_BASEPRI
     /tmp/ccdFPqg6.s:206    .text:00000028 __get_PRIMASK
     /tmp/ccdFPqg6.s:236    .text:0000002e __set_PRIMASK
     /tmp/ccdFPqg6.s:263    .text:00000034 __get_FAULTMASK
     /tmp/ccdFPqg6.s:293    .text:0000003a __set_FAULTMASK
     /tmp/ccdFPqg6.s:320    .text:00000040 __get_CONTROL
     /tmp/ccdFPqg6.s:350    .text:00000046 __set_CONTROL
     /tmp/ccdFPqg6.s:377    .text:0000004c __REV
     /tmp/ccdFPqg6.s:407    .text:00000050 __REV16
     /tmp/ccdFPqg6.s:437    .text:00000054 __REVSH
     /tmp/ccdFPqg6.s:467    .text:00000058 __RBIT
     /tmp/ccdFPqg6.s:497    .text:0000005e __LDREXB
     /tmp/ccdFPqg6.s:529    .text:00000066 __LDREXH
     /tmp/ccdFPqg6.s:561    .text:0000006e __LDREXW
     /tmp/ccdFPqg6.s:591    .text:00000074 __STREXB
     /tmp/ccdFPqg6.s:623    .text:0000007c __STREXH
     /tmp/ccdFPqg6.s:655    .text:00000084 __STREXW

NO UNDEFINED SYMBOLS
