ARM GAS  /tmp/ccXHAvNU.s 			page 1


   1              		.cpu cortex-m3
   2              		.arch armv7-m
   3              		.fpu softvfp
   4              		.eabi_attribute 20, 1	@ Tag_ABI_FP_denormal
   5              		.eabi_attribute 21, 1	@ Tag_ABI_FP_exceptions
   6              		.eabi_attribute 23, 3	@ Tag_ABI_FP_number_model
   7              		.eabi_attribute 24, 1	@ Tag_ABI_align8_needed
   8              		.eabi_attribute 25, 1	@ Tag_ABI_align8_preserved
   9              		.eabi_attribute 26, 1	@ Tag_ABI_enum_size
  10              		.eabi_attribute 30, 4	@ Tag_ABI_optimization_goals
  11              		.eabi_attribute 34, 1	@ Tag_CPU_unaligned_access
  12              		.eabi_attribute 18, 4	@ Tag_ABI_PCS_wchar_t
  13              		.file	"uart_log.c"
  14              	@ GNU C23 (Arch Repository) version 16.2.0 (arm-none-eabi)
  15              	@	compiled by GNU C version 16.2.1 20260810, GMP version 6.3.0, MPFR version 4.2.2, MPC version 1.4
  16              	
  17              	@ GGC heuristics: --param ggc-min-expand=100 --param ggc-min-heapsize=131072
  18              	@ options passed: -mcpu=cortex-m3 -mthumb -mfloat-abi=soft -march=armv7-m -g -gdwarf-2 -Os -fomit-f
  19              		.text
  20              	.Ltext0:
  21              		.cfi_sections	.debug_frame
  22              		.file 1 "user/uart_log.c"
  23              		.align	1
  24              		.global	uart_log_init
  25              		.syntax unified
  26              		.thumb
  27              		.thumb_func
  28              		.type	uart_log_init, %function
  29              	uart_log_init:
  30              	.LFB29:
   1:user/uart_log.c **** //
   2:user/uart_log.c **** // Created by YangYongbao on 2017/3/18.
   3:user/uart_log.c **** //
   4:user/uart_log.c **** 
   5:user/uart_log.c **** #include "uart_log.h"
   6:user/uart_log.c **** #include <stdarg.h>
   7:user/uart_log.c **** #include "stm32f10x.h"
   8:user/uart_log.c **** #include "stm32f10x_conf.h"
   9:user/uart_log.c **** 
  10:user/uart_log.c **** 
  11:user/uart_log.c **** void uart_log_init(void)
  12:user/uart_log.c **** {
  31              		.loc 1 12 1 view -0
  32              		.cfi_startproc
  33              		@ args = 0, pretend = 0, frame = 24
  34              		@ frame_needed = 0, uses_anonymous_args = 0
  13:user/uart_log.c ****     GPIO_InitTypeDef GPIO_InitStructure;
  35              		.loc 1 13 5 view .LVU1
  14:user/uart_log.c ****     USART_InitTypeDef USART_InitStructure;
  36              		.loc 1 14 5 view .LVU2
  15:user/uart_log.c **** 
  16:user/uart_log.c ****     RCC_APB2PeriphClockCmd( RCC_APB2Periph_GPIOA, ENABLE);
  37              		.loc 1 16 5 view .LVU3
  38              	@ user/uart_log.c:12: {
  12:user/uart_log.c ****     GPIO_InitTypeDef GPIO_InitStructure;
  39              		.loc 1 12 1 is_stmt 0 view .LVU4
  40 0000 7FB5     		push	{r0, r1, r2, r3, r4, r5, r6, lr}	@
ARM GAS  /tmp/ccXHAvNU.s 			page 2


  41              	.LCFI0:
  42              		.cfi_def_cfa_offset 32
  43              		.cfi_offset 14, -4
  44              	@ user/uart_log.c:16:     RCC_APB2PeriphClockCmd( RCC_APB2Periph_GPIOA, ENABLE);
  45              		.loc 1 16 5 view .LVU5
  46 0002 0121     		movs	r1, #1	@,
  47 0004 0420     		movs	r0, #4	@,
  48 0006 FFF7FEFF 		bl	RCC_APB2PeriphClockCmd		@
  49              	.LVL0:
  17:user/uart_log.c ****     RCC_APB1PeriphClockCmd( RCC_APB1Periph_USART2, ENABLE);
  50              		.loc 1 17 5 is_stmt 1 view .LVU6
  51 000a 0121     		movs	r1, #1	@,
  52 000c 4FF40030 		mov	r0, #131072	@,
  53 0010 FFF7FEFF 		bl	RCC_APB1PeriphClockCmd		@
  54              	.LVL1:
  18:user/uart_log.c **** 
  19:user/uart_log.c ****     /* USART2 GPIO config */
  20:user/uart_log.c ****     /* Configure USART2 Tx (PA2) as alternate function push-pull */
  21:user/uart_log.c ****     GPIO_InitStructure.GPIO_Pin = GPIO_Pin_2;
  55              		.loc 1 21 5 view .LVU7
  22:user/uart_log.c ****     GPIO_InitStructure.GPIO_Mode = GPIO_Mode_AF_PP;
  56              		.loc 1 22 5 view .LVU8
  23:user/uart_log.c ****     GPIO_InitStructure.GPIO_Speed = GPIO_Speed_50MHz;
  57              		.loc 1 23 5 view .LVU9
  58              	@ user/uart_log.c:21:     GPIO_InitStructure.GPIO_Pin = GPIO_Pin_2;
  21:user/uart_log.c ****     GPIO_InitStructure.GPIO_Mode = GPIO_Mode_AF_PP;
  59              		.loc 1 21 33 is_stmt 0 view .LVU10
  60 0014 154B     		ldr	r3, .L2	@ tmp94,
  61              	@ user/uart_log.c:24:     GPIO_Init(GPIOA, &GPIO_InitStructure);
  24:user/uart_log.c ****     GPIO_Init(GPIOA, &GPIO_InitStructure);
  62              		.loc 1 24 5 view .LVU11
  63 0016 01A9     		add	r1, sp, #4	@ tmp113,,
  64 0018 1548     		ldr	r0, .L2+4	@,
  65              	@ user/uart_log.c:21:     GPIO_InitStructure.GPIO_Pin = GPIO_Pin_2;
  21:user/uart_log.c ****     GPIO_InitStructure.GPIO_Mode = GPIO_Mode_AF_PP;
  66              		.loc 1 21 33 view .LVU12
  67 001a 0193     		str	r3, [sp, #4]	@ tmp94, MEM <unsigned int> [(void *)&GPIO_InitStructure]
  68              		.loc 1 24 5 is_stmt 1 view .LVU13
  69 001c FFF7FEFF 		bl	GPIO_Init		@
  70              	.LVL2:
  25:user/uart_log.c **** 
  26:user/uart_log.c ****     /* Configure USART2 Rx (PA3) as input floating */
  27:user/uart_log.c ****     GPIO_InitStructure.GPIO_Pin = GPIO_Pin_3;
  71              		.loc 1 27 5 view .LVU14
  72              	@ user/uart_log.c:27:     GPIO_InitStructure.GPIO_Pin = GPIO_Pin_3;
  73              		.loc 1 27 33 is_stmt 0 view .LVU15
  74 0020 0823     		movs	r3, #8	@ tmp98,
  75 0022 ADF80430 		strh	r3, [sp, #4]	@ movhi	@ tmp98, GPIO_InitStructure.GPIO_Pin
  28:user/uart_log.c ****     GPIO_InitStructure.GPIO_Mode = GPIO_Mode_IN_FLOATING;
  76              		.loc 1 28 5 is_stmt 1 view .LVU16
  77              	@ user/uart_log.c:28:     GPIO_InitStructure.GPIO_Mode = GPIO_Mode_IN_FLOATING;
  78              		.loc 1 28 34 is_stmt 0 view .LVU17
  79 0026 0423     		movs	r3, #4	@ tmp99,
  80              	@ user/uart_log.c:29:     GPIO_Init(GPIOA, &GPIO_InitStructure);
  29:user/uart_log.c ****     GPIO_Init(GPIOA, &GPIO_InitStructure);
  81              		.loc 1 29 5 view .LVU18
  82 0028 1148     		ldr	r0, .L2+4	@,
ARM GAS  /tmp/ccXHAvNU.s 			page 3


  83 002a 0DEB0301 		add	r1, sp, r3	@ tmp114,,
  84              	@ user/uart_log.c:28:     GPIO_InitStructure.GPIO_Mode = GPIO_Mode_IN_FLOATING;
  28:user/uart_log.c ****     GPIO_InitStructure.GPIO_Mode = GPIO_Mode_IN_FLOATING;
  85              		.loc 1 28 34 view .LVU19
  86 002e 8DF80730 		strb	r3, [sp, #7]	@ tmp99, GPIO_InitStructure.GPIO_Mode
  87              		.loc 1 29 5 is_stmt 1 view .LVU20
  88 0032 FFF7FEFF 		bl	GPIO_Init		@
  89              	.LVL3:
  30:user/uart_log.c **** 
  31:user/uart_log.c ****     /* USART2 mode config */
  32:user/uart_log.c ****     USART_InitStructure.USART_BaudRate = 9600;
  90              		.loc 1 32 5 view .LVU21
  33:user/uart_log.c ****     USART_InitStructure.USART_WordLength = USART_WordLength_8b;
  91              		.loc 1 33 5 view .LVU22
  34:user/uart_log.c ****     USART_InitStructure.USART_StopBits = USART_StopBits_1;
  92              		.loc 1 34 5 view .LVU23
  35:user/uart_log.c ****     USART_InitStructure.USART_Parity = USART_Parity_No ;
  93              		.loc 1 35 5 view .LVU24
  36:user/uart_log.c ****     USART_InitStructure.USART_HardwareFlowControl = USART_HardwareFlowControl_None;
  94              		.loc 1 36 5 view .LVU25
  37:user/uart_log.c ****     USART_InitStructure.USART_Mode = USART_Mode_Rx | USART_Mode_Tx;
  95              		.loc 1 37 5 view .LVU26
  96              	@ user/uart_log.c:33:     USART_InitStructure.USART_WordLength = USART_WordLength_8b;
  33:user/uart_log.c ****     USART_InitStructure.USART_StopBits = USART_StopBits_1;
  97              		.loc 1 33 42 is_stmt 0 view .LVU27
  98 0036 0023     		movs	r3, #0	@ tmp104,
  99 0038 4FF41652 		mov	r2, #9600	@,
 100 003c CDE90223 		strd	r2, r3, [sp, #8]	@, tmp104,,
 101              	@ user/uart_log.c:35:     USART_InitStructure.USART_Parity = USART_Parity_No ;
  35:user/uart_log.c ****     USART_InitStructure.USART_HardwareFlowControl = USART_HardwareFlowControl_None;
 102              		.loc 1 35 38 view .LVU28
 103 0040 4FF44022 		mov	r2, #786432	@ tmp105,
 104              	@ user/uart_log.c:38:     USART_Init(USART2, &USART_InitStructure);
  38:user/uart_log.c ****     USART_Init(USART2, &USART_InitStructure);
 105              		.loc 1 38 5 view .LVU29
 106 0044 02A9     		add	r1, sp, #8	@,,
 107 0046 0B48     		ldr	r0, .L2+8	@,
 108              	@ user/uart_log.c:36:     USART_InitStructure.USART_HardwareFlowControl = USART_HardwareFlowControl
  36:user/uart_log.c ****     USART_InitStructure.USART_Mode = USART_Mode_Rx | USART_Mode_Tx;
 109              		.loc 1 36 51 view .LVU30
 110 0048 ADF81430 		strh	r3, [sp, #20]	@ movhi	@ tmp104, USART_InitStructure.USART_HardwareFlowControl
 111              		.loc 1 38 5 is_stmt 1 view .LVU31
 112              	@ user/uart_log.c:35:     USART_InitStructure.USART_Parity = USART_Parity_No ;
  35:user/uart_log.c ****     USART_InitStructure.USART_HardwareFlowControl = USART_HardwareFlowControl_None;
 113              		.loc 1 35 38 is_stmt 0 view .LVU32
 114 004c 0492     		str	r2, [sp, #16]	@ tmp105, MEM <unsigned int> [(short unsigned int *)&USART_InitStructure + 8B]
 115              	@ user/uart_log.c:38:     USART_Init(USART2, &USART_InitStructure);
 116              		.loc 1 38 5 view .LVU33
 117 004e FFF7FEFF 		bl	USART_Init		@
 118              	.LVL4:
  39:user/uart_log.c ****     USART_ITConfig(USART2, USART_IT_RXNE, ENABLE);
 119              		.loc 1 39 5 is_stmt 1 view .LVU34
 120 0052 0122     		movs	r2, #1	@,
 121 0054 40F22551 		movw	r1, #1317	@,
 122 0058 0648     		ldr	r0, .L2+8	@,
 123 005a FFF7FEFF 		bl	USART_ITConfig		@
 124              	.LVL5:
ARM GAS  /tmp/ccXHAvNU.s 			page 4


  40:user/uart_log.c **** 
  41:user/uart_log.c ****     USART_Cmd(USART2, ENABLE);
 125              		.loc 1 41 5 view .LVU35
 126 005e 0121     		movs	r1, #1	@,
 127 0060 0448     		ldr	r0, .L2+8	@,
 128 0062 FFF7FEFF 		bl	USART_Cmd		@
 129              	.LVL6:
 130              	@ user/uart_log.c:42: }
  42:user/uart_log.c **** }
 131              		.loc 1 42 1 is_stmt 0 view .LVU36
 132 0066 07B0     		add	sp, sp, #28	@,,
 133              	.LCFI1:
 134              		.cfi_def_cfa_offset 4
 135              		@ sp needed	@
 136 0068 00BD     		pop	{pc}	@
 137              	.L3:
 138 006a 00BF     		.align	2
 139              	.L2:
 140 006c 04000318 		.word	402849796
 141 0070 00080140 		.word	1073809408
 142 0074 00440040 		.word	1073759232
 143              		.cfi_endproc
 144              	.LFE29:
 145              		.size	uart_log_init, .-uart_log_init
 146              		.align	1
 147              		.global	printchar
 148              		.syntax unified
 149              		.thumb
 150              		.thumb_func
 151              		.type	printchar, %function
 152              	printchar:
 153              	.LVL7:
 154              	.LFB30:
  43:user/uart_log.c **** 
  44:user/uart_log.c **** 
  45:user/uart_log.c **** void printchar(char **str, unsigned int c)
  46:user/uart_log.c **** {
 155              		.loc 1 46 1 is_stmt 1 view -0
 156              		.cfi_startproc
 157              		@ args = 0, pretend = 0, frame = 0
 158              		@ frame_needed = 0, uses_anonymous_args = 0
 159              		.loc 1 46 1 is_stmt 0 view .LVU38
 160 0078 10B5     		push	{r4, lr}	@
 161              	.LCFI2:
 162              		.cfi_def_cfa_offset 8
 163              		.cfi_offset 4, -8
 164              		.cfi_offset 14, -4
 165 007a 0C46     		mov	r4, r1	@ c, c
  47:user/uart_log.c ****     while (USART_GetFlagStatus(USART2, USART_FLAG_TXE) == RESET);
 166              		.loc 1 47 5 is_stmt 1 view .LVU39
 167              	.LVL8:
 168              	.L5:
 169              		.loc 1 47 56 discriminator 1 view .LVU40
 170              	@ user/uart_log.c:47:     while (USART_GetFlagStatus(USART2, USART_FLAG_TXE) == RESET);
 171              		.loc 1 47 12 is_stmt 0 discriminator 1 view .LVU41
 172 007c 8021     		movs	r1, #128	@,
 173 007e 0548     		ldr	r0, .L8	@,
ARM GAS  /tmp/ccXHAvNU.s 			page 5


 174 0080 FFF7FEFF 		bl	USART_GetFlagStatus		@
 175              	.LVL9:
 176              	@ user/uart_log.c:47:     while (USART_GetFlagStatus(USART2, USART_FLAG_TXE) == RESET);
 177              		.loc 1 47 56 discriminator 2 view .LVU42
 178 0084 0028     		cmp	r0, #0	@ tmp108
 179 0086 F9D0     		beq	.L5	@
  48:user/uart_log.c ****     USART_SendData(USART2, (uint8_t)c);
 180              		.loc 1 48 5 is_stmt 1 view .LVU43
 181 0088 E1B2     		uxtb	r1, r4	@, c
 182 008a 0248     		ldr	r0, .L8	@,
 183              	@ user/uart_log.c:49: }
  49:user/uart_log.c **** }
 184              		.loc 1 49 1 is_stmt 0 view .LVU44
 185 008c BDE81040 		pop	{r4, lr}	@
 186              	.LCFI3:
 187              		.cfi_restore 14
 188              		.cfi_restore 4
 189              		.cfi_def_cfa_offset 0
 190              	.LVL10:
 191              	@ user/uart_log.c:48:     USART_SendData(USART2, (uint8_t)c);
  48:user/uart_log.c ****     USART_SendData(USART2, (uint8_t)c);
 192              		.loc 1 48 5 view .LVU45
 193 0090 FFF7FEBF 		b	USART_SendData		@
 194              	.LVL11:
 195              	.L9:
 196              		.align	2
 197              	.L8:
 198 0094 00440040 		.word	1073759232
 199              		.cfi_endproc
 200              	.LFE30:
 201              		.size	printchar, .-printchar
 202              		.align	1
 203              		.syntax unified
 204              		.thumb
 205              		.thumb_func
 206              		.type	prints, %function
 207              	prints:
 208              	.LVL12:
 209              	.LFB31:
  50:user/uart_log.c **** 
  51:user/uart_log.c **** #define PAD_RIGHT 1
  52:user/uart_log.c **** #define PAD_ZERO 2
  53:user/uart_log.c **** 
  54:user/uart_log.c **** static int prints(char **out, const char *string, int width, int pad)
  55:user/uart_log.c **** {
 210              		.loc 1 55 1 is_stmt 1 view -0
 211              		.cfi_startproc
 212              		@ args = 0, pretend = 0, frame = 0
 213              		@ frame_needed = 0, uses_anonymous_args = 0
 214              		.loc 1 55 1 is_stmt 0 view .LVU47
 215 0098 2DE9F843 		push	{r3, r4, r5, r6, r7, r8, r9, lr}	@
 216              	.LCFI4:
 217              		.cfi_def_cfa_offset 32
 218              		.cfi_offset 3, -32
 219              		.cfi_offset 4, -28
 220              		.cfi_offset 5, -24
 221              		.cfi_offset 6, -20
ARM GAS  /tmp/ccXHAvNU.s 			page 6


 222              		.cfi_offset 7, -16
 223              		.cfi_offset 8, -12
 224              		.cfi_offset 9, -8
 225              		.cfi_offset 14, -4
 226              	@ user/uart_log.c:58:     if (width > 0) {
  56:user/uart_log.c ****     register int pc = 0, padchar = ' ';
  57:user/uart_log.c **** 
  58:user/uart_log.c ****     if (width > 0) {
 227              		.loc 1 58 8 view .LVU48
 228 009c 141E     		subs	r4, r2, #0	@ width, width
 229              	@ user/uart_log.c:55: {
  55:user/uart_log.c ****     register int pc = 0, padchar = ' ';
 230              		.loc 1 55 1 view .LVU49
 231 009e 8046     		mov	r8, r0	@ out, out
  56:user/uart_log.c ****     register int pc = 0, padchar = ' ';
 232              		.loc 1 56 5 is_stmt 1 view .LVU50
 233              	.LVL13:
 234              		.loc 1 58 5 view .LVU51
 235              	@ user/uart_log.c:55: {
  55:user/uart_log.c ****     register int pc = 0, padchar = ' ';
 236              		.loc 1 55 1 is_stmt 0 view .LVU52
 237 00a0 8946     		mov	r9, r1	@ string, string
 238 00a2 1D46     		mov	r5, r3	@ pad, pad
 239              	@ user/uart_log.c:58:     if (width > 0) {
 240              		.loc 1 58 8 view .LVU53
 241 00a4 10DD     		ble	.L20		@,
 242              	.LBB2:
 243              	@ user/uart_log.c:61:         for (ptr = string; *ptr; ++ptr) ++len;
  59:user/uart_log.c ****         register int len = 0;
  60:user/uart_log.c ****         register const char *ptr;
  61:user/uart_log.c ****         for (ptr = string; *ptr; ++ptr) ++len;
 244              		.loc 1 61 28 discriminator 2 view .LVU54
 245 00a6 0846     		mov	r0, r1	@, string
 246              	.LVL14:
 247              		.loc 1 61 28 discriminator 2 view .LVU55
 248 00a8 FFF7FEFF 		bl	strlen		@
 249              	.LVL15:
  62:user/uart_log.c ****         if (len >= width) width = 0;
 250              		.loc 1 62 9 is_stmt 1 view .LVU56
 251              	@ user/uart_log.c:62:         if (len >= width) width = 0;
 252              		.loc 1 62 12 is_stmt 0 view .LVU57
 253 00ac 8442     		cmp	r4, r0	@ width, tmp133
  63:user/uart_log.c ****         else width -= len;
 254              		.loc 1 63 14 is_stmt 1 view .LVU58
 255              	@ user/uart_log.c:62:         if (len >= width) width = 0;
  62:user/uart_log.c ****         if (len >= width) width = 0;
 256              		.loc 1 62 33 is_stmt 0 discriminator 1 view .LVU59
 257 00ae D4BF     		ite	le
 258 00b0 0024     		movle	r4, #0	@ width,
 259              	.LVL16:
 260              	@ user/uart_log.c:63:         else width -= len;
 261              		.loc 1 63 20 view .LVU60
 262 00b2 241A     		subgt	r4, r4, r0	@ width, width, tmp133
 263              	.LVL17:
  64:user/uart_log.c ****         if (pad & PAD_ZERO) padchar = '0';
 264              		.loc 1 64 9 is_stmt 1 view .LVU61
 265              	.LBE2:
ARM GAS  /tmp/ccXHAvNU.s 			page 7


 266              	@ user/uart_log.c:56:     register int pc = 0, padchar = ' ';
  56:user/uart_log.c **** 
 267              		.loc 1 56 26 is_stmt 0 view .LVU62
 268 00b4 15F0020F 		tst	r5, #2	@ pad,
 269 00b8 14BF     		ite	ne
 270 00ba 3027     		movne	r7, #48	@ padchar,
 271 00bc 2027     		moveq	r7, #32	@ padchar,
 272              	.L11:
 273              	.LVL18:
  65:user/uart_log.c ****     }
  66:user/uart_log.c ****     if (!(pad & PAD_RIGHT)) {
 274              		.loc 1 66 5 is_stmt 1 view .LVU63
 275              	@ user/uart_log.c:66:     if (!(pad & PAD_RIGHT)) {
 276              		.loc 1 66 8 is_stmt 0 view .LVU64
 277 00be EB07     		lsls	r3, r5, #31	@, pad,
 278 00c0 0FD5     		bpl	.L23		@,
 279              	@ user/uart_log.c:56:     register int pc = 0, padchar = ' ';
  56:user/uart_log.c **** 
 280              		.loc 1 56 18 view .LVU65
 281 00c2 0025     		movs	r5, #0	@ pc,
 282              	.LVL19:
 283              	.L14:
  56:user/uart_log.c **** 
 284              		.loc 1 56 18 view .LVU66
 285 00c4 4E46     		mov	r6, r9	@ ivtmp.43, string
 286 00c6 12E0     		b	.L16		@
 287              	.LVL20:
 288              	.L20:
 289              	@ user/uart_log.c:56:     register int pc = 0, padchar = ' ';
  56:user/uart_log.c **** 
 290              		.loc 1 56 26 view .LVU67
 291 00c8 2027     		movs	r7, #32	@ padchar,
 292 00ca F8E7     		b	.L11		@
 293              	.LVL21:
 294              	.L15:
  67:user/uart_log.c ****         for ( ; width > 0; --width) {
  68:user/uart_log.c ****             printchar (out, padchar);
 295              		.loc 1 68 13 is_stmt 1 view .LVU68
 296 00cc 3946     		mov	r1, r7	@, padchar
 297 00ce 4046     		mov	r0, r8	@, out
 298 00d0 FFF7FEFF 		bl	printchar		@
 299              	.LVL22:
  69:user/uart_log.c ****             ++pc;
 300              		.loc 1 69 13 view .LVU69
  67:user/uart_log.c ****         for ( ; width > 0; --width) {
 301              		.loc 1 67 28 discriminator 1 view .LVU70
  67:user/uart_log.c ****         for ( ; width > 0; --width) {
 302              		.loc 1 67 28 is_stmt 0 discriminator 1 view .LVU71
 303 00d4 013D     		subs	r5, r5, #1	@ width, width,
 304              	.LVL23:
 305              	.L13:
  67:user/uart_log.c ****         for ( ; width > 0; --width) {
 306              		.loc 1 67 23 is_stmt 1 discriminator 2 view .LVU72
 307 00d6 002D     		cmp	r5, #0	@ width,
 308 00d8 F8DC     		bgt	.L15		@,
  67:user/uart_log.c ****         for ( ; width > 0; --width) {
 309              		.loc 1 67 23 is_stmt 0 discriminator 2 view .LVU73
ARM GAS  /tmp/ccXHAvNU.s 			page 8


 310 00da 24EAE475 		bic	r5, r4, r4, asr #31	@ pc, width
 311              	.LVL24:
  67:user/uart_log.c ****         for ( ; width > 0; --width) {
 312              		.loc 1 67 23 discriminator 2 view .LVU74
 313 00de 641B     		subs	r4, r4, r5	@ width, width, pc
 314 00e0 F0E7     		b	.L14		@
 315              	.LVL25:
 316              	.L23:
 317              	@ user/uart_log.c:66:     if (!(pad & PAD_RIGHT)) {
  66:user/uart_log.c ****         for ( ; width > 0; --width) {
 318              		.loc 1 66 8 view .LVU75
 319 00e2 2546     		mov	r5, r4	@ width, width
 320              	.LVL26:
  66:user/uart_log.c ****         for ( ; width > 0; --width) {
 321              		.loc 1 66 8 view .LVU76
 322 00e4 F7E7     		b	.L13		@
 323              	.LVL27:
 324              	.L17:
 325              	@ user/uart_log.c:73:         printchar (out, *string);
  70:user/uart_log.c ****         }
  71:user/uart_log.c ****     }
  72:user/uart_log.c ****     for ( ; *string ; ++string) {
  73:user/uart_log.c ****         printchar (out, *string);
 326              		.loc 1 73 9 view .LVU77
 327 00e6 4046     		mov	r0, r8	@, out
 328 00e8 0136     		adds	r6, r6, #1	@ ivtmp.43, ivtmp.43,
 329              	.LVL28:
 330              		.loc 1 73 9 is_stmt 1 view .LVU78
 331 00ea FFF7FEFF 		bl	printchar		@
 332              	.LVL29:
  74:user/uart_log.c ****         ++pc;
 333              		.loc 1 74 9 view .LVU79
  72:user/uart_log.c ****         printchar (out, *string);
 334              		.loc 1 72 23 discriminator 1 view .LVU80
 335              	.L16:
  72:user/uart_log.c ****         printchar (out, *string);
 336              		.loc 1 72 13 discriminator 2 view .LVU81
 337 00ee 3178     		ldrb	r1, [r6]	@ zero_extendqisi2	@ _6, MEM[(const char *)_34]
 338 00f0 0029     		cmp	r1, #0	@ _6
 339 00f2 F8D1     		bne	.L17	@
 340 00f4 A5EB0905 		sub	r5, r5, r9	@ _28, pc, string
 341 00f8 3544     		add	r5, r5, r6	@ _15, ivtmp.43
 342 00fa 2646     		mov	r6, r4	@ width, width
 343              	.LVL30:
 344              	.L18:
  75:user/uart_log.c ****     }
  76:user/uart_log.c ****     for ( ; width > 0; --width) {
 345              		.loc 1 76 19 discriminator 2 view .LVU82
 346 00fc 002E     		cmp	r6, #0	@ width,
 347 00fe 05DC     		bgt	.L19		@,
  77:user/uart_log.c ****         printchar (out, padchar);
  78:user/uart_log.c ****         ++pc;
  79:user/uart_log.c ****     }
  80:user/uart_log.c **** 
  81:user/uart_log.c ****     return pc;
 348              		.loc 1 81 5 view .LVU83
 349              	@ user/uart_log.c:82: }
ARM GAS  /tmp/ccXHAvNU.s 			page 9


  82:user/uart_log.c **** }
 350              		.loc 1 82 1 is_stmt 0 view .LVU84
 351 0100 002C     		cmp	r4, #0	@ width,
 352 0102 ACBF     		ite	ge		@
 353 0104 2819     		addge	r0, r5, r4	@,,, _15, width
 354 0106 281C     		addlt	r0, r5, #0	@,,, _15,
 355 0108 BDE8F883 		pop	{r3, r4, r5, r6, r7, r8, r9, pc}	@
 356              	.LVL31:
 357              	.L19:
  77:user/uart_log.c ****         printchar (out, padchar);
 358              		.loc 1 77 9 is_stmt 1 view .LVU85
 359 010c 3946     		mov	r1, r7	@, padchar
 360 010e 4046     		mov	r0, r8	@, out
 361 0110 FFF7FEFF 		bl	printchar		@
 362              	.LVL32:
  78:user/uart_log.c ****     }
 363              		.loc 1 78 9 view .LVU86
  76:user/uart_log.c ****         printchar (out, padchar);
 364              		.loc 1 76 24 discriminator 1 view .LVU87
 365 0114 013E     		subs	r6, r6, #1	@ width, width,
 366              	.LVL33:
  76:user/uart_log.c ****         printchar (out, padchar);
 367              		.loc 1 76 24 is_stmt 0 discriminator 1 view .LVU88
 368 0116 F1E7     		b	.L18		@
 369              		.cfi_endproc
 370              	.LFE31:
 371              		.size	prints, .-prints
 372              		.align	1
 373              		.syntax unified
 374              		.thumb
 375              		.thumb_func
 376              		.type	printi, %function
 377              	printi:
 378              	.LVL34:
 379              	.LFB32:
  83:user/uart_log.c **** 
  84:user/uart_log.c **** /* the following should be enough for 32 bit int */
  85:user/uart_log.c **** #define PRINT_BUF_LEN 12
  86:user/uart_log.c **** 
  87:user/uart_log.c **** static int printi(char **out, int i, int b, int sg, int width, int pad, int letbase)
  88:user/uart_log.c **** {
 380              		.loc 1 88 1 is_stmt 1 view -0
 381              		.cfi_startproc
 382              		@ args = 12, pretend = 0, frame = 16
 383              		@ frame_needed = 0, uses_anonymous_args = 0
  89:user/uart_log.c ****     char print_buf[PRINT_BUF_LEN];
 384              		.loc 1 89 5 view .LVU90
  90:user/uart_log.c ****     register char *s;
 385              		.loc 1 90 5 view .LVU91
  91:user/uart_log.c ****     register int t, neg = 0, pc = 0;
 386              		.loc 1 91 5 view .LVU92
  92:user/uart_log.c ****     register unsigned int u = i;
 387              		.loc 1 92 5 view .LVU93
 388              	@ user/uart_log.c:88: {
  88:user/uart_log.c ****     char print_buf[PRINT_BUF_LEN];
 389              		.loc 1 88 1 is_stmt 0 view .LVU94
 390 0118 2DE9F043 		push	{r4, r5, r6, r7, r8, r9, lr}	@
ARM GAS  /tmp/ccXHAvNU.s 			page 10


 391              	.LCFI5:
 392              		.cfi_def_cfa_offset 28
 393              		.cfi_offset 4, -28
 394              		.cfi_offset 5, -24
 395              		.cfi_offset 6, -20
 396              		.cfi_offset 7, -16
 397              		.cfi_offset 8, -12
 398              		.cfi_offset 9, -8
 399              		.cfi_offset 14, -4
 400 011c 85B0     		sub	sp, sp, #20	@,,
 401              	.LCFI6:
 402              		.cfi_def_cfa_offset 48
 403              	@ user/uart_log.c:88: {
  88:user/uart_log.c ****     char print_buf[PRINT_BUF_LEN];
 404              		.loc 1 88 1 view .LVU95
 405 011e 8146     		mov	r9, r0	@ out, out
 406 0120 DDE90C68 		ldrd	r6, r8, [sp, #48]	@ width, pad,,
 407 0124 1C46     		mov	r4, r3	@ sg, sg
 408              	@ user/uart_log.c:92:     register unsigned int u = i;
 409              		.loc 1 92 27 view .LVU96
 410 0126 0D46     		mov	r5, r1	@ u, i
 411              	.LVL35:
  93:user/uart_log.c **** 
  94:user/uart_log.c ****     if (i == 0) {
 412              		.loc 1 94 5 is_stmt 1 view .LVU97
 413              	@ user/uart_log.c:94:     if (i == 0) {
 414              		.loc 1 94 8 is_stmt 0 view .LVU98
 415 0128 51B9     		cbnz	r1, .L25	@ i,
  95:user/uart_log.c ****         print_buf[0] = '0';
 416              		.loc 1 95 9 is_stmt 1 view .LVU99
  96:user/uart_log.c ****         print_buf[1] = '\0';
 417              		.loc 1 96 9 view .LVU100
 418              	@ user/uart_log.c:95:         print_buf[0] = '0';
  95:user/uart_log.c ****         print_buf[0] = '0';
 419              		.loc 1 95 22 is_stmt 0 view .LVU101
 420 012a 3023     		movs	r3, #48	@ tmp118,
 421              	.LVL36:
 422              	@ user/uart_log.c:97:         return prints (out, print_buf, width, pad);
  97:user/uart_log.c ****         return prints (out, print_buf, width, pad);
 423              		.loc 1 97 16 view .LVU102
 424 012c 3246     		mov	r2, r6	@, width
 425              	.LVL37:
 426              	@ user/uart_log.c:95:         print_buf[0] = '0';
  95:user/uart_log.c ****         print_buf[0] = '0';
 427              		.loc 1 95 22 view .LVU103
 428 012e ADF80430 		strh	r3, [sp, #4]	@ movhi	@ tmp118, MEM <unsigned short> [(char *)&print_buf]
 429              		.loc 1 97 9 is_stmt 1 view .LVU104
 430              	@ user/uart_log.c:97:         return prints (out, print_buf, width, pad);
 431              		.loc 1 97 16 is_stmt 0 view .LVU105
 432 0132 01A9     		add	r1, sp, #4	@,,
 433              	.LVL38:
 434              		.loc 1 97 16 view .LVU106
 435 0134 4346     		mov	r3, r8	@, pad
 436 0136 FFF7AFFF 		bl	prints		@
 437              	.LVL39:
 438              	.L24:
 439              	@ user/uart_log.c:128: }
ARM GAS  /tmp/ccXHAvNU.s 			page 11


  98:user/uart_log.c ****     }
  99:user/uart_log.c **** 
 100:user/uart_log.c ****     if (sg && b == 10 && i < 0) {
 101:user/uart_log.c ****         neg = 1;
 102:user/uart_log.c ****         u = -i;
 103:user/uart_log.c ****     }
 104:user/uart_log.c **** 
 105:user/uart_log.c ****     s = print_buf + PRINT_BUF_LEN-1;
 106:user/uart_log.c ****     *s = '\0';
 107:user/uart_log.c **** 
 108:user/uart_log.c ****     while (u) {
 109:user/uart_log.c ****         t = u % b;
 110:user/uart_log.c ****         if( t >= 10 )
 111:user/uart_log.c ****             t += letbase - '0' - 10;
 112:user/uart_log.c ****         *--s = t + '0';
 113:user/uart_log.c ****         u /= b;
 114:user/uart_log.c ****     }
 115:user/uart_log.c **** 
 116:user/uart_log.c ****     if (neg) {
 117:user/uart_log.c ****         if( width && (pad & PAD_ZERO) ) {
 118:user/uart_log.c ****             printchar (out, '-');
 119:user/uart_log.c ****             ++pc;
 120:user/uart_log.c ****             --width;
 121:user/uart_log.c ****         }
 122:user/uart_log.c ****         else {
 123:user/uart_log.c ****             *--s = '-';
 124:user/uart_log.c ****         }
 125:user/uart_log.c ****     }
 126:user/uart_log.c **** 
 127:user/uart_log.c ****     return pc + prints (out, s, width, pad);
 128:user/uart_log.c **** }
 440              		.loc 1 128 1 view .LVU107
 441 013a 05B0     		add	sp, sp, #20	@,,
 442              	.LCFI7:
 443              		.cfi_remember_state
 444              		.cfi_def_cfa_offset 28
 445              		@ sp needed	@
 446 013c BDE8F083 		pop	{r4, r5, r6, r7, r8, r9, pc}	@
 447              	.LVL40:
 448              	.L25:
 449              	.LCFI8:
 450              		.cfi_restore_state
 100:user/uart_log.c ****         neg = 1;
 451              		.loc 1 100 5 is_stmt 1 view .LVU108
 452              	@ user/uart_log.c:100:     if (sg && b == 10 && i < 0) {
 100:user/uart_log.c ****         neg = 1;
 453              		.loc 1 100 8 is_stmt 0 view .LVU109
 454 0140 13B1     		cbz	r3, .L27	@ sg,
 455              	@ user/uart_log.c:100:     if (sg && b == 10 && i < 0) {
 100:user/uart_log.c ****         neg = 1;
 456              		.loc 1 100 12 discriminator 1 view .LVU110
 457 0142 0A2A     		cmp	r2, #10	@ b,
 458 0144 29D0     		beq	.L28		@,
 459              	.L29:
 460              	@ user/uart_log.c:91:     register int t, neg = 0, pc = 0;
  91:user/uart_log.c ****     register unsigned int u = i;
 461              		.loc 1 91 21 view .LVU111
ARM GAS  /tmp/ccXHAvNU.s 			page 12


 462 0146 0024     		movs	r4, #0	@ sg,
 463              	.LVL41:
 464              	.L27:
 105:user/uart_log.c ****     *s = '\0';
 465              		.loc 1 105 5 is_stmt 1 view .LVU112
 106:user/uart_log.c **** 
 466              		.loc 1 106 5 view .LVU113
 467              	@ user/uart_log.c:106:     *s = '\0';
 106:user/uart_log.c **** 
 468              		.loc 1 106 8 is_stmt 0 view .LVU114
 469 0148 0023     		movs	r3, #0	@ tmp134,
 470              	.LVL42:
 106:user/uart_log.c **** 
 471              		.loc 1 106 8 view .LVU115
 472 014a 8DF80F30 		strb	r3, [sp, #15]	@ tmp134, MEM[(char *)&print_buf + 11B]
 108:user/uart_log.c ****         t = u % b;
 473              		.loc 1 108 5 is_stmt 1 view .LVU116
 108:user/uart_log.c ****         t = u % b;
 474              		.loc 1 108 12 discriminator 1 view .LVU117
 475              	@ user/uart_log.c:111:             t += letbase - '0' - 10;
 111:user/uart_log.c ****         *--s = t + '0';
 476              		.loc 1 111 15 is_stmt 0 view .LVU118
 477 014e 0E9B     		ldr	r3, [sp, #56]	@ letbase, letbase
 478              	@ user/uart_log.c:105:     s = print_buf + PRINT_BUF_LEN-1;
 105:user/uart_log.c ****     *s = '\0';
 479              		.loc 1 105 7 view .LVU119
 480 0150 0DF10F0C 		add	ip, sp, #15	@ s,,
 481              	.LVL43:
 482              	@ user/uart_log.c:111:             t += letbase - '0' - 10;
 111:user/uart_log.c ****         *--s = t + '0';
 483              		.loc 1 111 15 view .LVU120
 484 0154 3A3B     		subs	r3, r3, #58	@ _4, letbase,
 485              	.LVL44:
 486              	.L31:
 109:user/uart_log.c ****         if( t >= 10 )
 487              		.loc 1 109 9 is_stmt 1 view .LVU121
 488              	@ user/uart_log.c:109:         t = u % b;
 109:user/uart_log.c ****         if( t >= 10 )
 489              		.loc 1 109 15 is_stmt 0 view .LVU122
 490 0156 B5FBF2F0 		udiv	r0, r5, r2	@ tmp124, u, b
 491 015a 02FB1051 		mls	r1, r2, r0, r5	@ t, b, tmp124, u
 492              	.LVL45:
 110:user/uart_log.c ****             t += letbase - '0' - 10;
 493              		.loc 1 110 9 is_stmt 1 view .LVU123
 494              	@ user/uart_log.c:111:             t += letbase - '0' - 10;
 111:user/uart_log.c ****         *--s = t + '0';
 495              		.loc 1 111 15 is_stmt 0 view .LVU124
 496 015e CF18     		adds	r7, r1, r3	@ tmp140, t, _4
 497 0160 0929     		cmp	r1, #9	@ t,
 498 0162 88BF     		it	hi		@
 499 0164 3946     		movhi	r1, r7	@, t, tmp140
 500              	.LVL46:
 112:user/uart_log.c ****         u /= b;
 501              		.loc 1 112 9 is_stmt 1 view .LVU125
 502              	@ user/uart_log.c:108:     while (u) {
 108:user/uart_log.c ****         t = u % b;
 503              		.loc 1 108 12 is_stmt 0 discriminator 1 view .LVU126
ARM GAS  /tmp/ccXHAvNU.s 			page 13


 504 0166 AA42     		cmp	r2, r5	@ b, u
 505              	@ user/uart_log.c:112:         *--s = t + '0';
 112:user/uart_log.c ****         u /= b;
 506              		.loc 1 112 18 view .LVU127
 507 0168 01F13001 		add	r1, r1, #48	@ tmp128, t,
 508              	.LVL47:
 509              	@ user/uart_log.c:112:         *--s = t + '0';
 112:user/uart_log.c ****         u /= b;
 510              		.loc 1 112 14 view .LVU128
 511 016c 0CF1FF37 		add	r7, ip, #-1	@ s, s,
 512              	.LVL48:
 112:user/uart_log.c ****         u /= b;
 513              		.loc 1 112 14 view .LVU129
 514 0170 0CF8011C 		strb	r1, [ip, #-1]	@ tmp128, MEM[(char *)s_40]
 113:user/uart_log.c ****     }
 515              		.loc 1 113 9 is_stmt 1 view .LVU130
 516              	.LVL49:
 108:user/uart_log.c ****         t = u % b;
 517              		.loc 1 108 12 discriminator 1 view .LVU131
 518 0174 15D9     		bls	.L34		@,
 116:user/uart_log.c ****         if( width && (pad & PAD_ZERO) ) {
 519              		.loc 1 116 5 view .LVU132
 520              	@ user/uart_log.c:116:     if (neg) {
 116:user/uart_log.c ****         if( width && (pad & PAD_ZERO) ) {
 521              		.loc 1 116 8 is_stmt 0 view .LVU133
 522 0176 44B1     		cbz	r4, .L32	@ sg,
 117:user/uart_log.c ****             printchar (out, '-');
 523              		.loc 1 117 9 is_stmt 1 view .LVU134
 524              	@ user/uart_log.c:117:         if( width && (pad & PAD_ZERO) ) {
 117:user/uart_log.c ****             printchar (out, '-');
 525              		.loc 1 117 11 is_stmt 0 view .LVU135
 526 0178 B6B1     		cbz	r6, .L33	@ width,
 527              	@ user/uart_log.c:117:         if( width && (pad & PAD_ZERO) ) {
 117:user/uart_log.c ****             printchar (out, '-');
 528              		.loc 1 117 19 discriminator 1 view .LVU136
 529 017a 18F0020F 		tst	r8, #2	@ pad,
 530 017e 13D0     		beq	.L33		@,
 118:user/uart_log.c ****             ++pc;
 531              		.loc 1 118 13 is_stmt 1 view .LVU137
 532 0180 2D21     		movs	r1, #45	@,
 533              	.LVL50:
 118:user/uart_log.c ****             ++pc;
 534              		.loc 1 118 13 is_stmt 0 view .LVU138
 535 0182 4846     		mov	r0, r9	@, out
 536              	.LVL51:
 118:user/uart_log.c ****             ++pc;
 537              		.loc 1 118 13 view .LVU139
 538 0184 FFF7FEFF 		bl	printchar		@
 539              	.LVL52:
 119:user/uart_log.c ****             --width;
 540              		.loc 1 119 13 is_stmt 1 view .LVU140
 120:user/uart_log.c ****         }
 541              		.loc 1 120 13 view .LVU141
 542 0188 013E     		subs	r6, r6, #1	@ width, width,
 543              	.LVL53:
 544              	.L32:
 127:user/uart_log.c **** }
ARM GAS  /tmp/ccXHAvNU.s 			page 14


 545              		.loc 1 127 5 view .LVU142
 546              	@ user/uart_log.c:127:     return pc + prints (out, s, width, pad);
 127:user/uart_log.c **** }
 547              		.loc 1 127 17 is_stmt 0 view .LVU143
 548 018a 4346     		mov	r3, r8	@, pad
 549 018c 3246     		mov	r2, r6	@, width
 550 018e 3946     		mov	r1, r7	@, s
 551 0190 4846     		mov	r0, r9	@, out
 552 0192 FFF781FF 		bl	prints		@
 553              	.LVL54:
 554              	@ user/uart_log.c:127:     return pc + prints (out, s, width, pad);
 127:user/uart_log.c **** }
 555              		.loc 1 127 15 discriminator 1 view .LVU144
 556 0196 2044     		add	r0, r0, r4	@ <retval>, sg
 557 0198 CFE7     		b	.L24		@
 558              	.LVL55:
 559              	.L28:
 560              	@ user/uart_log.c:100:     if (sg && b == 10 && i < 0) {
 100:user/uart_log.c ****         neg = 1;
 561              		.loc 1 100 23 discriminator 2 view .LVU145
 562 019a 0029     		cmp	r1, #0	@ u,
 563 019c D3DA     		bge	.L29		@,
 101:user/uart_log.c ****         u = -i;
 564              		.loc 1 101 9 is_stmt 1 view .LVU146
 565              	.LVL56:
 102:user/uart_log.c ****     }
 566              		.loc 1 102 9 view .LVU147
 567              	@ user/uart_log.c:102:         u = -i;
 102:user/uart_log.c ****     }
 568              		.loc 1 102 13 is_stmt 0 view .LVU148
 569 019e 4D42     		rsbs	r5, r1, #0	@ u, u
 570 01a0 D2E7     		b	.L27		@
 571              	.LVL57:
 572              	.L34:
 573              	@ user/uart_log.c:108:     while (u) {
 108:user/uart_log.c ****         t = u % b;
 574              		.loc 1 108 12 discriminator 1 view .LVU149
 575 01a2 0546     		mov	r5, r0	@ u, tmp124
 576 01a4 BC46     		mov	ip, r7	@ s, s
 577 01a6 D6E7     		b	.L31		@
 578              	.L33:
 123:user/uart_log.c ****         }
 579              		.loc 1 123 13 is_stmt 1 view .LVU150
 580              	.LVL58:
 581              	@ user/uart_log.c:123:             *--s = '-';
 123:user/uart_log.c ****         }
 582              		.loc 1 123 18 is_stmt 0 view .LVU151
 583 01a8 2D23     		movs	r3, #45	@ tmp131,
 584              	@ user/uart_log.c:91:     register int t, neg = 0, pc = 0;
  91:user/uart_log.c ****     register unsigned int u = i;
 585              		.loc 1 91 30 view .LVU152
 586 01aa 0024     		movs	r4, #0	@ sg,
 587              	.LVL59:
 588              	@ user/uart_log.c:123:             *--s = '-';
 123:user/uart_log.c ****         }
 589              		.loc 1 123 18 view .LVU153
 590 01ac 07F8013C 		strb	r3, [r7, #-1]	@ tmp131, MEM[(char *)s_40 + 4294967295B]
ARM GAS  /tmp/ccXHAvNU.s 			page 15


 591 01b0 ACF10207 		sub	r7, ip, #2	@ s, s,
 592              	.LVL60:
 123:user/uart_log.c ****         }
 593              		.loc 1 123 18 view .LVU154
 594 01b4 E9E7     		b	.L32		@
 595              		.cfi_endproc
 596              	.LFE32:
 597              		.size	printi, .-printi
 598              		.section	.rodata.str1.1,"aMS",%progbits,1
 599              	.LC0:
 600 0000 286E756C 		.ascii	"(null)\000"
 600      6C2900
 601              		.text
 602              		.align	1
 603              		.syntax unified
 604              		.thumb
 605              		.thumb_func
 606              		.type	print, %function
 607              	print:
 608              	.LVL61:
 609              	.LFB33:
 129:user/uart_log.c **** 
 130:user/uart_log.c **** static int print( char **out, const char *format, va_list args )
 131:user/uart_log.c **** {
 610              		.loc 1 131 1 is_stmt 1 view -0
 611              		.cfi_startproc
 612              		@ args = 0, pretend = 0, frame = 8
 613              		@ frame_needed = 0, uses_anonymous_args = 0
 614              		.loc 1 131 1 is_stmt 0 view .LVU156
 615 01b6 2DE9F041 		push	{r4, r5, r6, r7, r8, lr}	@
 616              	.LCFI9:
 617              		.cfi_def_cfa_offset 24
 618              		.cfi_offset 4, -24
 619              		.cfi_offset 5, -20
 620              		.cfi_offset 6, -16
 621              		.cfi_offset 7, -12
 622              		.cfi_offset 8, -8
 623              		.cfi_offset 14, -4
 624 01ba 0746     		mov	r7, r0	@ out, out
 132:user/uart_log.c ****     register int width, pad;
 625              		.loc 1 132 5 is_stmt 1 view .LVU157
 133:user/uart_log.c ****     register int pc = 0;
 626              		.loc 1 133 5 view .LVU158
 627              	.LVL62:
 134:user/uart_log.c ****     char scr[2];
 628              		.loc 1 134 5 view .LVU159
 135:user/uart_log.c **** 
 136:user/uart_log.c ****     for (; *format != 0; ++format) {
 629              		.loc 1 136 5 view .LVU160
 630              	@ user/uart_log.c:131: {
 131:user/uart_log.c ****     register int width, pad;
 631              		.loc 1 131 1 is_stmt 0 view .LVU161
 632 01bc 0E46     		mov	r6, r1	@ format, format
 633 01be 1446     		mov	r4, r2	@ args, args
 634              	@ user/uart_log.c:133:     register int pc = 0;
 133:user/uart_log.c ****     char scr[2];
 635              		.loc 1 133 18 view .LVU162
ARM GAS  /tmp/ccXHAvNU.s 			page 16


 636 01c0 0025     		movs	r5, #0	@ <retval>,
 637              	@ user/uart_log.c:151:                 width *= 10;
 137:user/uart_log.c ****         if (*format == '%') {
 138:user/uart_log.c ****             ++format;
 139:user/uart_log.c ****             width = pad = 0;
 140:user/uart_log.c ****             if (*format == '\0') break;
 141:user/uart_log.c ****             if (*format == '%') goto out;
 142:user/uart_log.c ****             if (*format == '-') {
 143:user/uart_log.c ****                 ++format;
 144:user/uart_log.c ****                 pad = PAD_RIGHT;
 145:user/uart_log.c ****             }
 146:user/uart_log.c ****             while (*format == '0') {
 147:user/uart_log.c ****                 ++format;
 148:user/uart_log.c ****                 pad |= PAD_ZERO;
 149:user/uart_log.c ****             }
 150:user/uart_log.c ****             for ( ; *format >= '0' && *format <= '9'; ++format) {
 151:user/uart_log.c ****                 width *= 10;
 638              		.loc 1 151 23 view .LVU163
 639 01c2 4FF00A08 		mov	r8, #10	@ tmp165,
 640              	@ user/uart_log.c:131: {
 131:user/uart_log.c ****     register int width, pad;
 641              		.loc 1 131 1 view .LVU164
 642 01c6 86B0     		sub	sp, sp, #24	@,,
 643              	.LCFI10:
 644              		.cfi_def_cfa_offset 48
 645              	.LVL63:
 646              	.L48:
 136:user/uart_log.c ****         if (*format == '%') {
 647              		.loc 1 136 20 is_stmt 1 discriminator 2 view .LVU165
 648              	@ user/uart_log.c:136:     for (; *format != 0; ++format) {
 136:user/uart_log.c ****         if (*format == '%') {
 649              		.loc 1 136 12 is_stmt 0 discriminator 2 view .LVU166
 650 01c8 3178     		ldrb	r1, [r6]	@ zero_extendqisi2	@ _16, *format_22
 651              	@ user/uart_log.c:136:     for (; *format != 0; ++format) {
 136:user/uart_log.c ****         if (*format == '%') {
 652              		.loc 1 136 20 discriminator 2 view .LVU167
 653 01ca 31B9     		cbnz	r1, .L66	@ _16,
 654              	.LVL64:
 655              	.L50:
 152:user/uart_log.c ****                 width += *format - '0';
 153:user/uart_log.c ****             }
 154:user/uart_log.c ****             if( *format == 's' ) {
 155:user/uart_log.c ****                 register char *s = (char *)va_arg( args, int );
 156:user/uart_log.c ****                 pc += prints (out, s?s:"(null)", width, pad);
 157:user/uart_log.c ****                 continue;
 158:user/uart_log.c ****             }
 159:user/uart_log.c ****             if( *format == 'd' ) {
 160:user/uart_log.c ****                 pc += printi (out, va_arg( args, int ), 10, 1, width, pad, 'a');
 161:user/uart_log.c ****                 continue;
 162:user/uart_log.c ****             }
 163:user/uart_log.c ****             if( *format == 'x' ) {
 164:user/uart_log.c ****                 pc += printi (out, va_arg( args, int ), 16, 0, width, pad, 'a');
 165:user/uart_log.c ****                 continue;
 166:user/uart_log.c ****             }
 167:user/uart_log.c ****             if( *format == 'X' ) {
 168:user/uart_log.c ****                 pc += printi (out, va_arg( args, int ), 16, 0, width, pad, 'A');
 169:user/uart_log.c ****                 continue;
ARM GAS  /tmp/ccXHAvNU.s 			page 17


 170:user/uart_log.c ****             }
 171:user/uart_log.c ****             if( *format == 'u' ) {
 172:user/uart_log.c ****                 pc += printi (out, va_arg( args, int ), 10, 0, width, pad, 'a');
 173:user/uart_log.c ****                 continue;
 174:user/uart_log.c ****             }
 175:user/uart_log.c ****             if( *format == 'c' ) {
 176:user/uart_log.c ****                 /* char are converted to int then pushed on the stack */
 177:user/uart_log.c ****                 scr[0] = (char)va_arg( args, int );
 178:user/uart_log.c ****                 scr[1] = '\0';
 179:user/uart_log.c ****                 pc += prints (out, scr, width, pad);
 180:user/uart_log.c ****                 continue;
 181:user/uart_log.c ****             }
 182:user/uart_log.c ****         }
 183:user/uart_log.c ****         else {
 184:user/uart_log.c ****             out:
 185:user/uart_log.c ****             printchar (out, *format);
 186:user/uart_log.c ****             ++pc;
 187:user/uart_log.c ****         }
 188:user/uart_log.c ****     }
 189:user/uart_log.c ****     if (out) **out = '\0';
 656              		.loc 1 189 5 is_stmt 1 view .LVU168
 657              	@ user/uart_log.c:189:     if (out) **out = '\0';
 658              		.loc 1 189 8 is_stmt 0 view .LVU169
 659 01cc 0FB1     		cbz	r7, .L47	@ out,
 660              		.loc 1 189 14 is_stmt 1 discriminator 1 view .LVU170
 661              	@ user/uart_log.c:189:     if (out) **out = '\0';
 662              		.loc 1 189 15 is_stmt 0 discriminator 1 view .LVU171
 663 01ce 3B68     		ldr	r3, [r7]	@ _17, *out_38(D)
 664              	@ user/uart_log.c:189:     if (out) **out = '\0';
 665              		.loc 1 189 20 discriminator 1 view .LVU172
 666 01d0 1970     		strb	r1, [r3]	@ _16, *_17
 190:user/uart_log.c ****     va_end( args );
 667              		.loc 1 190 5 is_stmt 1 view .LVU173
 191:user/uart_log.c ****     return pc;
 668              		.loc 1 191 5 view .LVU174
 669              	.L47:
 670              	@ user/uart_log.c:192: }
 192:user/uart_log.c **** }
 671              		.loc 1 192 1 is_stmt 0 view .LVU175
 672 01d2 2846     		mov	r0, r5	@, <retval>
 673 01d4 06B0     		add	sp, sp, #24	@,,
 674              	.LCFI11:
 675              		.cfi_remember_state
 676              		.cfi_def_cfa_offset 24
 677              		@ sp needed	@
 678 01d6 BDE8F081 		pop	{r4, r5, r6, r7, r8, pc}	@
 679              	.LVL65:
 680              	.L66:
 681              	.LCFI12:
 682              		.cfi_restore_state
 137:user/uart_log.c ****             ++format;
 683              		.loc 1 137 9 is_stmt 1 view .LVU176
 684              	@ user/uart_log.c:137:         if (*format == '%') {
 137:user/uart_log.c ****             ++format;
 685              		.loc 1 137 12 is_stmt 0 view .LVU177
 686 01da 2529     		cmp	r1, #37	@ _16,
 687 01dc 60D1     		bne	.L49		@,
ARM GAS  /tmp/ccXHAvNU.s 			page 18


 138:user/uart_log.c ****             width = pad = 0;
 688              		.loc 1 138 13 is_stmt 1 view .LVU178
 689              	.LVL66:
 139:user/uart_log.c ****             if (*format == '\0') break;
 690              		.loc 1 139 13 view .LVU179
 140:user/uart_log.c ****             if (*format == '%') goto out;
 691              		.loc 1 140 13 view .LVU180
 692              	@ user/uart_log.c:140:             if (*format == '\0') break;
 140:user/uart_log.c ****             if (*format == '%') goto out;
 693              		.loc 1 140 17 is_stmt 0 view .LVU181
 694 01de 7178     		ldrb	r1, [r6, #1]	@ zero_extendqisi2	@ _16, MEM[(const char *)format_22 + 1B]
 695              	@ user/uart_log.c:140:             if (*format == '\0') break;
 140:user/uart_log.c ****             if (*format == '%') goto out;
 696              		.loc 1 140 16 view .LVU182
 697 01e0 0029     		cmp	r1, #0	@ _16
 698 01e2 F3D0     		beq	.L50	@
 699              	@ user/uart_log.c:141:             if (*format == '%') goto out;
 141:user/uart_log.c ****             if (*format == '-') {
 700              		.loc 1 141 16 view .LVU183
 701 01e4 2529     		cmp	r1, #37	@ _16,
 702              	@ user/uart_log.c:138:             ++format;
 138:user/uart_log.c ****             width = pad = 0;
 703              		.loc 1 138 13 view .LVU184
 704 01e6 06F10100 		add	r0, r6, #1	@ _46, format,
 141:user/uart_log.c ****             if (*format == '-') {
 705              		.loc 1 141 13 is_stmt 1 view .LVU185
 706              	@ user/uart_log.c:141:             if (*format == '%') goto out;
 141:user/uart_log.c ****             if (*format == '-') {
 707              		.loc 1 141 16 is_stmt 0 view .LVU186
 708 01ea 58D0     		beq	.L68		@,
 142:user/uart_log.c ****                 ++format;
 709              		.loc 1 142 13 is_stmt 1 view .LVU187
 710              	@ user/uart_log.c:142:             if (*format == '-') {
 142:user/uart_log.c ****                 ++format;
 711              		.loc 1 142 16 is_stmt 0 view .LVU188
 712 01ec 2D29     		cmp	r1, #45	@ _16,
 713 01ee 1DD1     		bne	.L69		@,
 143:user/uart_log.c ****                 pad = PAD_RIGHT;
 714              		.loc 1 143 17 is_stmt 1 view .LVU189
 715              	@ user/uart_log.c:144:                 pad = PAD_RIGHT;
 144:user/uart_log.c ****             }
 716              		.loc 1 144 21 is_stmt 0 view .LVU190
 717 01f0 0123     		movs	r3, #1	@ pad,
 718              	@ user/uart_log.c:143:                 ++format;
 143:user/uart_log.c ****                 pad = PAD_RIGHT;
 719              		.loc 1 143 17 view .LVU191
 720 01f2 B01C     		adds	r0, r6, #2	@ _46, format,
 721              	.LVL67:
 144:user/uart_log.c ****             }
 722              		.loc 1 144 17 is_stmt 1 view .LVU192
 723              	.L52:
 146:user/uart_log.c ****                 ++format;
 724              		.loc 1 146 28 discriminator 1 view .LVU193
 725 01f4 0278     		ldrb	r2, [r0]	@ zero_extendqisi2	@ MEM[(const char *)format_18], MEM[(const char *)format_18]
 726              	.LVL68:
 146:user/uart_log.c ****                 ++format;
 727              		.loc 1 146 28 is_stmt 0 discriminator 1 view .LVU194
ARM GAS  /tmp/ccXHAvNU.s 			page 19


 728 01f6 302A     		cmp	r2, #48	@ MEM[(const char *)format_18],
 729 01f8 14D0     		beq	.L53		@,
 730              	@ user/uart_log.c:139:             width = pad = 0;
 139:user/uart_log.c ****             if (*format == '\0') break;
 731              		.loc 1 139 19 view .LVU195
 732 01fa 0022     		movs	r2, #0	@ width,
 733              	.LVL69:
 734              	.L54:
 735              	@ user/uart_log.c:150:             for ( ; *format >= '0' && *format <= '9'; ++format) {
 150:user/uart_log.c ****                 width *= 10;
 736              		.loc 1 150 21 discriminator 2 view .LVU196
 737 01fc 0178     		ldrb	r1, [r0]	@ zero_extendqisi2	@ _5, MEM[(const char *)format_19]
 738 01fe 0646     		mov	r6, r0	@ format, ivtmp.81
 739              	.LVL70:
 150:user/uart_log.c ****                 width *= 10;
 740              		.loc 1 150 36 is_stmt 1 discriminator 2 view .LVU197
 741 0200 A1F1300C 		sub	ip, r1, #48	@ tmp142, _5,
 742 0204 5FFA8CFE 		uxtb	lr, ip	@ tmp143, tmp142
 743 0208 BEF1090F 		cmp	lr, #9	@ tmp143,
 744 020c 10D9     		bls	.L55		@,
 154:user/uart_log.c ****                 register char *s = (char *)va_arg( args, int );
 745              		.loc 1 154 13 view .LVU198
 746 020e 7329     		cmp	r1, #115	@ _5,
 747 0210 1DD0     		beq	.L56		@,
 748 0212 11D8     		bhi	.L57		@,
 749 0214 6329     		cmp	r1, #99	@ _5,
 750 0216 39D0     		beq	.L58		@,
 751 0218 6429     		cmp	r1, #100	@ _5,
 752 021a 22D0     		beq	.L59		@,
 753 021c 5829     		cmp	r1, #88	@ _5,
 754 021e 2DD0     		beq	.L60		@,
 755              	.LVL71:
 756              	.L61:
 136:user/uart_log.c ****         if (*format == '%') {
 757              		.loc 1 136 26 discriminator 1 view .LVU199
 136:user/uart_log.c ****         if (*format == '%') {
 758              		.loc 1 136 26 is_stmt 0 discriminator 1 view .LVU200
 759 0220 0136     		adds	r6, r6, #1	@ format, format,
 760              	.LVL72:
 136:user/uart_log.c ****         if (*format == '%') {
 761              		.loc 1 136 26 discriminator 1 view .LVU201
 762 0222 D1E7     		b	.L48		@
 763              	.LVL73:
 764              	.L53:
 136:user/uart_log.c ****         if (*format == '%') {
 765              		.loc 1 136 26 discriminator 1 view .LVU202
 766 0224 0130     		adds	r0, r0, #1	@ ivtmp.81, ivtmp.81,
 767              	.LVL74:
 147:user/uart_log.c ****                 pad |= PAD_ZERO;
 768              		.loc 1 147 17 is_stmt 1 view .LVU203
 148:user/uart_log.c ****             }
 769              		.loc 1 148 17 view .LVU204
 770              	@ user/uart_log.c:148:                 pad |= PAD_ZERO;
 148:user/uart_log.c ****             }
 771              		.loc 1 148 21 is_stmt 0 view .LVU205
 772 0226 43F00203 		orr	r3, r3, #2	@ pad, pad,
 773              	.LVL75:
ARM GAS  /tmp/ccXHAvNU.s 			page 20


 148:user/uart_log.c ****             }
 774              		.loc 1 148 21 view .LVU206
 775 022a E3E7     		b	.L52		@
 776              	.LVL76:
 777              	.L69:
 778              	@ user/uart_log.c:139:             width = pad = 0;
 139:user/uart_log.c ****             if (*format == '\0') break;
 779              		.loc 1 139 25 view .LVU207
 780 022c 0023     		movs	r3, #0	@ pad,
 781 022e E1E7     		b	.L52		@
 782              	.LVL77:
 783              	.L55:
 784              	@ user/uart_log.c:152:                 width += *format - '0';
 152:user/uart_log.c ****             }
 785              		.loc 1 152 23 view .LVU208
 786 0230 08FB02C2 		mla	r2, r8, r2, ip	@ width, tmp165, width, tmp142
 787              	.LVL78:
 152:user/uart_log.c ****             }
 788              		.loc 1 152 23 view .LVU209
 789 0234 0130     		adds	r0, r0, #1	@ ivtmp.81, ivtmp.81,
 790              	.LVL79:
 151:user/uart_log.c ****                 width += *format - '0';
 791              		.loc 1 151 17 is_stmt 1 view .LVU210
 152:user/uart_log.c ****             }
 792              		.loc 1 152 17 view .LVU211
 150:user/uart_log.c ****                 width *= 10;
 793              		.loc 1 150 55 discriminator 1 view .LVU212
 150:user/uart_log.c ****                 width *= 10;
 794              		.loc 1 150 55 is_stmt 0 discriminator 1 view .LVU213
 795 0236 E1E7     		b	.L54		@
 796              	.LVL80:
 797              	.L57:
 150:user/uart_log.c ****                 width *= 10;
 798              		.loc 1 150 55 discriminator 1 view .LVU214
 799 0238 7529     		cmp	r1, #117	@ _5,
 800 023a 21D0     		beq	.L62		@,
 801 023c 7829     		cmp	r1, #120	@ _5,
 802 023e EFD1     		bne	.L61		@,
 164:user/uart_log.c ****                 continue;
 803              		.loc 1 164 17 is_stmt 1 view .LVU215
 804              	@ user/uart_log.c:164:                 pc += printi (out, va_arg( args, int ), 16, 0, width, pad, '
 164:user/uart_log.c ****                 continue;
 805              		.loc 1 164 23 is_stmt 0 discriminator 1 view .LVU216
 806 0240 6120     		movs	r0, #97	@ tmp148,
 807              	.LVL81:
 808              	.L80:
 809              	@ user/uart_log.c:168:                 pc += printi (out, va_arg( args, int ), 16, 0, width, pad, '
 168:user/uart_log.c ****                 continue;
 810              		.loc 1 168 23 discriminator 1 view .LVU217
 811 0242 CDE90130 		strd	r3, r0, [sp, #4]	@ pad, tmp150,,
 812 0246 0092     		str	r2, [sp]	@ width,
 813 0248 0023     		movs	r3, #0	@,
 814              	.LVL82:
 168:user/uart_log.c ****                 continue;
 815              		.loc 1 168 23 discriminator 1 view .LVU218
 816 024a 1022     		movs	r2, #16	@,
 817              	.LVL83:
ARM GAS  /tmp/ccXHAvNU.s 			page 21


 168:user/uart_log.c ****                 continue;
 818              		.loc 1 168 23 discriminator 1 view .LVU219
 819 024c 0FE0     		b	.L78		@
 820              	.LVL84:
 821              	.L56:
 822              	.LBB3:
 155:user/uart_log.c ****                 pc += prints (out, s?s:"(null)", width, pad);
 823              		.loc 1 155 17 is_stmt 1 view .LVU220
 824              	@ user/uart_log.c:155:                 register char *s = (char *)va_arg( args, int );
 155:user/uart_log.c ****                 pc += prints (out, s?s:"(null)", width, pad);
 825              		.loc 1 155 44 is_stmt 0 view .LVU221
 826 024e 2168     		ldr	r1, [r4]	@ _7, MEM[(int *)_77]
 827              	@ user/uart_log.c:156:                 pc += prints (out, s?s:"(null)", width, pad);
 156:user/uart_log.c ****                 continue;
 828              		.loc 1 156 23 discriminator 3 view .LVU222
 829 0250 1648     		ldr	r0, .L82	@ tmp162,
 830              	.LVL85:
 831              	@ user/uart_log.c:155:                 register char *s = (char *)va_arg( args, int );
 155:user/uart_log.c ****                 pc += prints (out, s?s:"(null)", width, pad);
 832              		.loc 1 155 44 view .LVU223
 833 0252 0434     		adds	r4, r4, #4	@ args, args,
 834              	.LVL86:
 156:user/uart_log.c ****                 continue;
 835              		.loc 1 156 17 is_stmt 1 view .LVU224
 836              	@ user/uart_log.c:156:                 pc += prints (out, s?s:"(null)", width, pad);
 156:user/uart_log.c ****                 continue;
 837              		.loc 1 156 23 is_stmt 0 discriminator 3 view .LVU225
 838 0254 0029     		cmp	r1, #0	@ _7,
 839 0256 08BF     		it	eq		@
 840 0258 0146     		moveq	r1, r0	@,, tmp162
 841              	.LVL87:
 842              	.L81:
 156:user/uart_log.c ****                 continue;
 843              		.loc 1 156 23 discriminator 3 view .LVU226
 844              	.LBE3:
 845              	@ user/uart_log.c:179:                 pc += prints (out, scr, width, pad);
 179:user/uart_log.c ****                 continue;
 846              		.loc 1 179 23 view .LVU227
 847 025a 3846     		mov	r0, r7	@, out
 848 025c FFF71CFF 		bl	prints		@
 849              	.LVL88:
 179:user/uart_log.c ****                 continue;
 850              		.loc 1 179 23 view .LVU228
 851 0260 0AE0     		b	.L77		@
 852              	.LVL89:
 853              	.L59:
 160:user/uart_log.c ****                 continue;
 854              		.loc 1 160 17 is_stmt 1 view .LVU229
 855              	@ user/uart_log.c:160:                 pc += printi (out, va_arg( args, int ), 10, 1, width, pad, '
 160:user/uart_log.c ****                 continue;
 856              		.loc 1 160 23 is_stmt 0 discriminator 1 view .LVU230
 857 0262 6120     		movs	r0, #97	@ tmp146,
 858              	.LVL90:
 160:user/uart_log.c ****                 continue;
 859              		.loc 1 160 23 discriminator 1 view .LVU231
 860 0264 CDE90130 		strd	r3, r0, [sp, #4]	@ pad, tmp146,,
 861 0268 0123     		movs	r3, #1	@,
ARM GAS  /tmp/ccXHAvNU.s 			page 22


 862              	.LVL91:
 160:user/uart_log.c ****                 continue;
 863              		.loc 1 160 23 discriminator 1 view .LVU232
 864 026a 0092     		str	r2, [sp]	@ width,
 865              	.L79:
 160:user/uart_log.c ****                 continue;
 866              		.loc 1 160 23 discriminator 1 view .LVU233
 867 026c 0A22     		movs	r2, #10	@,
 868              	.LVL92:
 869              	.L78:
 160:user/uart_log.c ****                 continue;
 870              		.loc 1 160 23 discriminator 1 view .LVU234
 871 026e 2168     		ldr	r1, [r4]	@,* args
 872 0270 3846     		mov	r0, r7	@, out
 873 0272 0434     		adds	r4, r4, #4	@ args, args,
 874              	.LVL93:
 160:user/uart_log.c ****                 continue;
 875              		.loc 1 160 23 discriminator 1 view .LVU235
 876 0274 FFF750FF 		bl	printi		@
 877              	.LVL94:
 878              	.L77:
 879              	@ user/uart_log.c:160:                 pc += printi (out, va_arg( args, int ), 10, 1, width, pad, '
 160:user/uart_log.c ****                 continue;
 880              		.loc 1 160 20 discriminator 2 view .LVU236
 881 0278 0544     		add	r5, r5, r0	@ <retval>, _56
 882              	.LVL95:
 161:user/uart_log.c ****             }
 883              		.loc 1 161 17 is_stmt 1 view .LVU237
 884 027a D1E7     		b	.L61		@
 885              	.LVL96:
 886              	.L60:
 168:user/uart_log.c ****                 continue;
 887              		.loc 1 168 17 view .LVU238
 888              	@ user/uart_log.c:168:                 pc += printi (out, va_arg( args, int ), 16, 0, width, pad, '
 168:user/uart_log.c ****                 continue;
 889              		.loc 1 168 23 is_stmt 0 discriminator 1 view .LVU239
 890 027c 4120     		movs	r0, #65	@ tmp150,
 891              	.LVL97:
 168:user/uart_log.c ****                 continue;
 892              		.loc 1 168 23 discriminator 1 view .LVU240
 893 027e E0E7     		b	.L80		@
 894              	.LVL98:
 895              	.L62:
 172:user/uart_log.c ****                 continue;
 896              		.loc 1 172 17 is_stmt 1 view .LVU241
 897              	@ user/uart_log.c:172:                 pc += printi (out, va_arg( args, int ), 10, 0, width, pad, '
 172:user/uart_log.c ****                 continue;
 898              		.loc 1 172 23 is_stmt 0 discriminator 1 view .LVU242
 899 0280 6120     		movs	r0, #97	@ tmp152,
 900              	.LVL99:
 172:user/uart_log.c ****                 continue;
 901              		.loc 1 172 23 discriminator 1 view .LVU243
 902 0282 0092     		str	r2, [sp]	@ width,
 903 0284 CDE90130 		strd	r3, r0, [sp, #4]	@ pad, tmp152,,
 904 0288 0023     		movs	r3, #0	@,
 905              	.LVL100:
 172:user/uart_log.c ****                 continue;
ARM GAS  /tmp/ccXHAvNU.s 			page 23


 906              		.loc 1 172 23 discriminator 1 view .LVU244
 907 028a EFE7     		b	.L79		@
 908              	.LVL101:
 909              	.L58:
 177:user/uart_log.c ****                 scr[1] = '\0';
 910              		.loc 1 177 17 is_stmt 1 view .LVU245
 911              	@ user/uart_log.c:177:                 scr[0] = (char)va_arg( args, int );
 177:user/uart_log.c ****                 scr[1] = '\0';
 912              		.loc 1 177 26 is_stmt 0 discriminator 1 view .LVU246
 913 028c 2168     		ldr	r1, [r4]	@ MEM[(int *)_97], MEM[(int *)_97]
 914 028e 0434     		adds	r4, r4, #4	@ args, args,
 915              	.LVL102:
 177:user/uart_log.c ****                 scr[1] = '\0';
 916              		.loc 1 177 26 discriminator 1 view .LVU247
 917 0290 8DF81410 		strb	r1, [sp, #20]	@ MEM[(int *)_97], scr[0]
 178:user/uart_log.c ****                 pc += prints (out, scr, width, pad);
 918              		.loc 1 178 17 is_stmt 1 view .LVU248
 919              	@ user/uart_log.c:178:                 scr[1] = '\0';
 178:user/uart_log.c ****                 pc += prints (out, scr, width, pad);
 920              		.loc 1 178 24 is_stmt 0 view .LVU249
 921 0294 0021     		movs	r1, #0	@ tmp156,
 922 0296 8DF81510 		strb	r1, [sp, #21]	@ tmp156, scr[1]
 179:user/uart_log.c ****                 continue;
 923              		.loc 1 179 17 is_stmt 1 view .LVU250
 924              	@ user/uart_log.c:179:                 pc += prints (out, scr, width, pad);
 179:user/uart_log.c ****                 continue;
 925              		.loc 1 179 23 is_stmt 0 view .LVU251
 926 029a 05A9     		add	r1, sp, #20	@,,
 927 029c DDE7     		b	.L81		@
 928              	.LVL103:
 929              	.L68:
 930              	@ user/uart_log.c:138:             ++format;
 138:user/uart_log.c ****             width = pad = 0;
 931              		.loc 1 138 13 view .LVU252
 932 029e 0646     		mov	r6, r0	@ format, _46
 933              	.LVL104:
 934              	.L49:
 185:user/uart_log.c ****             ++pc;
 935              		.loc 1 185 13 is_stmt 1 view .LVU253
 936 02a0 3846     		mov	r0, r7	@, out
 937 02a2 FFF7FEFF 		bl	printchar		@
 938              	.LVL105:
 186:user/uart_log.c ****         }
 939              		.loc 1 186 13 view .LVU254
 940 02a6 0135     		adds	r5, r5, #1	@ <retval>, <retval>,
 941              	.LVL106:
 186:user/uart_log.c ****         }
 942              		.loc 1 186 13 is_stmt 0 view .LVU255
 943 02a8 BAE7     		b	.L61		@
 944              	.L83:
 945 02aa 00BF     		.align	2
 946              	.L82:
 947 02ac 00000000 		.word	.LC0
 948              		.cfi_endproc
 949              	.LFE33:
 950              		.size	print, .-print
 951              		.align	1
ARM GAS  /tmp/ccXHAvNU.s 			page 24


 952              		.global	printf
 953              		.syntax unified
 954              		.thumb
 955              		.thumb_func
 956              		.type	printf, %function
 957              	printf:
 958              	.LVL107:
 959              	.LFB34:
 193:user/uart_log.c **** 
 194:user/uart_log.c **** int printf(const char *format, ...)
 195:user/uart_log.c **** {
 960              		.loc 1 195 1 is_stmt 1 view -0
 961              		.cfi_startproc
 962              		@ args = 4, pretend = 16, frame = 8
 963              		@ frame_needed = 0, uses_anonymous_args = 1
 196:user/uart_log.c ****     va_list args;
 964              		.loc 1 196 5 view .LVU257
 197:user/uart_log.c **** 
 198:user/uart_log.c ****     va_start( args, format );
 965              		.loc 1 198 5 view .LVU258
 966              	@ user/uart_log.c:195: {
 195:user/uart_log.c ****     va_list args;
 967              		.loc 1 195 1 is_stmt 0 view .LVU259
 968 02b0 0FB4     		push	{r0, r1, r2, r3}	@
 969              	.LCFI13:
 970              		.cfi_def_cfa_offset 16
 971              		.cfi_offset 0, -16
 972              		.cfi_offset 1, -12
 973              		.cfi_offset 2, -8
 974              		.cfi_offset 3, -4
 975 02b2 07B5     		push	{r0, r1, r2, lr}	@
 976              	.LCFI14:
 977              		.cfi_def_cfa_offset 32
 978              		.cfi_offset 14, -20
 979              	@ user/uart_log.c:195: {
 195:user/uart_log.c ****     va_list args;
 980              		.loc 1 195 1 view .LVU260
 981 02b4 04AA     		add	r2, sp, #16	@ tmp96,,
 982 02b6 52F8041B 		ldr	r1, [r2], #4	@ format, format
 983              	@ user/uart_log.c:199:     return print( 0, format, args );
 199:user/uart_log.c ****     return print( 0, format, args );
 984              		.loc 1 199 12 view .LVU261
 985 02ba 0020     		movs	r0, #0	@,
 986              	@ user/uart_log.c:198:     va_start( args, format );
 198:user/uart_log.c ****     return print( 0, format, args );
 987              		.loc 1 198 5 view .LVU262
 988 02bc 0192     		str	r2, [sp, #4]	@ tmp96, MEM[(struct  *)&args].__ap
 989              		.loc 1 199 5 is_stmt 1 view .LVU263
 990              	@ user/uart_log.c:199:     return print( 0, format, args );
 991              		.loc 1 199 12 is_stmt 0 view .LVU264
 992 02be FFF77AFF 		bl	print		@
 993              	.LVL108:
 994              	@ user/uart_log.c:200: }
 200:user/uart_log.c **** }
 995              		.loc 1 200 1 view .LVU265
 996 02c2 03B0     		add	sp, sp, #12	@,,
 997              	.LCFI15:
ARM GAS  /tmp/ccXHAvNU.s 			page 25


 998              		.cfi_def_cfa_offset 20
 999              		@ sp needed	@
 1000 02c4 5DF804EB 		ldr	lr, [sp], #4	@,
 1001              	.LCFI16:
 1002              		.cfi_restore 14
 1003              		.cfi_def_cfa_offset 16
 1004 02c8 04B0     		add	sp, sp, #16	@,,
 1005              	.LCFI17:
 1006              		.cfi_restore 3
 1007              		.cfi_restore 2
 1008              		.cfi_restore 1
 1009              		.cfi_restore 0
 1010              		.cfi_def_cfa_offset 0
 1011 02ca 7047     		bx	lr	@
 1012              		.cfi_endproc
 1013              	.LFE34:
 1014              		.size	printf, .-printf
 1015              		.section	.rodata.str1.1
 1016              	.LC1:
 1017 0007 0A00     		.ascii	"\012\000"
 1018              		.text
 1019              		.align	1
 1020              		.global	debug
 1021              		.syntax unified
 1022              		.thumb
 1023              		.thumb_func
 1024              		.type	debug, %function
 1025              	debug:
 1026              	.LVL109:
 1027              	.LFB35:
 201:user/uart_log.c **** 
 202:user/uart_log.c **** void debug(const char *format, ...)
 203:user/uart_log.c **** {
 1028              		.loc 1 203 1 is_stmt 1 view -0
 1029              		.cfi_startproc
 1030              		@ args = 4, pretend = 16, frame = 8
 1031              		@ frame_needed = 0, uses_anonymous_args = 1
 204:user/uart_log.c ****     va_list args;
 1032              		.loc 1 204 5 view .LVU267
 205:user/uart_log.c **** 
 206:user/uart_log.c ****     va_start( args, format );
 1033              		.loc 1 206 5 view .LVU268
 1034              	@ user/uart_log.c:203: {
 203:user/uart_log.c ****     va_list args;
 1035              		.loc 1 203 1 is_stmt 0 view .LVU269
 1036 02cc 0FB4     		push	{r0, r1, r2, r3}	@
 1037              	.LCFI18:
 1038              		.cfi_def_cfa_offset 16
 1039              		.cfi_offset 0, -16
 1040              		.cfi_offset 1, -12
 1041              		.cfi_offset 2, -8
 1042              		.cfi_offset 3, -4
 1043 02ce 07B5     		push	{r0, r1, r2, lr}	@
 1044              	.LCFI19:
 1045              		.cfi_def_cfa_offset 32
 1046              		.cfi_offset 14, -20
 1047              	@ user/uart_log.c:203: {
ARM GAS  /tmp/ccXHAvNU.s 			page 26


 203:user/uart_log.c ****     va_list args;
 1048              		.loc 1 203 1 view .LVU270
 1049 02d0 04AA     		add	r2, sp, #16	@ tmp95,,
 1050 02d2 52F8041B 		ldr	r1, [r2], #4	@ format, format
 1051              	@ user/uart_log.c:207:     print( 0, format, args );
 207:user/uart_log.c ****     print( 0, format, args );
 1052              		.loc 1 207 5 view .LVU271
 1053 02d6 0020     		movs	r0, #0	@,
 1054              	@ user/uart_log.c:206:     va_start( args, format );
 206:user/uart_log.c ****     print( 0, format, args );
 1055              		.loc 1 206 5 view .LVU272
 1056 02d8 0192     		str	r2, [sp, #4]	@ tmp95, MEM[(struct  *)&args].__ap
 1057              		.loc 1 207 5 is_stmt 1 view .LVU273
 1058 02da FFF76CFF 		bl	print		@
 1059              	.LVL110:
 208:user/uart_log.c ****     print( 0, "\n", args);
 1060              		.loc 1 208 5 view .LVU274
 1061 02de 019A     		ldr	r2, [sp, #4]	@, args
 1062 02e0 0449     		ldr	r1, .L86	@,
 1063 02e2 0020     		movs	r0, #0	@,
 1064 02e4 FFF767FF 		bl	print		@
 1065              	.LVL111:
 1066              	@ user/uart_log.c:209: }
 209:user/uart_log.c **** }
 1067              		.loc 1 209 1 is_stmt 0 view .LVU275
 1068 02e8 03B0     		add	sp, sp, #12	@,,
 1069              	.LCFI20:
 1070              		.cfi_def_cfa_offset 20
 1071              		@ sp needed	@
 1072 02ea 5DF804EB 		ldr	lr, [sp], #4	@,
 1073              	.LCFI21:
 1074              		.cfi_restore 14
 1075              		.cfi_def_cfa_offset 16
 1076 02ee 04B0     		add	sp, sp, #16	@,,
 1077              	.LCFI22:
 1078              		.cfi_restore 3
 1079              		.cfi_restore 2
 1080              		.cfi_restore 1
 1081              		.cfi_restore 0
 1082              		.cfi_def_cfa_offset 0
 1083 02f0 7047     		bx	lr	@
 1084              	.L87:
 1085 02f2 00BF     		.align	2
 1086              	.L86:
 1087 02f4 07000000 		.word	.LC1
 1088              		.cfi_endproc
 1089              	.LFE35:
 1090              		.size	debug, .-debug
 1091              		.align	1
 1092              		.global	sprintf
 1093              		.syntax unified
 1094              		.thumb
 1095              		.thumb_func
 1096              		.type	sprintf, %function
 1097              	sprintf:
 1098              	.LVL112:
 1099              	.LFB36:
ARM GAS  /tmp/ccXHAvNU.s 			page 27


 210:user/uart_log.c **** 
 211:user/uart_log.c **** int sprintf(char *out, const char *format, ...)
 212:user/uart_log.c **** {
 1100              		.loc 1 212 1 is_stmt 1 view -0
 1101              		.cfi_startproc
 1102              		@ args = 4, pretend = 12, frame = 16
 1103              		@ frame_needed = 0, uses_anonymous_args = 1
 213:user/uart_log.c ****     va_list args;
 1104              		.loc 1 213 5 view .LVU277
 214:user/uart_log.c **** 
 215:user/uart_log.c ****     va_start( args, format );
 1105              		.loc 1 215 5 view .LVU278
 1106              	@ user/uart_log.c:212: {
 212:user/uart_log.c ****     va_list args;
 1107              		.loc 1 212 1 is_stmt 0 view .LVU279
 1108 02f8 0EB4     		push	{r1, r2, r3}	@
 1109              	.LCFI23:
 1110              		.cfi_def_cfa_offset 12
 1111              		.cfi_offset 1, -12
 1112              		.cfi_offset 2, -8
 1113              		.cfi_offset 3, -4
 1114 02fa 0FB5     		push	{r0, r1, r2, r3, lr}	@
 1115              	.LCFI24:
 1116              		.cfi_def_cfa_offset 32
 1117              		.cfi_offset 14, -16
 1118              	@ user/uart_log.c:212: {
 212:user/uart_log.c ****     va_list args;
 1119              		.loc 1 212 1 view .LVU280
 1120 02fc 05AA     		add	r2, sp, #20	@ tmp96,,
 1121 02fe 52F8041B 		ldr	r1, [r2], #4	@ format, format
 1122 0302 0190     		str	r0, [sp, #4]	@ out, out
 1123              	@ user/uart_log.c:216:     return print( &out, format, args );
 216:user/uart_log.c ****     return print( &out, format, args );
 1124              		.loc 1 216 12 view .LVU281
 1125 0304 01A8     		add	r0, sp, #4	@,,
 1126              	.LVL113:
 1127              	@ user/uart_log.c:215:     va_start( args, format );
 215:user/uart_log.c ****     return print( &out, format, args );
 1128              		.loc 1 215 5 view .LVU282
 1129 0306 0392     		str	r2, [sp, #12]	@ tmp96, MEM[(struct  *)&args].__ap
 1130              		.loc 1 216 5 is_stmt 1 view .LVU283
 1131              	@ user/uart_log.c:216:     return print( &out, format, args );
 1132              		.loc 1 216 12 is_stmt 0 view .LVU284
 1133 0308 FFF755FF 		bl	print		@
 1134              	.LVL114:
 1135              	@ user/uart_log.c:217: }
 217:user/uart_log.c **** }
 1136              		.loc 1 217 1 view .LVU285
 1137 030c 04B0     		add	sp, sp, #16	@,,
 1138              	.LCFI25:
 1139              		.cfi_def_cfa_offset 16
 1140              		@ sp needed	@
 1141 030e 5DF804EB 		ldr	lr, [sp], #4	@,
 1142              	.LCFI26:
 1143              		.cfi_restore 14
 1144              		.cfi_def_cfa_offset 12
 1145 0312 03B0     		add	sp, sp, #12	@,,
ARM GAS  /tmp/ccXHAvNU.s 			page 28


 1146              	.LCFI27:
 1147              		.cfi_restore 3
 1148              		.cfi_restore 2
 1149              		.cfi_restore 1
 1150              		.cfi_def_cfa_offset 0
 1151 0314 7047     		bx	lr	@
 1152              		.cfi_endproc
 1153              	.LFE36:
 1154              		.size	sprintf, .-sprintf
 1155              		.align	1
 1156              		.global	snprintf
 1157              		.syntax unified
 1158              		.thumb
 1159              		.thumb_func
 1160              		.type	snprintf, %function
 1161              	snprintf:
 1162              	.LVL115:
 1163              	.LFB37:
 218:user/uart_log.c **** 
 219:user/uart_log.c **** int snprintf( char *buf, unsigned int count, const char *format, ... )
 220:user/uart_log.c **** {
 1164              		.loc 1 220 1 is_stmt 1 view -0
 1165              		.cfi_startproc
 1166              		@ args = 4, pretend = 8, frame = 16
 1167              		@ frame_needed = 0, uses_anonymous_args = 1
 221:user/uart_log.c ****     va_list args;
 1168              		.loc 1 221 5 view .LVU287
 222:user/uart_log.c **** 
 223:user/uart_log.c ****     ( void ) count;
 1169              		.loc 1 223 5 view .LVU288
 224:user/uart_log.c **** 
 225:user/uart_log.c ****     va_start( args, format );
 1170              		.loc 1 225 5 view .LVU289
 1171              	@ user/uart_log.c:220: {
 220:user/uart_log.c ****     va_list args;
 1172              		.loc 1 220 1 is_stmt 0 view .LVU290
 1173 0316 0CB4     		push	{r2, r3}	@
 1174              	.LCFI28:
 1175              		.cfi_def_cfa_offset 8
 1176              		.cfi_offset 2, -8
 1177              		.cfi_offset 3, -4
 1178 0318 1FB5     		push	{r0, r1, r2, r3, r4, lr}	@
 1179              	.LCFI29:
 1180              		.cfi_def_cfa_offset 32
 1181              		.cfi_offset 14, -12
 1182              	@ user/uart_log.c:220: {
 220:user/uart_log.c ****     va_list args;
 1183              		.loc 1 220 1 view .LVU291
 1184 031a 06AA     		add	r2, sp, #24	@ tmp97,,
 1185 031c 52F8041B 		ldr	r1, [r2], #4	@ format, format
 1186              	.LVL116:
 220:user/uart_log.c ****     va_list args;
 1187              		.loc 1 220 1 view .LVU292
 1188 0320 0190     		str	r0, [sp, #4]	@ buf, buf
 1189              	@ user/uart_log.c:226:     return print( &buf, format, args );
 226:user/uart_log.c ****     return print( &buf, format, args );
 1190              		.loc 1 226 12 view .LVU293
ARM GAS  /tmp/ccXHAvNU.s 			page 29


 1191 0322 01A8     		add	r0, sp, #4	@,,
 1192              	.LVL117:
 1193              	@ user/uart_log.c:225:     va_start( args, format );
 225:user/uart_log.c ****     return print( &buf, format, args );
 1194              		.loc 1 225 5 view .LVU294
 1195 0324 0392     		str	r2, [sp, #12]	@ tmp97, MEM[(struct  *)&args].__ap
 1196              		.loc 1 226 5 is_stmt 1 view .LVU295
 1197              	@ user/uart_log.c:226:     return print( &buf, format, args );
 1198              		.loc 1 226 12 is_stmt 0 view .LVU296
 1199 0326 FFF746FF 		bl	print		@
 1200              	.LVL118:
 1201              	@ user/uart_log.c:227: }
 227:user/uart_log.c **** }
 1202              		.loc 1 227 1 view .LVU297
 1203 032a 05B0     		add	sp, sp, #20	@,,
 1204              	.LCFI30:
 1205              		.cfi_def_cfa_offset 12
 1206              		@ sp needed	@
 1207 032c 5DF804EB 		ldr	lr, [sp], #4	@,
 1208              	.LCFI31:
 1209              		.cfi_restore 14
 1210              		.cfi_def_cfa_offset 8
 1211 0330 02B0     		add	sp, sp, #8	@,,
 1212              	.LCFI32:
 1213              		.cfi_restore 3
 1214              		.cfi_restore 2
 1215              		.cfi_def_cfa_offset 0
 1216 0332 7047     		bx	lr	@
 1217              		.cfi_endproc
 1218              	.LFE37:
 1219              		.size	snprintf, .-snprintf
 1220              		.align	1
 1221              		.global	USART2_IRQHandler
 1222              		.syntax unified
 1223              		.thumb
 1224              		.thumb_func
 1225              		.type	USART2_IRQHandler, %function
 1226              	USART2_IRQHandler:
 1227              	.LFB38:
 228:user/uart_log.c **** 
 229:user/uart_log.c **** 
 230:user/uart_log.c **** // UART2 interrupt
 231:user/uart_log.c **** void USART2_IRQHandler(void)
 232:user/uart_log.c **** {
 1228              		.loc 1 232 1 is_stmt 1 view -0
 1229              		.cfi_startproc
 1230              		@ args = 0, pretend = 0, frame = 0
 1231              		@ frame_needed = 0, uses_anonymous_args = 0
 233:user/uart_log.c ****     uint8_t data;
 1232              		.loc 1 233 5 view .LVU299
 234:user/uart_log.c ****     if(USART_GetITStatus(USART2, USART_IT_RXNE) != RESET)
 1233              		.loc 1 234 5 view .LVU300
 1234              	@ user/uart_log.c:232: {
 232:user/uart_log.c ****     uint8_t data;
 1235              		.loc 1 232 1 is_stmt 0 view .LVU301
 1236 0334 08B5     		push	{r3, lr}	@
 1237              	.LCFI33:
ARM GAS  /tmp/ccXHAvNU.s 			page 30


 1238              		.cfi_def_cfa_offset 8
 1239              		.cfi_offset 3, -8
 1240              		.cfi_offset 14, -4
 1241              	@ user/uart_log.c:234:     if(USART_GetITStatus(USART2, USART_IT_RXNE) != RESET)
 1242              		.loc 1 234 8 view .LVU302
 1243 0336 40F22551 		movw	r1, #1317	@,
 1244 033a 0948     		ldr	r0, .L92	@,
 1245 033c FFF7FEFF 		bl	USART_GetITStatus		@
 1246              	.LVL119:
 1247              	@ user/uart_log.c:234:     if(USART_GetITStatus(USART2, USART_IT_RXNE) != RESET)
 1248              		.loc 1 234 7 discriminator 1 view .LVU303
 1249 0340 68B1     		cbz	r0, .L90	@ tmp100,
 235:user/uart_log.c ****     {
 236:user/uart_log.c ****         data = USART_ReceiveData(USART2);
 1250              		.loc 1 236 9 is_stmt 1 view .LVU304
 1251              	@ user/uart_log.c:236:         data = USART_ReceiveData(USART2);
 1252              		.loc 1 236 16 is_stmt 0 view .LVU305
 1253 0342 0748     		ldr	r0, .L92	@,
 1254 0344 FFF7FEFF 		bl	USART_ReceiveData		@
 1255              	.LVL120:
 237:user/uart_log.c ****         /* add debug uart receive here */
 238:user/uart_log.c ****         // uart_receive_input(data);
 239:user/uart_log.c **** 
 240:user/uart_log.c ****         USART_ClearFlag(USART2, USART_FLAG_RXNE);
 1256              		.loc 1 240 9 is_stmt 1 view .LVU306
 1257 0348 2021     		movs	r1, #32	@,
 1258 034a 0548     		ldr	r0, .L92	@,
 1259 034c FFF7FEFF 		bl	USART_ClearFlag		@
 1260              	.LVL121:
 241:user/uart_log.c ****         USART_ClearITPendingBit(USART2, USART_IT_RXNE);
 1261              		.loc 1 241 9 view .LVU307
 1262              	@ user/uart_log.c:243: }
 242:user/uart_log.c ****     }
 243:user/uart_log.c **** }
 1263              		.loc 1 243 1 is_stmt 0 view .LVU308
 1264 0350 BDE80840 		pop	{r3, lr}	@
 1265              	.LCFI34:
 1266              		.cfi_remember_state
 1267              		.cfi_restore 14
 1268              		.cfi_restore 3
 1269              		.cfi_def_cfa_offset 0
 1270              	@ user/uart_log.c:241:         USART_ClearITPendingBit(USART2, USART_IT_RXNE);
 241:user/uart_log.c ****         USART_ClearITPendingBit(USART2, USART_IT_RXNE);
 1271              		.loc 1 241 9 view .LVU309
 1272 0354 40F22551 		movw	r1, #1317	@,
 1273 0358 0148     		ldr	r0, .L92	@,
 1274 035a FFF7FEBF 		b	USART_ClearITPendingBit		@
 1275              	.LVL122:
 1276              	.L90:
 1277              	.LCFI35:
 1278              		.cfi_restore_state
 1279              	@ user/uart_log.c:243: }
 1280              		.loc 1 243 1 view .LVU310
 1281 035e 08BD     		pop	{r3, pc}	@
 1282              	.L93:
 1283              		.align	2
 1284              	.L92:
ARM GAS  /tmp/ccXHAvNU.s 			page 31


 1285 0360 00440040 		.word	1073759232
 1286              		.cfi_endproc
 1287              	.LFE38:
 1288              		.size	USART2_IRQHandler, .-USART2_IRQHandler
 1289              	.Letext0:
 1290              		.file 2 "/usr/lib/gcc/arm-none-eabi/16.2.0/include/stdarg.h"
 1291              		.file 3 "/usr/arm-none-eabi/include/machine/_default_types.h"
 1292              		.file 4 "/usr/arm-none-eabi/include/sys/_stdint.h"
 1293              		.file 5 "./stm32f10x_lib/CMSIS/CM3/DeviceSupport/ST/STM32F10x/stm32f10x.h"
 1294              		.file 6 "./stm32f10x_lib/STM32F10x_StdPeriph_Driver/inc/stm32f10x_gpio.h"
 1295              		.file 7 "./stm32f10x_lib/STM32F10x_StdPeriph_Driver/inc/stm32f10x_usart.h"
 1296              		.file 8 "./stm32f10x_lib/STM32F10x_StdPeriph_Driver/inc/stm32f10x_rcc.h"
 1297              		.file 9 "<built-in>"
 1298              		.section	.debug_info,"",%progbits
 1299              	.Ldebug_info0:
 1300 0000 FE0C0000 		.4byte	0xcfe
 1301 0004 0200     		.2byte	0x2
 1302 0006 00000000 		.4byte	.Ldebug_abbrev0
 1303 000a 04       		.byte	0x4
 1304 000b 01       		.uleb128 0x1
 1305 000c AB020000 		.4byte	.LASF93
 1306 0010 0C       		.byte	0xc
 1307 0011 B4000000 		.4byte	.LASF94
 1308 0015 D6000000 		.4byte	.LASF95
 1309 0019 00000000 		.4byte	.Ltext0
 1310 001d 64030000 		.4byte	.Letext0
 1311 0021 00000000 		.4byte	.Ldebug_line0
 1312 0025 02       		.uleb128 0x2
 1313 0026 04       		.byte	0x4
 1314 0027 07       		.byte	0x7
 1315 0028 EF010000 		.4byte	.LASF0
 1316 002c 02       		.uleb128 0x2
 1317 002d 08       		.byte	0x8
 1318 002e 07       		.byte	0x7
 1319 002f 57000000 		.4byte	.LASF1
 1320 0033 03       		.uleb128 0x3
 1321 0034 23030000 		.4byte	.LASF2
 1322 0038 02       		.byte	0x2
 1323 0039 28       		.byte	0x28
 1324 003a 1B       		.byte	0x1b
 1325 003b 3F000000 		.4byte	0x3f
 1326 003f 04       		.uleb128 0x4
 1327 0040 44010000 		.4byte	.LASF96
 1328 0044 04       		.byte	0x4
 1329 0045 09       		.byte	0x9
 1330 0046 00       		.byte	0
 1331 0047 59000000 		.4byte	0x59
 1332 004b 05       		.uleb128 0x5
 1333 004c D8040000 		.4byte	.LASF97
 1334 0050 59000000 		.4byte	0x59
 1335 0054 02       		.byte	0x2
 1336 0055 23       		.byte	0x23
 1337 0056 00       		.uleb128 0
 1338 0057 01       		.byte	0x1
 1339 0058 00       		.byte	0
 1340 0059 06       		.uleb128 0x6
 1341 005a 04       		.byte	0x4
ARM GAS  /tmp/ccXHAvNU.s 			page 32


 1342 005b 03       		.uleb128 0x3
 1343 005c 41000000 		.4byte	.LASF3
 1344 0060 02       		.byte	0x2
 1345 0061 68       		.byte	0x68
 1346 0062 18       		.byte	0x18
 1347 0063 33000000 		.4byte	0x33
 1348 0067 02       		.uleb128 0x2
 1349 0068 01       		.byte	0x1
 1350 0069 06       		.byte	0x6
 1351 006a A8000000 		.4byte	.LASF4
 1352 006e 03       		.uleb128 0x3
 1353 006f 26000000 		.4byte	.LASF5
 1354 0073 03       		.byte	0x3
 1355 0074 2B       		.byte	0x2b
 1356 0075 18       		.byte	0x18
 1357 0076 7A000000 		.4byte	0x7a
 1358 007a 02       		.uleb128 0x2
 1359 007b 01       		.byte	0x1
 1360 007c 08       		.byte	0x8
 1361 007d 11040000 		.4byte	.LASF6
 1362 0081 02       		.uleb128 0x2
 1363 0082 02       		.byte	0x2
 1364 0083 05       		.byte	0x5
 1365 0084 8F020000 		.4byte	.LASF7
 1366 0088 03       		.uleb128 0x3
 1367 0089 9A040000 		.4byte	.LASF8
 1368 008d 03       		.byte	0x3
 1369 008e 39       		.byte	0x39
 1370 008f 19       		.byte	0x19
 1371 0090 94000000 		.4byte	0x94
 1372 0094 02       		.uleb128 0x2
 1373 0095 02       		.byte	0x2
 1374 0096 07       		.byte	0x7
 1375 0097 53020000 		.4byte	.LASF9
 1376 009b 02       		.uleb128 0x2
 1377 009c 04       		.byte	0x4
 1378 009d 05       		.byte	0x5
 1379 009e 3B010000 		.4byte	.LASF10
 1380 00a2 03       		.uleb128 0x3
 1381 00a3 96010000 		.4byte	.LASF11
 1382 00a7 03       		.byte	0x3
 1383 00a8 4F       		.byte	0x4f
 1384 00a9 19       		.byte	0x19
 1385 00aa AE000000 		.4byte	0xae
 1386 00ae 02       		.uleb128 0x2
 1387 00af 04       		.byte	0x4
 1388 00b0 07       		.byte	0x7
 1389 00b1 03020000 		.4byte	.LASF12
 1390 00b5 02       		.uleb128 0x2
 1391 00b6 08       		.byte	0x8
 1392 00b7 05       		.byte	0x5
 1393 00b8 9A000000 		.4byte	.LASF13
 1394 00bc 07       		.uleb128 0x7
 1395 00bd 04       		.byte	0x4
 1396 00be 05       		.byte	0x5
 1397 00bf 696E7400 		.ascii	"int\000"
 1398 00c3 03       		.uleb128 0x3
ARM GAS  /tmp/ccXHAvNU.s 			page 33


 1399 00c4 0B050000 		.4byte	.LASF14
 1400 00c8 04       		.byte	0x4
 1401 00c9 18       		.byte	0x18
 1402 00ca 13       		.byte	0x13
 1403 00cb 6E000000 		.4byte	0x6e
 1404 00cf 03       		.uleb128 0x3
 1405 00d0 55010000 		.4byte	.LASF15
 1406 00d4 04       		.byte	0x4
 1407 00d5 24       		.byte	0x24
 1408 00d6 14       		.byte	0x14
 1409 00d7 88000000 		.4byte	0x88
 1410 00db 08       		.uleb128 0x8
 1411 00dc CF000000 		.4byte	0xcf
 1412 00e0 03       		.uleb128 0x3
 1413 00e1 75040000 		.4byte	.LASF16
 1414 00e5 04       		.byte	0x4
 1415 00e6 30       		.byte	0x30
 1416 00e7 14       		.byte	0x14
 1417 00e8 A2000000 		.4byte	0xa2
 1418 00ec 08       		.uleb128 0x8
 1419 00ed E0000000 		.4byte	0xe0
 1420 00f1 09       		.uleb128 0x9
 1421 00f2 07       		.byte	0x7
 1422 00f3 01       		.byte	0x1
 1423 00f4 7A000000 		.4byte	0x7a
 1424 00f8 05       		.byte	0x5
 1425 00f9 0702     		.2byte	0x207
 1426 00fb 0E       		.byte	0xe
 1427 00fc 0D010000 		.4byte	0x10d
 1428 0100 0A       		.uleb128 0xa
 1429 0101 F7030000 		.4byte	.LASF17
 1430 0105 00       		.byte	0
 1431 0106 0B       		.uleb128 0xb
 1432 0107 53455400 		.ascii	"SET\000"
 1433 010b 01       		.byte	0x1
 1434 010c 00       		.byte	0
 1435 010d 0C       		.uleb128 0xc
 1436 010e 1B000000 		.4byte	.LASF18
 1437 0112 05       		.byte	0x5
 1438 0113 0702     		.2byte	0x207
 1439 0115 28       		.byte	0x28
 1440 0116 F1000000 		.4byte	0xf1
 1441 011a 0C       		.uleb128 0xc
 1442 011b E6010000 		.4byte	.LASF19
 1443 011f 05       		.byte	0x5
 1444 0120 0702     		.2byte	0x207
 1445 0122 34       		.byte	0x34
 1446 0123 F1000000 		.4byte	0xf1
 1447 0127 09       		.uleb128 0x9
 1448 0128 07       		.byte	0x7
 1449 0129 01       		.byte	0x1
 1450 012a 7A000000 		.4byte	0x7a
 1451 012e 05       		.byte	0x5
 1452 012f 0902     		.2byte	0x209
 1453 0131 0E       		.byte	0xe
 1454 0132 43010000 		.4byte	0x143
 1455 0136 0A       		.uleb128 0xa
ARM GAS  /tmp/ccXHAvNU.s 			page 34


 1456 0137 4F000000 		.4byte	.LASF20
 1457 013b 00       		.byte	0
 1458 013c 0A       		.uleb128 0xa
 1459 013d 4E010000 		.4byte	.LASF21
 1460 0141 01       		.byte	0x1
 1461 0142 00       		.byte	0
 1462 0143 0C       		.uleb128 0xc
 1463 0144 D6010000 		.4byte	.LASF22
 1464 0148 05       		.byte	0x5
 1465 0149 0902     		.2byte	0x209
 1466 014b 2F       		.byte	0x2f
 1467 014c 27010000 		.4byte	0x127
 1468 0150 0D       		.uleb128 0xd
 1469 0151 1C       		.byte	0x1c
 1470 0152 05       		.byte	0x5
 1471 0153 E903     		.2byte	0x3e9
 1472 0155 09       		.byte	0x9
 1473 0156 CB010000 		.4byte	0x1cb
 1474 015a 0E       		.uleb128 0xe
 1475 015b 43524C00 		.ascii	"CRL\000"
 1476 015f 05       		.byte	0x5
 1477 0160 EB03     		.2byte	0x3eb
 1478 0162 11       		.byte	0x11
 1479 0163 EC000000 		.4byte	0xec
 1480 0167 02       		.byte	0x2
 1481 0168 23       		.byte	0x23
 1482 0169 00       		.uleb128 0
 1483 016a 0E       		.uleb128 0xe
 1484 016b 43524800 		.ascii	"CRH\000"
 1485 016f 05       		.byte	0x5
 1486 0170 EC03     		.2byte	0x3ec
 1487 0172 11       		.byte	0x11
 1488 0173 EC000000 		.4byte	0xec
 1489 0177 02       		.byte	0x2
 1490 0178 23       		.byte	0x23
 1491 0179 04       		.uleb128 0x4
 1492 017a 0E       		.uleb128 0xe
 1493 017b 49445200 		.ascii	"IDR\000"
 1494 017f 05       		.byte	0x5
 1495 0180 ED03     		.2byte	0x3ed
 1496 0182 11       		.byte	0x11
 1497 0183 EC000000 		.4byte	0xec
 1498 0187 02       		.byte	0x2
 1499 0188 23       		.byte	0x23
 1500 0189 08       		.uleb128 0x8
 1501 018a 0E       		.uleb128 0xe
 1502 018b 4F445200 		.ascii	"ODR\000"
 1503 018f 05       		.byte	0x5
 1504 0190 EE03     		.2byte	0x3ee
 1505 0192 11       		.byte	0x11
 1506 0193 EC000000 		.4byte	0xec
 1507 0197 02       		.byte	0x2
 1508 0198 23       		.byte	0x23
 1509 0199 0C       		.uleb128 0xc
 1510 019a 0F       		.uleb128 0xf
 1511 019b EF040000 		.4byte	.LASF23
 1512 019f 05       		.byte	0x5
ARM GAS  /tmp/ccXHAvNU.s 			page 35


 1513 01a0 EF03     		.2byte	0x3ef
 1514 01a2 11       		.byte	0x11
 1515 01a3 EC000000 		.4byte	0xec
 1516 01a7 02       		.byte	0x2
 1517 01a8 23       		.byte	0x23
 1518 01a9 10       		.uleb128 0x10
 1519 01aa 0E       		.uleb128 0xe
 1520 01ab 42525200 		.ascii	"BRR\000"
 1521 01af 05       		.byte	0x5
 1522 01b0 F003     		.2byte	0x3f0
 1523 01b2 11       		.byte	0x11
 1524 01b3 EC000000 		.4byte	0xec
 1525 01b7 02       		.byte	0x2
 1526 01b8 23       		.byte	0x23
 1527 01b9 14       		.uleb128 0x14
 1528 01ba 0F       		.uleb128 0xf
 1529 01bb 07000000 		.4byte	.LASF24
 1530 01bf 05       		.byte	0x5
 1531 01c0 F103     		.2byte	0x3f1
 1532 01c2 11       		.byte	0x11
 1533 01c3 EC000000 		.4byte	0xec
 1534 01c7 02       		.byte	0x2
 1535 01c8 23       		.byte	0x23
 1536 01c9 18       		.uleb128 0x18
 1537 01ca 00       		.byte	0
 1538 01cb 0C       		.uleb128 0xc
 1539 01cc 15020000 		.4byte	.LASF25
 1540 01d0 05       		.byte	0x5
 1541 01d1 F203     		.2byte	0x3f2
 1542 01d3 03       		.byte	0x3
 1543 01d4 50010000 		.4byte	0x150
 1544 01d8 0D       		.uleb128 0xd
 1545 01d9 1C       		.byte	0x1c
 1546 01da 05       		.byte	0x5
 1547 01db D204     		.2byte	0x4d2
 1548 01dd 09       		.byte	0x9
 1549 01de C1020000 		.4byte	0x2c1
 1550 01e2 0E       		.uleb128 0xe
 1551 01e3 535200   		.ascii	"SR\000"
 1552 01e6 05       		.byte	0x5
 1553 01e7 D404     		.2byte	0x4d4
 1554 01e9 11       		.byte	0x11
 1555 01ea DB000000 		.4byte	0xdb
 1556 01ee 02       		.byte	0x2
 1557 01ef 23       		.byte	0x23
 1558 01f0 00       		.uleb128 0
 1559 01f1 0F       		.uleb128 0xf
 1560 01f2 B1030000 		.4byte	.LASF26
 1561 01f6 05       		.byte	0x5
 1562 01f7 D504     		.2byte	0x4d5
 1563 01f9 0D       		.byte	0xd
 1564 01fa CF000000 		.4byte	0xcf
 1565 01fe 02       		.byte	0x2
 1566 01ff 23       		.byte	0x23
 1567 0200 02       		.uleb128 0x2
 1568 0201 0E       		.uleb128 0xe
 1569 0202 445200   		.ascii	"DR\000"
ARM GAS  /tmp/ccXHAvNU.s 			page 36


 1570 0205 05       		.byte	0x5
 1571 0206 D604     		.2byte	0x4d6
 1572 0208 11       		.byte	0x11
 1573 0209 DB000000 		.4byte	0xdb
 1574 020d 02       		.byte	0x2
 1575 020e 23       		.byte	0x23
 1576 020f 04       		.uleb128 0x4
 1577 0210 0F       		.uleb128 0xf
 1578 0211 BB030000 		.4byte	.LASF27
 1579 0215 05       		.byte	0x5
 1580 0216 D704     		.2byte	0x4d7
 1581 0218 0D       		.byte	0xd
 1582 0219 CF000000 		.4byte	0xcf
 1583 021d 02       		.byte	0x2
 1584 021e 23       		.byte	0x23
 1585 021f 06       		.uleb128 0x6
 1586 0220 0E       		.uleb128 0xe
 1587 0221 42525200 		.ascii	"BRR\000"
 1588 0225 05       		.byte	0x5
 1589 0226 D804     		.2byte	0x4d8
 1590 0228 11       		.byte	0x11
 1591 0229 DB000000 		.4byte	0xdb
 1592 022d 02       		.byte	0x2
 1593 022e 23       		.byte	0x23
 1594 022f 08       		.uleb128 0x8
 1595 0230 0F       		.uleb128 0xf
 1596 0231 C5030000 		.4byte	.LASF28
 1597 0235 05       		.byte	0x5
 1598 0236 D904     		.2byte	0x4d9
 1599 0238 0D       		.byte	0xd
 1600 0239 CF000000 		.4byte	0xcf
 1601 023d 02       		.byte	0x2
 1602 023e 23       		.byte	0x23
 1603 023f 0A       		.uleb128 0xa
 1604 0240 0E       		.uleb128 0xe
 1605 0241 43523100 		.ascii	"CR1\000"
 1606 0245 05       		.byte	0x5
 1607 0246 DA04     		.2byte	0x4da
 1608 0248 11       		.byte	0x11
 1609 0249 DB000000 		.4byte	0xdb
 1610 024d 02       		.byte	0x2
 1611 024e 23       		.byte	0x23
 1612 024f 0C       		.uleb128 0xc
 1613 0250 0F       		.uleb128 0xf
 1614 0251 CF030000 		.4byte	.LASF29
 1615 0255 05       		.byte	0x5
 1616 0256 DB04     		.2byte	0x4db
 1617 0258 0D       		.byte	0xd
 1618 0259 CF000000 		.4byte	0xcf
 1619 025d 02       		.byte	0x2
 1620 025e 23       		.byte	0x23
 1621 025f 0E       		.uleb128 0xe
 1622 0260 0E       		.uleb128 0xe
 1623 0261 43523200 		.ascii	"CR2\000"
 1624 0265 05       		.byte	0x5
 1625 0266 DC04     		.2byte	0x4dc
 1626 0268 11       		.byte	0x11
ARM GAS  /tmp/ccXHAvNU.s 			page 37


 1627 0269 DB000000 		.4byte	0xdb
 1628 026d 02       		.byte	0x2
 1629 026e 23       		.byte	0x23
 1630 026f 10       		.uleb128 0x10
 1631 0270 0F       		.uleb128 0xf
 1632 0271 D9030000 		.4byte	.LASF30
 1633 0275 05       		.byte	0x5
 1634 0276 DD04     		.2byte	0x4dd
 1635 0278 0D       		.byte	0xd
 1636 0279 CF000000 		.4byte	0xcf
 1637 027d 02       		.byte	0x2
 1638 027e 23       		.byte	0x23
 1639 027f 12       		.uleb128 0x12
 1640 0280 0E       		.uleb128 0xe
 1641 0281 43523300 		.ascii	"CR3\000"
 1642 0285 05       		.byte	0x5
 1643 0286 DE04     		.2byte	0x4de
 1644 0288 11       		.byte	0x11
 1645 0289 DB000000 		.4byte	0xdb
 1646 028d 02       		.byte	0x2
 1647 028e 23       		.byte	0x23
 1648 028f 14       		.uleb128 0x14
 1649 0290 0F       		.uleb128 0xf
 1650 0291 E3030000 		.4byte	.LASF31
 1651 0295 05       		.byte	0x5
 1652 0296 DF04     		.2byte	0x4df
 1653 0298 0D       		.byte	0xd
 1654 0299 CF000000 		.4byte	0xcf
 1655 029d 02       		.byte	0x2
 1656 029e 23       		.byte	0x23
 1657 029f 16       		.uleb128 0x16
 1658 02a0 0F       		.uleb128 0xf
 1659 02a1 D1000000 		.4byte	.LASF32
 1660 02a5 05       		.byte	0x5
 1661 02a6 E004     		.2byte	0x4e0
 1662 02a8 11       		.byte	0x11
 1663 02a9 DB000000 		.4byte	0xdb
 1664 02ad 02       		.byte	0x2
 1665 02ae 23       		.byte	0x23
 1666 02af 18       		.uleb128 0x18
 1667 02b0 0F       		.uleb128 0xf
 1668 02b1 ED030000 		.4byte	.LASF33
 1669 02b5 05       		.byte	0x5
 1670 02b6 E104     		.2byte	0x4e1
 1671 02b8 0D       		.byte	0xd
 1672 02b9 CF000000 		.4byte	0xcf
 1673 02bd 02       		.byte	0x2
 1674 02be 23       		.byte	0x23
 1675 02bf 1A       		.uleb128 0x1a
 1676 02c0 00       		.byte	0
 1677 02c1 0C       		.uleb128 0xc
 1678 02c2 81020000 		.4byte	.LASF34
 1679 02c6 05       		.byte	0x5
 1680 02c7 E204     		.2byte	0x4e2
 1681 02c9 03       		.byte	0x3
 1682 02ca D8010000 		.4byte	0x1d8
 1683 02ce 10       		.uleb128 0x10
ARM GAS  /tmp/ccXHAvNU.s 			page 38


 1684 02cf 07       		.byte	0x7
 1685 02d0 01       		.byte	0x1
 1686 02d1 7A000000 		.4byte	0x7a
 1687 02d5 06       		.byte	0x6
 1688 02d6 3B       		.byte	0x3b
 1689 02d7 01       		.byte	0x1
 1690 02d8 EF020000 		.4byte	0x2ef
 1691 02dc 0A       		.uleb128 0xa
 1692 02dd 30000000 		.4byte	.LASF35
 1693 02e1 01       		.byte	0x1
 1694 02e2 0A       		.uleb128 0xa
 1695 02e3 31040000 		.4byte	.LASF36
 1696 02e7 02       		.byte	0x2
 1697 02e8 0A       		.uleb128 0xa
 1698 02e9 A0030000 		.4byte	.LASF37
 1699 02ed 03       		.byte	0x3
 1700 02ee 00       		.byte	0
 1701 02ef 03       		.uleb128 0x3
 1702 02f0 C4010000 		.4byte	.LASF38
 1703 02f4 06       		.byte	0x6
 1704 02f5 3F       		.byte	0x3f
 1705 02f6 02       		.byte	0x2
 1706 02f7 CE020000 		.4byte	0x2ce
 1707 02fb 10       		.uleb128 0x10
 1708 02fc 07       		.byte	0x7
 1709 02fd 01       		.byte	0x1
 1710 02fe 7A000000 		.4byte	0x7a
 1711 0302 06       		.byte	0x6
 1712 0303 48       		.byte	0x48
 1713 0304 01       		.byte	0x1
 1714 0305 3A030000 		.4byte	0x33a
 1715 0309 0A       		.uleb128 0xa
 1716 030a 41040000 		.4byte	.LASF39
 1717 030e 00       		.byte	0
 1718 030f 0A       		.uleb128 0xa
 1719 0310 22020000 		.4byte	.LASF40
 1720 0314 04       		.byte	0x4
 1721 0315 0A       		.uleb128 0xa
 1722 0316 4C030000 		.4byte	.LASF41
 1723 031a 28       		.byte	0x28
 1724 031b 0A       		.uleb128 0xa
 1725 031c 18010000 		.4byte	.LASF42
 1726 0320 48       		.byte	0x48
 1727 0321 0A       		.uleb128 0xa
 1728 0322 66020000 		.4byte	.LASF43
 1729 0326 14       		.byte	0x14
 1730 0327 0A       		.uleb128 0xa
 1731 0328 8F030000 		.4byte	.LASF44
 1732 032c 10       		.byte	0x10
 1733 032d 0A       		.uleb128 0xa
 1734 032e 43020000 		.4byte	.LASF45
 1735 0332 1C       		.byte	0x1c
 1736 0333 0A       		.uleb128 0xa
 1737 0334 32030000 		.4byte	.LASF46
 1738 0338 18       		.byte	0x18
 1739 0339 00       		.byte	0
 1740 033a 03       		.uleb128 0x3
ARM GAS  /tmp/ccXHAvNU.s 			page 39


 1741 033b 3D050000 		.4byte	.LASF47
 1742 033f 06       		.byte	0x6
 1743 0340 50       		.byte	0x50
 1744 0341 02       		.byte	0x2
 1745 0342 FB020000 		.4byte	0x2fb
 1746 0346 11       		.uleb128 0x11
 1747 0347 04       		.byte	0x4
 1748 0348 06       		.byte	0x6
 1749 0349 5B       		.byte	0x5b
 1750 034a 09       		.byte	0x9
 1751 034b 7D030000 		.4byte	0x37d
 1752 034f 12       		.uleb128 0x12
 1753 0350 13050000 		.4byte	.LASF48
 1754 0354 06       		.byte	0x6
 1755 0355 5D       		.byte	0x5d
 1756 0356 0C       		.byte	0xc
 1757 0357 CF000000 		.4byte	0xcf
 1758 035b 02       		.byte	0x2
 1759 035c 23       		.byte	0x23
 1760 035d 00       		.uleb128 0
 1761 035e 12       		.uleb128 0x12
 1762 035f 75000000 		.4byte	.LASF49
 1763 0363 06       		.byte	0x6
 1764 0364 60       		.byte	0x60
 1765 0365 15       		.byte	0x15
 1766 0366 EF020000 		.4byte	0x2ef
 1767 036a 02       		.byte	0x2
 1768 036b 23       		.byte	0x23
 1769 036c 02       		.uleb128 0x2
 1770 036d 12       		.uleb128 0x12
 1771 036e 6C010000 		.4byte	.LASF50
 1772 0372 06       		.byte	0x6
 1773 0373 63       		.byte	0x63
 1774 0374 14       		.byte	0x14
 1775 0375 3A030000 		.4byte	0x33a
 1776 0379 02       		.byte	0x2
 1777 037a 23       		.byte	0x23
 1778 037b 03       		.uleb128 0x3
 1779 037c 00       		.byte	0
 1780 037d 03       		.uleb128 0x3
 1781 037e 6D030000 		.4byte	.LASF51
 1782 0382 06       		.byte	0x6
 1783 0383 65       		.byte	0x65
 1784 0384 02       		.byte	0x2
 1785 0385 46030000 		.4byte	0x346
 1786 0389 11       		.uleb128 0x11
 1787 038a 10       		.byte	0x10
 1788 038b 07       		.byte	0x7
 1789 038c 32       		.byte	0x32
 1790 038d 09       		.byte	0x9
 1791 038e ED030000 		.4byte	0x3ed
 1792 0392 12       		.uleb128 0x12
 1793 0393 26010000 		.4byte	.LASF52
 1794 0397 07       		.byte	0x7
 1795 0398 34       		.byte	0x34
 1796 0399 0C       		.byte	0xc
 1797 039a E0000000 		.4byte	0xe0
ARM GAS  /tmp/ccXHAvNU.s 			page 40


 1798 039e 02       		.byte	0x2
 1799 039f 23       		.byte	0x23
 1800 03a0 00       		.uleb128 0
 1801 03a1 12       		.uleb128 0x12
 1802 03a2 AF040000 		.4byte	.LASF53
 1803 03a6 07       		.byte	0x7
 1804 03a7 39       		.byte	0x39
 1805 03a8 0C       		.byte	0xc
 1806 03a9 CF000000 		.4byte	0xcf
 1807 03ad 02       		.byte	0x2
 1808 03ae 23       		.byte	0x23
 1809 03af 04       		.uleb128 0x4
 1810 03b0 12       		.uleb128 0x12
 1811 03b1 A1010000 		.4byte	.LASF54
 1812 03b5 07       		.byte	0x7
 1813 03b6 3C       		.byte	0x3c
 1814 03b7 0C       		.byte	0xc
 1815 03b8 CF000000 		.4byte	0xcf
 1816 03bc 02       		.byte	0x2
 1817 03bd 23       		.byte	0x23
 1818 03be 06       		.uleb128 0x6
 1819 03bf 12       		.uleb128 0x12
 1820 03c0 C4000000 		.4byte	.LASF55
 1821 03c4 07       		.byte	0x7
 1822 03c5 3F       		.byte	0x3f
 1823 03c6 0C       		.byte	0xc
 1824 03c7 CF000000 		.4byte	0xcf
 1825 03cb 02       		.byte	0x2
 1826 03cc 23       		.byte	0x23
 1827 03cd 08       		.uleb128 0x8
 1828 03ce 12       		.uleb128 0x12
 1829 03cf 0D010000 		.4byte	.LASF56
 1830 03d3 07       		.byte	0x7
 1831 03d4 46       		.byte	0x46
 1832 03d5 0C       		.byte	0xc
 1833 03d6 CF000000 		.4byte	0xcf
 1834 03da 02       		.byte	0x2
 1835 03db 23       		.byte	0x23
 1836 03dc 0A       		.uleb128 0xa
 1837 03dd 12       		.uleb128 0x12
 1838 03de 76010000 		.4byte	.LASF57
 1839 03e2 07       		.byte	0x7
 1840 03e3 49       		.byte	0x49
 1841 03e4 0C       		.byte	0xc
 1842 03e5 CF000000 		.4byte	0xcf
 1843 03e9 02       		.byte	0x2
 1844 03ea 23       		.byte	0x23
 1845 03eb 0C       		.uleb128 0xc
 1846 03ec 00       		.byte	0
 1847 03ed 03       		.uleb128 0x3
 1848 03ee 99020000 		.4byte	.LASF58
 1849 03f2 07       		.byte	0x7
 1850 03f3 4C       		.byte	0x4c
 1851 03f4 03       		.byte	0x3
 1852 03f5 89030000 		.4byte	0x389
 1853 03f9 13       		.uleb128 0x13
 1854 03fa 01       		.byte	0x1
ARM GAS  /tmp/ccXHAvNU.s 			page 41


 1855 03fb 56040000 		.4byte	.LASF59
 1856 03ff 07       		.byte	0x7
 1857 0400 8901     		.2byte	0x189
 1858 0402 06       		.byte	0x6
 1859 0403 01       		.byte	0x1
 1860 0404 01       		.byte	0x1
 1861 0405 14040000 		.4byte	0x414
 1862 0409 14       		.uleb128 0x14
 1863 040a 14040000 		.4byte	0x414
 1864 040e 14       		.uleb128 0x14
 1865 040f CF000000 		.4byte	0xcf
 1866 0413 00       		.byte	0
 1867 0414 15       		.uleb128 0x15
 1868 0415 04       		.byte	0x4
 1869 0416 C1020000 		.4byte	0x2c1
 1870 041a 13       		.uleb128 0x13
 1871 041b 01       		.byte	0x1
 1872 041c 53050000 		.4byte	.LASF60
 1873 0420 07       		.byte	0x7
 1874 0421 8701     		.2byte	0x187
 1875 0423 06       		.byte	0x6
 1876 0424 01       		.byte	0x1
 1877 0425 01       		.byte	0x1
 1878 0426 35040000 		.4byte	0x435
 1879 042a 14       		.uleb128 0x14
 1880 042b 14040000 		.4byte	0x414
 1881 042f 14       		.uleb128 0x14
 1882 0430 CF000000 		.4byte	0xcf
 1883 0434 00       		.byte	0
 1884 0435 16       		.uleb128 0x16
 1885 0436 01       		.byte	0x1
 1886 0437 1F040000 		.4byte	.LASF61
 1887 043b 07       		.byte	0x7
 1888 043c 7B01     		.2byte	0x17b
 1889 043e 0A       		.byte	0xa
 1890 043f 01       		.byte	0x1
 1891 0440 CF000000 		.4byte	0xcf
 1892 0444 01       		.byte	0x1
 1893 0445 4F040000 		.4byte	0x44f
 1894 0449 14       		.uleb128 0x14
 1895 044a 14040000 		.4byte	0x414
 1896 044e 00       		.byte	0
 1897 044f 16       		.uleb128 0x16
 1898 0450 01       		.byte	0x1
 1899 0451 DD040000 		.4byte	.LASF62
 1900 0455 07       		.byte	0x7
 1901 0456 8801     		.2byte	0x188
 1902 0458 0A       		.byte	0xa
 1903 0459 01       		.byte	0x1
 1904 045a 1A010000 		.4byte	0x11a
 1905 045e 01       		.byte	0x1
 1906 045f 6E040000 		.4byte	0x46e
 1907 0463 14       		.uleb128 0x14
 1908 0464 14040000 		.4byte	0x414
 1909 0468 14       		.uleb128 0x14
 1910 0469 CF000000 		.4byte	0xcf
 1911 046d 00       		.byte	0
ARM GAS  /tmp/ccXHAvNU.s 			page 42


 1912 046e 13       		.uleb128 0x13
 1913 046f 01       		.byte	0x1
 1914 0470 C0040000 		.4byte	.LASF63
 1915 0474 07       		.byte	0x7
 1916 0475 7A01     		.2byte	0x17a
 1917 0477 06       		.byte	0x6
 1918 0478 01       		.byte	0x1
 1919 0479 01       		.byte	0x1
 1920 047a 89040000 		.4byte	0x489
 1921 047e 14       		.uleb128 0x14
 1922 047f 14040000 		.4byte	0x414
 1923 0483 14       		.uleb128 0x14
 1924 0484 CF000000 		.4byte	0xcf
 1925 0488 00       		.byte	0
 1926 0489 16       		.uleb128 0x16
 1927 048a 01       		.byte	0x1
 1928 048b B0010000 		.4byte	.LASF64
 1929 048f 07       		.byte	0x7
 1930 0490 8601     		.2byte	0x186
 1931 0492 0C       		.byte	0xc
 1932 0493 01       		.byte	0x1
 1933 0494 0D010000 		.4byte	0x10d
 1934 0498 01       		.byte	0x1
 1935 0499 A8040000 		.4byte	0x4a8
 1936 049d 14       		.uleb128 0x14
 1937 049e 14040000 		.4byte	0x414
 1938 04a2 14       		.uleb128 0x14
 1939 04a3 CF000000 		.4byte	0xcf
 1940 04a7 00       		.byte	0
 1941 04a8 13       		.uleb128 0x13
 1942 04a9 01       		.byte	0x1
 1943 04aa A5040000 		.4byte	.LASF65
 1944 04ae 07       		.byte	0x7
 1945 04af 7201     		.2byte	0x172
 1946 04b1 06       		.byte	0x6
 1947 04b2 01       		.byte	0x1
 1948 04b3 01       		.byte	0x1
 1949 04b4 C3040000 		.4byte	0x4c3
 1950 04b8 14       		.uleb128 0x14
 1951 04b9 14040000 		.4byte	0x414
 1952 04bd 14       		.uleb128 0x14
 1953 04be 43010000 		.4byte	0x143
 1954 04c2 00       		.byte	0
 1955 04c3 13       		.uleb128 0x13
 1956 04c4 01       		.byte	0x1
 1957 04c5 1C050000 		.4byte	.LASF66
 1958 04c9 07       		.byte	0x7
 1959 04ca 7301     		.2byte	0x173
 1960 04cc 06       		.byte	0x6
 1961 04cd 01       		.byte	0x1
 1962 04ce 01       		.byte	0x1
 1963 04cf E3040000 		.4byte	0x4e3
 1964 04d3 14       		.uleb128 0x14
 1965 04d4 14040000 		.4byte	0x414
 1966 04d8 14       		.uleb128 0x14
 1967 04d9 CF000000 		.4byte	0xcf
 1968 04dd 14       		.uleb128 0x14
ARM GAS  /tmp/ccXHAvNU.s 			page 43


 1969 04de 43010000 		.4byte	0x143
 1970 04e2 00       		.byte	0
 1971 04e3 13       		.uleb128 0x13
 1972 04e4 01       		.byte	0x1
 1973 04e5 18030000 		.4byte	.LASF67
 1974 04e9 07       		.byte	0x7
 1975 04ea 6E01     		.2byte	0x16e
 1976 04ec 06       		.byte	0x6
 1977 04ed 01       		.byte	0x1
 1978 04ee 01       		.byte	0x1
 1979 04ef FE040000 		.4byte	0x4fe
 1980 04f3 14       		.uleb128 0x14
 1981 04f4 14040000 		.4byte	0x414
 1982 04f8 14       		.uleb128 0x14
 1983 04f9 FE040000 		.4byte	0x4fe
 1984 04fd 00       		.byte	0
 1985 04fe 15       		.uleb128 0x15
 1986 04ff 04       		.byte	0x4
 1987 0500 ED030000 		.4byte	0x3ed
 1988 0504 13       		.uleb128 0x13
 1989 0505 01       		.byte	0x1
 1990 0506 80000000 		.4byte	.LASF68
 1991 050a 06       		.byte	0x6
 1992 050b 5F01     		.2byte	0x15f
 1993 050d 06       		.byte	0x6
 1994 050e 01       		.byte	0x1
 1995 050f 01       		.byte	0x1
 1996 0510 1F050000 		.4byte	0x51f
 1997 0514 14       		.uleb128 0x14
 1998 0515 1F050000 		.4byte	0x51f
 1999 0519 14       		.uleb128 0x14
 2000 051a 25050000 		.4byte	0x525
 2001 051e 00       		.byte	0
 2002 051f 15       		.uleb128 0x15
 2003 0520 04       		.byte	0x4
 2004 0521 CB010000 		.4byte	0x1cb
 2005 0525 15       		.uleb128 0x15
 2006 0526 04       		.byte	0x4
 2007 0527 7D030000 		.4byte	0x37d
 2008 052b 13       		.uleb128 0x13
 2009 052c 01       		.byte	0x1
 2010 052d F4040000 		.4byte	.LASF69
 2011 0531 08       		.byte	0x8
 2012 0532 B602     		.2byte	0x2b6
 2013 0534 06       		.byte	0x6
 2014 0535 01       		.byte	0x1
 2015 0536 01       		.byte	0x1
 2016 0537 46050000 		.4byte	0x546
 2017 053b 14       		.uleb128 0x14
 2018 053c E0000000 		.4byte	0xe0
 2019 0540 14       		.uleb128 0x14
 2020 0541 43010000 		.4byte	0x143
 2021 0545 00       		.byte	0
 2022 0546 13       		.uleb128 0x13
 2023 0547 01       		.byte	0x1
 2024 0548 83040000 		.4byte	.LASF70
 2025 054c 08       		.byte	0x8
ARM GAS  /tmp/ccXHAvNU.s 			page 44


 2026 054d B502     		.2byte	0x2b5
 2027 054f 06       		.byte	0x6
 2028 0550 01       		.byte	0x1
 2029 0551 01       		.byte	0x1
 2030 0552 61050000 		.4byte	0x561
 2031 0556 14       		.uleb128 0x14
 2032 0557 E0000000 		.4byte	0xe0
 2033 055b 14       		.uleb128 0x14
 2034 055c 43010000 		.4byte	0x143
 2035 0560 00       		.byte	0
 2036 0561 17       		.uleb128 0x17
 2037 0562 01       		.byte	0x1
 2038 0563 2B050000 		.4byte	.LASF77
 2039 0567 01       		.byte	0x1
 2040 0568 E7       		.byte	0xe7
 2041 0569 06       		.byte	0x6
 2042 056a 01       		.byte	0x1
 2043 056b 34030000 		.4byte	.LFB38
 2044 056f 64030000 		.4byte	.LFE38
 2045 0573 00000000 		.4byte	.LLST39
 2046 0577 01       		.byte	0x1
 2047 0578 F6050000 		.4byte	0x5f6
 2048 057c 18       		.uleb128 0x18
 2049 057d 3E020000 		.4byte	.LASF88
 2050 0581 01       		.byte	0x1
 2051 0582 E9       		.byte	0xe9
 2052 0583 0D       		.byte	0xd
 2053 0584 C3000000 		.4byte	0xc3
 2054 0588 19       		.uleb128 0x19
 2055 0589 40030000 		.4byte	.LVL119
 2056 058d 4F040000 		.4byte	0x44f
 2057 0591 A6050000 		.4byte	0x5a6
 2058 0595 1A       		.uleb128 0x1a
 2059 0596 01       		.byte	0x1
 2060 0597 50       		.byte	0x50
 2061 0598 05       		.byte	0x5
 2062 0599 0C       		.byte	0xc
 2063 059a 00440040 		.4byte	0x40004400
 2064 059e 1A       		.uleb128 0x1a
 2065 059f 01       		.byte	0x1
 2066 05a0 51       		.byte	0x51
 2067 05a1 03       		.byte	0x3
 2068 05a2 0A       		.byte	0xa
 2069 05a3 2505     		.2byte	0x525
 2070 05a5 00       		.byte	0
 2071 05a6 19       		.uleb128 0x19
 2072 05a7 48030000 		.4byte	.LVL120
 2073 05ab 35040000 		.4byte	0x435
 2074 05af BD050000 		.4byte	0x5bd
 2075 05b3 1A       		.uleb128 0x1a
 2076 05b4 01       		.byte	0x1
 2077 05b5 50       		.byte	0x50
 2078 05b6 05       		.byte	0x5
 2079 05b7 0C       		.byte	0xc
 2080 05b8 00440040 		.4byte	0x40004400
 2081 05bc 00       		.byte	0
 2082 05bd 19       		.uleb128 0x19
ARM GAS  /tmp/ccXHAvNU.s 			page 45


 2083 05be 50030000 		.4byte	.LVL121
 2084 05c2 1A040000 		.4byte	0x41a
 2085 05c6 DA050000 		.4byte	0x5da
 2086 05ca 1A       		.uleb128 0x1a
 2087 05cb 01       		.byte	0x1
 2088 05cc 50       		.byte	0x50
 2089 05cd 05       		.byte	0x5
 2090 05ce 0C       		.byte	0xc
 2091 05cf 00440040 		.4byte	0x40004400
 2092 05d3 1A       		.uleb128 0x1a
 2093 05d4 01       		.byte	0x1
 2094 05d5 51       		.byte	0x51
 2095 05d6 02       		.byte	0x2
 2096 05d7 08       		.byte	0x8
 2097 05d8 20       		.byte	0x20
 2098 05d9 00       		.byte	0
 2099 05da 1B       		.uleb128 0x1b
 2100 05db 5E030000 		.4byte	.LVL122
 2101 05df 01       		.byte	0x1
 2102 05e0 F9030000 		.4byte	0x3f9
 2103 05e4 1A       		.uleb128 0x1a
 2104 05e5 01       		.byte	0x1
 2105 05e6 50       		.byte	0x50
 2106 05e7 05       		.byte	0x5
 2107 05e8 0C       		.byte	0xc
 2108 05e9 00440040 		.4byte	0x40004400
 2109 05ed 1A       		.uleb128 0x1a
 2110 05ee 01       		.byte	0x1
 2111 05ef 51       		.byte	0x51
 2112 05f0 03       		.byte	0x3
 2113 05f1 0A       		.byte	0xa
 2114 05f2 2505     		.2byte	0x525
 2115 05f4 00       		.byte	0
 2116 05f5 00       		.byte	0
 2117 05f6 1C       		.uleb128 0x1c
 2118 05f7 01       		.byte	0x1
 2119 05f8 CF040000 		.4byte	.LASF73
 2120 05fc 01       		.byte	0x1
 2121 05fd DB       		.byte	0xdb
 2122 05fe 05       		.byte	0x5
 2123 05ff 01       		.byte	0x1
 2124 0600 BC000000 		.4byte	0xbc
 2125 0604 16030000 		.4byte	.LFB37
 2126 0608 34030000 		.4byte	.LFE37
 2127 060c 38000000 		.4byte	.LLST36
 2128 0610 01       		.byte	0x1
 2129 0611 7A060000 		.4byte	0x67a
 2130 0615 1D       		.uleb128 0x1d
 2131 0616 62756600 		.ascii	"buf\000"
 2132 061a 01       		.byte	0x1
 2133 061b DB       		.byte	0xdb
 2134 061c 15       		.byte	0x15
 2135 061d 7A060000 		.4byte	0x67a
 2136 0621 8C000000 		.4byte	.LLST37
 2137 0625 88000000 		.4byte	.LVUS37
 2138 0629 1E       		.uleb128 0x1e
 2139 062a 90010000 		.4byte	.LASF71
ARM GAS  /tmp/ccXHAvNU.s 			page 46


 2140 062e 01       		.byte	0x1
 2141 062f DB       		.byte	0xdb
 2142 0630 27       		.byte	0x27
 2143 0631 25000000 		.4byte	0x25
 2144 0635 AF000000 		.4byte	.LLST38
 2145 0639 AB000000 		.4byte	.LVUS38
 2146 063d 1F       		.uleb128 0x1f
 2147 063e 4F040000 		.4byte	.LASF75
 2148 0642 01       		.byte	0x1
 2149 0643 DB       		.byte	0xdb
 2150 0644 3A       		.byte	0x3a
 2151 0645 8C060000 		.4byte	0x68c
 2152 0649 02       		.byte	0x2
 2153 064a 91       		.byte	0x91
 2154 064b 78       		.sleb128 -8
 2155 064c 20       		.uleb128 0x20
 2156 064d 21       		.uleb128 0x21
 2157 064e 4E050000 		.4byte	.LASF76
 2158 0652 01       		.byte	0x1
 2159 0653 DD       		.byte	0xdd
 2160 0654 0D       		.byte	0xd
 2161 0655 5B000000 		.4byte	0x5b
 2162 0659 02       		.byte	0x2
 2163 065a 91       		.byte	0x91
 2164 065b 6C       		.sleb128 -20
 2165 065c 22       		.uleb128 0x22
 2166 065d 2A030000 		.4byte	.LVL118
 2167 0661 D0070000 		.4byte	0x7d0
 2168 0665 1A       		.uleb128 0x1a
 2169 0666 01       		.byte	0x1
 2170 0667 50       		.byte	0x50
 2171 0668 02       		.byte	0x2
 2172 0669 91       		.byte	0x91
 2173 066a 54       		.sleb128 -44
 2174 066b 1A       		.uleb128 0x1a
 2175 066c 01       		.byte	0x1
 2176 066d 51       		.byte	0x51
 2177 066e 03       		.byte	0x3
 2178 066f 91       		.byte	0x91
 2179 0670 68       		.sleb128 -24
 2180 0671 06       		.byte	0x6
 2181 0672 1A       		.uleb128 0x1a
 2182 0673 01       		.byte	0x1
 2183 0674 52       		.byte	0x52
 2184 0675 02       		.byte	0x2
 2185 0676 91       		.byte	0x91
 2186 0677 6C       		.sleb128 -20
 2187 0678 00       		.byte	0
 2188 0679 00       		.byte	0
 2189 067a 15       		.uleb128 0x15
 2190 067b 04       		.byte	0x4
 2191 067c 80060000 		.4byte	0x680
 2192 0680 02       		.uleb128 0x2
 2193 0681 01       		.byte	0x1
 2194 0682 08       		.byte	0x8
 2195 0683 7E040000 		.4byte	.LASF72
 2196 0687 23       		.uleb128 0x23
ARM GAS  /tmp/ccXHAvNU.s 			page 47


 2197 0688 80060000 		.4byte	0x680
 2198 068c 15       		.uleb128 0x15
 2199 068d 04       		.byte	0x4
 2200 068e 87060000 		.4byte	0x687
 2201 0692 1C       		.uleb128 0x1c
 2202 0693 01       		.byte	0x1
 2203 0694 13000000 		.4byte	.LASF74
 2204 0698 01       		.byte	0x1
 2205 0699 D3       		.byte	0xd3
 2206 069a 05       		.byte	0x5
 2207 069b 01       		.byte	0x1
 2208 069c BC000000 		.4byte	0xbc
 2209 06a0 F8020000 		.4byte	.LFB36
 2210 06a4 16030000 		.4byte	.LFE36
 2211 06a8 D6000000 		.4byte	.LLST34
 2212 06ac 01       		.byte	0x1
 2213 06ad 02070000 		.4byte	0x702
 2214 06b1 1D       		.uleb128 0x1d
 2215 06b2 6F757400 		.ascii	"out\000"
 2216 06b6 01       		.byte	0x1
 2217 06b7 D3       		.byte	0xd3
 2218 06b8 13       		.byte	0x13
 2219 06b9 7A060000 		.4byte	0x67a
 2220 06bd 2A010000 		.4byte	.LLST35
 2221 06c1 26010000 		.4byte	.LVUS35
 2222 06c5 1F       		.uleb128 0x1f
 2223 06c6 4F040000 		.4byte	.LASF75
 2224 06ca 01       		.byte	0x1
 2225 06cb D3       		.byte	0xd3
 2226 06cc 24       		.byte	0x24
 2227 06cd 8C060000 		.4byte	0x68c
 2228 06d1 02       		.byte	0x2
 2229 06d2 91       		.byte	0x91
 2230 06d3 74       		.sleb128 -12
 2231 06d4 20       		.uleb128 0x20
 2232 06d5 21       		.uleb128 0x21
 2233 06d6 4E050000 		.4byte	.LASF76
 2234 06da 01       		.byte	0x1
 2235 06db D5       		.byte	0xd5
 2236 06dc 0D       		.byte	0xd
 2237 06dd 5B000000 		.4byte	0x5b
 2238 06e1 02       		.byte	0x2
 2239 06e2 91       		.byte	0x91
 2240 06e3 6C       		.sleb128 -20
 2241 06e4 22       		.uleb128 0x22
 2242 06e5 0C030000 		.4byte	.LVL114
 2243 06e9 D0070000 		.4byte	0x7d0
 2244 06ed 1A       		.uleb128 0x1a
 2245 06ee 01       		.byte	0x1
 2246 06ef 50       		.byte	0x50
 2247 06f0 02       		.byte	0x2
 2248 06f1 91       		.byte	0x91
 2249 06f2 4C       		.sleb128 -52
 2250 06f3 1A       		.uleb128 0x1a
 2251 06f4 01       		.byte	0x1
 2252 06f5 51       		.byte	0x51
 2253 06f6 03       		.byte	0x3
ARM GAS  /tmp/ccXHAvNU.s 			page 48


 2254 06f7 91       		.byte	0x91
 2255 06f8 5C       		.sleb128 -36
 2256 06f9 06       		.byte	0x6
 2257 06fa 1A       		.uleb128 0x1a
 2258 06fb 01       		.byte	0x1
 2259 06fc 52       		.byte	0x52
 2260 06fd 02       		.byte	0x2
 2261 06fe 91       		.byte	0x91
 2262 06ff 60       		.sleb128 -32
 2263 0700 00       		.byte	0
 2264 0701 00       		.byte	0
 2265 0702 17       		.uleb128 0x17
 2266 0703 01       		.byte	0x1
 2267 0704 49000000 		.4byte	.LASF78
 2268 0708 01       		.byte	0x1
 2269 0709 CA       		.byte	0xca
 2270 070a 06       		.byte	0x6
 2271 070b 01       		.byte	0x1
 2272 070c CC020000 		.4byte	.LFB35
 2273 0710 F8020000 		.4byte	.LFE35
 2274 0714 49010000 		.4byte	.LLST33
 2275 0718 01       		.byte	0x1
 2276 0719 75070000 		.4byte	0x775
 2277 071d 1F       		.uleb128 0x1f
 2278 071e 4F040000 		.4byte	.LASF75
 2279 0722 01       		.byte	0x1
 2280 0723 CA       		.byte	0xca
 2281 0724 18       		.byte	0x18
 2282 0725 8C060000 		.4byte	0x68c
 2283 0729 02       		.byte	0x2
 2284 072a 91       		.byte	0x91
 2285 072b 70       		.sleb128 -16
 2286 072c 20       		.uleb128 0x20
 2287 072d 21       		.uleb128 0x21
 2288 072e 4E050000 		.4byte	.LASF76
 2289 0732 01       		.byte	0x1
 2290 0733 CC       		.byte	0xcc
 2291 0734 0D       		.byte	0xd
 2292 0735 5B000000 		.4byte	0x5b
 2293 0739 02       		.byte	0x2
 2294 073a 91       		.byte	0x91
 2295 073b 64       		.sleb128 -28
 2296 073c 19       		.uleb128 0x19
 2297 073d DE020000 		.4byte	.LVL110
 2298 0741 D0070000 		.4byte	0x7d0
 2299 0745 5C070000 		.4byte	0x75c
 2300 0749 1A       		.uleb128 0x1a
 2301 074a 01       		.byte	0x1
 2302 074b 50       		.byte	0x50
 2303 074c 01       		.byte	0x1
 2304 074d 30       		.byte	0x30
 2305 074e 1A       		.uleb128 0x1a
 2306 074f 01       		.byte	0x1
 2307 0750 51       		.byte	0x51
 2308 0751 03       		.byte	0x3
 2309 0752 91       		.byte	0x91
 2310 0753 50       		.sleb128 -48
ARM GAS  /tmp/ccXHAvNU.s 			page 49


 2311 0754 06       		.byte	0x6
 2312 0755 1A       		.uleb128 0x1a
 2313 0756 01       		.byte	0x1
 2314 0757 52       		.byte	0x52
 2315 0758 02       		.byte	0x2
 2316 0759 91       		.byte	0x91
 2317 075a 54       		.sleb128 -44
 2318 075b 00       		.byte	0
 2319 075c 22       		.uleb128 0x22
 2320 075d E8020000 		.4byte	.LVL111
 2321 0761 D0070000 		.4byte	0x7d0
 2322 0765 1A       		.uleb128 0x1a
 2323 0766 01       		.byte	0x1
 2324 0767 50       		.byte	0x50
 2325 0768 01       		.byte	0x1
 2326 0769 30       		.byte	0x30
 2327 076a 1A       		.uleb128 0x1a
 2328 076b 01       		.byte	0x1
 2329 076c 51       		.byte	0x51
 2330 076d 05       		.byte	0x5
 2331 076e 03       		.byte	0x3
 2332 076f 07000000 		.4byte	.LC1
 2333 0773 00       		.byte	0
 2334 0774 00       		.byte	0
 2335 0775 1C       		.uleb128 0x1c
 2336 0776 01       		.byte	0x1
 2337 0777 00000000 		.4byte	.LASF79
 2338 077b 01       		.byte	0x1
 2339 077c C2       		.byte	0xc2
 2340 077d 05       		.byte	0x5
 2341 077e 01       		.byte	0x1
 2342 077f BC000000 		.4byte	0xbc
 2343 0783 B0020000 		.4byte	.LFB34
 2344 0787 CC020000 		.4byte	.LFE34
 2345 078b 99010000 		.4byte	.LLST32
 2346 078f 01       		.byte	0x1
 2347 0790 D0070000 		.4byte	0x7d0
 2348 0794 1F       		.uleb128 0x1f
 2349 0795 4F040000 		.4byte	.LASF75
 2350 0799 01       		.byte	0x1
 2351 079a C2       		.byte	0xc2
 2352 079b 18       		.byte	0x18
 2353 079c 8C060000 		.4byte	0x68c
 2354 07a0 02       		.byte	0x2
 2355 07a1 91       		.byte	0x91
 2356 07a2 70       		.sleb128 -16
 2357 07a3 20       		.uleb128 0x20
 2358 07a4 21       		.uleb128 0x21
 2359 07a5 4E050000 		.4byte	.LASF76
 2360 07a9 01       		.byte	0x1
 2361 07aa C4       		.byte	0xc4
 2362 07ab 0D       		.byte	0xd
 2363 07ac 5B000000 		.4byte	0x5b
 2364 07b0 02       		.byte	0x2
 2365 07b1 91       		.byte	0x91
 2366 07b2 64       		.sleb128 -28
 2367 07b3 22       		.uleb128 0x22
ARM GAS  /tmp/ccXHAvNU.s 			page 50


 2368 07b4 C2020000 		.4byte	.LVL108
 2369 07b8 D0070000 		.4byte	0x7d0
 2370 07bc 1A       		.uleb128 0x1a
 2371 07bd 01       		.byte	0x1
 2372 07be 50       		.byte	0x50
 2373 07bf 01       		.byte	0x1
 2374 07c0 30       		.byte	0x30
 2375 07c1 1A       		.uleb128 0x1a
 2376 07c2 01       		.byte	0x1
 2377 07c3 51       		.byte	0x51
 2378 07c4 03       		.byte	0x3
 2379 07c5 91       		.byte	0x91
 2380 07c6 50       		.sleb128 -48
 2381 07c7 06       		.byte	0x6
 2382 07c8 1A       		.uleb128 0x1a
 2383 07c9 01       		.byte	0x1
 2384 07ca 52       		.byte	0x52
 2385 07cb 02       		.byte	0x2
 2386 07cc 91       		.byte	0x91
 2387 07cd 54       		.sleb128 -44
 2388 07ce 00       		.byte	0
 2389 07cf 00       		.byte	0
 2390 07d0 24       		.uleb128 0x24
 2391 07d1 35010000 		.4byte	.LASF81
 2392 07d5 01       		.byte	0x1
 2393 07d6 82       		.byte	0x82
 2394 07d7 0C       		.byte	0xc
 2395 07d8 01       		.byte	0x1
 2396 07d9 BC000000 		.4byte	0xbc
 2397 07dd B6010000 		.4byte	.LFB33
 2398 07e1 B0020000 		.4byte	.LFE33
 2399 07e5 E9010000 		.4byte	.LLST24
 2400 07e9 01       		.byte	0x1
 2401 07ea D9080000 		.4byte	0x8d9
 2402 07ee 1D       		.uleb128 0x1d
 2403 07ef 6F757400 		.ascii	"out\000"
 2404 07f3 01       		.byte	0x1
 2405 07f4 82       		.byte	0x82
 2406 07f5 1A       		.byte	0x1a
 2407 07f6 D9080000 		.4byte	0x8d9
 2408 07fa 31020000 		.4byte	.LLST25
 2409 07fe 2D020000 		.4byte	.LVUS25
 2410 0802 1E       		.uleb128 0x1e
 2411 0803 4F040000 		.4byte	.LASF75
 2412 0807 01       		.byte	0x1
 2413 0808 82       		.byte	0x82
 2414 0809 2B       		.byte	0x2b
 2415 080a 8C060000 		.4byte	0x68c
 2416 080e 89020000 		.4byte	.LLST26
 2417 0812 4F020000 		.4byte	.LVUS26
 2418 0816 1E       		.uleb128 0x1e
 2419 0817 4E050000 		.4byte	.LASF76
 2420 081b 01       		.byte	0x1
 2421 081c 82       		.byte	0x82
 2422 081d 3B       		.byte	0x3b
 2423 081e 5B000000 		.4byte	0x5b
 2424 0822 EA030000 		.4byte	.LLST27
ARM GAS  /tmp/ccXHAvNU.s 			page 51


 2425 0826 DE030000 		.4byte	.LVUS27
 2426 082a 25       		.uleb128 0x25
 2427 082b 38020000 		.4byte	.LASF80
 2428 082f 01       		.byte	0x1
 2429 0830 84       		.byte	0x84
 2430 0831 12       		.byte	0x12
 2431 0832 BC000000 		.4byte	0xbc
 2432 0836 4D040000 		.4byte	.LLST28
 2433 083a 37040000 		.4byte	.LVUS28
 2434 083e 26       		.uleb128 0x26
 2435 083f 70616400 		.ascii	"pad\000"
 2436 0843 01       		.byte	0x1
 2437 0844 84       		.byte	0x84
 2438 0845 19       		.byte	0x19
 2439 0846 BC000000 		.4byte	0xbc
 2440 084a ED040000 		.4byte	.LLST29
 2441 084e D3040000 		.4byte	.LVUS29
 2442 0852 26       		.uleb128 0x26
 2443 0853 706300   		.ascii	"pc\000"
 2444 0856 01       		.byte	0x1
 2445 0857 85       		.byte	0x85
 2446 0858 12       		.byte	0x12
 2447 0859 BC000000 		.4byte	0xbc
 2448 085d 90050000 		.4byte	.LLST30
 2449 0861 8A050000 		.4byte	.LVUS30
 2450 0865 27       		.uleb128 0x27
 2451 0866 73637200 		.ascii	"scr\000"
 2452 086a 01       		.byte	0x1
 2453 086b 86       		.byte	0x86
 2454 086c 0A       		.byte	0xa
 2455 086d DF080000 		.4byte	0x8df
 2456 0871 02       		.byte	0x2
 2457 0872 91       		.byte	0x91
 2458 0873 64       		.sleb128 -28
 2459 0874 28       		.uleb128 0x28
 2460 0875 6F757400 		.ascii	"out\000"
 2461 0879 01       		.byte	0x1
 2462 087a B8       		.byte	0xb8
 2463 087b 0D       		.byte	0xd
 2464 087c A0020000 		.4byte	.L49
 2465 0880 29       		.uleb128 0x29
 2466 0881 4E020000 		.4byte	.LBB3
 2467 0885 5A020000 		.4byte	.LBE3
 2468 0889 A0080000 		.4byte	0x8a0
 2469 088d 26       		.uleb128 0x26
 2470 088e 7300     		.ascii	"s\000"
 2471 0890 01       		.byte	0x1
 2472 0891 9B       		.byte	0x9b
 2473 0892 20       		.byte	0x20
 2474 0893 7A060000 		.4byte	0x67a
 2475 0897 BE050000 		.4byte	.LLST31
 2476 089b BC050000 		.4byte	.LVUS31
 2477 089f 00       		.byte	0
 2478 08a0 19       		.uleb128 0x19
 2479 08a1 60020000 		.4byte	.LVL88
 2480 08a5 730A0000 		.4byte	0xa73
 2481 08a9 B4080000 		.4byte	0x8b4
ARM GAS  /tmp/ccXHAvNU.s 			page 52


 2482 08ad 1A       		.uleb128 0x1a
 2483 08ae 01       		.byte	0x1
 2484 08af 50       		.byte	0x50
 2485 08b0 02       		.byte	0x2
 2486 08b1 77       		.byte	0x77
 2487 08b2 00       		.sleb128 0
 2488 08b3 00       		.byte	0
 2489 08b4 19       		.uleb128 0x19
 2490 08b5 78020000 		.4byte	.LVL94
 2491 08b9 EF080000 		.4byte	0x8ef
 2492 08bd C8080000 		.4byte	0x8c8
 2493 08c1 1A       		.uleb128 0x1a
 2494 08c2 01       		.byte	0x1
 2495 08c3 50       		.byte	0x50
 2496 08c4 02       		.byte	0x2
 2497 08c5 77       		.byte	0x77
 2498 08c6 00       		.sleb128 0
 2499 08c7 00       		.byte	0
 2500 08c8 22       		.uleb128 0x22
 2501 08c9 A6020000 		.4byte	.LVL105
 2502 08cd 830B0000 		.4byte	0xb83
 2503 08d1 1A       		.uleb128 0x1a
 2504 08d2 01       		.byte	0x1
 2505 08d3 50       		.byte	0x50
 2506 08d4 02       		.byte	0x2
 2507 08d5 77       		.byte	0x77
 2508 08d6 00       		.sleb128 0
 2509 08d7 00       		.byte	0
 2510 08d8 00       		.byte	0
 2511 08d9 15       		.uleb128 0x15
 2512 08da 04       		.byte	0x4
 2513 08db 7A060000 		.4byte	0x67a
 2514 08df 2A       		.uleb128 0x2a
 2515 08e0 80060000 		.4byte	0x680
 2516 08e4 EF080000 		.4byte	0x8ef
 2517 08e8 2B       		.uleb128 0x2b
 2518 08e9 25000000 		.4byte	0x25
 2519 08ed 01       		.byte	0x1
 2520 08ee 00       		.byte	0
 2521 08ef 24       		.uleb128 0x24
 2522 08f0 6E000000 		.4byte	.LASF82
 2523 08f4 01       		.byte	0x1
 2524 08f5 57       		.byte	0x57
 2525 08f6 0C       		.byte	0xc
 2526 08f7 01       		.byte	0x1
 2527 08f8 BC000000 		.4byte	0xbc
 2528 08fc 18010000 		.4byte	.LFB32
 2529 0900 B6010000 		.4byte	.LFE32
 2530 0904 D1050000 		.4byte	.LLST11
 2531 0908 01       		.byte	0x1
 2532 0909 630A0000 		.4byte	0xa63
 2533 090d 1D       		.uleb128 0x1d
 2534 090e 6F757400 		.ascii	"out\000"
 2535 0912 01       		.byte	0x1
 2536 0913 57       		.byte	0x57
 2537 0914 1A       		.byte	0x1a
 2538 0915 D9080000 		.4byte	0x8d9
ARM GAS  /tmp/ccXHAvNU.s 			page 53


 2539 0919 21060000 		.4byte	.LLST12
 2540 091d 15060000 		.4byte	.LVUS12
 2541 0921 1D       		.uleb128 0x1d
 2542 0922 6900     		.ascii	"i\000"
 2543 0924 01       		.byte	0x1
 2544 0925 57       		.byte	0x57
 2545 0926 23       		.byte	0x23
 2546 0927 BC000000 		.4byte	0xbc
 2547 092b 79060000 		.4byte	.LLST13
 2548 092f 6B060000 		.4byte	.LVUS13
 2549 0933 1D       		.uleb128 0x1d
 2550 0934 6200     		.ascii	"b\000"
 2551 0936 01       		.byte	0x1
 2552 0937 57       		.byte	0x57
 2553 0938 2A       		.byte	0x2a
 2554 0939 BC000000 		.4byte	0xbc
 2555 093d F3060000 		.4byte	.LLST14
 2556 0941 E9060000 		.4byte	.LVUS14
 2557 0945 1D       		.uleb128 0x1d
 2558 0946 736700   		.ascii	"sg\000"
 2559 0949 01       		.byte	0x1
 2560 094a 57       		.byte	0x57
 2561 094b 31       		.byte	0x31
 2562 094c BC000000 		.4byte	0xbc
 2563 0950 52070000 		.4byte	.LLST15
 2564 0954 44070000 		.4byte	.LVUS15
 2565 0958 1E       		.uleb128 0x1e
 2566 0959 38020000 		.4byte	.LASF80
 2567 095d 01       		.byte	0x1
 2568 095e 57       		.byte	0x57
 2569 095f 39       		.byte	0x39
 2570 0960 BC000000 		.4byte	0xbc
 2571 0964 CA070000 		.4byte	.LLST16
 2572 0968 C2070000 		.4byte	.LVUS16
 2573 096c 1D       		.uleb128 0x1d
 2574 096d 70616400 		.ascii	"pad\000"
 2575 0971 01       		.byte	0x1
 2576 0972 57       		.byte	0x57
 2577 0973 44       		.byte	0x44
 2578 0974 BC000000 		.4byte	0xbc
 2579 0978 05080000 		.4byte	.LLST17
 2580 097c 01080000 		.4byte	.LVUS17
 2581 0980 1E       		.uleb128 0x1e
 2582 0981 8A000000 		.4byte	.LASF83
 2583 0985 01       		.byte	0x1
 2584 0986 57       		.byte	0x57
 2585 0987 4D       		.byte	0x4d
 2586 0988 BC000000 		.4byte	0xbc
 2587 098c 29080000 		.4byte	.LLST18
 2588 0990 25080000 		.4byte	.LVUS18
 2589 0994 21       		.uleb128 0x21
 2590 0995 42030000 		.4byte	.LASF84
 2591 0999 01       		.byte	0x1
 2592 099a 59       		.byte	0x59
 2593 099b 0A       		.byte	0xa
 2594 099c 630A0000 		.4byte	0xa63
 2595 09a0 02       		.byte	0x2
ARM GAS  /tmp/ccXHAvNU.s 			page 54


 2596 09a1 91       		.byte	0x91
 2597 09a2 54       		.sleb128 -44
 2598 09a3 26       		.uleb128 0x26
 2599 09a4 7300     		.ascii	"s\000"
 2600 09a6 01       		.byte	0x1
 2601 09a7 5A       		.byte	0x5a
 2602 09a8 14       		.byte	0x14
 2603 09a9 7A060000 		.4byte	0x67a
 2604 09ad 55080000 		.4byte	.LLST19
 2605 09b1 49080000 		.4byte	.LVUS19
 2606 09b5 26       		.uleb128 0x26
 2607 09b6 7400     		.ascii	"t\000"
 2608 09b8 01       		.byte	0x1
 2609 09b9 5B       		.byte	0x5b
 2610 09ba 12       		.byte	0x12
 2611 09bb BC000000 		.4byte	0xbc
 2612 09bf AF080000 		.4byte	.LLST20
 2613 09c3 A3080000 		.4byte	.LVUS20
 2614 09c7 26       		.uleb128 0x26
 2615 09c8 6E656700 		.ascii	"neg\000"
 2616 09cc 01       		.byte	0x1
 2617 09cd 5B       		.byte	0x5b
 2618 09ce 15       		.byte	0x15
 2619 09cf BC000000 		.4byte	0xbc
 2620 09d3 EB090000 		.4byte	.LLST21
 2621 09d7 DF090000 		.4byte	.LVUS21
 2622 09db 26       		.uleb128 0x26
 2623 09dc 706300   		.ascii	"pc\000"
 2624 09df 01       		.byte	0x1
 2625 09e0 5B       		.byte	0x5b
 2626 09e1 1E       		.byte	0x1e
 2627 09e2 BC000000 		.4byte	0xbc
 2628 09e6 430A0000 		.4byte	.LLST22
 2629 09ea 390A0000 		.4byte	.LVUS22
 2630 09ee 26       		.uleb128 0x26
 2631 09ef 7500     		.ascii	"u\000"
 2632 09f1 01       		.byte	0x1
 2633 09f2 5C       		.byte	0x5c
 2634 09f3 1B       		.byte	0x1b
 2635 09f4 25000000 		.4byte	0x25
 2636 09f8 980A0000 		.4byte	.LLST23
 2637 09fc 860A0000 		.4byte	.LVUS23
 2638 0a00 19       		.uleb128 0x19
 2639 0a01 3A010000 		.4byte	.LVL39
 2640 0a05 730A0000 		.4byte	0xa73
 2641 0a09 260A0000 		.4byte	0xa26
 2642 0a0d 1A       		.uleb128 0x1a
 2643 0a0e 01       		.byte	0x1
 2644 0a0f 50       		.byte	0x50
 2645 0a10 02       		.byte	0x2
 2646 0a11 79       		.byte	0x79
 2647 0a12 00       		.sleb128 0
 2648 0a13 1A       		.uleb128 0x1a
 2649 0a14 01       		.byte	0x1
 2650 0a15 51       		.byte	0x51
 2651 0a16 02       		.byte	0x2
 2652 0a17 91       		.byte	0x91
ARM GAS  /tmp/ccXHAvNU.s 			page 55


 2653 0a18 54       		.sleb128 -44
 2654 0a19 1A       		.uleb128 0x1a
 2655 0a1a 01       		.byte	0x1
 2656 0a1b 52       		.byte	0x52
 2657 0a1c 02       		.byte	0x2
 2658 0a1d 76       		.byte	0x76
 2659 0a1e 00       		.sleb128 0
 2660 0a1f 1A       		.uleb128 0x1a
 2661 0a20 01       		.byte	0x1
 2662 0a21 53       		.byte	0x53
 2663 0a22 02       		.byte	0x2
 2664 0a23 78       		.byte	0x78
 2665 0a24 00       		.sleb128 0
 2666 0a25 00       		.byte	0
 2667 0a26 19       		.uleb128 0x19
 2668 0a27 88010000 		.4byte	.LVL52
 2669 0a2b 830B0000 		.4byte	0xb83
 2670 0a2f 400A0000 		.4byte	0xa40
 2671 0a33 1A       		.uleb128 0x1a
 2672 0a34 01       		.byte	0x1
 2673 0a35 50       		.byte	0x50
 2674 0a36 02       		.byte	0x2
 2675 0a37 79       		.byte	0x79
 2676 0a38 00       		.sleb128 0
 2677 0a39 1A       		.uleb128 0x1a
 2678 0a3a 01       		.byte	0x1
 2679 0a3b 51       		.byte	0x51
 2680 0a3c 02       		.byte	0x2
 2681 0a3d 08       		.byte	0x8
 2682 0a3e 2D       		.byte	0x2d
 2683 0a3f 00       		.byte	0
 2684 0a40 22       		.uleb128 0x22
 2685 0a41 96010000 		.4byte	.LVL54
 2686 0a45 730A0000 		.4byte	0xa73
 2687 0a49 1A       		.uleb128 0x1a
 2688 0a4a 01       		.byte	0x1
 2689 0a4b 50       		.byte	0x50
 2690 0a4c 02       		.byte	0x2
 2691 0a4d 79       		.byte	0x79
 2692 0a4e 00       		.sleb128 0
 2693 0a4f 1A       		.uleb128 0x1a
 2694 0a50 01       		.byte	0x1
 2695 0a51 51       		.byte	0x51
 2696 0a52 02       		.byte	0x2
 2697 0a53 77       		.byte	0x77
 2698 0a54 00       		.sleb128 0
 2699 0a55 1A       		.uleb128 0x1a
 2700 0a56 01       		.byte	0x1
 2701 0a57 52       		.byte	0x52
 2702 0a58 02       		.byte	0x2
 2703 0a59 76       		.byte	0x76
 2704 0a5a 00       		.sleb128 0
 2705 0a5b 1A       		.uleb128 0x1a
 2706 0a5c 01       		.byte	0x1
 2707 0a5d 53       		.byte	0x53
 2708 0a5e 02       		.byte	0x2
 2709 0a5f 78       		.byte	0x78
ARM GAS  /tmp/ccXHAvNU.s 			page 56


 2710 0a60 00       		.sleb128 0
 2711 0a61 00       		.byte	0
 2712 0a62 00       		.byte	0
 2713 0a63 2A       		.uleb128 0x2a
 2714 0a64 80060000 		.4byte	0x680
 2715 0a68 730A0000 		.4byte	0xa73
 2716 0a6c 2B       		.uleb128 0x2b
 2717 0a6d 25000000 		.4byte	0x25
 2718 0a71 0B       		.byte	0xb
 2719 0a72 00       		.byte	0
 2720 0a73 24       		.uleb128 0x24
 2721 0a74 0C000000 		.4byte	.LASF85
 2722 0a78 01       		.byte	0x1
 2723 0a79 36       		.byte	0x36
 2724 0a7a 0C       		.byte	0xc
 2725 0a7b 01       		.byte	0x1
 2726 0a7c BC000000 		.4byte	0xbc
 2727 0a80 98000000 		.4byte	.LFB31
 2728 0a84 18010000 		.4byte	.LFE31
 2729 0a88 200B0000 		.4byte	.LLST4
 2730 0a8c 01       		.byte	0x1
 2731 0a8d 830B0000 		.4byte	0xb83
 2732 0a91 1D       		.uleb128 0x1d
 2733 0a92 6F757400 		.ascii	"out\000"
 2734 0a96 01       		.byte	0x1
 2735 0a97 36       		.byte	0x36
 2736 0a98 1A       		.byte	0x1a
 2737 0a99 D9080000 		.4byte	0x8d9
 2738 0a9d 480B0000 		.4byte	.LLST5
 2739 0aa1 400B0000 		.4byte	.LVUS5
 2740 0aa5 1E       		.uleb128 0x1e
 2741 0aa6 6E040000 		.4byte	.LASF86
 2742 0aaa 01       		.byte	0x1
 2743 0aab 36       		.byte	0x36
 2744 0aac 2B       		.byte	0x2b
 2745 0aad 8C060000 		.4byte	0x68c
 2746 0ab1 8A0B0000 		.4byte	.LLST6
 2747 0ab5 7C0B0000 		.4byte	.LVUS6
 2748 0ab9 1E       		.uleb128 0x1e
 2749 0aba 38020000 		.4byte	.LASF80
 2750 0abe 01       		.byte	0x1
 2751 0abf 36       		.byte	0x36
 2752 0ac0 37       		.byte	0x37
 2753 0ac1 BC000000 		.4byte	0xbc
 2754 0ac5 F70B0000 		.4byte	.LLST7
 2755 0ac9 E10B0000 		.4byte	.LVUS7
 2756 0acd 1D       		.uleb128 0x1d
 2757 0ace 70616400 		.ascii	"pad\000"
 2758 0ad2 01       		.byte	0x1
 2759 0ad3 36       		.byte	0x36
 2760 0ad4 42       		.byte	0x42
 2761 0ad5 BC000000 		.4byte	0xbc
 2762 0ad9 930C0000 		.4byte	.LLST8
 2763 0add 850C0000 		.4byte	.LVUS8
 2764 0ae1 26       		.uleb128 0x26
 2765 0ae2 706300   		.ascii	"pc\000"
 2766 0ae5 01       		.byte	0x1
ARM GAS  /tmp/ccXHAvNU.s 			page 57


 2767 0ae6 38       		.byte	0x38
 2768 0ae7 12       		.byte	0x12
 2769 0ae8 BC000000 		.4byte	0xbc
 2770 0aec 090D0000 		.4byte	.LLST9
 2771 0af0 030D0000 		.4byte	.LVUS9
 2772 0af4 25       		.uleb128 0x25
 2773 0af5 92000000 		.4byte	.LASF87
 2774 0af9 01       		.byte	0x1
 2775 0afa 38       		.byte	0x38
 2776 0afb 1A       		.byte	0x1a
 2777 0afc BC000000 		.4byte	0xbc
 2778 0b00 3D0D0000 		.4byte	.LLST10
 2779 0b04 350D0000 		.4byte	.LVUS10
 2780 0b08 29       		.uleb128 0x29
 2781 0b09 A6000000 		.4byte	.LBB2
 2782 0b0d B4000000 		.4byte	.LBE2
 2783 0b11 3E0B0000 		.4byte	0xb3e
 2784 0b15 2C       		.uleb128 0x2c
 2785 0b16 6C656E00 		.ascii	"len\000"
 2786 0b1a 01       		.byte	0x1
 2787 0b1b 3B       		.byte	0x3b
 2788 0b1c 16       		.byte	0x16
 2789 0b1d BC000000 		.4byte	0xbc
 2790 0b21 2C       		.uleb128 0x2c
 2791 0b22 70747200 		.ascii	"ptr\000"
 2792 0b26 01       		.byte	0x1
 2793 0b27 3C       		.byte	0x3c
 2794 0b28 1E       		.byte	0x1e
 2795 0b29 8C060000 		.4byte	0x68c
 2796 0b2d 22       		.uleb128 0x22
 2797 0b2e AC000000 		.4byte	.LVL15
 2798 0b32 F40C0000 		.4byte	0xcf4
 2799 0b36 1A       		.uleb128 0x1a
 2800 0b37 01       		.byte	0x1
 2801 0b38 50       		.byte	0x50
 2802 0b39 02       		.byte	0x2
 2803 0b3a 79       		.byte	0x79
 2804 0b3b 00       		.sleb128 0
 2805 0b3c 00       		.byte	0
 2806 0b3d 00       		.byte	0
 2807 0b3e 19       		.uleb128 0x19
 2808 0b3f D4000000 		.4byte	.LVL22
 2809 0b43 830B0000 		.4byte	0xb83
 2810 0b47 580B0000 		.4byte	0xb58
 2811 0b4b 1A       		.uleb128 0x1a
 2812 0b4c 01       		.byte	0x1
 2813 0b4d 50       		.byte	0x50
 2814 0b4e 02       		.byte	0x2
 2815 0b4f 78       		.byte	0x78
 2816 0b50 00       		.sleb128 0
 2817 0b51 1A       		.uleb128 0x1a
 2818 0b52 01       		.byte	0x1
 2819 0b53 51       		.byte	0x51
 2820 0b54 02       		.byte	0x2
 2821 0b55 77       		.byte	0x77
 2822 0b56 00       		.sleb128 0
 2823 0b57 00       		.byte	0
ARM GAS  /tmp/ccXHAvNU.s 			page 58


 2824 0b58 19       		.uleb128 0x19
 2825 0b59 EE000000 		.4byte	.LVL29
 2826 0b5d 830B0000 		.4byte	0xb83
 2827 0b61 6C0B0000 		.4byte	0xb6c
 2828 0b65 1A       		.uleb128 0x1a
 2829 0b66 01       		.byte	0x1
 2830 0b67 50       		.byte	0x50
 2831 0b68 02       		.byte	0x2
 2832 0b69 78       		.byte	0x78
 2833 0b6a 00       		.sleb128 0
 2834 0b6b 00       		.byte	0
 2835 0b6c 22       		.uleb128 0x22
 2836 0b6d 14010000 		.4byte	.LVL32
 2837 0b71 830B0000 		.4byte	0xb83
 2838 0b75 1A       		.uleb128 0x1a
 2839 0b76 01       		.byte	0x1
 2840 0b77 50       		.byte	0x50
 2841 0b78 02       		.byte	0x2
 2842 0b79 78       		.byte	0x78
 2843 0b7a 00       		.sleb128 0
 2844 0b7b 1A       		.uleb128 0x1a
 2845 0b7c 01       		.byte	0x1
 2846 0b7d 51       		.byte	0x51
 2847 0b7e 02       		.byte	0x2
 2848 0b7f 77       		.byte	0x77
 2849 0b80 00       		.sleb128 0
 2850 0b81 00       		.byte	0
 2851 0b82 00       		.byte	0
 2852 0b83 17       		.uleb128 0x17
 2853 0b84 01       		.byte	0x1
 2854 0b85 77020000 		.4byte	.LASF89
 2855 0b89 01       		.byte	0x1
 2856 0b8a 2D       		.byte	0x2d
 2857 0b8b 06       		.byte	0x6
 2858 0b8c 01       		.byte	0x1
 2859 0b8d 78000000 		.4byte	.LFB30
 2860 0b91 98000000 		.4byte	.LFE30
 2861 0b95 750D0000 		.4byte	.LLST1
 2862 0b99 01       		.byte	0x1
 2863 0b9a F60B0000 		.4byte	0xbf6
 2864 0b9e 1D       		.uleb128 0x1d
 2865 0b9f 73747200 		.ascii	"str\000"
 2866 0ba3 01       		.byte	0x1
 2867 0ba4 2D       		.byte	0x2d
 2868 0ba5 17       		.byte	0x17
 2869 0ba6 D9080000 		.4byte	0x8d9
 2870 0baa A50D0000 		.4byte	.LLST2
 2871 0bae A10D0000 		.4byte	.LVUS2
 2872 0bb2 1D       		.uleb128 0x1d
 2873 0bb3 6300     		.ascii	"c\000"
 2874 0bb5 01       		.byte	0x1
 2875 0bb6 2D       		.byte	0x2d
 2876 0bb7 29       		.byte	0x29
 2877 0bb8 25000000 		.4byte	0x25
 2878 0bbc D20D0000 		.4byte	.LLST3
 2879 0bc0 CC0D0000 		.4byte	.LVUS3
 2880 0bc4 19       		.uleb128 0x19
ARM GAS  /tmp/ccXHAvNU.s 			page 59


 2881 0bc5 84000000 		.4byte	.LVL9
 2882 0bc9 89040000 		.4byte	0x489
 2883 0bcd E10B0000 		.4byte	0xbe1
 2884 0bd1 1A       		.uleb128 0x1a
 2885 0bd2 01       		.byte	0x1
 2886 0bd3 50       		.byte	0x50
 2887 0bd4 05       		.byte	0x5
 2888 0bd5 0C       		.byte	0xc
 2889 0bd6 00440040 		.4byte	0x40004400
 2890 0bda 1A       		.uleb128 0x1a
 2891 0bdb 01       		.byte	0x1
 2892 0bdc 51       		.byte	0x51
 2893 0bdd 02       		.byte	0x2
 2894 0bde 08       		.byte	0x8
 2895 0bdf 80       		.byte	0x80
 2896 0be0 00       		.byte	0
 2897 0be1 1B       		.uleb128 0x1b
 2898 0be2 94000000 		.4byte	.LVL11
 2899 0be6 01       		.byte	0x1
 2900 0be7 6E040000 		.4byte	0x46e
 2901 0beb 1A       		.uleb128 0x1a
 2902 0bec 01       		.byte	0x1
 2903 0bed 50       		.byte	0x50
 2904 0bee 05       		.byte	0x5
 2905 0bef 0C       		.byte	0xc
 2906 0bf0 00440040 		.4byte	0x40004400
 2907 0bf4 00       		.byte	0
 2908 0bf5 00       		.byte	0
 2909 0bf6 17       		.uleb128 0x17
 2910 0bf7 01       		.byte	0x1
 2911 0bf8 5E010000 		.4byte	.LASF90
 2912 0bfc 01       		.byte	0x1
 2913 0bfd 0B       		.byte	0xb
 2914 0bfe 06       		.byte	0x6
 2915 0bff 01       		.byte	0x1
 2916 0c00 00000000 		.4byte	.LFB29
 2917 0c04 78000000 		.4byte	.LFE29
 2918 0c08 040E0000 		.4byte	.LLST0
 2919 0c0c 01       		.byte	0x1
 2920 0c0d F40C0000 		.4byte	0xcf4
 2921 0c11 21       		.uleb128 0x21
 2922 0c12 5A030000 		.4byte	.LASF91
 2923 0c16 01       		.byte	0x1
 2924 0c17 0D       		.byte	0xd
 2925 0c18 16       		.byte	0x16
 2926 0c19 7D030000 		.4byte	0x37d
 2927 0c1d 02       		.byte	0x2
 2928 0c1e 91       		.byte	0x91
 2929 0c1f 64       		.sleb128 -28
 2930 0c20 21       		.uleb128 0x21
 2931 0c21 FD030000 		.4byte	.LASF92
 2932 0c25 01       		.byte	0x1
 2933 0c26 0E       		.byte	0xe
 2934 0c27 17       		.byte	0x17
 2935 0c28 ED030000 		.4byte	0x3ed
 2936 0c2c 02       		.byte	0x2
 2937 0c2d 91       		.byte	0x91
ARM GAS  /tmp/ccXHAvNU.s 			page 60


 2938 0c2e 68       		.sleb128 -24
 2939 0c2f 19       		.uleb128 0x19
 2940 0c30 0A000000 		.4byte	.LVL0
 2941 0c34 46050000 		.4byte	0x546
 2942 0c38 470C0000 		.4byte	0xc47
 2943 0c3c 1A       		.uleb128 0x1a
 2944 0c3d 01       		.byte	0x1
 2945 0c3e 50       		.byte	0x50
 2946 0c3f 01       		.byte	0x1
 2947 0c40 34       		.byte	0x34
 2948 0c41 1A       		.uleb128 0x1a
 2949 0c42 01       		.byte	0x1
 2950 0c43 51       		.byte	0x51
 2951 0c44 01       		.byte	0x1
 2952 0c45 31       		.byte	0x31
 2953 0c46 00       		.byte	0
 2954 0c47 19       		.uleb128 0x19
 2955 0c48 14000000 		.4byte	.LVL1
 2956 0c4c 2B050000 		.4byte	0x52b
 2957 0c50 610C0000 		.4byte	0xc61
 2958 0c54 1A       		.uleb128 0x1a
 2959 0c55 01       		.byte	0x1
 2960 0c56 50       		.byte	0x50
 2961 0c57 03       		.byte	0x3
 2962 0c58 40       		.byte	0x40
 2963 0c59 3D       		.byte	0x3d
 2964 0c5a 24       		.byte	0x24
 2965 0c5b 1A       		.uleb128 0x1a
 2966 0c5c 01       		.byte	0x1
 2967 0c5d 51       		.byte	0x51
 2968 0c5e 01       		.byte	0x1
 2969 0c5f 31       		.byte	0x31
 2970 0c60 00       		.byte	0
 2971 0c61 19       		.uleb128 0x19
 2972 0c62 20000000 		.4byte	.LVL2
 2973 0c66 04050000 		.4byte	0x504
 2974 0c6a 7E0C0000 		.4byte	0xc7e
 2975 0c6e 1A       		.uleb128 0x1a
 2976 0c6f 01       		.byte	0x1
 2977 0c70 50       		.byte	0x50
 2978 0c71 05       		.byte	0x5
 2979 0c72 0C       		.byte	0xc
 2980 0c73 00080140 		.4byte	0x40010800
 2981 0c77 1A       		.uleb128 0x1a
 2982 0c78 01       		.byte	0x1
 2983 0c79 51       		.byte	0x51
 2984 0c7a 02       		.byte	0x2
 2985 0c7b 91       		.byte	0x91
 2986 0c7c 64       		.sleb128 -28
 2987 0c7d 00       		.byte	0
 2988 0c7e 19       		.uleb128 0x19
 2989 0c7f 36000000 		.4byte	.LVL3
 2990 0c83 04050000 		.4byte	0x504
 2991 0c87 9B0C0000 		.4byte	0xc9b
 2992 0c8b 1A       		.uleb128 0x1a
 2993 0c8c 01       		.byte	0x1
 2994 0c8d 50       		.byte	0x50
ARM GAS  /tmp/ccXHAvNU.s 			page 61


 2995 0c8e 05       		.byte	0x5
 2996 0c8f 0C       		.byte	0xc
 2997 0c90 00080140 		.4byte	0x40010800
 2998 0c94 1A       		.uleb128 0x1a
 2999 0c95 01       		.byte	0x1
 3000 0c96 51       		.byte	0x51
 3001 0c97 02       		.byte	0x2
 3002 0c98 91       		.byte	0x91
 3003 0c99 64       		.sleb128 -28
 3004 0c9a 00       		.byte	0
 3005 0c9b 19       		.uleb128 0x19
 3006 0c9c 52000000 		.4byte	.LVL4
 3007 0ca0 E3040000 		.4byte	0x4e3
 3008 0ca4 B80C0000 		.4byte	0xcb8
 3009 0ca8 1A       		.uleb128 0x1a
 3010 0ca9 01       		.byte	0x1
 3011 0caa 50       		.byte	0x50
 3012 0cab 05       		.byte	0x5
 3013 0cac 0C       		.byte	0xc
 3014 0cad 00440040 		.4byte	0x40004400
 3015 0cb1 1A       		.uleb128 0x1a
 3016 0cb2 01       		.byte	0x1
 3017 0cb3 51       		.byte	0x51
 3018 0cb4 02       		.byte	0x2
 3019 0cb5 91       		.byte	0x91
 3020 0cb6 68       		.sleb128 -24
 3021 0cb7 00       		.byte	0
 3022 0cb8 19       		.uleb128 0x19
 3023 0cb9 5E000000 		.4byte	.LVL5
 3024 0cbd C3040000 		.4byte	0x4c3
 3025 0cc1 DB0C0000 		.4byte	0xcdb
 3026 0cc5 1A       		.uleb128 0x1a
 3027 0cc6 01       		.byte	0x1
 3028 0cc7 50       		.byte	0x50
 3029 0cc8 05       		.byte	0x5
 3030 0cc9 0C       		.byte	0xc
 3031 0cca 00440040 		.4byte	0x40004400
 3032 0cce 1A       		.uleb128 0x1a
 3033 0ccf 01       		.byte	0x1
 3034 0cd0 51       		.byte	0x51
 3035 0cd1 03       		.byte	0x3
 3036 0cd2 0A       		.byte	0xa
 3037 0cd3 2505     		.2byte	0x525
 3038 0cd5 1A       		.uleb128 0x1a
 3039 0cd6 01       		.byte	0x1
 3040 0cd7 52       		.byte	0x52
 3041 0cd8 01       		.byte	0x1
 3042 0cd9 31       		.byte	0x31
 3043 0cda 00       		.byte	0
 3044 0cdb 22       		.uleb128 0x22
 3045 0cdc 66000000 		.4byte	.LVL6
 3046 0ce0 A8040000 		.4byte	0x4a8
 3047 0ce4 1A       		.uleb128 0x1a
 3048 0ce5 01       		.byte	0x1
 3049 0ce6 50       		.byte	0x50
 3050 0ce7 05       		.byte	0x5
 3051 0ce8 0C       		.byte	0xc
ARM GAS  /tmp/ccXHAvNU.s 			page 62


 3052 0ce9 00440040 		.4byte	0x40004400
 3053 0ced 1A       		.uleb128 0x1a
 3054 0cee 01       		.byte	0x1
 3055 0cef 51       		.byte	0x51
 3056 0cf0 01       		.byte	0x1
 3057 0cf1 31       		.byte	0x31
 3058 0cf2 00       		.byte	0
 3059 0cf3 00       		.byte	0
 3060 0cf4 2D       		.uleb128 0x2d
 3061 0cf5 01       		.byte	0x1
 3062 0cf6 01       		.byte	0x1
 3063 0cf7 FC010000 		.4byte	.LASF98
 3064 0cfb 7E030000 		.4byte	.LASF99
 3065 0cff 09       		.byte	0x9
 3066 0d00 00       		.byte	0
 3067 0d01 00       		.byte	0
 3068              		.section	.debug_abbrev,"",%progbits
 3069              	.Ldebug_abbrev0:
 3070 0000 01       		.uleb128 0x1
 3071 0001 11       		.uleb128 0x11
 3072 0002 01       		.byte	0x1
 3073 0003 25       		.uleb128 0x25
 3074 0004 0E       		.uleb128 0xe
 3075 0005 13       		.uleb128 0x13
 3076 0006 0B       		.uleb128 0xb
 3077 0007 03       		.uleb128 0x3
 3078 0008 0E       		.uleb128 0xe
 3079 0009 1B       		.uleb128 0x1b
 3080 000a 0E       		.uleb128 0xe
 3081 000b 11       		.uleb128 0x11
 3082 000c 01       		.uleb128 0x1
 3083 000d 12       		.uleb128 0x12
 3084 000e 01       		.uleb128 0x1
 3085 000f 10       		.uleb128 0x10
 3086 0010 06       		.uleb128 0x6
 3087 0011 00       		.byte	0
 3088 0012 00       		.byte	0
 3089 0013 02       		.uleb128 0x2
 3090 0014 24       		.uleb128 0x24
 3091 0015 00       		.byte	0
 3092 0016 0B       		.uleb128 0xb
 3093 0017 0B       		.uleb128 0xb
 3094 0018 3E       		.uleb128 0x3e
 3095 0019 0B       		.uleb128 0xb
 3096 001a 03       		.uleb128 0x3
 3097 001b 0E       		.uleb128 0xe
 3098 001c 00       		.byte	0
 3099 001d 00       		.byte	0
 3100 001e 03       		.uleb128 0x3
 3101 001f 16       		.uleb128 0x16
 3102 0020 00       		.byte	0
 3103 0021 03       		.uleb128 0x3
 3104 0022 0E       		.uleb128 0xe
 3105 0023 3A       		.uleb128 0x3a
 3106 0024 0B       		.uleb128 0xb
 3107 0025 3B       		.uleb128 0x3b
 3108 0026 0B       		.uleb128 0xb
ARM GAS  /tmp/ccXHAvNU.s 			page 63


 3109 0027 39       		.uleb128 0x39
 3110 0028 0B       		.uleb128 0xb
 3111 0029 49       		.uleb128 0x49
 3112 002a 13       		.uleb128 0x13
 3113 002b 00       		.byte	0
 3114 002c 00       		.byte	0
 3115 002d 04       		.uleb128 0x4
 3116 002e 13       		.uleb128 0x13
 3117 002f 01       		.byte	0x1
 3118 0030 03       		.uleb128 0x3
 3119 0031 0E       		.uleb128 0xe
 3120 0032 0B       		.uleb128 0xb
 3121 0033 0B       		.uleb128 0xb
 3122 0034 3A       		.uleb128 0x3a
 3123 0035 0B       		.uleb128 0xb
 3124 0036 3B       		.uleb128 0x3b
 3125 0037 0B       		.uleb128 0xb
 3126 0038 01       		.uleb128 0x1
 3127 0039 13       		.uleb128 0x13
 3128 003a 00       		.byte	0
 3129 003b 00       		.byte	0
 3130 003c 05       		.uleb128 0x5
 3131 003d 0D       		.uleb128 0xd
 3132 003e 00       		.byte	0
 3133 003f 03       		.uleb128 0x3
 3134 0040 0E       		.uleb128 0xe
 3135 0041 49       		.uleb128 0x49
 3136 0042 13       		.uleb128 0x13
 3137 0043 38       		.uleb128 0x38
 3138 0044 0A       		.uleb128 0xa
 3139 0045 34       		.uleb128 0x34
 3140 0046 0C       		.uleb128 0xc
 3141 0047 00       		.byte	0
 3142 0048 00       		.byte	0
 3143 0049 06       		.uleb128 0x6
 3144 004a 0F       		.uleb128 0xf
 3145 004b 00       		.byte	0
 3146 004c 0B       		.uleb128 0xb
 3147 004d 0B       		.uleb128 0xb
 3148 004e 00       		.byte	0
 3149 004f 00       		.byte	0
 3150 0050 07       		.uleb128 0x7
 3151 0051 24       		.uleb128 0x24
 3152 0052 00       		.byte	0
 3153 0053 0B       		.uleb128 0xb
 3154 0054 0B       		.uleb128 0xb
 3155 0055 3E       		.uleb128 0x3e
 3156 0056 0B       		.uleb128 0xb
 3157 0057 03       		.uleb128 0x3
 3158 0058 08       		.uleb128 0x8
 3159 0059 00       		.byte	0
 3160 005a 00       		.byte	0
 3161 005b 08       		.uleb128 0x8
 3162 005c 35       		.uleb128 0x35
 3163 005d 00       		.byte	0
 3164 005e 49       		.uleb128 0x49
 3165 005f 13       		.uleb128 0x13
ARM GAS  /tmp/ccXHAvNU.s 			page 64


 3166 0060 00       		.byte	0
 3167 0061 00       		.byte	0
 3168 0062 09       		.uleb128 0x9
 3169 0063 04       		.uleb128 0x4
 3170 0064 01       		.byte	0x1
 3171 0065 3E       		.uleb128 0x3e
 3172 0066 0B       		.uleb128 0xb
 3173 0067 0B       		.uleb128 0xb
 3174 0068 0B       		.uleb128 0xb
 3175 0069 49       		.uleb128 0x49
 3176 006a 13       		.uleb128 0x13
 3177 006b 3A       		.uleb128 0x3a
 3178 006c 0B       		.uleb128 0xb
 3179 006d 3B       		.uleb128 0x3b
 3180 006e 05       		.uleb128 0x5
 3181 006f 39       		.uleb128 0x39
 3182 0070 0B       		.uleb128 0xb
 3183 0071 01       		.uleb128 0x1
 3184 0072 13       		.uleb128 0x13
 3185 0073 00       		.byte	0
 3186 0074 00       		.byte	0
 3187 0075 0A       		.uleb128 0xa
 3188 0076 28       		.uleb128 0x28
 3189 0077 00       		.byte	0
 3190 0078 03       		.uleb128 0x3
 3191 0079 0E       		.uleb128 0xe
 3192 007a 1C       		.uleb128 0x1c
 3193 007b 0B       		.uleb128 0xb
 3194 007c 00       		.byte	0
 3195 007d 00       		.byte	0
 3196 007e 0B       		.uleb128 0xb
 3197 007f 28       		.uleb128 0x28
 3198 0080 00       		.byte	0
 3199 0081 03       		.uleb128 0x3
 3200 0082 08       		.uleb128 0x8
 3201 0083 1C       		.uleb128 0x1c
 3202 0084 0B       		.uleb128 0xb
 3203 0085 00       		.byte	0
 3204 0086 00       		.byte	0
 3205 0087 0C       		.uleb128 0xc
 3206 0088 16       		.uleb128 0x16
 3207 0089 00       		.byte	0
 3208 008a 03       		.uleb128 0x3
 3209 008b 0E       		.uleb128 0xe
 3210 008c 3A       		.uleb128 0x3a
 3211 008d 0B       		.uleb128 0xb
 3212 008e 3B       		.uleb128 0x3b
 3213 008f 05       		.uleb128 0x5
 3214 0090 39       		.uleb128 0x39
 3215 0091 0B       		.uleb128 0xb
 3216 0092 49       		.uleb128 0x49
 3217 0093 13       		.uleb128 0x13
 3218 0094 00       		.byte	0
 3219 0095 00       		.byte	0
 3220 0096 0D       		.uleb128 0xd
 3221 0097 13       		.uleb128 0x13
 3222 0098 01       		.byte	0x1
ARM GAS  /tmp/ccXHAvNU.s 			page 65


 3223 0099 0B       		.uleb128 0xb
 3224 009a 0B       		.uleb128 0xb
 3225 009b 3A       		.uleb128 0x3a
 3226 009c 0B       		.uleb128 0xb
 3227 009d 3B       		.uleb128 0x3b
 3228 009e 05       		.uleb128 0x5
 3229 009f 39       		.uleb128 0x39
 3230 00a0 0B       		.uleb128 0xb
 3231 00a1 01       		.uleb128 0x1
 3232 00a2 13       		.uleb128 0x13
 3233 00a3 00       		.byte	0
 3234 00a4 00       		.byte	0
 3235 00a5 0E       		.uleb128 0xe
 3236 00a6 0D       		.uleb128 0xd
 3237 00a7 00       		.byte	0
 3238 00a8 03       		.uleb128 0x3
 3239 00a9 08       		.uleb128 0x8
 3240 00aa 3A       		.uleb128 0x3a
 3241 00ab 0B       		.uleb128 0xb
 3242 00ac 3B       		.uleb128 0x3b
 3243 00ad 05       		.uleb128 0x5
 3244 00ae 39       		.uleb128 0x39
 3245 00af 0B       		.uleb128 0xb
 3246 00b0 49       		.uleb128 0x49
 3247 00b1 13       		.uleb128 0x13
 3248 00b2 38       		.uleb128 0x38
 3249 00b3 0A       		.uleb128 0xa
 3250 00b4 00       		.byte	0
 3251 00b5 00       		.byte	0
 3252 00b6 0F       		.uleb128 0xf
 3253 00b7 0D       		.uleb128 0xd
 3254 00b8 00       		.byte	0
 3255 00b9 03       		.uleb128 0x3
 3256 00ba 0E       		.uleb128 0xe
 3257 00bb 3A       		.uleb128 0x3a
 3258 00bc 0B       		.uleb128 0xb
 3259 00bd 3B       		.uleb128 0x3b
 3260 00be 05       		.uleb128 0x5
 3261 00bf 39       		.uleb128 0x39
 3262 00c0 0B       		.uleb128 0xb
 3263 00c1 49       		.uleb128 0x49
 3264 00c2 13       		.uleb128 0x13
 3265 00c3 38       		.uleb128 0x38
 3266 00c4 0A       		.uleb128 0xa
 3267 00c5 00       		.byte	0
 3268 00c6 00       		.byte	0
 3269 00c7 10       		.uleb128 0x10
 3270 00c8 04       		.uleb128 0x4
 3271 00c9 01       		.byte	0x1
 3272 00ca 3E       		.uleb128 0x3e
 3273 00cb 0B       		.uleb128 0xb
 3274 00cc 0B       		.uleb128 0xb
 3275 00cd 0B       		.uleb128 0xb
 3276 00ce 49       		.uleb128 0x49
 3277 00cf 13       		.uleb128 0x13
 3278 00d0 3A       		.uleb128 0x3a
 3279 00d1 0B       		.uleb128 0xb
ARM GAS  /tmp/ccXHAvNU.s 			page 66


 3280 00d2 3B       		.uleb128 0x3b
 3281 00d3 0B       		.uleb128 0xb
 3282 00d4 39       		.uleb128 0x39
 3283 00d5 0B       		.uleb128 0xb
 3284 00d6 01       		.uleb128 0x1
 3285 00d7 13       		.uleb128 0x13
 3286 00d8 00       		.byte	0
 3287 00d9 00       		.byte	0
 3288 00da 11       		.uleb128 0x11
 3289 00db 13       		.uleb128 0x13
 3290 00dc 01       		.byte	0x1
 3291 00dd 0B       		.uleb128 0xb
 3292 00de 0B       		.uleb128 0xb
 3293 00df 3A       		.uleb128 0x3a
 3294 00e0 0B       		.uleb128 0xb
 3295 00e1 3B       		.uleb128 0x3b
 3296 00e2 0B       		.uleb128 0xb
 3297 00e3 39       		.uleb128 0x39
 3298 00e4 0B       		.uleb128 0xb
 3299 00e5 01       		.uleb128 0x1
 3300 00e6 13       		.uleb128 0x13
 3301 00e7 00       		.byte	0
 3302 00e8 00       		.byte	0
 3303 00e9 12       		.uleb128 0x12
 3304 00ea 0D       		.uleb128 0xd
 3305 00eb 00       		.byte	0
 3306 00ec 03       		.uleb128 0x3
 3307 00ed 0E       		.uleb128 0xe
 3308 00ee 3A       		.uleb128 0x3a
 3309 00ef 0B       		.uleb128 0xb
 3310 00f0 3B       		.uleb128 0x3b
 3311 00f1 0B       		.uleb128 0xb
 3312 00f2 39       		.uleb128 0x39
 3313 00f3 0B       		.uleb128 0xb
 3314 00f4 49       		.uleb128 0x49
 3315 00f5 13       		.uleb128 0x13
 3316 00f6 38       		.uleb128 0x38
 3317 00f7 0A       		.uleb128 0xa
 3318 00f8 00       		.byte	0
 3319 00f9 00       		.byte	0
 3320 00fa 13       		.uleb128 0x13
 3321 00fb 2E       		.uleb128 0x2e
 3322 00fc 01       		.byte	0x1
 3323 00fd 3F       		.uleb128 0x3f
 3324 00fe 0C       		.uleb128 0xc
 3325 00ff 03       		.uleb128 0x3
 3326 0100 0E       		.uleb128 0xe
 3327 0101 3A       		.uleb128 0x3a
 3328 0102 0B       		.uleb128 0xb
 3329 0103 3B       		.uleb128 0x3b
 3330 0104 05       		.uleb128 0x5
 3331 0105 39       		.uleb128 0x39
 3332 0106 0B       		.uleb128 0xb
 3333 0107 27       		.uleb128 0x27
 3334 0108 0C       		.uleb128 0xc
 3335 0109 3C       		.uleb128 0x3c
 3336 010a 0C       		.uleb128 0xc
ARM GAS  /tmp/ccXHAvNU.s 			page 67


 3337 010b 01       		.uleb128 0x1
 3338 010c 13       		.uleb128 0x13
 3339 010d 00       		.byte	0
 3340 010e 00       		.byte	0
 3341 010f 14       		.uleb128 0x14
 3342 0110 05       		.uleb128 0x5
 3343 0111 00       		.byte	0
 3344 0112 49       		.uleb128 0x49
 3345 0113 13       		.uleb128 0x13
 3346 0114 00       		.byte	0
 3347 0115 00       		.byte	0
 3348 0116 15       		.uleb128 0x15
 3349 0117 0F       		.uleb128 0xf
 3350 0118 00       		.byte	0
 3351 0119 0B       		.uleb128 0xb
 3352 011a 0B       		.uleb128 0xb
 3353 011b 49       		.uleb128 0x49
 3354 011c 13       		.uleb128 0x13
 3355 011d 00       		.byte	0
 3356 011e 00       		.byte	0
 3357 011f 16       		.uleb128 0x16
 3358 0120 2E       		.uleb128 0x2e
 3359 0121 01       		.byte	0x1
 3360 0122 3F       		.uleb128 0x3f
 3361 0123 0C       		.uleb128 0xc
 3362 0124 03       		.uleb128 0x3
 3363 0125 0E       		.uleb128 0xe
 3364 0126 3A       		.uleb128 0x3a
 3365 0127 0B       		.uleb128 0xb
 3366 0128 3B       		.uleb128 0x3b
 3367 0129 05       		.uleb128 0x5
 3368 012a 39       		.uleb128 0x39
 3369 012b 0B       		.uleb128 0xb
 3370 012c 27       		.uleb128 0x27
 3371 012d 0C       		.uleb128 0xc
 3372 012e 49       		.uleb128 0x49
 3373 012f 13       		.uleb128 0x13
 3374 0130 3C       		.uleb128 0x3c
 3375 0131 0C       		.uleb128 0xc
 3376 0132 01       		.uleb128 0x1
 3377 0133 13       		.uleb128 0x13
 3378 0134 00       		.byte	0
 3379 0135 00       		.byte	0
 3380 0136 17       		.uleb128 0x17
 3381 0137 2E       		.uleb128 0x2e
 3382 0138 01       		.byte	0x1
 3383 0139 3F       		.uleb128 0x3f
 3384 013a 0C       		.uleb128 0xc
 3385 013b 03       		.uleb128 0x3
 3386 013c 0E       		.uleb128 0xe
 3387 013d 3A       		.uleb128 0x3a
 3388 013e 0B       		.uleb128 0xb
 3389 013f 3B       		.uleb128 0x3b
 3390 0140 0B       		.uleb128 0xb
 3391 0141 39       		.uleb128 0x39
 3392 0142 0B       		.uleb128 0xb
 3393 0143 27       		.uleb128 0x27
ARM GAS  /tmp/ccXHAvNU.s 			page 68


 3394 0144 0C       		.uleb128 0xc
 3395 0145 11       		.uleb128 0x11
 3396 0146 01       		.uleb128 0x1
 3397 0147 12       		.uleb128 0x12
 3398 0148 01       		.uleb128 0x1
 3399 0149 40       		.uleb128 0x40
 3400 014a 06       		.uleb128 0x6
 3401 014b 9742     		.uleb128 0x2117
 3402 014d 0C       		.uleb128 0xc
 3403 014e 01       		.uleb128 0x1
 3404 014f 13       		.uleb128 0x13
 3405 0150 00       		.byte	0
 3406 0151 00       		.byte	0
 3407 0152 18       		.uleb128 0x18
 3408 0153 34       		.uleb128 0x34
 3409 0154 00       		.byte	0
 3410 0155 03       		.uleb128 0x3
 3411 0156 0E       		.uleb128 0xe
 3412 0157 3A       		.uleb128 0x3a
 3413 0158 0B       		.uleb128 0xb
 3414 0159 3B       		.uleb128 0x3b
 3415 015a 0B       		.uleb128 0xb
 3416 015b 39       		.uleb128 0x39
 3417 015c 0B       		.uleb128 0xb
 3418 015d 49       		.uleb128 0x49
 3419 015e 13       		.uleb128 0x13
 3420 015f 00       		.byte	0
 3421 0160 00       		.byte	0
 3422 0161 19       		.uleb128 0x19
 3423 0162 898201   		.uleb128 0x4109
 3424 0165 01       		.byte	0x1
 3425 0166 11       		.uleb128 0x11
 3426 0167 01       		.uleb128 0x1
 3427 0168 31       		.uleb128 0x31
 3428 0169 13       		.uleb128 0x13
 3429 016a 01       		.uleb128 0x1
 3430 016b 13       		.uleb128 0x13
 3431 016c 00       		.byte	0
 3432 016d 00       		.byte	0
 3433 016e 1A       		.uleb128 0x1a
 3434 016f 8A8201   		.uleb128 0x410a
 3435 0172 00       		.byte	0
 3436 0173 02       		.uleb128 0x2
 3437 0174 0A       		.uleb128 0xa
 3438 0175 9142     		.uleb128 0x2111
 3439 0177 0A       		.uleb128 0xa
 3440 0178 00       		.byte	0
 3441 0179 00       		.byte	0
 3442 017a 1B       		.uleb128 0x1b
 3443 017b 898201   		.uleb128 0x4109
 3444 017e 01       		.byte	0x1
 3445 017f 11       		.uleb128 0x11
 3446 0180 01       		.uleb128 0x1
 3447 0181 9542     		.uleb128 0x2115
 3448 0183 0C       		.uleb128 0xc
 3449 0184 31       		.uleb128 0x31
 3450 0185 13       		.uleb128 0x13
ARM GAS  /tmp/ccXHAvNU.s 			page 69


 3451 0186 00       		.byte	0
 3452 0187 00       		.byte	0
 3453 0188 1C       		.uleb128 0x1c
 3454 0189 2E       		.uleb128 0x2e
 3455 018a 01       		.byte	0x1
 3456 018b 3F       		.uleb128 0x3f
 3457 018c 0C       		.uleb128 0xc
 3458 018d 03       		.uleb128 0x3
 3459 018e 0E       		.uleb128 0xe
 3460 018f 3A       		.uleb128 0x3a
 3461 0190 0B       		.uleb128 0xb
 3462 0191 3B       		.uleb128 0x3b
 3463 0192 0B       		.uleb128 0xb
 3464 0193 39       		.uleb128 0x39
 3465 0194 0B       		.uleb128 0xb
 3466 0195 27       		.uleb128 0x27
 3467 0196 0C       		.uleb128 0xc
 3468 0197 49       		.uleb128 0x49
 3469 0198 13       		.uleb128 0x13
 3470 0199 11       		.uleb128 0x11
 3471 019a 01       		.uleb128 0x1
 3472 019b 12       		.uleb128 0x12
 3473 019c 01       		.uleb128 0x1
 3474 019d 40       		.uleb128 0x40
 3475 019e 06       		.uleb128 0x6
 3476 019f 9742     		.uleb128 0x2117
 3477 01a1 0C       		.uleb128 0xc
 3478 01a2 01       		.uleb128 0x1
 3479 01a3 13       		.uleb128 0x13
 3480 01a4 00       		.byte	0
 3481 01a5 00       		.byte	0
 3482 01a6 1D       		.uleb128 0x1d
 3483 01a7 05       		.uleb128 0x5
 3484 01a8 00       		.byte	0
 3485 01a9 03       		.uleb128 0x3
 3486 01aa 08       		.uleb128 0x8
 3487 01ab 3A       		.uleb128 0x3a
 3488 01ac 0B       		.uleb128 0xb
 3489 01ad 3B       		.uleb128 0x3b
 3490 01ae 0B       		.uleb128 0xb
 3491 01af 39       		.uleb128 0x39
 3492 01b0 0B       		.uleb128 0xb
 3493 01b1 49       		.uleb128 0x49
 3494 01b2 13       		.uleb128 0x13
 3495 01b3 02       		.uleb128 0x2
 3496 01b4 06       		.uleb128 0x6
 3497 01b5 B742     		.uleb128 0x2137
 3498 01b7 06       		.uleb128 0x6
 3499 01b8 00       		.byte	0
 3500 01b9 00       		.byte	0
 3501 01ba 1E       		.uleb128 0x1e
 3502 01bb 05       		.uleb128 0x5
 3503 01bc 00       		.byte	0
 3504 01bd 03       		.uleb128 0x3
 3505 01be 0E       		.uleb128 0xe
 3506 01bf 3A       		.uleb128 0x3a
 3507 01c0 0B       		.uleb128 0xb
ARM GAS  /tmp/ccXHAvNU.s 			page 70


 3508 01c1 3B       		.uleb128 0x3b
 3509 01c2 0B       		.uleb128 0xb
 3510 01c3 39       		.uleb128 0x39
 3511 01c4 0B       		.uleb128 0xb
 3512 01c5 49       		.uleb128 0x49
 3513 01c6 13       		.uleb128 0x13
 3514 01c7 02       		.uleb128 0x2
 3515 01c8 06       		.uleb128 0x6
 3516 01c9 B742     		.uleb128 0x2137
 3517 01cb 06       		.uleb128 0x6
 3518 01cc 00       		.byte	0
 3519 01cd 00       		.byte	0
 3520 01ce 1F       		.uleb128 0x1f
 3521 01cf 05       		.uleb128 0x5
 3522 01d0 00       		.byte	0
 3523 01d1 03       		.uleb128 0x3
 3524 01d2 0E       		.uleb128 0xe
 3525 01d3 3A       		.uleb128 0x3a
 3526 01d4 0B       		.uleb128 0xb
 3527 01d5 3B       		.uleb128 0x3b
 3528 01d6 0B       		.uleb128 0xb
 3529 01d7 39       		.uleb128 0x39
 3530 01d8 0B       		.uleb128 0xb
 3531 01d9 49       		.uleb128 0x49
 3532 01da 13       		.uleb128 0x13
 3533 01db 02       		.uleb128 0x2
 3534 01dc 0A       		.uleb128 0xa
 3535 01dd 00       		.byte	0
 3536 01de 00       		.byte	0
 3537 01df 20       		.uleb128 0x20
 3538 01e0 18       		.uleb128 0x18
 3539 01e1 00       		.byte	0
 3540 01e2 00       		.byte	0
 3541 01e3 00       		.byte	0
 3542 01e4 21       		.uleb128 0x21
 3543 01e5 34       		.uleb128 0x34
 3544 01e6 00       		.byte	0
 3545 01e7 03       		.uleb128 0x3
 3546 01e8 0E       		.uleb128 0xe
 3547 01e9 3A       		.uleb128 0x3a
 3548 01ea 0B       		.uleb128 0xb
 3549 01eb 3B       		.uleb128 0x3b
 3550 01ec 0B       		.uleb128 0xb
 3551 01ed 39       		.uleb128 0x39
 3552 01ee 0B       		.uleb128 0xb
 3553 01ef 49       		.uleb128 0x49
 3554 01f0 13       		.uleb128 0x13
 3555 01f1 02       		.uleb128 0x2
 3556 01f2 0A       		.uleb128 0xa
 3557 01f3 00       		.byte	0
 3558 01f4 00       		.byte	0
 3559 01f5 22       		.uleb128 0x22
 3560 01f6 898201   		.uleb128 0x4109
 3561 01f9 01       		.byte	0x1
 3562 01fa 11       		.uleb128 0x11
 3563 01fb 01       		.uleb128 0x1
 3564 01fc 31       		.uleb128 0x31
ARM GAS  /tmp/ccXHAvNU.s 			page 71


 3565 01fd 13       		.uleb128 0x13
 3566 01fe 00       		.byte	0
 3567 01ff 00       		.byte	0
 3568 0200 23       		.uleb128 0x23
 3569 0201 26       		.uleb128 0x26
 3570 0202 00       		.byte	0
 3571 0203 49       		.uleb128 0x49
 3572 0204 13       		.uleb128 0x13
 3573 0205 00       		.byte	0
 3574 0206 00       		.byte	0
 3575 0207 24       		.uleb128 0x24
 3576 0208 2E       		.uleb128 0x2e
 3577 0209 01       		.byte	0x1
 3578 020a 03       		.uleb128 0x3
 3579 020b 0E       		.uleb128 0xe
 3580 020c 3A       		.uleb128 0x3a
 3581 020d 0B       		.uleb128 0xb
 3582 020e 3B       		.uleb128 0x3b
 3583 020f 0B       		.uleb128 0xb
 3584 0210 39       		.uleb128 0x39
 3585 0211 0B       		.uleb128 0xb
 3586 0212 27       		.uleb128 0x27
 3587 0213 0C       		.uleb128 0xc
 3588 0214 49       		.uleb128 0x49
 3589 0215 13       		.uleb128 0x13
 3590 0216 11       		.uleb128 0x11
 3591 0217 01       		.uleb128 0x1
 3592 0218 12       		.uleb128 0x12
 3593 0219 01       		.uleb128 0x1
 3594 021a 40       		.uleb128 0x40
 3595 021b 06       		.uleb128 0x6
 3596 021c 9742     		.uleb128 0x2117
 3597 021e 0C       		.uleb128 0xc
 3598 021f 01       		.uleb128 0x1
 3599 0220 13       		.uleb128 0x13
 3600 0221 00       		.byte	0
 3601 0222 00       		.byte	0
 3602 0223 25       		.uleb128 0x25
 3603 0224 34       		.uleb128 0x34
 3604 0225 00       		.byte	0
 3605 0226 03       		.uleb128 0x3
 3606 0227 0E       		.uleb128 0xe
 3607 0228 3A       		.uleb128 0x3a
 3608 0229 0B       		.uleb128 0xb
 3609 022a 3B       		.uleb128 0x3b
 3610 022b 0B       		.uleb128 0xb
 3611 022c 39       		.uleb128 0x39
 3612 022d 0B       		.uleb128 0xb
 3613 022e 49       		.uleb128 0x49
 3614 022f 13       		.uleb128 0x13
 3615 0230 02       		.uleb128 0x2
 3616 0231 06       		.uleb128 0x6
 3617 0232 B742     		.uleb128 0x2137
 3618 0234 06       		.uleb128 0x6
 3619 0235 00       		.byte	0
 3620 0236 00       		.byte	0
 3621 0237 26       		.uleb128 0x26
ARM GAS  /tmp/ccXHAvNU.s 			page 72


 3622 0238 34       		.uleb128 0x34
 3623 0239 00       		.byte	0
 3624 023a 03       		.uleb128 0x3
 3625 023b 08       		.uleb128 0x8
 3626 023c 3A       		.uleb128 0x3a
 3627 023d 0B       		.uleb128 0xb
 3628 023e 3B       		.uleb128 0x3b
 3629 023f 0B       		.uleb128 0xb
 3630 0240 39       		.uleb128 0x39
 3631 0241 0B       		.uleb128 0xb
 3632 0242 49       		.uleb128 0x49
 3633 0243 13       		.uleb128 0x13
 3634 0244 02       		.uleb128 0x2
 3635 0245 06       		.uleb128 0x6
 3636 0246 B742     		.uleb128 0x2137
 3637 0248 06       		.uleb128 0x6
 3638 0249 00       		.byte	0
 3639 024a 00       		.byte	0
 3640 024b 27       		.uleb128 0x27
 3641 024c 34       		.uleb128 0x34
 3642 024d 00       		.byte	0
 3643 024e 03       		.uleb128 0x3
 3644 024f 08       		.uleb128 0x8
 3645 0250 3A       		.uleb128 0x3a
 3646 0251 0B       		.uleb128 0xb
 3647 0252 3B       		.uleb128 0x3b
 3648 0253 0B       		.uleb128 0xb
 3649 0254 39       		.uleb128 0x39
 3650 0255 0B       		.uleb128 0xb
 3651 0256 49       		.uleb128 0x49
 3652 0257 13       		.uleb128 0x13
 3653 0258 02       		.uleb128 0x2
 3654 0259 0A       		.uleb128 0xa
 3655 025a 00       		.byte	0
 3656 025b 00       		.byte	0
 3657 025c 28       		.uleb128 0x28
 3658 025d 0A       		.uleb128 0xa
 3659 025e 00       		.byte	0
 3660 025f 03       		.uleb128 0x3
 3661 0260 08       		.uleb128 0x8
 3662 0261 3A       		.uleb128 0x3a
 3663 0262 0B       		.uleb128 0xb
 3664 0263 3B       		.uleb128 0x3b
 3665 0264 0B       		.uleb128 0xb
 3666 0265 39       		.uleb128 0x39
 3667 0266 0B       		.uleb128 0xb
 3668 0267 11       		.uleb128 0x11
 3669 0268 01       		.uleb128 0x1
 3670 0269 00       		.byte	0
 3671 026a 00       		.byte	0
 3672 026b 29       		.uleb128 0x29
 3673 026c 0B       		.uleb128 0xb
 3674 026d 01       		.byte	0x1
 3675 026e 11       		.uleb128 0x11
 3676 026f 01       		.uleb128 0x1
 3677 0270 12       		.uleb128 0x12
 3678 0271 01       		.uleb128 0x1
ARM GAS  /tmp/ccXHAvNU.s 			page 73


 3679 0272 01       		.uleb128 0x1
 3680 0273 13       		.uleb128 0x13
 3681 0274 00       		.byte	0
 3682 0275 00       		.byte	0
 3683 0276 2A       		.uleb128 0x2a
 3684 0277 01       		.uleb128 0x1
 3685 0278 01       		.byte	0x1
 3686 0279 49       		.uleb128 0x49
 3687 027a 13       		.uleb128 0x13
 3688 027b 01       		.uleb128 0x1
 3689 027c 13       		.uleb128 0x13
 3690 027d 00       		.byte	0
 3691 027e 00       		.byte	0
 3692 027f 2B       		.uleb128 0x2b
 3693 0280 21       		.uleb128 0x21
 3694 0281 00       		.byte	0
 3695 0282 49       		.uleb128 0x49
 3696 0283 13       		.uleb128 0x13
 3697 0284 2F       		.uleb128 0x2f
 3698 0285 0B       		.uleb128 0xb
 3699 0286 00       		.byte	0
 3700 0287 00       		.byte	0
 3701 0288 2C       		.uleb128 0x2c
 3702 0289 34       		.uleb128 0x34
 3703 028a 00       		.byte	0
 3704 028b 03       		.uleb128 0x3
 3705 028c 08       		.uleb128 0x8
 3706 028d 3A       		.uleb128 0x3a
 3707 028e 0B       		.uleb128 0xb
 3708 028f 3B       		.uleb128 0x3b
 3709 0290 0B       		.uleb128 0xb
 3710 0291 39       		.uleb128 0x39
 3711 0292 0B       		.uleb128 0xb
 3712 0293 49       		.uleb128 0x49
 3713 0294 13       		.uleb128 0x13
 3714 0295 00       		.byte	0
 3715 0296 00       		.byte	0
 3716 0297 2D       		.uleb128 0x2d
 3717 0298 2E       		.uleb128 0x2e
 3718 0299 00       		.byte	0
 3719 029a 3F       		.uleb128 0x3f
 3720 029b 0C       		.uleb128 0xc
 3721 029c 3C       		.uleb128 0x3c
 3722 029d 0C       		.uleb128 0xc
 3723 029e 8740     		.uleb128 0x2007
 3724 02a0 0E       		.uleb128 0xe
 3725 02a1 03       		.uleb128 0x3
 3726 02a2 0E       		.uleb128 0xe
 3727 02a3 3A       		.uleb128 0x3a
 3728 02a4 0B       		.uleb128 0xb
 3729 02a5 3B       		.uleb128 0x3b
 3730 02a6 0B       		.uleb128 0xb
 3731 02a7 00       		.byte	0
 3732 02a8 00       		.byte	0
 3733 02a9 00       		.byte	0
 3734              		.section	.debug_loc,"",%progbits
 3735              	.Ldebug_loc0:
ARM GAS  /tmp/ccXHAvNU.s 			page 74


 3736              	.LLST39:
 3737 0000 34030000 		.4byte	.LFB38-.Ltext0
 3738 0004 36030000 		.4byte	.LCFI33-.Ltext0
 3739 0008 0200     		.2byte	0x2
 3740 000a 7D       		.byte	0x7d
 3741 000b 00       		.sleb128 0
 3742 000c 36030000 		.4byte	.LCFI33-.Ltext0
 3743 0010 54030000 		.4byte	.LCFI34-.Ltext0
 3744 0014 0200     		.2byte	0x2
 3745 0016 7D       		.byte	0x7d
 3746 0017 08       		.sleb128 8
 3747 0018 54030000 		.4byte	.LCFI34-.Ltext0
 3748 001c 5E030000 		.4byte	.LCFI35-.Ltext0
 3749 0020 0200     		.2byte	0x2
 3750 0022 7D       		.byte	0x7d
 3751 0023 00       		.sleb128 0
 3752 0024 5E030000 		.4byte	.LCFI35-.Ltext0
 3753 0028 64030000 		.4byte	.LFE38-.Ltext0
 3754 002c 0200     		.2byte	0x2
 3755 002e 7D       		.byte	0x7d
 3756 002f 08       		.sleb128 8
 3757 0030 00000000 		.4byte	0
 3758 0034 00000000 		.4byte	0
 3759              	.LLST36:
 3760 0038 16030000 		.4byte	.LFB37-.Ltext0
 3761 003c 18030000 		.4byte	.LCFI28-.Ltext0
 3762 0040 0200     		.2byte	0x2
 3763 0042 7D       		.byte	0x7d
 3764 0043 00       		.sleb128 0
 3765 0044 18030000 		.4byte	.LCFI28-.Ltext0
 3766 0048 1A030000 		.4byte	.LCFI29-.Ltext0
 3767 004c 0200     		.2byte	0x2
 3768 004e 7D       		.byte	0x7d
 3769 004f 08       		.sleb128 8
 3770 0050 1A030000 		.4byte	.LCFI29-.Ltext0
 3771 0054 2C030000 		.4byte	.LCFI30-.Ltext0
 3772 0058 0200     		.2byte	0x2
 3773 005a 7D       		.byte	0x7d
 3774 005b 20       		.sleb128 32
 3775 005c 2C030000 		.4byte	.LCFI30-.Ltext0
 3776 0060 30030000 		.4byte	.LCFI31-.Ltext0
 3777 0064 0200     		.2byte	0x2
 3778 0066 7D       		.byte	0x7d
 3779 0067 0C       		.sleb128 12
 3780 0068 30030000 		.4byte	.LCFI31-.Ltext0
 3781 006c 32030000 		.4byte	.LCFI32-.Ltext0
 3782 0070 0200     		.2byte	0x2
 3783 0072 7D       		.byte	0x7d
 3784 0073 08       		.sleb128 8
 3785 0074 32030000 		.4byte	.LCFI32-.Ltext0
 3786 0078 34030000 		.4byte	.LFE37-.Ltext0
 3787 007c 0200     		.2byte	0x2
 3788 007e 7D       		.byte	0x7d
 3789 007f 00       		.sleb128 0
 3790 0080 00000000 		.4byte	0
 3791 0084 00000000 		.4byte	0
 3792              	.LVUS37:
ARM GAS  /tmp/ccXHAvNU.s 			page 75


 3793 0088 00       		.uleb128 0
 3794 0089 00       		.uleb128 .LVU294
 3795 008a 00       		.uleb128 .LVU294
 3796 008b 00       		.uleb128 .LVU297
 3797              	.LLST37:
 3798 008c 16030000 		.4byte	.LVL115-.Ltext0
 3799 0090 24030000 		.4byte	.LVL117-.Ltext0
 3800 0094 0100     		.2byte	0x1
 3801 0096 50       		.byte	0x50
 3802 0097 24030000 		.4byte	.LVL117-.Ltext0
 3803 009b 29030000 		.4byte	.LVL118-1-.Ltext0
 3804 009f 0200     		.2byte	0x2
 3805 00a1 70       		.byte	0x70
 3806 00a2 00       		.sleb128 0
 3807 00a3 00000000 		.4byte	0
 3808 00a7 00000000 		.4byte	0
 3809              	.LVUS38:
 3810 00ab 00       		.uleb128 0
 3811 00ac 00       		.uleb128 .LVU292
 3812 00ad 00       		.uleb128 .LVU292
 3813 00ae 00       		.uleb128 0
 3814              	.LLST38:
 3815 00af 16030000 		.4byte	.LVL115-.Ltext0
 3816 00b3 20030000 		.4byte	.LVL116-.Ltext0
 3817 00b7 0100     		.2byte	0x1
 3818 00b9 51       		.byte	0x51
 3819 00ba 20030000 		.4byte	.LVL116-.Ltext0
 3820 00be 34030000 		.4byte	.LFE37-.Ltext0
 3821 00c2 0A00     		.2byte	0xa
 3822 00c4 F3       		.byte	0xf3
 3823 00c5 03       		.uleb128 0x3
 3824 00c6 F5       		.byte	0xf5
 3825 00c7 01       		.uleb128 0x1
 3826 00c8 2C       		.uleb128 0x2c
 3827 00c9 F7       		.byte	0xf7
 3828 00ca 25       		.uleb128 0x25
 3829 00cb F7       		.byte	0xf7
 3830 00cc 00       		.uleb128 0
 3831 00cd 9F       		.byte	0x9f
 3832 00ce 00000000 		.4byte	0
 3833 00d2 00000000 		.4byte	0
 3834              	.LLST34:
 3835 00d6 F8020000 		.4byte	.LFB36-.Ltext0
 3836 00da FA020000 		.4byte	.LCFI23-.Ltext0
 3837 00de 0200     		.2byte	0x2
 3838 00e0 7D       		.byte	0x7d
 3839 00e1 00       		.sleb128 0
 3840 00e2 FA020000 		.4byte	.LCFI23-.Ltext0
 3841 00e6 FC020000 		.4byte	.LCFI24-.Ltext0
 3842 00ea 0200     		.2byte	0x2
 3843 00ec 7D       		.byte	0x7d
 3844 00ed 0C       		.sleb128 12
 3845 00ee FC020000 		.4byte	.LCFI24-.Ltext0
 3846 00f2 0E030000 		.4byte	.LCFI25-.Ltext0
 3847 00f6 0200     		.2byte	0x2
 3848 00f8 7D       		.byte	0x7d
 3849 00f9 20       		.sleb128 32
ARM GAS  /tmp/ccXHAvNU.s 			page 76


 3850 00fa 0E030000 		.4byte	.LCFI25-.Ltext0
 3851 00fe 12030000 		.4byte	.LCFI26-.Ltext0
 3852 0102 0200     		.2byte	0x2
 3853 0104 7D       		.byte	0x7d
 3854 0105 10       		.sleb128 16
 3855 0106 12030000 		.4byte	.LCFI26-.Ltext0
 3856 010a 14030000 		.4byte	.LCFI27-.Ltext0
 3857 010e 0200     		.2byte	0x2
 3858 0110 7D       		.byte	0x7d
 3859 0111 0C       		.sleb128 12
 3860 0112 14030000 		.4byte	.LCFI27-.Ltext0
 3861 0116 16030000 		.4byte	.LFE36-.Ltext0
 3862 011a 0200     		.2byte	0x2
 3863 011c 7D       		.byte	0x7d
 3864 011d 00       		.sleb128 0
 3865 011e 00000000 		.4byte	0
 3866 0122 00000000 		.4byte	0
 3867              	.LVUS35:
 3868 0126 00       		.uleb128 0
 3869 0127 00       		.uleb128 .LVU282
 3870 0128 00       		.uleb128 .LVU282
 3871 0129 00       		.uleb128 .LVU285
 3872              	.LLST35:
 3873 012a F8020000 		.4byte	.LVL112-.Ltext0
 3874 012e 06030000 		.4byte	.LVL113-.Ltext0
 3875 0132 0100     		.2byte	0x1
 3876 0134 50       		.byte	0x50
 3877 0135 06030000 		.4byte	.LVL113-.Ltext0
 3878 0139 0B030000 		.4byte	.LVL114-1-.Ltext0
 3879 013d 0200     		.2byte	0x2
 3880 013f 70       		.byte	0x70
 3881 0140 00       		.sleb128 0
 3882 0141 00000000 		.4byte	0
 3883 0145 00000000 		.4byte	0
 3884              	.LLST33:
 3885 0149 CC020000 		.4byte	.LFB35-.Ltext0
 3886 014d CE020000 		.4byte	.LCFI18-.Ltext0
 3887 0151 0200     		.2byte	0x2
 3888 0153 7D       		.byte	0x7d
 3889 0154 00       		.sleb128 0
 3890 0155 CE020000 		.4byte	.LCFI18-.Ltext0
 3891 0159 D0020000 		.4byte	.LCFI19-.Ltext0
 3892 015d 0200     		.2byte	0x2
 3893 015f 7D       		.byte	0x7d
 3894 0160 10       		.sleb128 16
 3895 0161 D0020000 		.4byte	.LCFI19-.Ltext0
 3896 0165 EA020000 		.4byte	.LCFI20-.Ltext0
 3897 0169 0200     		.2byte	0x2
 3898 016b 7D       		.byte	0x7d
 3899 016c 20       		.sleb128 32
 3900 016d EA020000 		.4byte	.LCFI20-.Ltext0
 3901 0171 EE020000 		.4byte	.LCFI21-.Ltext0
 3902 0175 0200     		.2byte	0x2
 3903 0177 7D       		.byte	0x7d
 3904 0178 14       		.sleb128 20
 3905 0179 EE020000 		.4byte	.LCFI21-.Ltext0
 3906 017d F0020000 		.4byte	.LCFI22-.Ltext0
ARM GAS  /tmp/ccXHAvNU.s 			page 77


 3907 0181 0200     		.2byte	0x2
 3908 0183 7D       		.byte	0x7d
 3909 0184 10       		.sleb128 16
 3910 0185 F0020000 		.4byte	.LCFI22-.Ltext0
 3911 0189 F8020000 		.4byte	.LFE35-.Ltext0
 3912 018d 0200     		.2byte	0x2
 3913 018f 7D       		.byte	0x7d
 3914 0190 00       		.sleb128 0
 3915 0191 00000000 		.4byte	0
 3916 0195 00000000 		.4byte	0
 3917              	.LLST32:
 3918 0199 B0020000 		.4byte	.LFB34-.Ltext0
 3919 019d B2020000 		.4byte	.LCFI13-.Ltext0
 3920 01a1 0200     		.2byte	0x2
 3921 01a3 7D       		.byte	0x7d
 3922 01a4 00       		.sleb128 0
 3923 01a5 B2020000 		.4byte	.LCFI13-.Ltext0
 3924 01a9 B4020000 		.4byte	.LCFI14-.Ltext0
 3925 01ad 0200     		.2byte	0x2
 3926 01af 7D       		.byte	0x7d
 3927 01b0 10       		.sleb128 16
 3928 01b1 B4020000 		.4byte	.LCFI14-.Ltext0
 3929 01b5 C4020000 		.4byte	.LCFI15-.Ltext0
 3930 01b9 0200     		.2byte	0x2
 3931 01bb 7D       		.byte	0x7d
 3932 01bc 20       		.sleb128 32
 3933 01bd C4020000 		.4byte	.LCFI15-.Ltext0
 3934 01c1 C8020000 		.4byte	.LCFI16-.Ltext0
 3935 01c5 0200     		.2byte	0x2
 3936 01c7 7D       		.byte	0x7d
 3937 01c8 14       		.sleb128 20
 3938 01c9 C8020000 		.4byte	.LCFI16-.Ltext0
 3939 01cd CA020000 		.4byte	.LCFI17-.Ltext0
 3940 01d1 0200     		.2byte	0x2
 3941 01d3 7D       		.byte	0x7d
 3942 01d4 10       		.sleb128 16
 3943 01d5 CA020000 		.4byte	.LCFI17-.Ltext0
 3944 01d9 CC020000 		.4byte	.LFE34-.Ltext0
 3945 01dd 0200     		.2byte	0x2
 3946 01df 7D       		.byte	0x7d
 3947 01e0 00       		.sleb128 0
 3948 01e1 00000000 		.4byte	0
 3949 01e5 00000000 		.4byte	0
 3950              	.LLST24:
 3951 01e9 B6010000 		.4byte	.LFB33-.Ltext0
 3952 01ed BA010000 		.4byte	.LCFI9-.Ltext0
 3953 01f1 0200     		.2byte	0x2
 3954 01f3 7D       		.byte	0x7d
 3955 01f4 00       		.sleb128 0
 3956 01f5 BA010000 		.4byte	.LCFI9-.Ltext0
 3957 01f9 C8010000 		.4byte	.LCFI10-.Ltext0
 3958 01fd 0200     		.2byte	0x2
 3959 01ff 7D       		.byte	0x7d
 3960 0200 18       		.sleb128 24
 3961 0201 C8010000 		.4byte	.LCFI10-.Ltext0
 3962 0205 D6010000 		.4byte	.LCFI11-.Ltext0
 3963 0209 0200     		.2byte	0x2
ARM GAS  /tmp/ccXHAvNU.s 			page 78


 3964 020b 7D       		.byte	0x7d
 3965 020c 30       		.sleb128 48
 3966 020d D6010000 		.4byte	.LCFI11-.Ltext0
 3967 0211 DA010000 		.4byte	.LCFI12-.Ltext0
 3968 0215 0200     		.2byte	0x2
 3969 0217 7D       		.byte	0x7d
 3970 0218 18       		.sleb128 24
 3971 0219 DA010000 		.4byte	.LCFI12-.Ltext0
 3972 021d B0020000 		.4byte	.LFE33-.Ltext0
 3973 0221 0200     		.2byte	0x2
 3974 0223 7D       		.byte	0x7d
 3975 0224 30       		.sleb128 48
 3976 0225 00000000 		.4byte	0
 3977 0229 00000000 		.4byte	0
 3978              	.LVUS25:
 3979 022d 00       		.uleb128 0
 3980 022e 00       		.uleb128 .LVU165
 3981 022f 00       		.uleb128 .LVU165
 3982 0230 00       		.uleb128 0
 3983              	.LLST25:
 3984 0231 B6010000 		.4byte	.LVL61-.Ltext0
 3985 0235 C8010000 		.4byte	.LVL63-.Ltext0
 3986 0239 0100     		.2byte	0x1
 3987 023b 50       		.byte	0x50
 3988 023c C8010000 		.4byte	.LVL63-.Ltext0
 3989 0240 B0020000 		.4byte	.LFE33-.Ltext0
 3990 0244 0100     		.2byte	0x1
 3991 0246 57       		.byte	0x57
 3992 0247 00000000 		.4byte	0
 3993 024b 00000000 		.4byte	0
 3994              	.LVUS26:
 3995 024f 00       		.uleb128 0
 3996 0250 00       		.uleb128 .LVU165
 3997 0251 00       		.uleb128 .LVU165
 3998 0252 00       		.uleb128 .LVU168
 3999 0253 00       		.uleb128 .LVU176
 4000 0254 01       		.uleb128 .LVU179
 4001 0255 01       		.uleb128 .LVU179
 4002 0256 00       		.uleb128 .LVU192
 4003 0257 00       		.uleb128 .LVU192
 4004 0258 00       		.uleb128 .LVU196
 4005 0259 00       		.uleb128 .LVU197
 4006 025a 00       		.uleb128 .LVU199
 4007 025b 00       		.uleb128 .LVU199
 4008 025c 01       		.uleb128 .LVU200
 4009 025d 01       		.uleb128 .LVU200
 4010 025e 00       		.uleb128 .LVU201
 4011 025f 00       		.uleb128 .LVU201
 4012 0260 00       		.uleb128 .LVU202
 4013 0261 00       		.uleb128 .LVU202
 4014 0262 00       		.uleb128 .LVU203
 4015 0263 00       		.uleb128 .LVU203
 4016 0264 01       		.uleb128 .LVU204
 4017 0265 01       		.uleb128 .LVU204
 4018 0266 00       		.uleb128 .LVU207
 4019 0267 00       		.uleb128 .LVU207
 4020 0268 00       		.uleb128 .LVU208
ARM GAS  /tmp/ccXHAvNU.s 			page 79


 4021 0269 00       		.uleb128 .LVU208
 4022 026a 00       		.uleb128 .LVU210
 4023 026b 00       		.uleb128 .LVU210
 4024 026c 03       		.uleb128 .LVU213
 4025 026d 03       		.uleb128 .LVU213
 4026 026e 00       		.uleb128 .LVU214
 4027 026f 00       		.uleb128 .LVU214
 4028 0270 00       		.uleb128 .LVU217
 4029 0271 00       		.uleb128 .LVU217
 4030 0272 00       		.uleb128 .LVU220
 4031 0273 00       		.uleb128 .LVU220
 4032 0274 00       		.uleb128 .LVU223
 4033 0275 00       		.uleb128 .LVU223
 4034 0276 00       		.uleb128 .LVU229
 4035 0277 00       		.uleb128 .LVU229
 4036 0278 00       		.uleb128 .LVU231
 4037 0279 00       		.uleb128 .LVU231
 4038 027a 00       		.uleb128 .LVU238
 4039 027b 00       		.uleb128 .LVU238
 4040 027c 00       		.uleb128 .LVU240
 4041 027d 00       		.uleb128 .LVU240
 4042 027e 00       		.uleb128 .LVU241
 4043 027f 00       		.uleb128 .LVU241
 4044 0280 00       		.uleb128 .LVU243
 4045 0281 00       		.uleb128 .LVU243
 4046 0282 00       		.uleb128 .LVU245
 4047 0283 00       		.uleb128 .LVU245
 4048 0284 00       		.uleb128 .LVU252
 4049 0285 00       		.uleb128 .LVU252
 4050 0286 00       		.uleb128 .LVU253
 4051 0287 00       		.uleb128 .LVU253
 4052 0288 00       		.uleb128 0
 4053              	.LLST26:
 4054 0289 B6010000 		.4byte	.LVL61-.Ltext0
 4055 028d C8010000 		.4byte	.LVL63-.Ltext0
 4056 0291 0100     		.2byte	0x1
 4057 0293 51       		.byte	0x51
 4058 0294 C8010000 		.4byte	.LVL63-.Ltext0
 4059 0298 CC010000 		.4byte	.LVL64-.Ltext0
 4060 029c 0100     		.2byte	0x1
 4061 029e 56       		.byte	0x56
 4062 029f DA010000 		.4byte	.LVL65-.Ltext0
 4063 02a3 DE010000 		.4byte	.LVL66-.Ltext0
 4064 02a7 0100     		.2byte	0x1
 4065 02a9 56       		.byte	0x56
 4066 02aa DE010000 		.4byte	.LVL66-.Ltext0
 4067 02ae F4010000 		.4byte	.LVL67-.Ltext0
 4068 02b2 0300     		.2byte	0x3
 4069 02b4 76       		.byte	0x76
 4070 02b5 01       		.sleb128 1
 4071 02b6 9F       		.byte	0x9f
 4072 02b7 F4010000 		.4byte	.LVL67-.Ltext0
 4073 02bb FC010000 		.4byte	.LVL69-.Ltext0
 4074 02bf 0100     		.2byte	0x1
 4075 02c1 50       		.byte	0x50
 4076 02c2 00020000 		.4byte	.LVL70-.Ltext0
 4077 02c6 20020000 		.4byte	.LVL71-.Ltext0
ARM GAS  /tmp/ccXHAvNU.s 			page 80


 4078 02ca 0100     		.2byte	0x1
 4079 02cc 50       		.byte	0x50
 4080 02cd 20020000 		.4byte	.LVL71-.Ltext0
 4081 02d1 20020000 		.4byte	.LVL71-.Ltext0
 4082 02d5 0100     		.2byte	0x1
 4083 02d7 56       		.byte	0x56
 4084 02d8 20020000 		.4byte	.LVL71-.Ltext0
 4085 02dc 22020000 		.4byte	.LVL72-.Ltext0
 4086 02e0 0300     		.2byte	0x3
 4087 02e2 76       		.byte	0x76
 4088 02e3 01       		.sleb128 1
 4089 02e4 9F       		.byte	0x9f
 4090 02e5 22020000 		.4byte	.LVL72-.Ltext0
 4091 02e9 24020000 		.4byte	.LVL73-.Ltext0
 4092 02ed 0100     		.2byte	0x1
 4093 02ef 56       		.byte	0x56
 4094 02f0 24020000 		.4byte	.LVL73-.Ltext0
 4095 02f4 26020000 		.4byte	.LVL74-.Ltext0
 4096 02f8 0100     		.2byte	0x1
 4097 02fa 50       		.byte	0x50
 4098 02fb 26020000 		.4byte	.LVL74-.Ltext0
 4099 02ff 26020000 		.4byte	.LVL74-.Ltext0
 4100 0303 0300     		.2byte	0x3
 4101 0305 70       		.byte	0x70
 4102 0306 7F       		.sleb128 -1
 4103 0307 9F       		.byte	0x9f
 4104 0308 26020000 		.4byte	.LVL74-.Ltext0
 4105 030c 2C020000 		.4byte	.LVL76-.Ltext0
 4106 0310 0300     		.2byte	0x3
 4107 0312 70       		.byte	0x70
 4108 0313 01       		.sleb128 1
 4109 0314 9F       		.byte	0x9f
 4110 0315 2C020000 		.4byte	.LVL76-.Ltext0
 4111 0319 30020000 		.4byte	.LVL77-.Ltext0
 4112 031d 0300     		.2byte	0x3
 4113 031f 76       		.byte	0x76
 4114 0320 01       		.sleb128 1
 4115 0321 9F       		.byte	0x9f
 4116 0322 30020000 		.4byte	.LVL77-.Ltext0
 4117 0326 36020000 		.4byte	.LVL79-.Ltext0
 4118 032a 0100     		.2byte	0x1
 4119 032c 50       		.byte	0x50
 4120 032d 36020000 		.4byte	.LVL79-.Ltext0
 4121 0331 36020000 		.4byte	.LVL79-.Ltext0
 4122 0335 0100     		.2byte	0x1
 4123 0337 56       		.byte	0x56
 4124 0338 36020000 		.4byte	.LVL79-.Ltext0
 4125 033c 38020000 		.4byte	.LVL80-.Ltext0
 4126 0340 0300     		.2byte	0x3
 4127 0342 76       		.byte	0x76
 4128 0343 01       		.sleb128 1
 4129 0344 9F       		.byte	0x9f
 4130 0345 38020000 		.4byte	.LVL80-.Ltext0
 4131 0349 42020000 		.4byte	.LVL81-.Ltext0
 4132 034d 0100     		.2byte	0x1
 4133 034f 50       		.byte	0x50
 4134 0350 42020000 		.4byte	.LVL81-.Ltext0
ARM GAS  /tmp/ccXHAvNU.s 			page 81


 4135 0354 4E020000 		.4byte	.LVL84-.Ltext0
 4136 0358 0100     		.2byte	0x1
 4137 035a 56       		.byte	0x56
 4138 035b 4E020000 		.4byte	.LVL84-.Ltext0
 4139 035f 52020000 		.4byte	.LVL85-.Ltext0
 4140 0363 0100     		.2byte	0x1
 4141 0365 50       		.byte	0x50
 4142 0366 52020000 		.4byte	.LVL85-.Ltext0
 4143 036a 62020000 		.4byte	.LVL89-.Ltext0
 4144 036e 0100     		.2byte	0x1
 4145 0370 56       		.byte	0x56
 4146 0371 62020000 		.4byte	.LVL89-.Ltext0
 4147 0375 64020000 		.4byte	.LVL90-.Ltext0
 4148 0379 0100     		.2byte	0x1
 4149 037b 50       		.byte	0x50
 4150 037c 64020000 		.4byte	.LVL90-.Ltext0
 4151 0380 7C020000 		.4byte	.LVL96-.Ltext0
 4152 0384 0100     		.2byte	0x1
 4153 0386 56       		.byte	0x56
 4154 0387 7C020000 		.4byte	.LVL96-.Ltext0
 4155 038b 7E020000 		.4byte	.LVL97-.Ltext0
 4156 038f 0100     		.2byte	0x1
 4157 0391 50       		.byte	0x50
 4158 0392 7E020000 		.4byte	.LVL97-.Ltext0
 4159 0396 80020000 		.4byte	.LVL98-.Ltext0
 4160 039a 0100     		.2byte	0x1
 4161 039c 56       		.byte	0x56
 4162 039d 80020000 		.4byte	.LVL98-.Ltext0
 4163 03a1 82020000 		.4byte	.LVL99-.Ltext0
 4164 03a5 0100     		.2byte	0x1
 4165 03a7 50       		.byte	0x50
 4166 03a8 82020000 		.4byte	.LVL99-.Ltext0
 4167 03ac 8C020000 		.4byte	.LVL101-.Ltext0
 4168 03b0 0100     		.2byte	0x1
 4169 03b2 56       		.byte	0x56
 4170 03b3 8C020000 		.4byte	.LVL101-.Ltext0
 4171 03b7 9E020000 		.4byte	.LVL103-.Ltext0
 4172 03bb 0100     		.2byte	0x1
 4173 03bd 50       		.byte	0x50
 4174 03be 9E020000 		.4byte	.LVL103-.Ltext0
 4175 03c2 A0020000 		.4byte	.LVL104-.Ltext0
 4176 03c6 0300     		.2byte	0x3
 4177 03c8 70       		.byte	0x70
 4178 03c9 01       		.sleb128 1
 4179 03ca 9F       		.byte	0x9f
 4180 03cb A0020000 		.4byte	.LVL104-.Ltext0
 4181 03cf B0020000 		.4byte	.LFE33-.Ltext0
 4182 03d3 0100     		.2byte	0x1
 4183 03d5 56       		.byte	0x56
 4184 03d6 00000000 		.4byte	0
 4185 03da 00000000 		.4byte	0
 4186              	.LVUS27:
 4187 03de 00       		.uleb128 0
 4188 03df 00       		.uleb128 .LVU194
 4189 03e0 00       		.uleb128 .LVU207
 4190 03e1 00       		.uleb128 .LVU208
 4191 03e2 01       		.uleb128 .LVU221
ARM GAS  /tmp/ccXHAvNU.s 			page 82


 4192 03e3 00       		.uleb128 .LVU224
 4193 03e4 00       		.uleb128 .LVU234
 4194 03e5 00       		.uleb128 .LVU235
 4195 03e6 01       		.uleb128 .LVU246
 4196 03e7 00       		.uleb128 .LVU247
 4197 03e8 00       		.uleb128 .LVU252
 4198 03e9 00       		.uleb128 .LVU254
 4199              	.LLST27:
 4200 03ea B6010000 		.4byte	.LVL61-.Ltext0
 4201 03ee F6010000 		.4byte	.LVL68-.Ltext0
 4202 03f2 0100     		.2byte	0x1
 4203 03f4 52       		.byte	0x52
 4204 03f5 2C020000 		.4byte	.LVL76-.Ltext0
 4205 03f9 30020000 		.4byte	.LVL77-.Ltext0
 4206 03fd 0100     		.2byte	0x1
 4207 03ff 52       		.byte	0x52
 4208 0400 4E020000 		.4byte	.LVL84-.Ltext0
 4209 0404 54020000 		.4byte	.LVL86-.Ltext0
 4210 0408 0200     		.2byte	0x2
 4211 040a 54       		.byte	0x54
 4212 040b F0       		.byte	0xf0
 4213 040c 6E020000 		.4byte	.LVL92-.Ltext0
 4214 0410 74020000 		.4byte	.LVL93-.Ltext0
 4215 0414 0200     		.2byte	0x2
 4216 0416 54       		.byte	0x54
 4217 0417 F0       		.byte	0xf0
 4218 0418 8C020000 		.4byte	.LVL101-.Ltext0
 4219 041c 90020000 		.4byte	.LVL102-.Ltext0
 4220 0420 0200     		.2byte	0x2
 4221 0422 54       		.byte	0x54
 4222 0423 F0       		.byte	0xf0
 4223 0424 9E020000 		.4byte	.LVL103-.Ltext0
 4224 0428 A5020000 		.4byte	.LVL105-1-.Ltext0
 4225 042c 0100     		.2byte	0x1
 4226 042e 52       		.byte	0x52
 4227 042f 00000000 		.4byte	0
 4228 0433 00000000 		.4byte	0
 4229              	.LVUS28:
 4230 0437 02       		.uleb128 .LVU180
 4231 0438 00       		.uleb128 .LVU196
 4232 0439 00       		.uleb128 .LVU197
 4233 043a 00       		.uleb128 .LVU199
 4234 043b 00       		.uleb128 .LVU202
 4235 043c 00       		.uleb128 .LVU208
 4236 043d 00       		.uleb128 .LVU208
 4237 043e 00       		.uleb128 .LVU209
 4238 043f 02       		.uleb128 .LVU212
 4239 0440 00       		.uleb128 .LVU219
 4240 0441 00       		.uleb128 .LVU219
 4241 0442 00       		.uleb128 .LVU220
 4242 0443 00       		.uleb128 .LVU220
 4243 0444 00       		.uleb128 .LVU228
 4244 0445 00       		.uleb128 .LVU229
 4245 0446 00       		.uleb128 .LVU234
 4246 0447 00       		.uleb128 .LVU234
 4247 0448 00       		.uleb128 .LVU236
 4248 0449 00       		.uleb128 .LVU238
ARM GAS  /tmp/ccXHAvNU.s 			page 83


 4249 044a 00       		.uleb128 .LVU252
 4250 044b 00       		.uleb128 .LVU252
 4251 044c 00       		.uleb128 .LVU253
 4252              	.LLST28:
 4253 044d DE010000 		.4byte	.LVL66-.Ltext0
 4254 0451 FC010000 		.4byte	.LVL69-.Ltext0
 4255 0455 0200     		.2byte	0x2
 4256 0457 30       		.byte	0x30
 4257 0458 9F       		.byte	0x9f
 4258 0459 00020000 		.4byte	.LVL70-.Ltext0
 4259 045d 20020000 		.4byte	.LVL71-.Ltext0
 4260 0461 0100     		.2byte	0x1
 4261 0463 52       		.byte	0x52
 4262 0464 24020000 		.4byte	.LVL73-.Ltext0
 4263 0468 30020000 		.4byte	.LVL77-.Ltext0
 4264 046c 0200     		.2byte	0x2
 4265 046e 30       		.byte	0x30
 4266 046f 9F       		.byte	0x9f
 4267 0470 30020000 		.4byte	.LVL77-.Ltext0
 4268 0474 34020000 		.4byte	.LVL78-.Ltext0
 4269 0478 0100     		.2byte	0x1
 4270 047a 52       		.byte	0x52
 4271 047b 36020000 		.4byte	.LVL79-.Ltext0
 4272 047f 4C020000 		.4byte	.LVL83-.Ltext0
 4273 0483 0100     		.2byte	0x1
 4274 0485 52       		.byte	0x52
 4275 0486 4C020000 		.4byte	.LVL83-.Ltext0
 4276 048a 4E020000 		.4byte	.LVL84-.Ltext0
 4277 048e 0200     		.2byte	0x2
 4278 0490 7D       		.byte	0x7d
 4279 0491 00       		.sleb128 0
 4280 0492 4E020000 		.4byte	.LVL84-.Ltext0
 4281 0496 5F020000 		.4byte	.LVL88-1-.Ltext0
 4282 049a 0100     		.2byte	0x1
 4283 049c 52       		.byte	0x52
 4284 049d 62020000 		.4byte	.LVL89-.Ltext0
 4285 04a1 6E020000 		.4byte	.LVL92-.Ltext0
 4286 04a5 0100     		.2byte	0x1
 4287 04a7 52       		.byte	0x52
 4288 04a8 6E020000 		.4byte	.LVL92-.Ltext0
 4289 04ac 77020000 		.4byte	.LVL94-1-.Ltext0
 4290 04b0 0200     		.2byte	0x2
 4291 04b2 7D       		.byte	0x7d
 4292 04b3 00       		.sleb128 0
 4293 04b4 7C020000 		.4byte	.LVL96-.Ltext0
 4294 04b8 9E020000 		.4byte	.LVL103-.Ltext0
 4295 04bc 0100     		.2byte	0x1
 4296 04be 52       		.byte	0x52
 4297 04bf 9E020000 		.4byte	.LVL103-.Ltext0
 4298 04c3 A0020000 		.4byte	.LVL104-.Ltext0
 4299 04c7 0200     		.2byte	0x2
 4300 04c9 30       		.byte	0x30
 4301 04ca 9F       		.byte	0x9f
 4302 04cb 00000000 		.4byte	0
 4303 04cf 00000000 		.4byte	0
 4304              	.LVUS29:
 4305 04d3 02       		.uleb128 .LVU180
ARM GAS  /tmp/ccXHAvNU.s 			page 84


 4306 04d4 01       		.uleb128 .LVU193
 4307 04d5 01       		.uleb128 .LVU193
 4308 04d6 00       		.uleb128 .LVU199
 4309 04d7 00       		.uleb128 .LVU202
 4310 04d8 00       		.uleb128 .LVU207
 4311 04d9 00       		.uleb128 .LVU207
 4312 04da 00       		.uleb128 .LVU208
 4313 04db 00       		.uleb128 .LVU208
 4314 04dc 00       		.uleb128 .LVU218
 4315 04dd 00       		.uleb128 .LVU218
 4316 04de 00       		.uleb128 .LVU220
 4317 04df 00       		.uleb128 .LVU220
 4318 04e0 00       		.uleb128 .LVU228
 4319 04e1 00       		.uleb128 .LVU229
 4320 04e2 00       		.uleb128 .LVU232
 4321 04e3 00       		.uleb128 .LVU232
 4322 04e4 00       		.uleb128 .LVU236
 4323 04e5 00       		.uleb128 .LVU238
 4324 04e6 00       		.uleb128 .LVU244
 4325 04e7 00       		.uleb128 .LVU244
 4326 04e8 00       		.uleb128 .LVU245
 4327 04e9 00       		.uleb128 .LVU245
 4328 04ea 00       		.uleb128 .LVU252
 4329 04eb 00       		.uleb128 .LVU252
 4330 04ec 00       		.uleb128 .LVU253
 4331              	.LLST29:
 4332 04ed DE010000 		.4byte	.LVL66-.Ltext0
 4333 04f1 F4010000 		.4byte	.LVL67-.Ltext0
 4334 04f5 0200     		.2byte	0x2
 4335 04f7 30       		.byte	0x30
 4336 04f8 9F       		.byte	0x9f
 4337 04f9 F4010000 		.4byte	.LVL67-.Ltext0
 4338 04fd 20020000 		.4byte	.LVL71-.Ltext0
 4339 0501 0100     		.2byte	0x1
 4340 0503 53       		.byte	0x53
 4341 0504 24020000 		.4byte	.LVL73-.Ltext0
 4342 0508 2C020000 		.4byte	.LVL76-.Ltext0
 4343 050c 0100     		.2byte	0x1
 4344 050e 53       		.byte	0x53
 4345 050f 2C020000 		.4byte	.LVL76-.Ltext0
 4346 0513 30020000 		.4byte	.LVL77-.Ltext0
 4347 0517 0200     		.2byte	0x2
 4348 0519 30       		.byte	0x30
 4349 051a 9F       		.byte	0x9f
 4350 051b 30020000 		.4byte	.LVL77-.Ltext0
 4351 051f 4A020000 		.4byte	.LVL82-.Ltext0
 4352 0523 0100     		.2byte	0x1
 4353 0525 53       		.byte	0x53
 4354 0526 4A020000 		.4byte	.LVL82-.Ltext0
 4355 052a 4E020000 		.4byte	.LVL84-.Ltext0
 4356 052e 0200     		.2byte	0x2
 4357 0530 91       		.byte	0x91
 4358 0531 54       		.sleb128 -44
 4359 0532 4E020000 		.4byte	.LVL84-.Ltext0
 4360 0536 5F020000 		.4byte	.LVL88-1-.Ltext0
 4361 053a 0100     		.2byte	0x1
 4362 053c 53       		.byte	0x53
ARM GAS  /tmp/ccXHAvNU.s 			page 85


 4363 053d 62020000 		.4byte	.LVL89-.Ltext0
 4364 0541 6A020000 		.4byte	.LVL91-.Ltext0
 4365 0545 0100     		.2byte	0x1
 4366 0547 53       		.byte	0x53
 4367 0548 6A020000 		.4byte	.LVL91-.Ltext0
 4368 054c 77020000 		.4byte	.LVL94-1-.Ltext0
 4369 0550 0200     		.2byte	0x2
 4370 0552 91       		.byte	0x91
 4371 0553 54       		.sleb128 -44
 4372 0554 7C020000 		.4byte	.LVL96-.Ltext0
 4373 0558 8A020000 		.4byte	.LVL100-.Ltext0
 4374 055c 0100     		.2byte	0x1
 4375 055e 53       		.byte	0x53
 4376 055f 8A020000 		.4byte	.LVL100-.Ltext0
 4377 0563 8C020000 		.4byte	.LVL101-.Ltext0
 4378 0567 0200     		.2byte	0x2
 4379 0569 91       		.byte	0x91
 4380 056a 54       		.sleb128 -44
 4381 056b 8C020000 		.4byte	.LVL101-.Ltext0
 4382 056f 9E020000 		.4byte	.LVL103-.Ltext0
 4383 0573 0100     		.2byte	0x1
 4384 0575 53       		.byte	0x53
 4385 0576 9E020000 		.4byte	.LVL103-.Ltext0
 4386 057a A0020000 		.4byte	.LVL104-.Ltext0
 4387 057e 0200     		.2byte	0x2
 4388 0580 30       		.byte	0x30
 4389 0581 9F       		.byte	0x9f
 4390 0582 00000000 		.4byte	0
 4391 0586 00000000 		.4byte	0
 4392              	.LVUS30:
 4393 058a 02       		.uleb128 .LVU159
 4394 058b 00       		.uleb128 .LVU165
 4395 058c 00       		.uleb128 .LVU165
 4396 058d 00       		.uleb128 .LVU255
 4397 058e 00       		.uleb128 .LVU255
 4398 058f 00       		.uleb128 0
 4399              	.LLST30:
 4400 0590 BC010000 		.4byte	.LVL62-.Ltext0
 4401 0594 C8010000 		.4byte	.LVL63-.Ltext0
 4402 0598 0200     		.2byte	0x2
 4403 059a 30       		.byte	0x30
 4404 059b 9F       		.byte	0x9f
 4405 059c C8010000 		.4byte	.LVL63-.Ltext0
 4406 05a0 A8020000 		.4byte	.LVL106-.Ltext0
 4407 05a4 0100     		.2byte	0x1
 4408 05a6 55       		.byte	0x55
 4409 05a7 A8020000 		.4byte	.LVL106-.Ltext0
 4410 05ab B0020000 		.4byte	.LFE33-.Ltext0
 4411 05af 0300     		.2byte	0x3
 4412 05b1 75       		.byte	0x75
 4413 05b2 7F       		.sleb128 -1
 4414 05b3 9F       		.byte	0x9f
 4415 05b4 00000000 		.4byte	0
 4416 05b8 00000000 		.4byte	0
 4417              	.LVUS31:
 4418 05bc 00       		.uleb128 .LVU224
 4419 05bd 00       		.uleb128 .LVU226
ARM GAS  /tmp/ccXHAvNU.s 			page 86


 4420              	.LLST31:
 4421 05be 54020000 		.4byte	.LVL86-.Ltext0
 4422 05c2 5A020000 		.4byte	.LVL87-.Ltext0
 4423 05c6 0100     		.2byte	0x1
 4424 05c8 51       		.byte	0x51
 4425 05c9 00000000 		.4byte	0
 4426 05cd 00000000 		.4byte	0
 4427              	.LLST11:
 4428 05d1 18010000 		.4byte	.LFB32-.Ltext0
 4429 05d5 1C010000 		.4byte	.LCFI5-.Ltext0
 4430 05d9 0200     		.2byte	0x2
 4431 05db 7D       		.byte	0x7d
 4432 05dc 00       		.sleb128 0
 4433 05dd 1C010000 		.4byte	.LCFI5-.Ltext0
 4434 05e1 1E010000 		.4byte	.LCFI6-.Ltext0
 4435 05e5 0200     		.2byte	0x2
 4436 05e7 7D       		.byte	0x7d
 4437 05e8 1C       		.sleb128 28
 4438 05e9 1E010000 		.4byte	.LCFI6-.Ltext0
 4439 05ed 3C010000 		.4byte	.LCFI7-.Ltext0
 4440 05f1 0200     		.2byte	0x2
 4441 05f3 7D       		.byte	0x7d
 4442 05f4 30       		.sleb128 48
 4443 05f5 3C010000 		.4byte	.LCFI7-.Ltext0
 4444 05f9 40010000 		.4byte	.LCFI8-.Ltext0
 4445 05fd 0200     		.2byte	0x2
 4446 05ff 7D       		.byte	0x7d
 4447 0600 1C       		.sleb128 28
 4448 0601 40010000 		.4byte	.LCFI8-.Ltext0
 4449 0605 B6010000 		.4byte	.LFE32-.Ltext0
 4450 0609 0200     		.2byte	0x2
 4451 060b 7D       		.byte	0x7d
 4452 060c 30       		.sleb128 48
 4453 060d 00000000 		.4byte	0
 4454 0611 00000000 		.4byte	0
 4455              	.LVUS12:
 4456 0615 00       		.uleb128 0
 4457 0616 00       		.uleb128 .LVU107
 4458 0617 00       		.uleb128 .LVU107
 4459 0618 00       		.uleb128 .LVU108
 4460 0619 00       		.uleb128 .LVU108
 4461 061a 00       		.uleb128 .LVU121
 4462 061b 00       		.uleb128 .LVU121
 4463 061c 00       		.uleb128 .LVU145
 4464 061d 00       		.uleb128 .LVU145
 4465 061e 00       		.uleb128 .LVU149
 4466 061f 00       		.uleb128 .LVU149
 4467 0620 00       		.uleb128 0
 4468              	.LLST12:
 4469 0621 18010000 		.4byte	.LVL34-.Ltext0
 4470 0625 39010000 		.4byte	.LVL39-1-.Ltext0
 4471 0629 0100     		.2byte	0x1
 4472 062b 50       		.byte	0x50
 4473 062c 39010000 		.4byte	.LVL39-1-.Ltext0
 4474 0630 40010000 		.4byte	.LVL40-.Ltext0
 4475 0634 0100     		.2byte	0x1
 4476 0636 59       		.byte	0x59
ARM GAS  /tmp/ccXHAvNU.s 			page 87


 4477 0637 40010000 		.4byte	.LVL40-.Ltext0
 4478 063b 56010000 		.4byte	.LVL44-.Ltext0
 4479 063f 0100     		.2byte	0x1
 4480 0641 50       		.byte	0x50
 4481 0642 56010000 		.4byte	.LVL44-.Ltext0
 4482 0646 9A010000 		.4byte	.LVL55-.Ltext0
 4483 064a 0100     		.2byte	0x1
 4484 064c 59       		.byte	0x59
 4485 064d 9A010000 		.4byte	.LVL55-.Ltext0
 4486 0651 A2010000 		.4byte	.LVL57-.Ltext0
 4487 0655 0100     		.2byte	0x1
 4488 0657 50       		.byte	0x50
 4489 0658 A2010000 		.4byte	.LVL57-.Ltext0
 4490 065c B6010000 		.4byte	.LFE32-.Ltext0
 4491 0660 0100     		.2byte	0x1
 4492 0662 59       		.byte	0x59
 4493 0663 00000000 		.4byte	0
 4494 0667 00000000 		.4byte	0
 4495              	.LVUS13:
 4496 066b 00       		.uleb128 0
 4497 066c 00       		.uleb128 .LVU106
 4498 066d 00       		.uleb128 .LVU106
 4499 066e 00       		.uleb128 .LVU107
 4500 066f 00       		.uleb128 .LVU107
 4501 0670 00       		.uleb128 .LVU108
 4502 0671 00       		.uleb128 .LVU108
 4503 0672 00       		.uleb128 .LVU121
 4504 0673 00       		.uleb128 .LVU121
 4505 0674 00       		.uleb128 .LVU145
 4506 0675 00       		.uleb128 .LVU145
 4507 0676 00       		.uleb128 .LVU149
 4508 0677 00       		.uleb128 .LVU149
 4509 0678 00       		.uleb128 0
 4510              	.LLST13:
 4511 0679 18010000 		.4byte	.LVL34-.Ltext0
 4512 067d 34010000 		.4byte	.LVL38-.Ltext0
 4513 0681 0100     		.2byte	0x1
 4514 0683 51       		.byte	0x51
 4515 0684 34010000 		.4byte	.LVL38-.Ltext0
 4516 0688 3A010000 		.4byte	.LVL39-.Ltext0
 4517 068c 0100     		.2byte	0x1
 4518 068e 55       		.byte	0x55
 4519 068f 3A010000 		.4byte	.LVL39-.Ltext0
 4520 0693 40010000 		.4byte	.LVL40-.Ltext0
 4521 0697 0A00     		.2byte	0xa
 4522 0699 F3       		.byte	0xf3
 4523 069a 03       		.uleb128 0x3
 4524 069b F5       		.byte	0xf5
 4525 069c 01       		.uleb128 0x1
 4526 069d 2C       		.uleb128 0x2c
 4527 069e F7       		.byte	0xf7
 4528 069f 25       		.uleb128 0x25
 4529 06a0 F7       		.byte	0xf7
 4530 06a1 00       		.uleb128 0
 4531 06a2 9F       		.byte	0x9f
 4532 06a3 40010000 		.4byte	.LVL40-.Ltext0
 4533 06a7 56010000 		.4byte	.LVL44-.Ltext0
ARM GAS  /tmp/ccXHAvNU.s 			page 88


 4534 06ab 0100     		.2byte	0x1
 4535 06ad 51       		.byte	0x51
 4536 06ae 56010000 		.4byte	.LVL44-.Ltext0
 4537 06b2 9A010000 		.4byte	.LVL55-.Ltext0
 4538 06b6 0A00     		.2byte	0xa
 4539 06b8 F3       		.byte	0xf3
 4540 06b9 03       		.uleb128 0x3
 4541 06ba F5       		.byte	0xf5
 4542 06bb 01       		.uleb128 0x1
 4543 06bc 2C       		.uleb128 0x2c
 4544 06bd F7       		.byte	0xf7
 4545 06be 25       		.uleb128 0x25
 4546 06bf F7       		.byte	0xf7
 4547 06c0 00       		.uleb128 0
 4548 06c1 9F       		.byte	0x9f
 4549 06c2 9A010000 		.4byte	.LVL55-.Ltext0
 4550 06c6 A2010000 		.4byte	.LVL57-.Ltext0
 4551 06ca 0100     		.2byte	0x1
 4552 06cc 51       		.byte	0x51
 4553 06cd A2010000 		.4byte	.LVL57-.Ltext0
 4554 06d1 B6010000 		.4byte	.LFE32-.Ltext0
 4555 06d5 0A00     		.2byte	0xa
 4556 06d7 F3       		.byte	0xf3
 4557 06d8 03       		.uleb128 0x3
 4558 06d9 F5       		.byte	0xf5
 4559 06da 01       		.uleb128 0x1
 4560 06db 2C       		.uleb128 0x2c
 4561 06dc F7       		.byte	0xf7
 4562 06dd 25       		.uleb128 0x25
 4563 06de F7       		.byte	0xf7
 4564 06df 00       		.uleb128 0
 4565 06e0 9F       		.byte	0x9f
 4566 06e1 00000000 		.4byte	0
 4567 06e5 00000000 		.4byte	0
 4568              	.LVUS14:
 4569 06e9 00       		.uleb128 0
 4570 06ea 00       		.uleb128 .LVU103
 4571 06eb 00       		.uleb128 .LVU103
 4572 06ec 00       		.uleb128 .LVU108
 4573 06ed 00       		.uleb128 .LVU108
 4574 06ee 00       		.uleb128 .LVU140
 4575 06ef 00       		.uleb128 .LVU140
 4576 06f0 00       		.uleb128 .LVU145
 4577 06f1 00       		.uleb128 .LVU145
 4578 06f2 00       		.uleb128 0
 4579              	.LLST14:
 4580 06f3 18010000 		.4byte	.LVL34-.Ltext0
 4581 06f7 2E010000 		.4byte	.LVL37-.Ltext0
 4582 06fb 0100     		.2byte	0x1
 4583 06fd 52       		.byte	0x52
 4584 06fe 2E010000 		.4byte	.LVL37-.Ltext0
 4585 0702 40010000 		.4byte	.LVL40-.Ltext0
 4586 0706 0A00     		.2byte	0xa
 4587 0708 F3       		.byte	0xf3
 4588 0709 03       		.uleb128 0x3
 4589 070a F5       		.byte	0xf5
 4590 070b 02       		.uleb128 0x2
ARM GAS  /tmp/ccXHAvNU.s 			page 89


 4591 070c 2C       		.uleb128 0x2c
 4592 070d F7       		.byte	0xf7
 4593 070e 25       		.uleb128 0x25
 4594 070f F7       		.byte	0xf7
 4595 0710 00       		.uleb128 0
 4596 0711 9F       		.byte	0x9f
 4597 0712 40010000 		.4byte	.LVL40-.Ltext0
 4598 0716 87010000 		.4byte	.LVL52-1-.Ltext0
 4599 071a 0100     		.2byte	0x1
 4600 071c 52       		.byte	0x52
 4601 071d 87010000 		.4byte	.LVL52-1-.Ltext0
 4602 0721 9A010000 		.4byte	.LVL55-.Ltext0
 4603 0725 0A00     		.2byte	0xa
 4604 0727 F3       		.byte	0xf3
 4605 0728 03       		.uleb128 0x3
 4606 0729 F5       		.byte	0xf5
 4607 072a 02       		.uleb128 0x2
 4608 072b 2C       		.uleb128 0x2c
 4609 072c F7       		.byte	0xf7
 4610 072d 25       		.uleb128 0x25
 4611 072e F7       		.byte	0xf7
 4612 072f 00       		.uleb128 0
 4613 0730 9F       		.byte	0x9f
 4614 0731 9A010000 		.4byte	.LVL55-.Ltext0
 4615 0735 B6010000 		.4byte	.LFE32-.Ltext0
 4616 0739 0100     		.2byte	0x1
 4617 073b 52       		.byte	0x52
 4618 073c 00000000 		.4byte	0
 4619 0740 00000000 		.4byte	0
 4620              	.LVUS15:
 4621 0744 00       		.uleb128 0
 4622 0745 00       		.uleb128 .LVU102
 4623 0746 00       		.uleb128 .LVU102
 4624 0747 00       		.uleb128 .LVU107
 4625 0748 00       		.uleb128 .LVU107
 4626 0749 00       		.uleb128 .LVU108
 4627 074a 00       		.uleb128 .LVU108
 4628 074b 00       		.uleb128 .LVU115
 4629 074c 00       		.uleb128 .LVU115
 4630 074d 00       		.uleb128 .LVU145
 4631 074e 00       		.uleb128 .LVU145
 4632 074f 00       		.uleb128 .LVU149
 4633 0750 00       		.uleb128 .LVU149
 4634 0751 00       		.uleb128 0
 4635              	.LLST15:
 4636 0752 18010000 		.4byte	.LVL34-.Ltext0
 4637 0756 2C010000 		.4byte	.LVL36-.Ltext0
 4638 075a 0100     		.2byte	0x1
 4639 075c 53       		.byte	0x53
 4640 075d 2C010000 		.4byte	.LVL36-.Ltext0
 4641 0761 3A010000 		.4byte	.LVL39-.Ltext0
 4642 0765 0100     		.2byte	0x1
 4643 0767 54       		.byte	0x54
 4644 0768 3A010000 		.4byte	.LVL39-.Ltext0
 4645 076c 40010000 		.4byte	.LVL40-.Ltext0
 4646 0770 0A00     		.2byte	0xa
 4647 0772 F3       		.byte	0xf3
ARM GAS  /tmp/ccXHAvNU.s 			page 90


 4648 0773 03       		.uleb128 0x3
 4649 0774 F5       		.byte	0xf5
 4650 0775 03       		.uleb128 0x3
 4651 0776 2C       		.uleb128 0x2c
 4652 0777 F7       		.byte	0xf7
 4653 0778 25       		.uleb128 0x25
 4654 0779 F7       		.byte	0xf7
 4655 077a 00       		.uleb128 0
 4656 077b 9F       		.byte	0x9f
 4657 077c 40010000 		.4byte	.LVL40-.Ltext0
 4658 0780 4A010000 		.4byte	.LVL42-.Ltext0
 4659 0784 0100     		.2byte	0x1
 4660 0786 53       		.byte	0x53
 4661 0787 4A010000 		.4byte	.LVL42-.Ltext0
 4662 078b 9A010000 		.4byte	.LVL55-.Ltext0
 4663 078f 0A00     		.2byte	0xa
 4664 0791 F3       		.byte	0xf3
 4665 0792 03       		.uleb128 0x3
 4666 0793 F5       		.byte	0xf5
 4667 0794 03       		.uleb128 0x3
 4668 0795 2C       		.uleb128 0x2c
 4669 0796 F7       		.byte	0xf7
 4670 0797 25       		.uleb128 0x25
 4671 0798 F7       		.byte	0xf7
 4672 0799 00       		.uleb128 0
 4673 079a 9F       		.byte	0x9f
 4674 079b 9A010000 		.4byte	.LVL55-.Ltext0
 4675 079f A2010000 		.4byte	.LVL57-.Ltext0
 4676 07a3 0100     		.2byte	0x1
 4677 07a5 53       		.byte	0x53
 4678 07a6 A2010000 		.4byte	.LVL57-.Ltext0
 4679 07aa B6010000 		.4byte	.LFE32-.Ltext0
 4680 07ae 0A00     		.2byte	0xa
 4681 07b0 F3       		.byte	0xf3
 4682 07b1 03       		.uleb128 0x3
 4683 07b2 F5       		.byte	0xf5
 4684 07b3 03       		.uleb128 0x3
 4685 07b4 2C       		.uleb128 0x2c
 4686 07b5 F7       		.byte	0xf7
 4687 07b6 25       		.uleb128 0x25
 4688 07b7 F7       		.byte	0xf7
 4689 07b8 00       		.uleb128 0
 4690 07b9 9F       		.byte	0x9f
 4691 07ba 00000000 		.4byte	0
 4692 07be 00000000 		.4byte	0
 4693              	.LVUS16:
 4694 07c2 00       		.uleb128 0
 4695 07c3 00       		.uleb128 .LVU107
 4696 07c4 00       		.uleb128 .LVU108
 4697 07c5 00       		.uleb128 .LVU142
 4698 07c6 00       		.uleb128 .LVU142
 4699 07c7 00       		.uleb128 .LVU145
 4700 07c8 00       		.uleb128 .LVU145
 4701 07c9 00       		.uleb128 0
 4702              	.LLST16:
 4703 07ca 18010000 		.4byte	.LVL34-.Ltext0
 4704 07ce 3A010000 		.4byte	.LVL39-.Ltext0
ARM GAS  /tmp/ccXHAvNU.s 			page 91


 4705 07d2 0200     		.2byte	0x2
 4706 07d4 91       		.byte	0x91
 4707 07d5 00       		.sleb128 0
 4708 07d6 40010000 		.4byte	.LVL40-.Ltext0
 4709 07da 8A010000 		.4byte	.LVL53-.Ltext0
 4710 07de 0200     		.2byte	0x2
 4711 07e0 91       		.byte	0x91
 4712 07e1 00       		.sleb128 0
 4713 07e2 8A010000 		.4byte	.LVL53-.Ltext0
 4714 07e6 9A010000 		.4byte	.LVL55-.Ltext0
 4715 07ea 0100     		.2byte	0x1
 4716 07ec 56       		.byte	0x56
 4717 07ed 9A010000 		.4byte	.LVL55-.Ltext0
 4718 07f1 B6010000 		.4byte	.LFE32-.Ltext0
 4719 07f5 0200     		.2byte	0x2
 4720 07f7 91       		.byte	0x91
 4721 07f8 00       		.sleb128 0
 4722 07f9 00000000 		.4byte	0
 4723 07fd 00000000 		.4byte	0
 4724              	.LVUS17:
 4725 0801 00       		.uleb128 0
 4726 0802 00       		.uleb128 .LVU108
 4727 0803 00       		.uleb128 .LVU108
 4728 0804 00       		.uleb128 0
 4729              	.LLST17:
 4730 0805 18010000 		.4byte	.LVL34-.Ltext0
 4731 0809 40010000 		.4byte	.LVL40-.Ltext0
 4732 080d 0200     		.2byte	0x2
 4733 080f 91       		.byte	0x91
 4734 0810 04       		.sleb128 4
 4735 0811 40010000 		.4byte	.LVL40-.Ltext0
 4736 0815 B6010000 		.4byte	.LFE32-.Ltext0
 4737 0819 0200     		.2byte	0x2
 4738 081b 91       		.byte	0x91
 4739 081c 04       		.sleb128 4
 4740 081d 00000000 		.4byte	0
 4741 0821 00000000 		.4byte	0
 4742              	.LVUS18:
 4743 0825 00       		.uleb128 0
 4744 0826 00       		.uleb128 .LVU108
 4745 0827 00       		.uleb128 .LVU108
 4746 0828 00       		.uleb128 0
 4747              	.LLST18:
 4748 0829 18010000 		.4byte	.LVL34-.Ltext0
 4749 082d 40010000 		.4byte	.LVL40-.Ltext0
 4750 0831 0200     		.2byte	0x2
 4751 0833 91       		.byte	0x91
 4752 0834 08       		.sleb128 8
 4753 0835 40010000 		.4byte	.LVL40-.Ltext0
 4754 0839 B6010000 		.4byte	.LFE32-.Ltext0
 4755 083d 0200     		.2byte	0x2
 4756 083f 91       		.byte	0x91
 4757 0840 08       		.sleb128 8
 4758 0841 00000000 		.4byte	0
 4759 0845 00000000 		.4byte	0
 4760              	.LVUS19:
 4761 0849 01       		.uleb128 .LVU113
ARM GAS  /tmp/ccXHAvNU.s 			page 92


 4762 084a 00       		.uleb128 .LVU120
 4763 084b 00       		.uleb128 .LVU120
 4764 084c 00       		.uleb128 .LVU129
 4765 084d 00       		.uleb128 .LVU129
 4766 084e 00       		.uleb128 .LVU145
 4767 084f 00       		.uleb128 .LVU149
 4768 0850 01       		.uleb128 .LVU151
 4769 0851 01       		.uleb128 .LVU151
 4770 0852 00       		.uleb128 .LVU154
 4771 0853 00       		.uleb128 .LVU154
 4772 0854 00       		.uleb128 0
 4773              	.LLST19:
 4774 0855 48010000 		.4byte	.LVL41-.Ltext0
 4775 0859 54010000 		.4byte	.LVL43-.Ltext0
 4776 085d 0300     		.2byte	0x3
 4777 085f 91       		.byte	0x91
 4778 0860 5F       		.sleb128 -33
 4779 0861 9F       		.byte	0x9f
 4780 0862 54010000 		.4byte	.LVL43-.Ltext0
 4781 0866 70010000 		.4byte	.LVL48-.Ltext0
 4782 086a 0100     		.2byte	0x1
 4783 086c 5C       		.byte	0x5c
 4784 086d 70010000 		.4byte	.LVL48-.Ltext0
 4785 0871 9A010000 		.4byte	.LVL55-.Ltext0
 4786 0875 0100     		.2byte	0x1
 4787 0877 57       		.byte	0x57
 4788 0878 A2010000 		.4byte	.LVL57-.Ltext0
 4789 087c A8010000 		.4byte	.LVL58-.Ltext0
 4790 0880 0100     		.2byte	0x1
 4791 0882 57       		.byte	0x57
 4792 0883 A8010000 		.4byte	.LVL58-.Ltext0
 4793 0887 B4010000 		.4byte	.LVL60-.Ltext0
 4794 088b 0300     		.2byte	0x3
 4795 088d 7C       		.byte	0x7c
 4796 088e 7E       		.sleb128 -2
 4797 088f 9F       		.byte	0x9f
 4798 0890 B4010000 		.4byte	.LVL60-.Ltext0
 4799 0894 B6010000 		.4byte	.LFE32-.Ltext0
 4800 0898 0100     		.2byte	0x1
 4801 089a 57       		.byte	0x57
 4802 089b 00000000 		.4byte	0
 4803 089f 00000000 		.4byte	0
 4804              	.LVUS20:
 4805 08a3 00       		.uleb128 .LVU123
 4806 08a4 00       		.uleb128 .LVU128
 4807 08a5 00       		.uleb128 .LVU128
 4808 08a6 00       		.uleb128 .LVU138
 4809 08a7 00       		.uleb128 .LVU138
 4810 08a8 00       		.uleb128 .LVU139
 4811 08a9 00       		.uleb128 .LVU139
 4812 08aa 00       		.uleb128 .LVU140
 4813 08ab 00       		.uleb128 .LVU140
 4814 08ac 00       		.uleb128 .LVU145
 4815 08ad 00       		.uleb128 .LVU149
 4816 08ae 00       		.uleb128 0
 4817              	.LLST20:
 4818 08af 5E010000 		.4byte	.LVL45-.Ltext0
ARM GAS  /tmp/ccXHAvNU.s 			page 93


 4819 08b3 6C010000 		.4byte	.LVL47-.Ltext0
 4820 08b7 0100     		.2byte	0x1
 4821 08b9 51       		.byte	0x51
 4822 08ba 6C010000 		.4byte	.LVL47-.Ltext0
 4823 08be 82010000 		.4byte	.LVL50-.Ltext0
 4824 08c2 0300     		.2byte	0x3
 4825 08c4 71       		.byte	0x71
 4826 08c5 50       		.sleb128 -48
 4827 08c6 9F       		.byte	0x9f
 4828 08c7 82010000 		.4byte	.LVL50-.Ltext0
 4829 08cb 84010000 		.4byte	.LVL51-.Ltext0
 4830 08cf 2B00     		.2byte	0x2b
 4831 08d1 75       		.byte	0x75
 4832 08d2 00       		.sleb128 0
 4833 08d3 72       		.byte	0x72
 4834 08d4 00       		.sleb128 0
 4835 08d5 70       		.byte	0x70
 4836 08d6 00       		.sleb128 0
 4837 08d7 1E       		.byte	0x1e
 4838 08d8 1C       		.byte	0x1c
 4839 08d9 73       		.byte	0x73
 4840 08da 00       		.sleb128 0
 4841 08db 72       		.byte	0x72
 4842 08dc 00       		.sleb128 0
 4843 08dd 70       		.byte	0x70
 4844 08de 00       		.sleb128 0
 4845 08df 1E       		.byte	0x1e
 4846 08e0 1C       		.byte	0x1c
 4847 08e1 75       		.byte	0x75
 4848 08e2 00       		.sleb128 0
 4849 08e3 22       		.byte	0x22
 4850 08e4 75       		.byte	0x75
 4851 08e5 00       		.sleb128 0
 4852 08e6 72       		.byte	0x72
 4853 08e7 00       		.sleb128 0
 4854 08e8 70       		.byte	0x70
 4855 08e9 00       		.sleb128 0
 4856 08ea 1E       		.byte	0x1e
 4857 08eb 1C       		.byte	0x1c
 4858 08ec 40       		.byte	0x40
 4859 08ed 4B       		.byte	0x4b
 4860 08ee 24       		.byte	0x24
 4861 08ef 22       		.byte	0x22
 4862 08f0 0C       		.byte	0xc
 4863 08f1 09000080 		.4byte	0x80000009
 4864 08f5 2C       		.byte	0x2c
 4865 08f6 28       		.byte	0x28
 4866 08f7 0100     		.2byte	0x1
 4867 08f9 16       		.byte	0x16
 4868 08fa 13       		.byte	0x13
 4869 08fb 9F       		.byte	0x9f
 4870 08fc 84010000 		.4byte	.LVL51-.Ltext0
 4871 0900 87010000 		.4byte	.LVL52-1-.Ltext0
 4872 0904 4600     		.2byte	0x46
 4873 0906 75       		.byte	0x75
 4874 0907 00       		.sleb128 0
 4875 0908 75       		.byte	0x75
ARM GAS  /tmp/ccXHAvNU.s 			page 94


 4876 0909 00       		.sleb128 0
 4877 090a F7       		.byte	0xf7
 4878 090b 25       		.uleb128 0x25
 4879 090c 72       		.byte	0x72
 4880 090d 00       		.sleb128 0
 4881 090e F7       		.byte	0xf7
 4882 090f 25       		.uleb128 0x25
 4883 0910 1B       		.byte	0x1b
 4884 0911 F7       		.byte	0xf7
 4885 0912 00       		.uleb128 0
 4886 0913 72       		.byte	0x72
 4887 0914 00       		.sleb128 0
 4888 0915 1E       		.byte	0x1e
 4889 0916 1C       		.byte	0x1c
 4890 0917 73       		.byte	0x73
 4891 0918 00       		.sleb128 0
 4892 0919 75       		.byte	0x75
 4893 091a 00       		.sleb128 0
 4894 091b F7       		.byte	0xf7
 4895 091c 25       		.uleb128 0x25
 4896 091d 72       		.byte	0x72
 4897 091e 00       		.sleb128 0
 4898 091f F7       		.byte	0xf7
 4899 0920 25       		.uleb128 0x25
 4900 0921 1B       		.byte	0x1b
 4901 0922 F7       		.byte	0xf7
 4902 0923 00       		.uleb128 0
 4903 0924 72       		.byte	0x72
 4904 0925 00       		.sleb128 0
 4905 0926 1E       		.byte	0x1e
 4906 0927 1C       		.byte	0x1c
 4907 0928 75       		.byte	0x75
 4908 0929 00       		.sleb128 0
 4909 092a 22       		.byte	0x22
 4910 092b 75       		.byte	0x75
 4911 092c 00       		.sleb128 0
 4912 092d 75       		.byte	0x75
 4913 092e 00       		.sleb128 0
 4914 092f F7       		.byte	0xf7
 4915 0930 25       		.uleb128 0x25
 4916 0931 72       		.byte	0x72
 4917 0932 00       		.sleb128 0
 4918 0933 F7       		.byte	0xf7
 4919 0934 25       		.uleb128 0x25
 4920 0935 1B       		.byte	0x1b
 4921 0936 F7       		.byte	0xf7
 4922 0937 00       		.uleb128 0
 4923 0938 72       		.byte	0x72
 4924 0939 00       		.sleb128 0
 4925 093a 1E       		.byte	0x1e
 4926 093b 1C       		.byte	0x1c
 4927 093c 40       		.byte	0x40
 4928 093d 4B       		.byte	0x4b
 4929 093e 24       		.byte	0x24
 4930 093f 22       		.byte	0x22
 4931 0940 0C       		.byte	0xc
 4932 0941 09000080 		.4byte	0x80000009
ARM GAS  /tmp/ccXHAvNU.s 			page 95


 4933 0945 2C       		.byte	0x2c
 4934 0946 28       		.byte	0x28
 4935 0947 0100     		.2byte	0x1
 4936 0949 16       		.byte	0x16
 4937 094a 13       		.byte	0x13
 4938 094b 9F       		.byte	0x9f
 4939 094c 87010000 		.4byte	.LVL52-1-.Ltext0
 4940 0950 9A010000 		.4byte	.LVL55-.Ltext0
 4941 0954 7400     		.2byte	0x74
 4942 0956 75       		.byte	0x75
 4943 0957 00       		.sleb128 0
 4944 0958 75       		.byte	0x75
 4945 0959 00       		.sleb128 0
 4946 095a F7       		.byte	0xf7
 4947 095b 25       		.uleb128 0x25
 4948 095c F3       		.byte	0xf3
 4949 095d 03       		.uleb128 0x3
 4950 095e F5       		.byte	0xf5
 4951 095f 02       		.uleb128 0x2
 4952 0960 2C       		.uleb128 0x2c
 4953 0961 F7       		.byte	0xf7
 4954 0962 25       		.uleb128 0x25
 4955 0963 F7       		.byte	0xf7
 4956 0964 00       		.uleb128 0
 4957 0965 F7       		.byte	0xf7
 4958 0966 25       		.uleb128 0x25
 4959 0967 1B       		.byte	0x1b
 4960 0968 F7       		.byte	0xf7
 4961 0969 00       		.uleb128 0
 4962 096a F3       		.byte	0xf3
 4963 096b 03       		.uleb128 0x3
 4964 096c F5       		.byte	0xf5
 4965 096d 02       		.uleb128 0x2
 4966 096e 2C       		.uleb128 0x2c
 4967 096f F7       		.byte	0xf7
 4968 0970 25       		.uleb128 0x25
 4969 0971 F7       		.byte	0xf7
 4970 0972 00       		.uleb128 0
 4971 0973 1E       		.byte	0x1e
 4972 0974 1C       		.byte	0x1c
 4973 0975 91       		.byte	0x91
 4974 0976 08       		.sleb128 8
 4975 0977 06       		.byte	0x6
 4976 0978 75       		.byte	0x75
 4977 0979 00       		.sleb128 0
 4978 097a F7       		.byte	0xf7
 4979 097b 25       		.uleb128 0x25
 4980 097c F3       		.byte	0xf3
 4981 097d 03       		.uleb128 0x3
 4982 097e F5       		.byte	0xf5
 4983 097f 02       		.uleb128 0x2
 4984 0980 2C       		.uleb128 0x2c
 4985 0981 F7       		.byte	0xf7
 4986 0982 25       		.uleb128 0x25
 4987 0983 F7       		.byte	0xf7
 4988 0984 00       		.uleb128 0
 4989 0985 F7       		.byte	0xf7
ARM GAS  /tmp/ccXHAvNU.s 			page 96


 4990 0986 25       		.uleb128 0x25
 4991 0987 1B       		.byte	0x1b
 4992 0988 F7       		.byte	0xf7
 4993 0989 00       		.uleb128 0
 4994 098a F3       		.byte	0xf3
 4995 098b 03       		.uleb128 0x3
 4996 098c F5       		.byte	0xf5
 4997 098d 02       		.uleb128 0x2
 4998 098e 2C       		.uleb128 0x2c
 4999 098f F7       		.byte	0xf7
 5000 0990 25       		.uleb128 0x25
 5001 0991 F7       		.byte	0xf7
 5002 0992 00       		.uleb128 0
 5003 0993 1E       		.byte	0x1e
 5004 0994 1C       		.byte	0x1c
 5005 0995 75       		.byte	0x75
 5006 0996 00       		.sleb128 0
 5007 0997 22       		.byte	0x22
 5008 0998 08       		.byte	0x8
 5009 0999 3A       		.byte	0x3a
 5010 099a 1C       		.byte	0x1c
 5011 099b 75       		.byte	0x75
 5012 099c 00       		.sleb128 0
 5013 099d 75       		.byte	0x75
 5014 099e 00       		.sleb128 0
 5015 099f F7       		.byte	0xf7
 5016 09a0 25       		.uleb128 0x25
 5017 09a1 F3       		.byte	0xf3
 5018 09a2 03       		.uleb128 0x3
 5019 09a3 F5       		.byte	0xf5
 5020 09a4 02       		.uleb128 0x2
 5021 09a5 2C       		.uleb128 0x2c
 5022 09a6 F7       		.byte	0xf7
 5023 09a7 25       		.uleb128 0x25
 5024 09a8 F7       		.byte	0xf7
 5025 09a9 00       		.uleb128 0
 5026 09aa F7       		.byte	0xf7
 5027 09ab 25       		.uleb128 0x25
 5028 09ac 1B       		.byte	0x1b
 5029 09ad F7       		.byte	0xf7
 5030 09ae 00       		.uleb128 0
 5031 09af F3       		.byte	0xf3
 5032 09b0 03       		.uleb128 0x3
 5033 09b1 F5       		.byte	0xf5
 5034 09b2 02       		.uleb128 0x2
 5035 09b3 2C       		.uleb128 0x2c
 5036 09b4 F7       		.byte	0xf7
 5037 09b5 25       		.uleb128 0x25
 5038 09b6 F7       		.byte	0xf7
 5039 09b7 00       		.uleb128 0
 5040 09b8 1E       		.byte	0x1e
 5041 09b9 1C       		.byte	0x1c
 5042 09ba 40       		.byte	0x40
 5043 09bb 4B       		.byte	0x4b
 5044 09bc 24       		.byte	0x24
 5045 09bd 22       		.byte	0x22
 5046 09be 0C       		.byte	0xc
ARM GAS  /tmp/ccXHAvNU.s 			page 97


 5047 09bf 09000080 		.4byte	0x80000009
 5048 09c3 2C       		.byte	0x2c
 5049 09c4 28       		.byte	0x28
 5050 09c5 0100     		.2byte	0x1
 5051 09c7 16       		.byte	0x16
 5052 09c8 13       		.byte	0x13
 5053 09c9 9F       		.byte	0x9f
 5054 09ca A2010000 		.4byte	.LVL57-.Ltext0
 5055 09ce B6010000 		.4byte	.LFE32-.Ltext0
 5056 09d2 0300     		.2byte	0x3
 5057 09d4 71       		.byte	0x71
 5058 09d5 50       		.sleb128 -48
 5059 09d6 9F       		.byte	0x9f
 5060 09d7 00000000 		.4byte	0
 5061 09db 00000000 		.4byte	0
 5062              	.LVUS21:
 5063 09df 04       		.uleb128 .LVU93
 5064 09e0 00       		.uleb128 .LVU107
 5065 09e1 00       		.uleb128 .LVU108
 5066 09e2 00       		.uleb128 .LVU112
 5067 09e3 00       		.uleb128 .LVU112
 5068 09e4 00       		.uleb128 .LVU142
 5069 09e5 00       		.uleb128 .LVU145
 5070 09e6 01       		.uleb128 .LVU147
 5071 09e7 01       		.uleb128 .LVU147
 5072 09e8 00       		.uleb128 .LVU149
 5073 09e9 00       		.uleb128 .LVU149
 5074 09ea 00       		.uleb128 .LVU153
 5075              	.LLST21:
 5076 09eb 18010000 		.4byte	.LVL34-.Ltext0
 5077 09ef 3A010000 		.4byte	.LVL39-.Ltext0
 5078 09f3 0200     		.2byte	0x2
 5079 09f5 30       		.byte	0x30
 5080 09f6 9F       		.byte	0x9f
 5081 09f7 40010000 		.4byte	.LVL40-.Ltext0
 5082 09fb 48010000 		.4byte	.LVL41-.Ltext0
 5083 09ff 0200     		.2byte	0x2
 5084 0a01 30       		.byte	0x30
 5085 0a02 9F       		.byte	0x9f
 5086 0a03 48010000 		.4byte	.LVL41-.Ltext0
 5087 0a07 8A010000 		.4byte	.LVL53-.Ltext0
 5088 0a0b 0100     		.2byte	0x1
 5089 0a0d 54       		.byte	0x54
 5090 0a0e 9A010000 		.4byte	.LVL55-.Ltext0
 5091 0a12 9E010000 		.4byte	.LVL56-.Ltext0
 5092 0a16 0200     		.2byte	0x2
 5093 0a18 30       		.byte	0x30
 5094 0a19 9F       		.byte	0x9f
 5095 0a1a 9E010000 		.4byte	.LVL56-.Ltext0
 5096 0a1e A2010000 		.4byte	.LVL57-.Ltext0
 5097 0a22 0200     		.2byte	0x2
 5098 0a24 31       		.byte	0x31
 5099 0a25 9F       		.byte	0x9f
 5100 0a26 A2010000 		.4byte	.LVL57-.Ltext0
 5101 0a2a AC010000 		.4byte	.LVL59-.Ltext0
 5102 0a2e 0100     		.2byte	0x1
 5103 0a30 54       		.byte	0x54
ARM GAS  /tmp/ccXHAvNU.s 			page 98


 5104 0a31 00000000 		.4byte	0
 5105 0a35 00000000 		.4byte	0
 5106              	.LVUS22:
 5107 0a39 04       		.uleb128 .LVU93
 5108 0a3a 00       		.uleb128 .LVU107
 5109 0a3b 00       		.uleb128 .LVU108
 5110 0a3c 01       		.uleb128 .LVU141
 5111 0a3d 01       		.uleb128 .LVU141
 5112 0a3e 00       		.uleb128 .LVU142
 5113 0a3f 00       		.uleb128 .LVU142
 5114 0a40 00       		.uleb128 .LVU145
 5115 0a41 00       		.uleb128 .LVU145
 5116 0a42 00       		.uleb128 0
 5117              	.LLST22:
 5118 0a43 18010000 		.4byte	.LVL34-.Ltext0
 5119 0a47 3A010000 		.4byte	.LVL39-.Ltext0
 5120 0a4b 0200     		.2byte	0x2
 5121 0a4d 30       		.byte	0x30
 5122 0a4e 9F       		.byte	0x9f
 5123 0a4f 40010000 		.4byte	.LVL40-.Ltext0
 5124 0a53 88010000 		.4byte	.LVL52-.Ltext0
 5125 0a57 0200     		.2byte	0x2
 5126 0a59 30       		.byte	0x30
 5127 0a5a 9F       		.byte	0x9f
 5128 0a5b 88010000 		.4byte	.LVL52-.Ltext0
 5129 0a5f 8A010000 		.4byte	.LVL53-.Ltext0
 5130 0a63 0200     		.2byte	0x2
 5131 0a65 31       		.byte	0x31
 5132 0a66 9F       		.byte	0x9f
 5133 0a67 8A010000 		.4byte	.LVL53-.Ltext0
 5134 0a6b 9A010000 		.4byte	.LVL55-.Ltext0
 5135 0a6f 0100     		.2byte	0x1
 5136 0a71 54       		.byte	0x54
 5137 0a72 9A010000 		.4byte	.LVL55-.Ltext0
 5138 0a76 B6010000 		.4byte	.LFE32-.Ltext0
 5139 0a7a 0200     		.2byte	0x2
 5140 0a7c 30       		.byte	0x30
 5141 0a7d 9F       		.byte	0x9f
 5142 0a7e 00000000 		.4byte	0
 5143 0a82 00000000 		.4byte	0
 5144              	.LVUS23:
 5145 0a86 00       		.uleb128 .LVU97
 5146 0a87 00       		.uleb128 .LVU106
 5147 0a88 00       		.uleb128 .LVU106
 5148 0a89 00       		.uleb128 .LVU107
 5149 0a8a 00       		.uleb128 .LVU108
 5150 0a8b 00       		.uleb128 .LVU112
 5151 0a8c 00       		.uleb128 .LVU112
 5152 0a8d 01       		.uleb128 .LVU131
 5153 0a8e 01       		.uleb128 .LVU131
 5154 0a8f 00       		.uleb128 .LVU139
 5155 0a90 00       		.uleb128 .LVU139
 5156 0a91 00       		.uleb128 .LVU140
 5157 0a92 00       		.uleb128 .LVU140
 5158 0a93 00       		.uleb128 .LVU145
 5159 0a94 00       		.uleb128 .LVU145
 5160 0a95 00       		.uleb128 .LVU149
ARM GAS  /tmp/ccXHAvNU.s 			page 99


 5161 0a96 00       		.uleb128 .LVU149
 5162 0a97 00       		.uleb128 0
 5163              	.LLST23:
 5164 0a98 28010000 		.4byte	.LVL35-.Ltext0
 5165 0a9c 34010000 		.4byte	.LVL38-.Ltext0
 5166 0aa0 0100     		.2byte	0x1
 5167 0aa2 51       		.byte	0x51
 5168 0aa3 34010000 		.4byte	.LVL38-.Ltext0
 5169 0aa7 3A010000 		.4byte	.LVL39-.Ltext0
 5170 0aab 0100     		.2byte	0x1
 5171 0aad 55       		.byte	0x55
 5172 0aae 40010000 		.4byte	.LVL40-.Ltext0
 5173 0ab2 48010000 		.4byte	.LVL41-.Ltext0
 5174 0ab6 0100     		.2byte	0x1
 5175 0ab8 51       		.byte	0x51
 5176 0ab9 48010000 		.4byte	.LVL41-.Ltext0
 5177 0abd 74010000 		.4byte	.LVL49-.Ltext0
 5178 0ac1 0100     		.2byte	0x1
 5179 0ac3 55       		.byte	0x55
 5180 0ac4 74010000 		.4byte	.LVL49-.Ltext0
 5181 0ac8 84010000 		.4byte	.LVL51-.Ltext0
 5182 0acc 0100     		.2byte	0x1
 5183 0ace 50       		.byte	0x50
 5184 0acf 84010000 		.4byte	.LVL51-.Ltext0
 5185 0ad3 87010000 		.4byte	.LVL52-1-.Ltext0
 5186 0ad7 0C00     		.2byte	0xc
 5187 0ad9 75       		.byte	0x75
 5188 0ada 00       		.sleb128 0
 5189 0adb F7       		.byte	0xf7
 5190 0adc 25       		.uleb128 0x25
 5191 0add 72       		.byte	0x72
 5192 0ade 00       		.sleb128 0
 5193 0adf F7       		.byte	0xf7
 5194 0ae0 25       		.uleb128 0x25
 5195 0ae1 1B       		.byte	0x1b
 5196 0ae2 F7       		.byte	0xf7
 5197 0ae3 00       		.uleb128 0
 5198 0ae4 9F       		.byte	0x9f
 5199 0ae5 87010000 		.4byte	.LVL52-1-.Ltext0
 5200 0ae9 9A010000 		.4byte	.LVL55-.Ltext0
 5201 0aed 1300     		.2byte	0x13
 5202 0aef 75       		.byte	0x75
 5203 0af0 00       		.sleb128 0
 5204 0af1 F7       		.byte	0xf7
 5205 0af2 25       		.uleb128 0x25
 5206 0af3 F3       		.byte	0xf3
 5207 0af4 03       		.uleb128 0x3
 5208 0af5 F5       		.byte	0xf5
 5209 0af6 02       		.uleb128 0x2
 5210 0af7 2C       		.uleb128 0x2c
 5211 0af8 F7       		.byte	0xf7
 5212 0af9 25       		.uleb128 0x25
 5213 0afa F7       		.byte	0xf7
 5214 0afb 00       		.uleb128 0
 5215 0afc F7       		.byte	0xf7
 5216 0afd 25       		.uleb128 0x25
 5217 0afe 1B       		.byte	0x1b
ARM GAS  /tmp/ccXHAvNU.s 			page 100


 5218 0aff F7       		.byte	0xf7
 5219 0b00 00       		.uleb128 0
 5220 0b01 9F       		.byte	0x9f
 5221 0b02 9A010000 		.4byte	.LVL55-.Ltext0
 5222 0b06 A2010000 		.4byte	.LVL57-.Ltext0
 5223 0b0a 0100     		.2byte	0x1
 5224 0b0c 51       		.byte	0x51
 5225 0b0d A2010000 		.4byte	.LVL57-.Ltext0
 5226 0b11 B6010000 		.4byte	.LFE32-.Ltext0
 5227 0b15 0100     		.2byte	0x1
 5228 0b17 50       		.byte	0x50
 5229 0b18 00000000 		.4byte	0
 5230 0b1c 00000000 		.4byte	0
 5231              	.LLST4:
 5232 0b20 98000000 		.4byte	.LFB31-.Ltext0
 5233 0b24 9C000000 		.4byte	.LCFI4-.Ltext0
 5234 0b28 0200     		.2byte	0x2
 5235 0b2a 7D       		.byte	0x7d
 5236 0b2b 00       		.sleb128 0
 5237 0b2c 9C000000 		.4byte	.LCFI4-.Ltext0
 5238 0b30 18010000 		.4byte	.LFE31-.Ltext0
 5239 0b34 0200     		.2byte	0x2
 5240 0b36 7D       		.byte	0x7d
 5241 0b37 20       		.sleb128 32
 5242 0b38 00000000 		.4byte	0
 5243 0b3c 00000000 		.4byte	0
 5244              	.LVUS5:
 5245 0b40 00       		.uleb128 0
 5246 0b41 00       		.uleb128 .LVU55
 5247 0b42 00       		.uleb128 .LVU55
 5248 0b43 00       		.uleb128 .LVU67
 5249 0b44 00       		.uleb128 .LVU67
 5250 0b45 00       		.uleb128 .LVU68
 5251 0b46 00       		.uleb128 .LVU68
 5252 0b47 00       		.uleb128 0
 5253              	.LLST5:
 5254 0b48 98000000 		.4byte	.LVL12-.Ltext0
 5255 0b4c A8000000 		.4byte	.LVL14-.Ltext0
 5256 0b50 0100     		.2byte	0x1
 5257 0b52 50       		.byte	0x50
 5258 0b53 A8000000 		.4byte	.LVL14-.Ltext0
 5259 0b57 C8000000 		.4byte	.LVL20-.Ltext0
 5260 0b5b 0100     		.2byte	0x1
 5261 0b5d 58       		.byte	0x58
 5262 0b5e C8000000 		.4byte	.LVL20-.Ltext0
 5263 0b62 CC000000 		.4byte	.LVL21-.Ltext0
 5264 0b66 0100     		.2byte	0x1
 5265 0b68 50       		.byte	0x50
 5266 0b69 CC000000 		.4byte	.LVL21-.Ltext0
 5267 0b6d 18010000 		.4byte	.LFE31-.Ltext0
 5268 0b71 0100     		.2byte	0x1
 5269 0b73 58       		.byte	0x58
 5270 0b74 00000000 		.4byte	0
 5271 0b78 00000000 		.4byte	0
 5272              	.LVUS6:
 5273 0b7c 00       		.uleb128 0
 5274 0b7d 00       		.uleb128 .LVU56
ARM GAS  /tmp/ccXHAvNU.s 			page 101


 5275 0b7e 00       		.uleb128 .LVU56
 5276 0b7f 00       		.uleb128 .LVU67
 5277 0b80 00       		.uleb128 .LVU67
 5278 0b81 00       		.uleb128 .LVU68
 5279 0b82 00       		.uleb128 .LVU68
 5280 0b83 00       		.uleb128 .LVU77
 5281 0b84 00       		.uleb128 .LVU77
 5282 0b85 00       		.uleb128 .LVU78
 5283 0b86 00       		.uleb128 .LVU78
 5284 0b87 02       		.uleb128 .LVU81
 5285 0b88 02       		.uleb128 .LVU81
 5286 0b89 00       		.uleb128 .LVU82
 5287              	.LLST6:
 5288 0b8a 98000000 		.4byte	.LVL12-.Ltext0
 5289 0b8e AB000000 		.4byte	.LVL15-1-.Ltext0
 5290 0b92 0100     		.2byte	0x1
 5291 0b94 51       		.byte	0x51
 5292 0b95 AB000000 		.4byte	.LVL15-1-.Ltext0
 5293 0b99 C8000000 		.4byte	.LVL20-.Ltext0
 5294 0b9d 0100     		.2byte	0x1
 5295 0b9f 59       		.byte	0x59
 5296 0ba0 C8000000 		.4byte	.LVL20-.Ltext0
 5297 0ba4 CC000000 		.4byte	.LVL21-.Ltext0
 5298 0ba8 0100     		.2byte	0x1
 5299 0baa 51       		.byte	0x51
 5300 0bab CC000000 		.4byte	.LVL21-.Ltext0
 5301 0baf E6000000 		.4byte	.LVL27-.Ltext0
 5302 0bb3 0100     		.2byte	0x1
 5303 0bb5 59       		.byte	0x59
 5304 0bb6 E6000000 		.4byte	.LVL27-.Ltext0
 5305 0bba EA000000 		.4byte	.LVL28-.Ltext0
 5306 0bbe 0100     		.2byte	0x1
 5307 0bc0 56       		.byte	0x56
 5308 0bc1 EA000000 		.4byte	.LVL28-.Ltext0
 5309 0bc5 EE000000 		.4byte	.LVL29-.Ltext0
 5310 0bc9 0300     		.2byte	0x3
 5311 0bcb 76       		.byte	0x76
 5312 0bcc 7F       		.sleb128 -1
 5313 0bcd 9F       		.byte	0x9f
 5314 0bce EE000000 		.4byte	.LVL29-.Ltext0
 5315 0bd2 FC000000 		.4byte	.LVL30-.Ltext0
 5316 0bd6 0100     		.2byte	0x1
 5317 0bd8 56       		.byte	0x56
 5318 0bd9 00000000 		.4byte	0
 5319 0bdd 00000000 		.4byte	0
 5320              	.LVUS7:
 5321 0be1 00       		.uleb128 0
 5322 0be2 00       		.uleb128 .LVU56
 5323 0be3 00       		.uleb128 .LVU56
 5324 0be4 00       		.uleb128 .LVU60
 5325 0be5 00       		.uleb128 .LVU60
 5326 0be6 00       		.uleb128 .LVU61
 5327 0be7 00       		.uleb128 .LVU61
 5328 0be8 00       		.uleb128 .LVU66
 5329 0be9 00       		.uleb128 .LVU67
 5330 0bea 00       		.uleb128 .LVU68
 5331 0beb 00       		.uleb128 .LVU68
ARM GAS  /tmp/ccXHAvNU.s 			page 102


 5332 0bec 02       		.uleb128 .LVU71
 5333 0bed 02       		.uleb128 .LVU71
 5334 0bee 00       		.uleb128 .LVU72
 5335 0bef 00       		.uleb128 .LVU72
 5336 0bf0 00       		.uleb128 .LVU74
 5337 0bf1 00       		.uleb128 .LVU75
 5338 0bf2 00       		.uleb128 .LVU77
 5339 0bf3 00       		.uleb128 .LVU82
 5340 0bf4 00       		.uleb128 .LVU88
 5341 0bf5 00       		.uleb128 .LVU88
 5342 0bf6 00       		.uleb128 0
 5343              	.LLST7:
 5344 0bf7 98000000 		.4byte	.LVL12-.Ltext0
 5345 0bfb AB000000 		.4byte	.LVL15-1-.Ltext0
 5346 0bff 0100     		.2byte	0x1
 5347 0c01 52       		.byte	0x52
 5348 0c02 AB000000 		.4byte	.LVL15-1-.Ltext0
 5349 0c06 B2000000 		.4byte	.LVL16-.Ltext0
 5350 0c0a 0100     		.2byte	0x1
 5351 0c0c 54       		.byte	0x54
 5352 0c0d B2000000 		.4byte	.LVL16-.Ltext0
 5353 0c11 B4000000 		.4byte	.LVL17-.Ltext0
 5354 0c15 0A00     		.2byte	0xa
 5355 0c17 F3       		.byte	0xf3
 5356 0c18 03       		.uleb128 0x3
 5357 0c19 F5       		.byte	0xf5
 5358 0c1a 02       		.uleb128 0x2
 5359 0c1b 2C       		.uleb128 0x2c
 5360 0c1c F7       		.byte	0xf7
 5361 0c1d 25       		.uleb128 0x25
 5362 0c1e F7       		.byte	0xf7
 5363 0c1f 00       		.uleb128 0
 5364 0c20 9F       		.byte	0x9f
 5365 0c21 B4000000 		.4byte	.LVL17-.Ltext0
 5366 0c25 C4000000 		.4byte	.LVL19-.Ltext0
 5367 0c29 0100     		.2byte	0x1
 5368 0c2b 54       		.byte	0x54
 5369 0c2c C8000000 		.4byte	.LVL20-.Ltext0
 5370 0c30 CC000000 		.4byte	.LVL21-.Ltext0
 5371 0c34 0100     		.2byte	0x1
 5372 0c36 52       		.byte	0x52
 5373 0c37 CC000000 		.4byte	.LVL21-.Ltext0
 5374 0c3b D4000000 		.4byte	.LVL22-.Ltext0
 5375 0c3f 0100     		.2byte	0x1
 5376 0c41 55       		.byte	0x55
 5377 0c42 D4000000 		.4byte	.LVL22-.Ltext0
 5378 0c46 D6000000 		.4byte	.LVL23-.Ltext0
 5379 0c4a 0300     		.2byte	0x3
 5380 0c4c 75       		.byte	0x75
 5381 0c4d 7F       		.sleb128 -1
 5382 0c4e 9F       		.byte	0x9f
 5383 0c4f D6000000 		.4byte	.LVL23-.Ltext0
 5384 0c53 DE000000 		.4byte	.LVL24-.Ltext0
 5385 0c57 0100     		.2byte	0x1
 5386 0c59 55       		.byte	0x55
 5387 0c5a E2000000 		.4byte	.LVL25-.Ltext0
 5388 0c5e E6000000 		.4byte	.LVL27-.Ltext0
ARM GAS  /tmp/ccXHAvNU.s 			page 103


 5389 0c62 0100     		.2byte	0x1
 5390 0c64 54       		.byte	0x54
 5391 0c65 FC000000 		.4byte	.LVL30-.Ltext0
 5392 0c69 16010000 		.4byte	.LVL33-.Ltext0
 5393 0c6d 0100     		.2byte	0x1
 5394 0c6f 56       		.byte	0x56
 5395 0c70 16010000 		.4byte	.LVL33-.Ltext0
 5396 0c74 18010000 		.4byte	.LFE31-.Ltext0
 5397 0c78 0300     		.2byte	0x3
 5398 0c7a 76       		.byte	0x76
 5399 0c7b 01       		.sleb128 1
 5400 0c7c 9F       		.byte	0x9f
 5401 0c7d 00000000 		.4byte	0
 5402 0c81 00000000 		.4byte	0
 5403              	.LVUS8:
 5404 0c85 00       		.uleb128 0
 5405 0c86 00       		.uleb128 .LVU56
 5406 0c87 00       		.uleb128 .LVU56
 5407 0c88 00       		.uleb128 .LVU66
 5408 0c89 00       		.uleb128 .LVU66
 5409 0c8a 00       		.uleb128 .LVU67
 5410 0c8b 00       		.uleb128 .LVU67
 5411 0c8c 00       		.uleb128 .LVU68
 5412 0c8d 00       		.uleb128 .LVU68
 5413 0c8e 00       		.uleb128 .LVU75
 5414 0c8f 00       		.uleb128 .LVU75
 5415 0c90 00       		.uleb128 .LVU76
 5416 0c91 00       		.uleb128 .LVU76
 5417 0c92 00       		.uleb128 0
 5418              	.LLST8:
 5419 0c93 98000000 		.4byte	.LVL12-.Ltext0
 5420 0c97 AB000000 		.4byte	.LVL15-1-.Ltext0
 5421 0c9b 0100     		.2byte	0x1
 5422 0c9d 53       		.byte	0x53
 5423 0c9e AB000000 		.4byte	.LVL15-1-.Ltext0
 5424 0ca2 C4000000 		.4byte	.LVL19-.Ltext0
 5425 0ca6 0100     		.2byte	0x1
 5426 0ca8 55       		.byte	0x55
 5427 0ca9 C4000000 		.4byte	.LVL19-.Ltext0
 5428 0cad C8000000 		.4byte	.LVL20-.Ltext0
 5429 0cb1 0A00     		.2byte	0xa
 5430 0cb3 F3       		.byte	0xf3
 5431 0cb4 03       		.uleb128 0x3
 5432 0cb5 F5       		.byte	0xf5
 5433 0cb6 03       		.uleb128 0x3
 5434 0cb7 2C       		.uleb128 0x2c
 5435 0cb8 F7       		.byte	0xf7
 5436 0cb9 25       		.uleb128 0x25
 5437 0cba F7       		.byte	0xf7
 5438 0cbb 00       		.uleb128 0
 5439 0cbc 9F       		.byte	0x9f
 5440 0cbd C8000000 		.4byte	.LVL20-.Ltext0
 5441 0cc1 CC000000 		.4byte	.LVL21-.Ltext0
 5442 0cc5 0100     		.2byte	0x1
 5443 0cc7 53       		.byte	0x53
 5444 0cc8 CC000000 		.4byte	.LVL21-.Ltext0
 5445 0ccc E2000000 		.4byte	.LVL25-.Ltext0
ARM GAS  /tmp/ccXHAvNU.s 			page 104


 5446 0cd0 0A00     		.2byte	0xa
 5447 0cd2 F3       		.byte	0xf3
 5448 0cd3 03       		.uleb128 0x3
 5449 0cd4 F5       		.byte	0xf5
 5450 0cd5 03       		.uleb128 0x3
 5451 0cd6 2C       		.uleb128 0x2c
 5452 0cd7 F7       		.byte	0xf7
 5453 0cd8 25       		.uleb128 0x25
 5454 0cd9 F7       		.byte	0xf7
 5455 0cda 00       		.uleb128 0
 5456 0cdb 9F       		.byte	0x9f
 5457 0cdc E2000000 		.4byte	.LVL25-.Ltext0
 5458 0ce0 E4000000 		.4byte	.LVL26-.Ltext0
 5459 0ce4 0100     		.2byte	0x1
 5460 0ce6 55       		.byte	0x55
 5461 0ce7 E4000000 		.4byte	.LVL26-.Ltext0
 5462 0ceb 18010000 		.4byte	.LFE31-.Ltext0
 5463 0cef 0A00     		.2byte	0xa
 5464 0cf1 F3       		.byte	0xf3
 5465 0cf2 03       		.uleb128 0x3
 5466 0cf3 F5       		.byte	0xf5
 5467 0cf4 03       		.uleb128 0x3
 5468 0cf5 2C       		.uleb128 0x2c
 5469 0cf6 F7       		.byte	0xf7
 5470 0cf7 25       		.uleb128 0x25
 5471 0cf8 F7       		.byte	0xf7
 5472 0cf9 00       		.uleb128 0
 5473 0cfa 9F       		.byte	0x9f
 5474 0cfb 00000000 		.4byte	0
 5475 0cff 00000000 		.4byte	0
 5476              	.LVUS9:
 5477 0d03 01       		.uleb128 .LVU51
 5478 0d04 00       		.uleb128 .LVU66
 5479 0d05 00       		.uleb128 .LVU67
 5480 0d06 00       		.uleb128 .LVU68
 5481 0d07 00       		.uleb128 .LVU75
 5482 0d08 00       		.uleb128 .LVU77
 5483              	.LLST9:
 5484 0d09 A0000000 		.4byte	.LVL13-.Ltext0
 5485 0d0d C4000000 		.4byte	.LVL19-.Ltext0
 5486 0d11 0200     		.2byte	0x2
 5487 0d13 30       		.byte	0x30
 5488 0d14 9F       		.byte	0x9f
 5489 0d15 C8000000 		.4byte	.LVL20-.Ltext0
 5490 0d19 CC000000 		.4byte	.LVL21-.Ltext0
 5491 0d1d 0200     		.2byte	0x2
 5492 0d1f 30       		.byte	0x30
 5493 0d20 9F       		.byte	0x9f
 5494 0d21 E2000000 		.4byte	.LVL25-.Ltext0
 5495 0d25 E6000000 		.4byte	.LVL27-.Ltext0
 5496 0d29 0200     		.2byte	0x2
 5497 0d2b 30       		.byte	0x30
 5498 0d2c 9F       		.byte	0x9f
 5499 0d2d 00000000 		.4byte	0
 5500 0d31 00000000 		.4byte	0
 5501              	.LVUS10:
 5502 0d35 01       		.uleb128 .LVU51
ARM GAS  /tmp/ccXHAvNU.s 			page 105


 5503 0d36 00       		.uleb128 .LVU63
 5504 0d37 00       		.uleb128 .LVU63
 5505 0d38 00       		.uleb128 .LVU67
 5506 0d39 00       		.uleb128 .LVU67
 5507 0d3a 00       		.uleb128 .LVU68
 5508 0d3b 00       		.uleb128 .LVU68
 5509 0d3c 00       		.uleb128 0
 5510              	.LLST10:
 5511 0d3d A0000000 		.4byte	.LVL13-.Ltext0
 5512 0d41 BE000000 		.4byte	.LVL18-.Ltext0
 5513 0d45 0300     		.2byte	0x3
 5514 0d47 08       		.byte	0x8
 5515 0d48 20       		.byte	0x20
 5516 0d49 9F       		.byte	0x9f
 5517 0d4a BE000000 		.4byte	.LVL18-.Ltext0
 5518 0d4e C8000000 		.4byte	.LVL20-.Ltext0
 5519 0d52 0100     		.2byte	0x1
 5520 0d54 57       		.byte	0x57
 5521 0d55 C8000000 		.4byte	.LVL20-.Ltext0
 5522 0d59 CC000000 		.4byte	.LVL21-.Ltext0
 5523 0d5d 0300     		.2byte	0x3
 5524 0d5f 08       		.byte	0x8
 5525 0d60 20       		.byte	0x20
 5526 0d61 9F       		.byte	0x9f
 5527 0d62 CC000000 		.4byte	.LVL21-.Ltext0
 5528 0d66 18010000 		.4byte	.LFE31-.Ltext0
 5529 0d6a 0100     		.2byte	0x1
 5530 0d6c 57       		.byte	0x57
 5531 0d6d 00000000 		.4byte	0
 5532 0d71 00000000 		.4byte	0
 5533              	.LLST1:
 5534 0d75 78000000 		.4byte	.LFB30-.Ltext0
 5535 0d79 7A000000 		.4byte	.LCFI2-.Ltext0
 5536 0d7d 0200     		.2byte	0x2
 5537 0d7f 7D       		.byte	0x7d
 5538 0d80 00       		.sleb128 0
 5539 0d81 7A000000 		.4byte	.LCFI2-.Ltext0
 5540 0d85 90000000 		.4byte	.LCFI3-.Ltext0
 5541 0d89 0200     		.2byte	0x2
 5542 0d8b 7D       		.byte	0x7d
 5543 0d8c 08       		.sleb128 8
 5544 0d8d 90000000 		.4byte	.LCFI3-.Ltext0
 5545 0d91 98000000 		.4byte	.LFE30-.Ltext0
 5546 0d95 0200     		.2byte	0x2
 5547 0d97 7D       		.byte	0x7d
 5548 0d98 00       		.sleb128 0
 5549 0d99 00000000 		.4byte	0
 5550 0d9d 00000000 		.4byte	0
 5551              	.LVUS2:
 5552 0da1 00       		.uleb128 0
 5553 0da2 01       		.uleb128 .LVU40
 5554 0da3 01       		.uleb128 .LVU40
 5555 0da4 00       		.uleb128 0
 5556              	.LLST2:
 5557 0da5 78000000 		.4byte	.LVL7-.Ltext0
 5558 0da9 7C000000 		.4byte	.LVL8-.Ltext0
 5559 0dad 0100     		.2byte	0x1
ARM GAS  /tmp/ccXHAvNU.s 			page 106


 5560 0daf 50       		.byte	0x50
 5561 0db0 7C000000 		.4byte	.LVL8-.Ltext0
 5562 0db4 98000000 		.4byte	.LFE30-.Ltext0
 5563 0db8 0A00     		.2byte	0xa
 5564 0dba F3       		.byte	0xf3
 5565 0dbb 03       		.uleb128 0x3
 5566 0dbc F5       		.byte	0xf5
 5567 0dbd 00       		.uleb128 0
 5568 0dbe 2C       		.uleb128 0x2c
 5569 0dbf F7       		.byte	0xf7
 5570 0dc0 25       		.uleb128 0x25
 5571 0dc1 F7       		.byte	0xf7
 5572 0dc2 00       		.uleb128 0
 5573 0dc3 9F       		.byte	0x9f
 5574 0dc4 00000000 		.4byte	0
 5575 0dc8 00000000 		.4byte	0
 5576              	.LVUS3:
 5577 0dcc 00       		.uleb128 0
 5578 0dcd 01       		.uleb128 .LVU40
 5579 0dce 01       		.uleb128 .LVU40
 5580 0dcf 00       		.uleb128 .LVU45
 5581 0dd0 00       		.uleb128 .LVU45
 5582 0dd1 00       		.uleb128 0
 5583              	.LLST3:
 5584 0dd2 78000000 		.4byte	.LVL7-.Ltext0
 5585 0dd6 7C000000 		.4byte	.LVL8-.Ltext0
 5586 0dda 0100     		.2byte	0x1
 5587 0ddc 51       		.byte	0x51
 5588 0ddd 7C000000 		.4byte	.LVL8-.Ltext0
 5589 0de1 90000000 		.4byte	.LVL10-.Ltext0
 5590 0de5 0100     		.2byte	0x1
 5591 0de7 54       		.byte	0x54
 5592 0de8 90000000 		.4byte	.LVL10-.Ltext0
 5593 0dec 98000000 		.4byte	.LFE30-.Ltext0
 5594 0df0 0A00     		.2byte	0xa
 5595 0df2 F3       		.byte	0xf3
 5596 0df3 03       		.uleb128 0x3
 5597 0df4 F5       		.byte	0xf5
 5598 0df5 01       		.uleb128 0x1
 5599 0df6 2C       		.uleb128 0x2c
 5600 0df7 F7       		.byte	0xf7
 5601 0df8 25       		.uleb128 0x25
 5602 0df9 F7       		.byte	0xf7
 5603 0dfa 00       		.uleb128 0
 5604 0dfb 9F       		.byte	0x9f
 5605 0dfc 00000000 		.4byte	0
 5606 0e00 00000000 		.4byte	0
 5607              	.LLST0:
 5608 0e04 00000000 		.4byte	.LFB29-.Ltext0
 5609 0e08 02000000 		.4byte	.LCFI0-.Ltext0
 5610 0e0c 0200     		.2byte	0x2
 5611 0e0e 7D       		.byte	0x7d
 5612 0e0f 00       		.sleb128 0
 5613 0e10 02000000 		.4byte	.LCFI0-.Ltext0
 5614 0e14 68000000 		.4byte	.LCFI1-.Ltext0
 5615 0e18 0200     		.2byte	0x2
 5616 0e1a 7D       		.byte	0x7d
ARM GAS  /tmp/ccXHAvNU.s 			page 107


 5617 0e1b 20       		.sleb128 32
 5618 0e1c 68000000 		.4byte	.LCFI1-.Ltext0
 5619 0e20 78000000 		.4byte	.LFE29-.Ltext0
 5620 0e24 0200     		.2byte	0x2
 5621 0e26 7D       		.byte	0x7d
 5622 0e27 04       		.sleb128 4
 5623 0e28 00000000 		.4byte	0
 5624 0e2c 00000000 		.4byte	0
 5625              		.section	.debug_aranges,"",%progbits
 5626 0000 1C000000 		.4byte	0x1c
 5627 0004 0200     		.2byte	0x2
 5628 0006 00000000 		.4byte	.Ldebug_info0
 5629 000a 04       		.byte	0x4
 5630 000b 00       		.byte	0
 5631 000c 0000     		.2byte	0
 5632 000e 0000     		.2byte	0
 5633 0010 00000000 		.4byte	.Ltext0
 5634 0014 64030000 		.4byte	.Letext0-.Ltext0
 5635 0018 00000000 		.4byte	0
 5636 001c 00000000 		.4byte	0
 5637              		.section	.debug_line,"",%progbits
 5638              	.Ldebug_line0:
 5639 0000 69060000 		.section	.debug_str,"MS",%progbits,1
 5639      03007C01 
 5639      00000201 
 5639      FB0E0D00 
 5639      01010101 
 5640              	.LASF79:
 5641 0000 7072696E 		.ascii	"printf\000"
 5641      746600
 5642              	.LASF24:
 5643 0007 4C434B52 		.ascii	"LCKR\000"
 5643      00
 5644              	.LASF85:
 5645 000c 7072696E 		.ascii	"prints\000"
 5645      747300
 5646              	.LASF74:
 5647 0013 73707269 		.ascii	"sprintf\000"
 5647      6E746600 
 5648              	.LASF18:
 5649 001b 466C6167 		.ascii	"FlagStatus\000"
 5649      53746174 
 5649      757300
 5650              	.LASF5:
 5651 0026 5F5F7569 		.ascii	"__uint8_t\000"
 5651      6E74385F 
 5651      7400
 5652              	.LASF35:
 5653 0030 4750494F 		.ascii	"GPIO_Speed_10MHz\000"
 5653      5F537065 
 5653      65645F31 
 5653      304D487A 
 5653      00
 5654              	.LASF3:
 5655 0041 76615F6C 		.ascii	"va_list\000"
 5655      69737400 
 5656              	.LASF78:
ARM GAS  /tmp/ccXHAvNU.s 			page 108


 5657 0049 64656275 		.ascii	"debug\000"
 5657      6700
 5658              	.LASF20:
 5659 004f 44495341 		.ascii	"DISABLE\000"
 5659      424C4500 
 5660              	.LASF1:
 5661 0057 6C6F6E67 		.ascii	"long long unsigned int\000"
 5661      206C6F6E 
 5661      6720756E 
 5661      7369676E 
 5661      65642069 
 5662              	.LASF82:
 5663 006e 7072696E 		.ascii	"printi\000"
 5663      746900
 5664              	.LASF49:
 5665 0075 4750494F 		.ascii	"GPIO_Speed\000"
 5665      5F537065 
 5665      656400
 5666              	.LASF68:
 5667 0080 4750494F 		.ascii	"GPIO_Init\000"
 5667      5F496E69 
 5667      7400
 5668              	.LASF83:
 5669 008a 6C657462 		.ascii	"letbase\000"
 5669      61736500 
 5670              	.LASF87:
 5671 0092 70616463 		.ascii	"padchar\000"
 5671      68617200 
 5672              	.LASF13:
 5673 009a 6C6F6E67 		.ascii	"long long int\000"
 5673      206C6F6E 
 5673      6720696E 
 5673      7400
 5674              	.LASF4:
 5675 00a8 7369676E 		.ascii	"signed char\000"
 5675      65642063 
 5675      68617200 
 5676              	.LASF94:
 5677 00b4 75736572 		.ascii	"user/uart_log.c\000"
 5677      2F756172 
 5677      745F6C6F 
 5677      672E6300 
 5678              	.LASF55:
 5679 00c4 55534152 		.ascii	"USART_Parity\000"
 5679      545F5061 
 5679      72697479 
 5679      00
 5680              	.LASF32:
 5681 00d1 47545052 		.ascii	"GTPR\000"
 5681      00
 5682              	.LASF95:
 5683 00d6 2F686F6D 		.ascii	"/home/yaolin/project/stm32/stm32f10x_makefile_templ"
 5683      652F7961 
 5683      6F6C696E 
 5683      2F70726F 
 5683      6A656374 
 5684 0109 61746500 		.ascii	"ate\000"
ARM GAS  /tmp/ccXHAvNU.s 			page 109


 5685              	.LASF56:
 5686 010d 55534152 		.ascii	"USART_Mode\000"
 5686      545F4D6F 
 5686      646500
 5687              	.LASF42:
 5688 0118 4750494F 		.ascii	"GPIO_Mode_IPU\000"
 5688      5F4D6F64 
 5688      655F4950 
 5688      5500
 5689              	.LASF52:
 5690 0126 55534152 		.ascii	"USART_BaudRate\000"
 5690      545F4261 
 5690      75645261 
 5690      746500
 5691              	.LASF81:
 5692 0135 7072696E 		.ascii	"print\000"
 5692      7400
 5693              	.LASF10:
 5694 013b 6C6F6E67 		.ascii	"long int\000"
 5694      20696E74 
 5694      00
 5695              	.LASF96:
 5696 0144 5F5F7661 		.ascii	"__va_list\000"
 5696      5F6C6973 
 5696      7400
 5697              	.LASF21:
 5698 014e 454E4142 		.ascii	"ENABLE\000"
 5698      4C4500
 5699              	.LASF15:
 5700 0155 75696E74 		.ascii	"uint16_t\000"
 5700      31365F74 
 5700      00
 5701              	.LASF90:
 5702 015e 75617274 		.ascii	"uart_log_init\000"
 5702      5F6C6F67 
 5702      5F696E69 
 5702      7400
 5703              	.LASF50:
 5704 016c 4750494F 		.ascii	"GPIO_Mode\000"
 5704      5F4D6F64 
 5704      6500
 5705              	.LASF57:
 5706 0176 55534152 		.ascii	"USART_HardwareFlowControl\000"
 5706      545F4861 
 5706      72647761 
 5706      7265466C 
 5706      6F77436F 
 5707              	.LASF71:
 5708 0190 636F756E 		.ascii	"count\000"
 5708      7400
 5709              	.LASF11:
 5710 0196 5F5F7569 		.ascii	"__uint32_t\000"
 5710      6E743332 
 5710      5F7400
 5711              	.LASF54:
 5712 01a1 55534152 		.ascii	"USART_StopBits\000"
 5712      545F5374 
ARM GAS  /tmp/ccXHAvNU.s 			page 110


 5712      6F704269 
 5712      747300
 5713              	.LASF64:
 5714 01b0 55534152 		.ascii	"USART_GetFlagStatus\000"
 5714      545F4765 
 5714      74466C61 
 5714      67537461 
 5714      74757300 
 5715              	.LASF38:
 5716 01c4 4750494F 		.ascii	"GPIOSpeed_TypeDef\000"
 5716      53706565 
 5716      645F5479 
 5716      70654465 
 5716      6600
 5717              	.LASF22:
 5718 01d6 46756E63 		.ascii	"FunctionalState\000"
 5718      74696F6E 
 5718      616C5374 
 5718      61746500 
 5719              	.LASF19:
 5720 01e6 49545374 		.ascii	"ITStatus\000"
 5720      61747573 
 5720      00
 5721              	.LASF0:
 5722 01ef 756E7369 		.ascii	"unsigned int\000"
 5722      676E6564 
 5722      20696E74 
 5722      00
 5723              	.LASF98:
 5724 01fc 7374726C 		.ascii	"strlen\000"
 5724      656E00
 5725              	.LASF12:
 5726 0203 6C6F6E67 		.ascii	"long unsigned int\000"
 5726      20756E73 
 5726      69676E65 
 5726      6420696E 
 5726      7400
 5727              	.LASF25:
 5728 0215 4750494F 		.ascii	"GPIO_TypeDef\000"
 5728      5F547970 
 5728      65446566 
 5728      00
 5729              	.LASF40:
 5730 0222 4750494F 		.ascii	"GPIO_Mode_IN_FLOATING\000"
 5730      5F4D6F64 
 5730      655F494E 
 5730      5F464C4F 
 5730      4154494E 
 5731              	.LASF80:
 5732 0238 77696474 		.ascii	"width\000"
 5732      6800
 5733              	.LASF88:
 5734 023e 64617461 		.ascii	"data\000"
 5734      00
 5735              	.LASF45:
 5736 0243 4750494F 		.ascii	"GPIO_Mode_AF_OD\000"
 5736      5F4D6F64 
ARM GAS  /tmp/ccXHAvNU.s 			page 111


 5736      655F4146 
 5736      5F4F4400 
 5737              	.LASF9:
 5738 0253 73686F72 		.ascii	"short unsigned int\000"
 5738      7420756E 
 5738      7369676E 
 5738      65642069 
 5738      6E7400
 5739              	.LASF43:
 5740 0266 4750494F 		.ascii	"GPIO_Mode_Out_OD\000"
 5740      5F4D6F64 
 5740      655F4F75 
 5740      745F4F44 
 5740      00
 5741              	.LASF89:
 5742 0277 7072696E 		.ascii	"printchar\000"
 5742      74636861 
 5742      7200
 5743              	.LASF34:
 5744 0281 55534152 		.ascii	"USART_TypeDef\000"
 5744      545F5479 
 5744      70654465 
 5744      6600
 5745              	.LASF7:
 5746 028f 73686F72 		.ascii	"short int\000"
 5746      7420696E 
 5746      7400
 5747              	.LASF58:
 5748 0299 55534152 		.ascii	"USART_InitTypeDef\000"
 5748      545F496E 
 5748      69745479 
 5748      70654465 
 5748      6600
 5749              	.LASF93:
 5750 02ab 474E5520 		.ascii	"GNU C23 16.2.0 -mcpu=cortex-m3 -mthumb -mfloat-abi="
 5750      43323320 
 5750      31362E32 
 5750      2E30202D 
 5750      6D637075 
 5751 02de 736F6674 		.ascii	"soft -march=armv7-m -g -gdwarf-2 -Os -fomit-frame-p"
 5751      202D6D61 
 5751      7263683D 
 5751      61726D76 
 5751      372D6D20 
 5752 0311 6F696E74 		.ascii	"ointer\000"
 5752      657200
 5753              	.LASF67:
 5754 0318 55534152 		.ascii	"USART_Init\000"
 5754      545F496E 
 5754      697400
 5755              	.LASF2:
 5756 0323 5F5F676E 		.ascii	"__gnuc_va_list\000"
 5756      75635F76 
 5756      615F6C69 
 5756      737400
 5757              	.LASF46:
 5758 0332 4750494F 		.ascii	"GPIO_Mode_AF_PP\000"
ARM GAS  /tmp/ccXHAvNU.s 			page 112


 5758      5F4D6F64 
 5758      655F4146 
 5758      5F505000 
 5759              	.LASF84:
 5760 0342 7072696E 		.ascii	"print_buf\000"
 5760      745F6275 
 5760      6600
 5761              	.LASF41:
 5762 034c 4750494F 		.ascii	"GPIO_Mode_IPD\000"
 5762      5F4D6F64 
 5762      655F4950 
 5762      4400
 5763              	.LASF91:
 5764 035a 4750494F 		.ascii	"GPIO_InitStructure\000"
 5764      5F496E69 
 5764      74537472 
 5764      75637475 
 5764      726500
 5765              	.LASF51:
 5766 036d 4750494F 		.ascii	"GPIO_InitTypeDef\000"
 5766      5F496E69 
 5766      74547970 
 5766      65446566 
 5766      00
 5767              	.LASF99:
 5768 037e 5F5F6275 		.ascii	"__builtin_strlen\000"
 5768      696C7469 
 5768      6E5F7374 
 5768      726C656E 
 5768      00
 5769              	.LASF44:
 5770 038f 4750494F 		.ascii	"GPIO_Mode_Out_PP\000"
 5770      5F4D6F64 
 5770      655F4F75 
 5770      745F5050 
 5770      00
 5771              	.LASF37:
 5772 03a0 4750494F 		.ascii	"GPIO_Speed_50MHz\000"
 5772      5F537065 
 5772      65645F35 
 5772      304D487A 
 5772      00
 5773              	.LASF26:
 5774 03b1 52455345 		.ascii	"RESERVED0\000"
 5774      52564544 
 5774      3000
 5775              	.LASF27:
 5776 03bb 52455345 		.ascii	"RESERVED1\000"
 5776      52564544 
 5776      3100
 5777              	.LASF28:
 5778 03c5 52455345 		.ascii	"RESERVED2\000"
 5778      52564544 
 5778      3200
 5779              	.LASF29:
 5780 03cf 52455345 		.ascii	"RESERVED3\000"
 5780      52564544 
ARM GAS  /tmp/ccXHAvNU.s 			page 113


 5780      3300
 5781              	.LASF30:
 5782 03d9 52455345 		.ascii	"RESERVED4\000"
 5782      52564544 
 5782      3400
 5783              	.LASF31:
 5784 03e3 52455345 		.ascii	"RESERVED5\000"
 5784      52564544 
 5784      3500
 5785              	.LASF33:
 5786 03ed 52455345 		.ascii	"RESERVED6\000"
 5786      52564544 
 5786      3600
 5787              	.LASF17:
 5788 03f7 52455345 		.ascii	"RESET\000"
 5788      5400
 5789              	.LASF92:
 5790 03fd 55534152 		.ascii	"USART_InitStructure\000"
 5790      545F496E 
 5790      69745374 
 5790      72756374 
 5790      75726500 
 5791              	.LASF6:
 5792 0411 756E7369 		.ascii	"unsigned char\000"
 5792      676E6564 
 5792      20636861 
 5792      7200
 5793              	.LASF61:
 5794 041f 55534152 		.ascii	"USART_ReceiveData\000"
 5794      545F5265 
 5794      63656976 
 5794      65446174 
 5794      6100
 5795              	.LASF36:
 5796 0431 4750494F 		.ascii	"GPIO_Speed_2MHz\000"
 5796      5F537065 
 5796      65645F32 
 5796      4D487A00 
 5797              	.LASF39:
 5798 0441 4750494F 		.ascii	"GPIO_Mode_AIN\000"
 5798      5F4D6F64 
 5798      655F4149 
 5798      4E00
 5799              	.LASF75:
 5800 044f 666F726D 		.ascii	"format\000"
 5800      617400
 5801              	.LASF59:
 5802 0456 55534152 		.ascii	"USART_ClearITPendingBit\000"
 5802      545F436C 
 5802      65617249 
 5802      5450656E 
 5802      64696E67 
 5803              	.LASF86:
 5804 046e 73747269 		.ascii	"string\000"
 5804      6E6700
 5805              	.LASF16:
 5806 0475 75696E74 		.ascii	"uint32_t\000"
ARM GAS  /tmp/ccXHAvNU.s 			page 114


 5806      33325F74 
 5806      00
 5807              	.LASF72:
 5808 047e 63686172 		.ascii	"char\000"
 5808      00
 5809              	.LASF70:
 5810 0483 5243435F 		.ascii	"RCC_APB2PeriphClockCmd\000"
 5810      41504232 
 5810      50657269 
 5810      7068436C 
 5810      6F636B43 
 5811              	.LASF8:
 5812 049a 5F5F7569 		.ascii	"__uint16_t\000"
 5812      6E743136 
 5812      5F7400
 5813              	.LASF65:
 5814 04a5 55534152 		.ascii	"USART_Cmd\000"
 5814      545F436D 
 5814      6400
 5815              	.LASF53:
 5816 04af 55534152 		.ascii	"USART_WordLength\000"
 5816      545F576F 
 5816      72644C65 
 5816      6E677468 
 5816      00
 5817              	.LASF63:
 5818 04c0 55534152 		.ascii	"USART_SendData\000"
 5818      545F5365 
 5818      6E644461 
 5818      746100
 5819              	.LASF73:
 5820 04cf 736E7072 		.ascii	"snprintf\000"
 5820      696E7466 
 5820      00
 5821              	.LASF97:
 5822 04d8 5F5F6170 		.ascii	"__ap\000"
 5822      00
 5823              	.LASF62:
 5824 04dd 55534152 		.ascii	"USART_GetITStatus\000"
 5824      545F4765 
 5824      74495453 
 5824      74617475 
 5824      7300
 5825              	.LASF23:
 5826 04ef 42535252 		.ascii	"BSRR\000"
 5826      00
 5827              	.LASF69:
 5828 04f4 5243435F 		.ascii	"RCC_APB1PeriphClockCmd\000"
 5828      41504231 
 5828      50657269 
 5828      7068436C 
 5828      6F636B43 
 5829              	.LASF14:
 5830 050b 75696E74 		.ascii	"uint8_t\000"
 5830      385F7400 
 5831              	.LASF48:
 5832 0513 4750494F 		.ascii	"GPIO_Pin\000"
ARM GAS  /tmp/ccXHAvNU.s 			page 115


 5832      5F50696E 
 5832      00
 5833              	.LASF66:
 5834 051c 55534152 		.ascii	"USART_ITConfig\000"
 5834      545F4954 
 5834      436F6E66 
 5834      696700
 5835              	.LASF77:
 5836 052b 55534152 		.ascii	"USART2_IRQHandler\000"
 5836      54325F49 
 5836      52514861 
 5836      6E646C65 
 5836      7200
 5837              	.LASF47:
 5838 053d 4750494F 		.ascii	"GPIOMode_TypeDef\000"
 5838      4D6F6465 
 5838      5F547970 
 5838      65446566 
 5838      00
 5839              	.LASF76:
 5840 054e 61726773 		.ascii	"args\000"
 5840      00
 5841              	.LASF60:
 5842 0553 55534152 		.ascii	"USART_ClearFlag\000"
 5842      545F436C 
 5842      65617246 
 5842      6C616700 
 5843              		.ident	"GCC: (Arch Repository) 16.2.0"
ARM GAS  /tmp/ccXHAvNU.s 			page 116


DEFINED SYMBOLS
                            *ABS*:00000000 uart_log.c
     /tmp/ccXHAvNU.s:23     .text:00000000 $t
     /tmp/ccXHAvNU.s:29     .text:00000000 uart_log_init
     /tmp/ccXHAvNU.s:140    .text:0000006c $d
     /tmp/ccXHAvNU.s:146    .text:00000078 $t
     /tmp/ccXHAvNU.s:152    .text:00000078 printchar
     /tmp/ccXHAvNU.s:198    .text:00000094 $d
     /tmp/ccXHAvNU.s:202    .text:00000098 $t
     /tmp/ccXHAvNU.s:207    .text:00000098 prints
     /tmp/ccXHAvNU.s:377    .text:00000118 printi
     /tmp/ccXHAvNU.s:607    .text:000001b6 print
     /tmp/ccXHAvNU.s:947    .text:000002ac $d
     /tmp/ccXHAvNU.s:951    .text:000002b0 $t
     /tmp/ccXHAvNU.s:957    .text:000002b0 printf
     /tmp/ccXHAvNU.s:1025   .text:000002cc debug
     /tmp/ccXHAvNU.s:1087   .text:000002f4 $d
     /tmp/ccXHAvNU.s:1091   .text:000002f8 $t
     /tmp/ccXHAvNU.s:1097   .text:000002f8 sprintf
     /tmp/ccXHAvNU.s:1161   .text:00000316 snprintf
     /tmp/ccXHAvNU.s:1226   .text:00000334 USART2_IRQHandler
     /tmp/ccXHAvNU.s:1285   .text:00000360 $d

UNDEFINED SYMBOLS
RCC_APB2PeriphClockCmd
RCC_APB1PeriphClockCmd
GPIO_Init
USART_Init
USART_ITConfig
USART_Cmd
USART_GetFlagStatus
USART_SendData
strlen
USART_GetITStatus
USART_ReceiveData
USART_ClearFlag
USART_ClearITPendingBit
